{"average": {"cdep-transfer": {"0.025": [0.6940517928286852, 0.7165557768924303, 0.7210637450199202, 0.7315398406374503], "0.05": [0.7275239043824702, 0.7510597609561753, 0.7545557768924303, 0.7350358565737052], "0.1": [0.7560478087649403, 0.7720557768924303, 0.7760398406374502, 0.7785398406374502], "0.2": [0.8020836653386454, 0.8070756972111554, 0.8045756972111553, 0.7965677290836652], "0.4": [0.8321035856573705, 0.8296155378486056, 0.8270916334661355, 0.8385916334661354], "0.6": [0.8111075697211156, 0.8255836653386455, 0.8371354581673307, 0.8416513944223107], "0.8": [0.815183266932271, 0.8052509960159362, 0.8147749003984064, 0.800207171314741], "0.9": [0.7753067729083665, 0.7843187250996015, 0.7528306772908366, 0.7848346613545817], "0.95": [0.7589780876494023, 0.7658625498007968, 0.7502788844621514, 0.7678187250996016], "0.975": [0.7484302788844622, 0.7439820717131475, 0.7368545816733068, 0.7364820717131474]}, "initial-transfer": {"0.025": [0.7215956175298804, 0.7091035856573704, 0.7410517928286853, 0.7310756972111554], "0.05": [0.7290677290836654, 0.7365916334661354, 0.7335836653386454, 0.7370677290836654], "0.1": [0.7545876494023905, 0.7660677290836653, 0.7485876494023905, 0.7770597609561753], "0.2": [0.7770916334661355, 0.8020717131474103, 0.7820876494023905, 0.8020637450199204], "0.4": [0.8341035856573705, 0.8256235059760957, 0.8246354581673306, 0.8310836653386454], "0.6": [0.8252589641434263, 0.8311633466135457, 0.8222470119521912, 0.8336752988047809], "0.8": [0.8043386454183267, 0.7913984063745021, 0.8172350597609562, 0.8032788844621515], "0.9": [0.7549900398406374, 0.7530219123505976, 0.7479940239043824, 0.769898406374502], "0.95": [0.7459581673306772, 0.7284900398406374, 0.738898406374502, 0.7225338645418327], "0.975": [0.7304780876494024, 0.7469541832669323, 0.7110617529880479, 0.7319143426294821]}, "initial-tune": {"0.025": [0.7035677290836653, 0.7275517928286852, 0.7295597609561753, 0.7360517928286853], "0.05": [0.7515677290836653, 0.7545717131474104, 0.7595597609561753, 0.7360597609561753], "0.1": [0.7490956175298804, 0.7670637450199204, 0.7820836653386454, 0.7890597609561754], "0.2": [0.8090717131474103, 0.7991274900398406, 0.8170717131474103, 0.8011155378486056], "0.4": [0.8326274900398407, 0.8351553784860557, 0.8506155378486056, 0.8376394422310757], "0.6": [0.839695219123506, 0.8411713147410359, 0.8292231075697211, 0.833179282868526], "0.8": [0.8103147410358565, 0.8023585657370518, 0.8118306772908366, 0.8053585657370518], "0.9": [0.763898406374502, 0.7709223107569722, 0.7604462151394422, 0.764398406374502], "0.95": [0.7415258964143425, 0.757378486055777, 0.7384422310756972, 0.7523745019920319], "0.975": [0.7175577689243028, 0.7319661354581674, 0.723422310756972, 0.7214422310756972]}, "minimal-tune": {"0.025": [0.7820836653386455, 0.7845597609561753, 0.7705796812749004, 0.7830756972111553], "0.05": [0.7830717131474103, 0.7960637450199204, 0.7875637450199203, 0.7736155378486056], "0.1": [0.8125796812749004, 0.7925916334661355, 0.7980876494023904, 0.7885637450199203], "0.2": [0.8016553784860558, 0.8305916334661354, 0.8120836653386454, 0.8180876494023903], "0.4": [0.8451354581673307, 0.8276832669322709, 0.8441673306772908, 0.8391035856573705], "0.6": [0.8466314741035856, 0.8376513944223107, 0.8411673306772909, 0.8481713147410359], "0.8": [0.8267709163346614, 0.837699203187251, 0.8272350597609562, 0.8183187250996016], "0.9": [0.8068386454183267, 0.8108306772908367, 0.8073266932270916, 0.8003585657370518], "0.95": [0.7819103585657371, 0.7829262948207171, 0.7888625498007968, 0.8013426294820718], "0.975": [0.774402390438247, 0.7619223107569721, 0.7739501992031872, 0.7699621513944224]}}, "both": {"cdep-transfer": {"0.025": [0.392, 0.428, 0.408, 0.488], "0.05": [0.596, 0.548, 0.54, 0.584], "0.1": [0.564, 0.58, 0.592, 0.676], "0.2": [0.644, 0.676, 0.712, 0.752], "0.4": [0.812, 0.82, 0.872, 0.88], "0.6": [0.94, 0.928, 0.912, 0.888], "0.8": [0.94, 0.896, 0.892, 0.944], "0.9": [0.964, 0.916, 0.952, 0.94], "0.95": [0.9, 0.952, 0.96, 0.956], "0.975": [0.94, 0.94, 0.952, 0.944]}, "initial-transfer": {"0.025": [0.372, 0.32, 0.588, 0.48], "0.05": [0.508, 0.496, 0.492, 0.544], "0.1": [0.552, 0.524, 0.52, 0.644], "0.2": [0.612, 0.696, 0.648, 0.684], "0.4": [0.816, 0.768, 0.784, 0.856], "0.6": [0.836, 0.896, 0.792, 0.892], "0.8": [0.888, 0.868, 0.92, 0.904], "0.9": [0.876, 0.848, 0.884, 0.896], "0.95": [0.9, 0.872, 0.908, 0.876], "0.975": [0.9, 0.884, 0.876, 0.916]}, "initial-tune": {"0.025": [0.324, 0.428, 0.412, 0.452], "0.05": [0.492, 0.488, 0.512, 0.476], "0.1": [0.412, 0.6, 0.54, 0.652], "0.2": [0.672, 0.576, 0.708, 0.656], "0.4": [0.808, 0.836, 0.848, 0.828], "0.6": [0.9, 0.904, 0.82, 0.888], "0.8": [0.9, 0.864, 0.884, 0.884], "0.9": [0.916, 0.88, 0.888, 0.932], "0.95": [0.904, 0.928, 0.916, 0.936], "0.975": [0.936, 0.948, 0.948, 0.956]}, "minimal-tune": {"0.025": [0.64, 0.672, 0.604, 0.632], "0.05": [0.728, 0.668, 0.688, 0.62], "0.1": [0.82, 0.656, 0.652, 0.652], "0.2": [0.676, 0.792, 0.828, 0.796], "0.4": [0.828, 0.852, 0.796, 0.888], "0.6": [0.88, 0.852, 0.86, 0.84], "0.8": [0.848, 0.908, 0.88, 0.864], "0.9": [0.904, 0.908, 0.924, 0.916], "0.95": [0.892, 0.9, 0.896, 0.892], "0.975": [0.912, 0.932, 0.904, 0.908]}}, "just_main": {"cdep-transfer": {"0.025": [0.9482071713147411, 0.9442231075697212, 0.9362549800796812, 0.9601593625498008], "0.05": [0.9760956175298805, 0.9402390438247012, 0.9442231075697212, 0.9641434262948207], "0.1": [0.952191235059761, 0.9442231075697212, 0.9601593625498008, 0.9601593625498008], "0.2": [0.9163346613545816, 0.9243027888446215, 0.9243027888446215, 0.9322709163346613], "0.4": [0.896414342629482, 0.8844621513944223, 0.9083665338645418, 0.9083665338645418], "0.6": [0.8924302788844621, 0.9163346613545816, 0.8645418326693227, 0.848605577689243], "0.8": [0.8167330677290837, 0.749003984063745, 0.7250996015936255, 0.7928286852589641], "0.9": [0.6932270916334662, 0.6812749003984063, 0.6693227091633466, 0.6653386454183267], "0.95": [0.5219123505976095, 0.6374501992031872, 0.7211155378486056, 0.6812749003984063], "0.975": [0.5697211155378487, 0.5179282868525896, 0.6454183266932271, 0.5179282868525896]}, "initial-transfer": {"0.025": [0.9043824701195219, 0.896414342629482, 0.9482071713147411, 0.9243027888446215], "0.05": [0.9322709163346613, 0.9083665338645418, 0.9163346613545816, 0.9322709163346613], "0.1": [0.9123505976095617, 0.9322709163346613, 0.9123505976095617, 0.9402390438247012], "0.2": [0.9083665338645418, 0.9282868525896414, 0.9123505976095617, 0.9362549800796812], "0.4": [0.896414342629482, 0.8764940239043825, 0.8645418326693227, 0.9163346613545816], "0.6": [0.7410358565737052, 0.8366533864541833, 0.7529880478087649, 0.8247011952191236], "0.8": [0.6613545816733067, 0.601593625498008, 0.7649402390438247, 0.7211155378486056], "0.9": [0.5099601593625498, 0.47808764940239046, 0.5059760956175299, 0.601593625498008], "0.95": [0.5418326693227091, 0.5099601593625498, 0.601593625498008, 0.46613545816733065], "0.975": [0.5219123505976095, 0.545816733067729, 0.43824701195219123, 0.5856573705179283]}, "initial-tune": {"0.025": [0.9322709163346613, 0.9482071713147411, 0.9402390438247012, 0.9482071713147411], "0.05": [0.9322709163346613, 0.9282868525896414, 0.9402390438247012, 0.9402390438247012], "0.1": [0.9043824701195219, 0.9362549800796812, 0.9163346613545816, 0.9402390438247012], "0.2": [0.9282868525896414, 0.8725099601593626, 0.9282868525896414, 0.8844621513944223], "0.4": [0.8725099601593626, 0.8446215139442231, 0.8844621513944223, 0.8605577689243028], "0.6": [0.8047808764940239, 0.8286852589641435, 0.7768924302788844, 0.8207171314741036], "0.8": [0.6852589641434262, 0.6414342629482072, 0.6693227091633466, 0.6414342629482072], "0.9": [0.601593625498008, 0.5776892430278885, 0.5537848605577689, 0.601593625498008], "0.95": [0.47410358565737054, 0.6215139442231076, 0.5577689243027888, 0.6254980079681275], "0.975": [0.44223107569721115, 0.5338645418326693, 0.5776892430278885, 0.5577689243027888]},