{"average": {"initial-transfer": {"0.025": [0.7240517928286853, 0.7220796812749004, 0.7310756972111554, 0.7205836653386455, 0.7345677290836654, 0.7240717131474104, 0.7200677290836653, 0.7220996015936255], "0.05": [0.7385956175298805, 0.7340916334661355, 0.7370756972111553, 0.7360717131474104, 0.7380876494023905, 0.7261195219123506, 0.7330916334661354, 0.7340756972111554], "0.1": [0.7595597609561754, 0.7520756972111554, 0.7570796812749003, 0.7625756972111554, 0.7525637450199203, 0.7555717131474103, 0.7610517928286853, 0.7775796812749003], "0.2": [0.7906075697211156, 0.7951035856573705, 0.8015637450199202, 0.7901035856573704, 0.7785717131474104, 0.7910796812749005, 0.7940876494023904, 0.7680996015936256], "0.4": [0.824695219123506, 0.8261474103585658, 0.8231474103585658, 0.8256792828685259, 0.811695219123506, 0.804207171314741, 0.8160876494023903, 0.8281314741035857], "0.6": [0.8266912350597609, 0.8242111553784861, 0.830219123505976, 0.8301633466135458, 0.8316354581673306, 0.829211155378486, 0.8271832669322708, 0.8271553784860557], "0.8": [0.7868346613545816, 0.8027669322709163, 0.8088227091633466, 0.8097310756972111, 0.7988585657370518, 0.8122788844621514, 0.8166593625498009, 0.7998904382470119], "0.9": [0.7788585657370518, 0.7748466135458167, 0.7773665338645419, 0.7664342629482072, 0.7634302788844622, 0.770890438247012, 0.7763824701195219, 0.7629501992031872], "0.95": [0.7299900398406375, 0.7354063745019921, 0.7374501992031872, 0.7424741035856574, 0.7285298804780876, 0.749894422310757, 0.7299701195219124, 0.7284581673306773], "0.975": [0.7224621513944223, 0.7160139442231076, 0.7349302788844622, 0.7100737051792828, 0.7433266932270917, 0.7160657370517929, 0.7249940239043824, 0.7036414342629482]}, "initial-tune": {"0.025": [0.7400517928286852, 0.7430398406374502, 0.7295478087649402, 0.7155557768924303, 0.7170438247011952, 0.7285597609561754, 0.7380278884462151, 0.7365637450199203], "0.05": [0.7660597609561753, 0.7610756972111554, 0.7435756972111554, 0.7595557768924303, 0.7595478087649403, 0.7560717131474104, 0.7645517928286852, 0.7485517928286852], "0.1": [0.7740717131474104, 0.7865557768924304, 0.7775597609561753, 0.7765398406374502, 0.7755478087649403, 0.7785637450199203, 0.7590717131474104, 0.7835876494023903], "0.2": [0.8051115537848605, 0.8105836653386455, 0.8170876494023904, 0.8066075697211155, 0.7971075697211155, 0.8151354581673307, 0.8185836653386453, 0.8180637450199203], "0.4": [0.8236314741035857, 0.8386314741035856, 0.8436434262948207, 0.8496035856573705, 0.8475796812749004, 0.8376434262948207, 0.8396035856573705, 0.8441155378486056], "0.6": [0.8341832669322709, 0.8302390438247012, 0.8406832669322709, 0.8431792828685258, 0.8436792828685259, 0.8297390438247012, 0.8386354581673308, 0.8421633466135459], "0.8": [0.813223107569721, 0.7979023904382471, 0.7927868525896414, 0.8207868525896416, 0.8047350597609562, 0.7903386454183267, 0.8082231075697212, 0.8063386454183267], "0.9": [0.7843306772908366, 0.7773067729083666, 0.7743466135458168, 0.7565059760956174, 0.791374501992032, 0.7674183266932271, 0.7669462151394422, 0.774898406374502], "0.95": [0.7349860557768925, 0.7464382470119522, 0.7245219123505976, 0.744414342629482, 0.7589501992031873, 0.740390438247012, 0.7444701195219123, 0.7225099601593625], "0.975": [0.7309980079681275, 0.7200498007968128, 0.7259980079681275, 0.7220219123505976, 0.7170338645418326, 0.7160298804780876, 0.7310338645418327, 0.718597609561753]}, "minimal-tune": {"0.025": [0.7760597609561753, 0.7580597609561753, 0.7860836653386455, 0.7705557768924303, 0.7690637450199203, 0.7565597609561754, 0.7820517928286852, 0.7610916334661355], "0.05": [0.7655796812749004, 0.7810916334661355, 0.7660956175298805, 0.7776115537848605, 0.7825717131474104, 0.7675597609561753, 0.7935398406374502, 0.7855398406374502], "0.1": [0.8010597609561754, 0.7865677290836652, 0.7970996015936255, 0.8065796812749004, 0.7980796812749004, 0.7836075697211156, 0.7920876494023904, 0.7936035856573704], "0.2": [0.8186035856573705, 0.8210717131474103, 0.8216155378486055, 0.8161075697211155, 0.8125876494023904, 0.8031235059760955, 0.8215796812749003, 0.8195796812749003], "0.4": [0.8461513944223108, 0.8341593625498008, 0.8416474103585658, 0.8466155378486055, 0.8415956175298804, 0.8421195219123506, 0.8386155378486055, 0.8411235059760956], "0.6": [0.8426434262948207, 0.8186912350597609, 0.8361394422310757, 0.8213027888446215, 0.8411593625498008, 0.8287191235059761, 0.8287231075697211, 0.8411673306772909], "0.8": [0.7923984063745021, 0.8302828685258965, 0.8287191235059761, 0.8212788844621514, 0.8042868525896414, 0.8147350597609562, 0.8123227091633466, 0.8167908366533866], "0.9": [0.7998386454183267, 0.8028625498007967, 0.8008426294820717, 0.8023386454183267, 0.8118067729083666, 0.7883227091633466, 0.8038067729083666, 0.8028426294820717], "0.95": [0.7948426294820717, 0.7624701195219122, 0.7695059760956175, 0.7804820717131474, 0.7819820717131474, 0.772402390438247, 0.780406374501992, 0.7819462151394422], "0.975": [0.765386454183267, 0.7574063745019921, 0.7684422310756972, 0.7773545816733067, 0.7779382470119521, 0.7644661354581672, 0.7534581673306773, 0.7569780876494023]}}, "both": {"initial-transfer": {"0.025": [0.512, 0.46, 0.484, 0.432, 0.484, 0.436, 0.448, 0.412], "0.05": [0.492, 0.436, 0.476, 0.484, 0.468, 0.408, 0.448, 0.5], "0.1": [0.544, 0.56, 0.492, 0.532, 0.576, 0.552, 0.652, 0.588], "0.2": [0.592, 0.624, 0.736, 0.62, 0.632, 0.668, 0.656, 0.564], "0.4": [0.748, 0.732, 0.736, 0.748, 0.724, 0.652, 0.796, 0.78], "0.6": [0.884, 0.856, 0.852, 0.9, 0.924, 0.856, 0.868, 0.888], "0.8": [0.864, 0.904, 0.896, 0.92, 0.872, 0.9, 0.936, 0.876], "0.9": [0.908, 0.928, 0.92, 0.888, 0.9, 0.9, 0.896, 0.876], "0.95": [0.888, 0.92, 0.9, 0.868, 0.884, 0.924, 0.896, 0.912], "0.975": [0.904, 0.908, 0.912, 0.884, 0.94, 0.868, 0.908, 0.844]}, "initial-tune": {"0.025": [0.492, 0.54, 0.416, 0.436, 0.408, 0.368, 0.472, 0.4], "0.05": [0.532, 0.52, 0.46, 0.528, 0.58, 0.508, 0.536, 0.508], "0.1": [0.552, 0.6, 0.516, 0.656, 0.592, 0.64, 0.528, 0.576], "0.2": [0.672, 0.652, 0.684, 0.648, 0.616, 0.692, 0.712, 0.764], "0.4": [0.86, 0.856, 0.828, 0.844, 0.896, 0.816, 0.872, 0.868], "0.6": [0.896, 0.852, 0.852, 0.88, 0.908, 0.86, 0.908, 0.86], "0.8": [0.92, 0.82, 0.924, 0.912, 0.928, 0.92, 0.932, 0.888], "0.9": [0.936, 0.92, 0.924, 0.9, 0.908, 0.94, 0.892, 0.928], "0.95": [0.912, 0.932, 0.92, 0.956, 0.912, 0.944, 0.924, 0.928], "0.975": [0.92, 0.916, 0.94, 0.932, 0.916, 0.932, 0.944, 0.912]}, "minimal-tune": {"0.025": [0.628, 0.668, 0.664, 0.6, 0.676, 0.672, 0.724, 0.5], "0.05": [0.644, 0.652, 0.54, 0.648, 0.656, 0.584, 0.692, 0.744], "0.1": [0.72, 0.752, 0.7, 0.756, 0.712, 0.612, 0.684, 0.656], "0.2": [0.768, 0.836, 0.748, 0.732, 0.728, 0.712, 0.784, 0.764], "0.4": [0.84, 0.864, 0.836, 0.84, 0.888, 0.888, 0.864, 0.84], "0.6": [0.86, 0.816, 0.86, 0.8, 0.876, 0.84, 0.796, 0.852], "0.8": [0.784, 0.864, 0.912, 0.876, 0.732, 0.896, 0.848, 0.9], "0.9": [0.912, 0.908, 0.848, 0.872, 0.864, 0.932, 0.872, 0.892], "0.95": [0.86, 0.872, 0.86, 0.88, 0.86, 0.892, 0.828, 0.868], "0.975": [0.908, 0.888, 0.892, 0.896, 0.884, 0.896, 0.9, 0.876]}}, "just_main": {"initial-transfer": {"0.025": [0.9482071713147411, 0.9203187250996016, 0.9243027888446215, 0.9163346613545816, 0.9322709163346613, 0.9282868525896414, 0.9322709163346613, 0.900398406374502], "0.05": [0.9043824701195219, 0.9083665338645418, 0.9243027888446215, 0.9282868525896414, 0.9123505976095617, 0.8804780876494024, 0.9083665338645418, 0.9243027888446215], "0.1": [0.9402390438247012, 0.9243027888446215, 0.9203187250996016, 0.9243027888446215, 0.9362549800796812, 0.9282868525896414, 0.9482071713147411, 0.9203187250996016], "0.2": [0.8924302788844621, 0.896414342629482, 0.9362549800796812, 0.896414342629482, 0.9282868525896414, 0.9203187250996016, 0.9123505976095617, 0.900398406374502], "0.4": [0.8047808764940239, 0.852589641434263, 0.852589641434263, 0.8207171314741036, 0.8047808764940239, 0.7928286852589641, 0.9123505976095617, 0.8685258964143426],