{"average": {"both-paint-tune": {"0.8": [0.7737190690531728, 0.8020156751797654, 0.7938227032032831, 0.7908321021045539], "0.9": [0.7809578109452099, 0.7796123154578235, 0.7900971088481984, 0.784328676405327], "0.95": [0.7568426541186932, 0.7604359031792766, 0.7751076810221695, 0.7533327118839404], "0.975": [0.7412843744294749, 0.7757323592287081, 0.7689542856128202, 0.7466610554109124]}, "both-tune": {"0.8": [0.8100096663775653, 0.8063126038842887, 0.8068334751036327, 0.8129069757117051], "0.9": [0.7961601235136478, 0.7964832384546842, 0.7989889317590076, 0.7834636261429068], "0.95": [0.7813409647872972, 0.7755103904229669, 0.7790326782417054, 0.7681167725002839], "0.975": [0.7775177364876601, 0.7847672927619586, 0.7754164046242834, 0.7557236051089113]}, "careful-paint-tune": {"0.6": [0.8206634694904806, 0.822112849536312, 0.8337292666505536, 0.8400367599762502], "0.7": [0.8003889223761511, 0.8137891636855932, 0.80821522679357, 0.8151663952185829], "0.8": [0.8155755280814622, 0.8110036365588833, 0.8129857761805859, 0.8069113746447354], "0.9": [0.7926694866910242, 0.7836957439898334, 0.7896359621409147, 0.7757879777312988], "0.95": [0.7613575311068203, 0.7512760341874704, 0.7535784487315331, 0.7658194932323407], "0.975": [0.750523952745126, 0.7369662242658113, 0.7353093873932874, 0.7463178704103045]}, "careful-tune": {"0.5": [0.8400068616354219, 0.8385524379353689, 0.8319092635511935, 0.8354231253566322], "0.6": [0.8358128671106471, 0.8165380405586499, 0.8362860513838639, 0.8247141748923212], "0.7": [0.8243593813059955, 0.8273970829389756, 0.8149831725941575, 0.8145793401536682], "0.8": [0.8015155389755764, 0.8024451142124269, 0.8117485009972137, 0.8167201766017759], "0.9": [0.7998527877322457, 0.8001202835234444, 0.7962135182732123, 0.7984634397564738], "0.95": [0.7762298988757584, 0.7530068079504311, 0.7707594325295453, 0.7770829545887701], "0.975": [0.7883081771640683, 0.7795169138529398, 0.7584187368461777, 0.7738235344346456]}, "initial-transfer": {"0.5": [0.8193809103009257, 0.8354544611039335, 0.8364456847255123, 0.8169897308675789], "0.6": [0.8327303040426884, 0.8318090763277817, 0.8311278565670932, 0.8174753828799092], "0.7": [0.8119325536219638, 0.8258330598488548, 0.8250237070182251, 0.8279321527398706], "0.8": [0.8009202802710297, 0.8060761866645207, 0.7917157071378895, 0.8036733273959658], "0.9": [0.7719013126169878, 0.7813965486003192, 0.7806846867409306, 0.7809248875159757], "0.95": [0.746136800788646, 0.7551647243130952, 0.7352480750121004, 0.725850394085368], "0.975": [0.7225927910050296, 0.7378569385952782, 0.7392976286812307, 0.7781575635909911]}, "initial-tune": {"0.5": [0.8335656496306527, 0.8340907121183578, 0.8379071605942412, 0.8409126107082998], "0.6": [0.8340979657790633, 0.8391058332914156, 0.8355066828636563, 0.8373919256770904], "0.7": [0.8121330785948967, 0.8319688745793286, 0.825130253147204, 0.8283292904060947], "0.8": [0.8113513715421391, 0.8044232629393931, 0.8043655554781468, 0.8200647923158819], "0.9": [0.7654598289145429, 0.7878245783357346, 0.7818751408277198, 0.7741177096135955], "0.95": [0.7233855284427781, 0.7364210339930108, 0.7338390216622119, 0.7183054688664459], "0.975": [0.6937857354449711, 0.6880685234283104, 0.6770492758019877, 0.7088530773941906]}}, "both": {"both-paint-tune": {"0.8": [0.864, 0.852, 0.816, 0.868], "0.9": [0.88, 0.86, 0.852, 0.86], "0.95": [0.9, 0.916, 0.868, 0.9], "0.975": [0.888, 0.924, 0.92, 0.912]}, "both-tune": {"0.8": [0.836, 0.86, 0.844, 0.888], "0.9": [0.852, 0.888, 0.868, 0.872], "0.95": [0.832, 0.884, 0.876, 0.916], "0.975": [0.9, 0.896, 0.92, 0.876]}, "careful-paint-tune": {"0.6": [0.828, 0.768, 0.836, 0.892], "0.7": [0.844, 0.82, 0.836, 0.8], "0.8": [0.9, 0.844, 0.816, 0.836], "0.9": [0.908, 0.836, 0.88, 0.812], "0.95": [0.912, 0.928, 0.92, 0.884], "0.975": [0.912, 0.92, 0.896, 0.94]}, "careful-tune": {"0.5": [0.852, 0.832, 0.832, 0.832], "0.6": [0.856, 0.804, 0.832, 0.848], "0.7": [0.86, 0.864, 0.796, 0.808], "0.8": [0.792, 0.848, 0.832, 0.868], "0.9": [0.896, 0.936, 0.876, 0.916], "0.95": [0.912, 0.888, 0.92, 0.912], "0.975": [0.9, 0.9, 0.872, 0.888]}, "initial-transfer": {"0.5": [0.884, 0.884, 0.864, 0.868], "0.6": [0.84, 0.848, 0.872, 0.888], "0.7": [0.812, 0.884, 0.888, 0.9], "0.8": [0.884, 0.908, 0.836, 0.888], "0.9": [0.872, 0.928, 0.9, 0.888], "0.95": [0.908, 0.884, 0.876, 0.86], "0.975": [0.876, 0.896, 0.912, 0.876]}, "initial-tune": {"0.5": [0.868, 0.82, 0.856, 0.84], "0.6": [0.88, 0.884, 0.868, 0.86], "0.7": [0.816, 0.908, 0.912, 0.904], "0.8": [0.904, 0.86, 0.896, 0.92], "0.9": [0.92, 0.88, 0.9, 0.936], "0.95": [0.928, 0.944, 0.944, 0.936], "0.975": [0.956, 0.92, 0.896, 0.924]}}, "just_main": {"both-paint-tune": {"0.8": [0.6852589641434262, 0.6932270916334662, 0.6972111553784861, 0.7211155378486056], "0.9": [0.649402390438247, 0.6812749003984063, 0.5936254980079682, 0.649402390438247], "0.95": [0.5776892430278885, 0.6175298804780877, 0.5936254980079682, 0.5976095617529881], "0.975": [0.549800796812749, 0.6852589641434262, 0.5657370517928287, 0.50199203187251]}, "both-tune": {"0.8": [0.7370517928286853, 0.6533864541832669, 0.6932270916334662, 0.7689243027888446], "0.9": [0.6454183266932271, 0.6175298804780877, 0.6095617529880478, 0.5936254980079682], "0.95": [0.5816733067729084, 0.5936254980079682, 0.5418326693227091, 0.5776892430278885], "0.975": [0.5537848605577689, 0.5697211155378487, 0.649402390438247, 0.47808764940239046]}, "careful-paint-tune": {"0.6": [0.8326693227091634, 0.8605577689243028, 0.8645418326693227, 0.8446215139442231], "0.7": [0.7569721115537849, 0.7729083665338645, 0.7689243027888446, 0.7609561752988048], "0.8": [0.8286852589641435, 0.7928286852589641, 0.7768924302788844, 0.7051792828685259], "0.9": [0.7211155378486056, 0.649402390438247, 0.6653386454183267, 0.6414342629482072], "0.95": [0.6573705179282868, 0.601593625498008, 0.6613545816733067, 0.6135458167330677], "0.975": [0.6374501992031872, 0.5537848605577689, 0.5856573705179283, 0.6374501992031872]}, "careful-tune": {"0.5": [0.8366533864541833, 0.900398406374502, 0.8247011952191236, 0.8207171314741036], "0.6": [0.8207171314741036, 0.7569721115537849, 0.8685258964143426, 0.8007968127490039], "0.7": [0.7808764940239044, 0.8007968127490039, 0.7410358565737052, 0.7370517928286853], "0.8": [0.6533864541832669, 0.6334661354581673, 0.749003984063745, 0.749003984063745], "0.9": [0.701195219123506, 0.701195219123506, 0.6533864541832669, 0.6613545816733067], "0.95": [0.5976095617529881, 0.44621513944223107, 0.5577689243027888, 0.5537848605577689], "0.975": [0.601593625498008, 0.5737051792828686, 0.4940239043824701, 0.545816733067729]}, "initial-transfer": {"0.5": [0.9083665338645418, 0.896414342629482, 0.8764940239043825, 0.9123505976095617], "0.6": [0.8087649402390438, 0.8286852589641435, 0.8087649402390438, 0.9163346613545816], "0.7": [0.6852589641434262, 0.7729083665338645, 0.8127490039840638, 0.8247011952191236], "0.8": [0.7211155378486056, 0.8087649402390438, 0.6055776892430279, 0.6972111553784861], "0.9": [0.5697211155378487, 0.7131474103585658, 0.6374501992031872, 0.6294820717131474], "0.95": [0.5298804780876494, 0.5617529880478087, 0.4860557768924303, 0.44223107569721115], "0.975": [0.43824701195219123, 0.5099601593625498, 0.5378486055776892, 0.6454183266932271]}, "initial-tune": {"0.5": [0.8406374501992032, 0.8605577689243028, 0.8406374501992032, 0.8645418326693227], "0.6": [0.7808764940239044, 0.8446215139442231, 0.8565737051792829, 0.8207171314741036], "0.7": [0.6972111553784861, 0.8087649402390438, 0.796812749003984, 0.7768924302788844], "0.8": [0.6852589641434262, 0.649402390438247, 0.6812749003984063, 0.8007968127490039], "0.9": [0.6095617529880478, 0.5816733067729084, 0.6095617529880478, 0.6215139442231076], "0.95": [0.545816733067729, 0.5338645418326693, 0.47410358565737054, 0.4581673306772908], "0.975": [0.46215139442231074, 0.38247011952191234, 0.2788844621513944, 0.36254980079681276]}},