{"average": {"initial-transfer": {"0.025": [0.7740717131474103, 0.7530796812749004, 0.7585438247011952, 0.7635717131474103], "0.05": [0.7610916334661355, 0.7760756972111554, 0.7640557768924303, 0.7725557768924303], "0.1": [0.7935637450199202, 0.7955557768924303, 0.7895796812749003, 0.7865876494023905], "0.2": [0.8240557768924304, 0.8255876494023904, 0.8150756972111554, 0.8255677290836653], "0.4": [0.8575796812749004, 0.8551235059760957, 0.8441354581673307, 0.8510876494023905], "0.6": [0.8506832669322709, 0.8436314741035857, 0.8441235059760956, 0.841707171314741], "0.8": [0.8171673306772909, 0.8292191235059762, 0.8252589641434263, 0.8272350597609562], "0.9": [0.7908784860557769, 0.8037629482071713, 0.7923227091633467, 0.783394422310757], "0.95": [0.7444342629482072, 0.7454780876494024, 0.7290577689243027, 0.7374661354581673], "0.975": [0.7111294820717131, 0.7324541832669322, 0.7488705179282868, 0.7279422310756972]}}, "both": {"initial-transfer": {"0.025": [0.6, 0.5, 0.548, 0.556], "0.05": [0.5, 0.536, 0.5, 0.584], "0.1": [0.616, 0.6, 0.576, 0.564], "0.2": [0.74, 0.704, 0.708, 0.736], "0.4": [0.84, 0.824, 0.8, 0.856], "0.6": [0.892, 0.916, 0.896, 0.856], "0.8": [0.948, 0.916, 0.896, 0.924], "0.9": [0.912, 0.92, 0.924, 0.912], "0.95": [0.928, 0.912, 0.908, 0.908], "0.975": [0.9, 0.932, 0.94, 0.936]}}, "just_main": {"initial-transfer": {"0.025": [0.9282868525896414, 0.9203187250996016, 0.9561752988047809, 0.9282868525896414], "0.05": [0.9083665338645418, 0.9243027888446215, 0.9442231075697212, 0.9442231075697212], "0.1": [0.9362549800796812, 0.9442231075697212, 0.9203187250996016, 0.9123505976095617], "0.2": [0.9442231075697212, 0.9123505976095617, 0.9243027888446215, 0.9322709163346613], "0.4": [0.9203187250996016, 0.8764940239043825, 0.8645418326693227, 0.9123505976095617], "0.6": [0.8167330677290837, 0.8685258964143426, 0.8764940239043825, 0.7928286852589641], "0.8": [0.8326693227091634, 0.7808764940239044, 0.7410358565737052, 0.7649402390438247], "0.9": [0.6215139442231076, 0.7370517928286853, 0.6772908366533864, 0.6055776892430279], "0.95": [0.5657370517928287, 0.5219123505976095, 0.44223107569721115, 0.5338645418326693], "0.975": [0.3705179282868526, 0.545816733067729, 0.6294820717131474, 0.5577689243027888]}}, "just_spurious": {"initial-transfer": {"0.025": [0.946, 0.956, 0.948, 0.948], "0.05": [0.96, 0.964, 0.96, 0.95], "0.1": [0.952, 0.948, 0.952, 0.96], "0.2": [0.92, 0.934, 0.938, 0.936], "0.4": [0.896, 0.918, 0.922, 0.87], "0.6": [0.826, 0.776, 0.804, 0.86], "0.8": [0.658, 0.754, 0.792, 0.746], "0.9": [0.7, 0.67, 0.662, 0.684], "0.95": [0.548, 0.612, 0.614, 0.572], "0.975": [0.614, 0.522, 0.504, 0.492]}}, "neither": {"initial-transfer": {"0.025": [0.622, 0.636, 0.582, 0.622], "0.05": [0.676, 0.68, 0.652, 0.612], "0.1": [0.67, 0.69, 0.71, 0.71], "0.2": [0.692, 0.752, 0.69, 0.698], "0.4": [0.774, 0.802, 0.79, 0.766], "0.6": [0.868, 0.814, 0.8, 0.858], "0.8": [0.83, 0.866, 0.872, 0.874], "0.9": [0.93, 0.888, 0.906, 0.932], "0.95": [0.936, 0.936, 0.952, 0.936], "0.975": [0.96, 0.93, 0.922, 0.926]}}}