{"both and spurious-box": {"both-paint-tune": {"0.8": [0.10185185185185185, 0.17370892018779344, 0.06862745098039216, 0.07373271889400922], "0.9": [0.1, 0.13023255813953488, 0.215962441314554, 0.1813953488372093], "0.95": [0.1688888888888889, 0.16593886462882096, 0.20276497695852536, 0.21333333333333335], "0.975": [0.19369369369369369, 0.08225108225108226, 0.20869565217391303, 0.21052631578947367]}, "both-tune": {"0.8": [0.04784688995215311, 0.06511627906976744, 0.08530805687203792, 0.08558558558558559], "0.9": [0.056338028169014086, 0.09009009009009009, 0.055299539170506916, 0.03669724770642202], "0.95": [0.04807692307692308, 0.10407239819004525, 0.0502283105022831, 0.056768558951965066], "0.975": [0.035555555555555556, 0.03571428571428571, 0.06086956521739131, 0.0502283105022831]}, "careful-paint-tune": {"0.6": [0.06763285024154589, 0.041666666666666664, 0.10047846889952153, 0.08968609865470852], "0.7": [0.061611374407582936, 0.05853658536585366, 0.10047846889952153, 0.095], "0.8": [0.08888888888888889, 0.10426540284360189, 0.14215686274509803, 0.1291866028708134], "0.9": [0.11894273127753303, 0.19617224880382775, 0.15, 0.08374384236453201], "0.95": [0.12719298245614036, 0.15948275862068967, 0.13478260869565217, 0.1493212669683258], "0.975": [0.07894736842105263, 0.19130434782608696, 0.15178571428571427, 0.20425531914893616]}, "careful-tune": {"0.5": [0.215962441314554, 0.15865384615384615, 0.2548076923076923, 0.27403846153846156], "0.6": [0.14485981308411214, 0.0945273631840796, 0.07692307692307693, 0.06132075471698113], "0.7": [0.037209302325581395, 0.05092592592592592, 0.06030150753768844, 0.08415841584158416], "0.8": [0.050505050505050504, 0.0660377358490566, 0.0673076923076923, 0.05069124423963134], "0.9": [0.044642857142857144, 0.05982905982905983, 0.0593607305936073, 0.03056768558951965], "0.95": [0.05263157894736842, 0.02702702702702703, 0.043478260869565216, 0.06140350877192982], "0.975": [0.06666666666666667, 0.044444444444444446, 0.03211009174311927, 0.03153153153153153]}, "initial-transfer": {"0.5": [0.09954751131221719, 0.11764705882352941, 0.11574074074074074, 0.07834101382488479], "0.6": [0.20952380952380953, 0.20754716981132076, 0.16055045871559634, 0.11261261261261261], "0.7": [0.29064039408866993, 0.21266968325791855, 0.17567567567567569, 0.19555555555555557], "0.8": [0.248868778280543, 0.16740088105726872, 0.2966507177033493, 0.21621621621621623], "0.9": [0.27522935779816515, 0.22413793103448276, 0.29333333333333333, 0.27927927927927926], "0.95": [0.3700440528634361, 0.2850678733031674, 0.3515981735159817, 0.39069767441860465], "0.975": [0.4292237442922374, 0.3080357142857143, 0.29385964912280704, 0.2968036529680365]}, "initial-tune": {"0.5": [0.20276497695852536, 0.12682926829268293, 0.22429906542056074, 0.20952380952380953], "0.6": [0.2636363636363636, 0.248868778280543, 0.2119815668202765, 0.2744186046511628], "0.7": [0.24019607843137256, 0.2555066079295154, 0.20175438596491227, 0.2743362831858407], "0.8": [0.33185840707964603, 0.3209302325581395, 0.35714285714285715, 0.24347826086956523], "0.9": [0.34347826086956523, 0.38636363636363635, 0.37777777777777777, 0.2606837606837607], "0.95": [0.38362068965517243, 0.4703389830508475, 0.3898305084745763, 0.47435897435897434], "0.975": [0.37656903765690375, 0.43478260869565216, 0.4955357142857143, 0.5541125541125541]}}, "both and spurious-pixel-paint": {"both-paint-tune": {"0.8": [0.16666666666666666, 0.17370892018779344, 0.10294117647058823, 0.1889400921658986], "0.9": [0.11363636363636363, 0.14883720930232558, 0.08450704225352113, 0.12558139534883722], "0.95": [0.1111111111111111, 0.11353711790393013, 0.10138248847926268, 0.13333333333333333], "0.975": [0.16216216216216217, 0.14285714285714285, 0.14347826086956522, 0.10964912280701754]}, "both-tune": {"0.8": [0.07655502392344497, 0.10232558139534884, 0.09004739336492891, 0.0945945945945946], "0.9": [0.08450704225352113, 0.16666666666666666, 0.14285714285714285, 0.11926605504587157], "0.95": [0.08173076923076923, 0.12217194570135746, 0.1506849315068493, 0.11353711790393013], "0.975": [0.18666666666666668, 0.14285714285714285, 0.10869565217391304, 0.2191780821917808]}, "careful-paint-tune": {"0.6": [0.14009661835748793, 0.22395833333333334, 0.15789473684210525, 0.20179372197309417], "0.7": [0.07109004739336493, 0.16097560975609757, 0.09569377990430622, 0.07], "0.8": [0.08888888888888889, 0.08530805687203792, 0.11764705882352941, 0.12440191387559808], "0.9": [0.11894273127753303, 0.06220095693779904, 0.14545454545454545, 0.059113300492610835], "0.95": [0.17982456140350878, 0.15948275862068967, 0.13043478260869565, 0.08597285067873303], "0.975": [0.08771929824561403, 0.12173913043478261, 0.15178571428571427, 0.07234042553191489]}, "careful-tune": {"0.5": [0.18779342723004694, 0.1778846153846154, 0.1778846153846154, 0.22115384615384615], "0.6": [0.14485981308411214, 0.13930348258706468, 0.07211538461538461, 0.2028301886792453], "0.7": [0.11627906976744186, 0.10185185185185185, 0.1457286432160804, 0.12871287128712872], "0.8": [0.1111111111111111, 0.11320754716981132, 0.07211538461538461, 0.12442396313364056], "0.9": [0.10267857142857142, 0.11538461538461539, 0.1278538812785388, 0.056768558951965066], "0.95": [0.14473684210526316, 0.19369369369369369, 0.10869565217391304, 0.12719298245614036], "0.975": [0.13777777777777778, 0.10222222222222223, 0.13302752293577982, 0.15315315315315314]}, "initial-transfer": {"0.5": [0.058823529411764705, 0.07692307692307693, 0.06018518518518518, 0.06451612903225806], "0.6": [0.15714285714285714, 0.14150943396226415, 0.16055045871559634, 0.05405405405405406], "0.7": [0.2019704433497537, 0.1583710407239819, 0.11711711711711711, 0.14222222222222222], "0.8": [0.13122171945701358, 0.11013215859030837, 0.24401913875598086, 0.2072072072072072], "0.9": [0.23394495412844038, 0.1206896551724138, 0.20444444444444446, 0.20270270270270271], "0.95": [0.23348017621145375, 0.20361990950226244, 0.2420091324200913, 0.2558139534883721], "0.975": [0.3150684931506849, 0.26339285714285715, 0.21929824561403508, 0.182648401826484]}, "initial-tune": {"0.5": [0.20276497695852536, 0.16585365853658537, 0.2102803738317757, 0.20952380952380953], "0.6": [0.22272727272727272, 0.23529411764705882, 0.15207373271889402, 0.18604651162790697], "0.7": [0.2647058823529412, 0.22466960352422907, 0.19736842105263158, 0.23893805309734514], "0.8": [0.22123893805309736, 0.23255813953488372, 0.25892857142857145, 0.1826086956521739], "0.9": [0.2826086956521739, 0.24545454545454545, 0.29777777777777775, 0.1794871794871795], "0.95": [0.2672413793103448, 0.2796610169491525, 0.3050847457627119, 0.32905982905982906], "0.975": [0.2719665271966527, 0.3695652173913043, 0.3482142857142857, 0.3939393939393939]}}, "just_spurious and spurious-box": {"both-paint-tune": {"0.8": [0.5112359550561798, 0.596078431372549, 0.4232456140350877, 0.461038961038961], "0.9": [0.5878084179970973, 0.5991253644314869, 0.6746724890829694, 0.6081771720613288], "0.95": [0.6846240179573513, 0.6585365853658537, 0.6671875, 0.6978494623655914], "0.975": [0.6581858407079646, 0.5516853932584269, 0.6924034869240349, 0.6719319562575942]}, "both-tune": {"0.8": [0.23529411764705882, 0.3094688221709007, 0.30385487528344673, 0.28214285714285714], "0.9": [0.2748414376321353, 0.2891791044776119, 0.2330316742081448, 0.19137931034482758], "0.95": [0.14692982456140352, 0.35079365079365077, 0.17929759704251386, 0.24900133155792276], "0.975": [0.12280701754385964, 0.08145580589254767, 0.20400943396226415, 0.2304075235109718]}, "careful-paint-tune": {"0.6": [0.3294392523364486, 0.2197452229299363, 0.41531322505800466, 0.38392857142857145], "0.7": [0.34026465028355385, 0.4057971014492754, 0.4395833333333333, 0.42450142450142453], "0.8": [0.4287974683544304, 0.45, 0.4728132387706856, 0.46539379474940334], "0.9": [0.5640362225097024, 0.6036363636363636, 0.5440251572327044, 0.5343915343915344], "0.95": [0.5642458100558659, 0.6361724500525763, 0.5990291262135923, 0.5670886075949367],