{"just_main and just_main+just_spurious": {"initial-transfer": {"0.025": [0.12350597609561753, 0.17928286852589642, 0.12350597609561753, 0.1553784860557769], "0.05": [0.17928286852589642, 0.17928286852589642, 0.16334661354581673, 0.12350597609561753], "0.1": [0.09163346613545817, 0.13147410358565736, 0.17131474103585656, 0.17131474103585656], "0.2": [0.0796812749003984, 0.09561752988047809, 0.09561752988047809, 0.0796812749003984], "0.4": [0.07171314741035857, 0.10756972111553785, 0.05179282868525897, 0.08366533864541832], "0.6": [0.07569721115537849, 0.043824701195219126, 0.043824701195219126, 0.08366533864541832], "0.8": [0.07171314741035857, 0.11952191235059761, 0.10756972111553785, 0.10756972111553785], "0.9": [0.18725099601593626, 0.13147410358565736, 0.15139442231075698, 0.18725099601593626], "0.95": [0.23107569721115537, 0.22709163346613545, 0.2868525896414343, 0.2589641434262948], "0.975": [0.3107569721115538, 0.23107569721115537, 0.20717131474103587, 0.24701195219123506]}}, "just_spurious and just_spurious+just_main": {"initial-transfer": {"0.025": [0.296, 0.274, 0.302, 0.282], "0.05": [0.27, 0.284, 0.296, 0.296], "0.1": [0.296, 0.292, 0.262, 0.266], "0.2": [0.316, 0.296, 0.304, 0.312], "0.4": [0.324, 0.306, 0.28, 0.31], "0.6": [0.284, 0.296, 0.328, 0.24], "0.8": [0.284, 0.27, 0.246, 0.298], "0.9": [0.29, 0.28, 0.256, 0.258], "0.95": [0.256, 0.256, 0.246, 0.264], "0.975": [0.23, 0.246, 0.234, 0.208]}}, "neither and neither+just_main": {"initial-transfer": {"0.025": [0.238, 0.238, 0.278, 0.22], "0.05": [0.238, 0.242, 0.268, 0.25], "0.1": [0.264, 0.262, 0.228, 0.242], "0.2": [0.266, 0.254, 0.244, 0.246], "0.4": [0.278, 0.268, 0.232, 0.274], "0.6": [0.278, 0.286, 0.258, 0.224], "0.8": [0.284, 0.246, 0.228, 0.278], "0.9": [0.24, 0.248, 0.258, 0.218], "0.95": [0.226, 0.2, 0.188, 0.204], "0.975": [0.18, 0.238, 0.242, 0.228]}}, "neither and neither+just_spurious": {"initial-transfer": {"0.025": [0.132, 0.158, 0.15, 0.146], "0.05": [0.132, 0.124, 0.144, 0.138], "0.1": [0.112, 0.106, 0.11, 0.104], "0.2": [0.096, 0.076, 0.104, 0.098], "0.4": [0.062, 0.044, 0.054, 0.072], "0.6": [0.084, 0.096, 0.094, 0.066], "0.8": [0.164, 0.126, 0.096, 0.15], "0.9": [0.16, 0.164, 0.184, 0.166], "0.95": [0.226, 0.2, 0.186, 0.204], "0.975": [0.188, 0.24, 0.246, 0.242]}}}