{"both and main-box": {"careful-paint-tune": {"0.6": [0.124, 0.104, 0.12], "0.8": [0.14, 0.128, 0.056], "0.9": [0.052, 0.18, 0.06], "0.95": [0.044, 0.064, 0.08], "0.975": [0.048, 0.084, 0.048]}, "careful-tune": {"0.6": [0.676, 0.664, 0.656], "0.8": [0.7, 0.748, 0.644], "0.9": [0.74, 0.7, 0.796], "0.95": [0.784, 0.8, 0.816], "0.975": [0.752, 0.748, 0.788]}, "initial-transfer": {"0.025": [0.168, 0.14, 0.14], "0.05": [0.204, 0.168, 0.168], "0.1": [0.14, 0.14, 0.132], "0.2": [0.096, 0.12, 0.12], "0.4": [0.08, 0.116, 0.056], "0.6": [0.096, 0.052, 0.092], "0.8": [0.04, 0.032, 0.08], "0.9": [0.08, 0.064, 0.06], "0.95": [0.056, 0.044, 0.048], "0.975": [0.04, 0.044, 0.068]}, "initial-tune": {"0.025": [0.168, 0.172, 0.156], "0.05": [0.296, 0.144, 0.172], "0.1": [0.196, 0.132, 0.148], "0.2": [0.112, 0.1, 0.136], "0.4": [0.088, 0.112, 0.044], "0.6": [0.072, 0.108, 0.084], "0.8": [0.08, 0.036, 0.084], "0.9": [0.044, 0.048, 0.036], "0.95": [0.036, 0.048, 0.052], "0.975": [0.064, 0.028, 0.036]}}, "both and main-pixel-paint": {"careful-paint-tune": {"0.6": [0.588, 0.568, 0.652], "0.8": [0.684, 0.716, 0.732], "0.9": [0.728, 0.624, 0.788], "0.95": [0.772, 0.82, 0.744], "0.975": [0.76, 0.764, 0.776]}, "careful-tune": {"0.6": [0.112, 0.096, 0.092], "0.8": [0.072, 0.072, 0.088], "0.9": [0.092, 0.084, 0.084], "0.95": [0.056, 0.064, 0.068], "0.975": [0.048, 0.08, 0.092]}, "initial-transfer": {"0.025": [0.18, 0.16, 0.156], "0.05": [0.212, 0.208, 0.212], "0.1": [0.156, 0.172, 0.188], "0.2": [0.116, 0.128, 0.132], "0.4": [0.064, 0.104, 0.068], "0.6": [0.064, 0.04, 0.096], "0.8": [0.072, 0.052, 0.1], "0.9": [0.056, 0.056, 0.06], "0.95": [0.044, 0.052, 0.052], "0.975": [0.056, 0.068, 0.076]}, "initial-tune": {"0.025": [0.164, 0.16, 0.172], "0.05": [0.168, 0.24, 0.18], "0.1": [0.208, 0.212, 0.224], "0.2": [0.136, 0.164, 0.084], "0.4": [0.112, 0.072, 0.072], "0.6": [0.104, 0.08, 0.08], "0.8": [0.056, 0.06, 0.08], "0.9": [0.028, 0.064, 0.04], "0.95": [0.056, 0.052, 0.056], "0.975": [0.064, 0.06, 0.068]}}, "just_main and main-box": {"careful-paint-tune": {"0.6": [0.23904382470119523, 0.2350597609561753, 0.17928286852589642], "0.8": [0.3107569721115538, 0.32669322709163345, 0.2549800796812749], "0.9": [0.27091633466135456, 0.3665338645418327, 0.3147410358565737], "0.95": [0.2589641434262948, 0.29880478087649404, 0.3107569721115538], "0.975": [0.32270916334661354, 0.2948207171314741, 0.250996015936255]}, "careful-tune": {"0.6": [0.5697211155378487, 0.4860557768924303, 0.5776892430278885], "0.8": [0.50199203187251, 0.5737051792828686, 0.5059760956175299], "0.9": [0.5219123505976095, 0.49800796812749004, 0.5617529880478087], "0.95": [0.5099601593625498, 0.4860557768924303, 0.5059760956175299], "0.975": [0.4701195219123506, 0.4581673306772908, 0.5139442231075697]}, "initial-transfer": {"0.025": [0.043824701195219126, 0.055776892430278883, 0.05976095617529881], "0.05": [0.10358565737051793, 0.06374501992031872, 0.07569721115537849], "0.1": [0.043824701195219126, 0.055776892430278883, 0.07171314741035857], "0.2": [0.07171314741035857, 0.06772908366533864, 0.035856573705179286], "0.4": [0.10358565737051793, 0.1593625498007968, 0.099601593625498], "0.6": [0.23904382470119523, 0.17928286852589642, 0.2151394422310757], "0.8": [0.250996015936255, 0.22709163346613545, 0.29880478087649404], "0.9": [0.2948207171314741, 0.2948207171314741, 0.28286852589641437], "0.95": [0.3107569721115538, 0.29880478087649404, 0.3107569721115538], "0.975": [0.2788844621513944, 0.2868525896414343, 0.24302788844621515]}, "initial-tune": {"0.025": [0.08764940239043825, 0.08764940239043825, 0.06772908366533864], "0.05": [0.250996015936255, 0.03187250996015936, 0.05179282868525897], "0.1": [0.10358565737051793, 0.06374501992031872, 0.07171314741035857], "0.2": [0.1752988047808765, 0.11952191235059761, 0.2549800796812749], "0.4": [0.17928286852589642, 0.19123505976095617, 0.11553784860557768], "0.6": [0.22310756972111553, 0.26294820717131473, 0.19123505976095617], "0.8": [0.27091633466135456, 0.2868525896414343, 0.23904382470119523], "0.9": [0.250996015936255, 0.33067729083665337, 0.2788844621513944], "0.95": [0.28286852589641437, 0.2908366533864542, 0.22709163346613545], "0.975": [0.17928286852589642, 0.2788844621513944, 0.2151394422310757]}}, "just_main and main-pixel-paint": {"careful-paint-tune": {"0.6": [0.47808764940239046, 0.41434262948207173, 0.47410358565737054], "0.8": [0.4302788844621514, 0.4820717131474104, 0.5219123505976095], "0.9": [0.5059760956175299, 0.4063745019920319, 0.4820717131474104], "0.95": [0.49800796812749004, 0.46613545816733065, 0.46215139442231074], "0.975": [0.398406374501992, 0.450199203187251, 0.4302788844621514]}, "careful-tune": {"0.6": [0.26693227091633465, 0.2350597609561753, 0.20318725099601595], "0.8": [0.2151394422310757, 0.250996015936255, 0.23904382470119523], "0.9": [0.20318725099601595, 0.2589641434262948, 0.24701195219123506], "0.95": [0.2350597609561753, 0.24701195219123506, 0.20318725099601595], "0.975": [0.21912350597609562, 0.2589641434262948, 0.2948207171314741]}, "initial-transfer": {"0.025": [0.04780876494023904, 0.055776892430278883, 0.055776892430278883], "0.05": [0.11952191235059761, 0.05976095617529881, 0.08764940239043825], "0.1": [0.05179282868525897, 0.0796812749003984, 0.09561752988047809], "0.2": [0.06374501992031872, 0.07171314741035857, 0.07171314741035857], "0.4": [0.099601593625498, 0.17131474103585656, 0.09163346613545817], "0.6": [0.20318725099601595, 0.16733067729083664, 0.20318725099601595], "0.8": [0.199203187250996, 0.18326693227091634, 0.24701195219123506], "0.9": [0.2350597609561753, 0.23107569721115537, 0.22310756972111553], "0.95": [0.27091633466135456, 0.199203187250996, 0.21115537848605578], "0.975": [0.19123505976095617, 0.20717131474103587, 0.199203187250996]}, "initial-tune": {"0.025": [0.07569721115537849, 0.027888446215139442, 0.03187250996015936], "0.05": [0.055776892430278883, 0.05976095617529881, 0.0398406374501992], "0.1": [0.04780876494023904, 0.07569721115537849, 0.10756972111553785], "0.2": [0.15139442231075698, 0.13147410358565736, 0.11155378486055777], "0.4": [0.19123505976095617, 0.1593625498007968, 0.1553784860557769], "0.6": [0.28286852589641437, 0.22709163346613545, 0.27091633466135456], "0.8": [0.250996015936255, 0.23107569721115537, 0.2151394422310757], "0.9": [0.21912350597609562, 0.27091633466135456, 0.2151394422310757], "0.95": [0.2749003984063745, 0.22310756972111553, 0.18326693227091634], "0.975": [0.18725099601593626, 0.20318725099601595, 0.24302788844621515]}}}