{"both and both-inverse": {"both-paint-tune": {"0.8": [0.3055555555555556, 0.43661971830985913, 0.4117647058823529, 0.3225806451612903], "0.9": [0.37727272727272726, 0.3953488372093023, 0.460093896713615, 0.4418604651162791], "0.95": [0.21777777777777776, 0.27074235807860264, 0.4147465437788018, 0.27555555555555555], "0.975": [0.2747747747747748, 0.2683982683982684, 0.3173913043478261, 0.32456140350877194]}, "both-tune": {"0.8": [0.7511961722488039, 0.8093023255813954, 0.7488151658767772, 0.7927927927927928], "0.9": [0.7793427230046949, 0.7747747747747747, 0.783410138248848, 0.6926605504587156], "0.95": [0.7836538461538461, 0.8914027149321267, 0.776255707762557, 0.7336244541484717], "0.975": [0.7022222222222222, 0.6919642857142857, 0.6869565217391305, 0.8264840182648402]}, "careful-paint-tune": {"0.6": [0.42995169082125606, 0.390625, 0.4019138755980861, 0.2825112107623318], "0.7": [0.5402843601895735, 0.36097560975609755, 0.3397129186602871, 0.475], "0.8": [0.29333333333333333, 0.3696682464454976, 0.4852941176470588, 0.44976076555023925], "0.9": [0.27312775330396477, 0.4784688995215311, 0.36818181818181817, 0.3103448275862069], "0.95": [0.3157894736842105, 0.3275862068965517, 0.26956521739130435, 0.248868778280543], "0.975": [0.18859649122807018, 0.2782608695652174, 0.26785714285714285, 0.2297872340425532]}, "careful-tune": {"0.5": [0.539906103286385, 0.6105769230769231, 0.46634615384615385, 0.6298076923076923], "0.6": [0.7990654205607477, 0.7960199004975125, 0.7019230769230769, 0.5943396226415094], "0.7": [0.6837209302325581, 0.6620370370370371, 0.7939698492462312, 0.801980198019802], "0.8": [0.7424242424242424, 0.8537735849056604, 0.75, 0.7235023041474654], "0.9": [0.7455357142857143, 0.6965811965811965, 0.730593607305936, 0.6943231441048034], "0.95": [0.75, 0.7252252252252253, 0.7391304347826086, 0.75], "0.975": [0.7822222222222223, 0.7333333333333333, 0.6284403669724771, 0.6621621621621622]}, "initial-transfer": {"0.5": [0.49321266968325794, 0.4751131221719457, 0.5462962962962963, 0.4470046082949309], "0.6": [0.4857142857142857, 0.49528301886792453, 0.3944954128440367, 0.46396396396396394], "0.7": [0.5960591133004927, 0.47058823529411764, 0.34684684684684686, 0.40444444444444444], "0.8": [0.3212669683257919, 0.22466960352422907, 0.45454545454545453, 0.2882882882882883], "0.9": [0.28440366972477066, 0.23275862068965517, 0.26222222222222225, 0.23423423423423423], "0.95": [0.27312775330396477, 0.2669683257918552, 0.2648401826484018, 0.28837209302325584], "0.975": [0.2876712328767123, 0.2767857142857143, 0.22807017543859648, 0.3424657534246575]}, "initial-tune": {"0.5": [0.4608294930875576, 0.5024390243902439, 0.5046728971962616, 0.5761904761904761], "0.6": [0.4772727272727273, 0.36199095022624433, 0.4608294930875576, 0.5720930232558139], "0.7": [0.4215686274509804, 0.4185022026431718, 0.33771929824561403, 0.42920353982300885], "0.8": [0.3584070796460177, 0.4744186046511628, 0.3080357142857143, 0.24782608695652175], "0.9": [0.22608695652173913, 0.4818181818181818, 0.31555555555555553, 0.2905982905982906], "0.95": [0.1896551724137931, 0.23728813559322035, 0.211864406779661, 0.2606837606837607], "0.975": [0.19246861924686193, 0.1826086956521739, 0.24107142857142858, 0.2943722943722944]}}, "both and main-inverse": {"both-paint-tune": {"0.8": [0.6388888888888888, 0.7887323943661971, 0.7058823529411765, 0.6497695852534562], "0.9": [0.7454545454545455, 0.6930232558139535, 0.7652582159624414, 0.7767441860465116], "0.95": [0.6933333333333334, 0.7641921397379913, 0.815668202764977, 0.7822222222222223], "0.975": [0.7837837837837838, 0.7359307359307359, 0.808695652173913, 0.8508771929824561]}, "both-tune": {"0.8": [0.2583732057416268, 0.4325581395348837, 0.3033175355450237, 0.33783783783783783], "0.9": [0.38497652582159625, 0.4009009009009009, 0.3087557603686636, 0.3211009174311927], "0.95": [0.4375, 0.4751131221719457, 0.3333333333333333, 0.3231441048034934], "0.975": [0.16, 0.22321428571428573, 0.2956521739130435, 0.5296803652968036]}, "careful-paint-tune": {"0.6": [0.642512077294686, 0.46875, 0.6220095693779905, 0.47085201793721976], "0.7": [0.7298578199052133, 0.6439024390243903, 0.6363636363636364, 0.64], "0.8": [0.5555555555555556, 0.6445497630331753, 0.7401960784313726, 0.7129186602870813], "0.9": [0.6431718061674009, 0.7464114832535885, 0.6909090909090909, 0.6798029556650246], "0.95": [0.6666666666666666, 0.7241379310344828, 0.691304347826087, 0.6380090497737556], "0.975": [0.6578947368421053, 0.7869565217391304, 0.6785714285714286, 0.7361702127659574]}, "careful-tune": {"0.5": [0.7887323943661971, 0.7932692307692307, 0.7115384615384616, 0.7932692307692307], "0.6": [0.21495327102803738, 0.2935323383084577, 0.24519230769230768, 0.35377358490566035], "0.7": [0.2558139534883721, 0.125, 0.3065326633165829, 0.24257425742574257], "0.8": [0.15151515151515152, 0.38207547169811323, 0.1201923076923077, 0.11981566820276497], "0.9": [0.16964285714285715, 0.06837606837606838, 0.182648401826484, 0.15283842794759825], "0.95": [0.2807017543859649, 0.14864864864864866, 0.09565217391304348, 0.19298245614035087], "0.975": [0.27555555555555555, 0.1288888888888889, 0.04128440366972477, 0.018018018018018018]}, "initial-transfer": {"0.5": [0.6923076923076923, 0.7194570135746606, 0.7731481481481481, 0.576036866359447], "0.6": [0.8142857142857143, 0.8207547169811321, 0.7522935779816514, 0.6891891891891891], "0.7": [0.9014778325123153, 0.8552036199095022, 0.7702702702702703, 0.8044444444444444], "0.8": [0.8642533936651584, 0.788546255506608, 0.9043062200956937, 0.8243243243243243], "0.9": [0.8899082568807339, 0.8491379310344828, 0.8755555555555555, 0.8243243243243243], "0.95": [0.933920704845815, 0.9457013574660633, 0.9406392694063926, 0.9441860465116279], "0.975": [0.9726027397260274, 0.9375, 0.9210526315789473, 0.9269406392694064]}, "initial-tune": {"0.5": [0.7788018433179723, 0.7073170731707317, 0.7523364485981309, 0.7952380952380952], "0.6": [0.8681818181818182, 0.7239819004524887, 0.6866359447004609, 0.8511627906976744], "0.7": [0.8823529411764706, 0.8325991189427313, 0.7763157894736842, 0.8539823008849557], "0.8": [0.8716814159292036, 0.9116279069767442, 0.8482142857142857, 0.7652173913043478], "0.9": [0.8608695652173913, 0.9363636363636364, 0.9333333333333333, 0.8418803418803419], "0.95": [0.9482758620689655, 0.9576271186440678, 0.9449152542372882, 0.9700854700854701], "0.975": [0.9330543933054394, 0.9739130434782609, 0.9821428571428571, 0.987012987012987]}}, "both and spurious-inverse": {"both-paint-tune": {"0.8": [0.7361111111111112, 0.8826291079812206, 0.8823529411764706, 0.783410138248848], "0.9": [0.8045454545454546, 0.8372093023255814, 0.8826291079812206, 0.8558139534883721], "0.95": [0.48, 0.5502183406113537, 0.815668202764977, 0.6088888888888889], "0.975": [0.5675675675675675, 0.5930735930735931, 0.6347826086956522, 0.5833333333333334]}, "both-tune": {"0.8": [0.9808612440191388, 0.986046511627907, 0.976303317535545, 0.9819819819819819], "0.9": [0.9906103286384976, 0.9864864864864865, 0.9861751152073732, 0.9357798165137615], "0.95": [0.9807692307692307, 0.9909502262443439, 0.9863013698630136, 0.9606986899563319], "0.975": [0.9377777777777778, 0.9151785714285714, 0.9, 0.9954337899543378]}, "careful-paint-tune": {"0.6": [0.9468599033816425, 0.9375, 0.8755980861244019, 0.7802690582959642], "0.7": [0.966824644549763, 0.8146341463414634, 0.7751196172248804, 0.925], "0.8": [0.7111111111111111, 0.8199052132701422, 0.8774509803921569, 0.8755980861244019], "0.9": [0.5374449339207048, 0.8564593301435407, 0.7363636363636363, 0.7192118226600985], "0.95": [0.6929824561403509, 0.6767241379310345, 0.591304347826087, 0.5972850678733032], "0.975": [0.4342105263157895, 0.5869565217391305, 0.5625, 0.44680851063829785]}, "careful-tune": {"0.5": [0.9436619718309859, 0.9855769230769231, 0.9134615384615384, 0.9855769230769231], "0.6": [0.9392523364485982, 0.9601990049751243, 0.9375, 0.9764150943396226],