{"just_main and just_main+just_spurious": {"initial-transfer": {"0.025": [0.11155378486055777, 0.13147410358565736, 0.09561752988047809, 0.14741035856573706, 0.10756972111553785, 0.15139442231075698, 0.13147410358565736, 0.12749003984063745], "0.05": [0.11952191235059761, 0.11952191235059761, 0.1553784860557769, 0.099601593625498, 0.13147410358565736, 0.11155378486055777, 0.08764940239043825, 0.16733067729083664], "0.1": [0.08366533864541832, 0.08366533864541832, 0.10756972111553785, 0.13147410358565736, 0.11952191235059761, 0.1394422310756972, 0.12350597609561753, 0.10756972111553785], "0.2": [0.10358565737051793, 0.05976095617529881, 0.07171314741035857, 0.11553784860557768, 0.09561752988047809, 0.07569721115537849, 0.08764940239043825, 0.07569721115537849], "0.4": [0.0398406374501992, 0.08366533864541832, 0.043824701195219126, 0.07171314741035857, 0.06374501992031872, 0.06374501992031872, 0.05179282868525897, 0.043824701195219126], "0.6": [0.06772908366533864, 0.06772908366533864, 0.0796812749003984, 0.05179282868525897, 0.07569721115537849, 0.055776892430278883, 0.099601593625498, 0.07569721115537849], "0.8": [0.14342629482071714, 0.12350597609561753, 0.10358565737051793, 0.14741035856573706, 0.13147410358565736, 0.10358565737051793, 0.13147410358565736, 0.12350597609561753], "0.9": [0.18326693227091634, 0.1593625498007968, 0.2151394422310757, 0.13147410358565736, 0.16334661354581673, 0.17928286852589642, 0.15139442231075698, 0.16733067729083664], "0.95": [0.1752988047808765, 0.1952191235059761, 0.15139442231075698, 0.20318725099601595, 0.19123505976095617, 0.1752988047808765, 0.199203187250996, 0.2151394422310757], "0.975": [0.199203187250996, 0.21115537848605578, 0.21115537848605578, 0.19123505976095617, 0.16334661354581673, 0.20318725099601595, 0.18725099601593626, 0.20318725099601595]}, "initial-tune": {"0.025": [0.11952191235059761, 0.1952191235059761, 0.16334661354581673, 0.1593625498007968, 0.1593625498007968, 0.16733067729083664, 0.13147410358565736, 0.1553784860557769], "0.05": [0.12350597609561753, 0.1553784860557769, 0.13147410358565736, 0.20318725099601595, 0.15139442231075698, 0.13147410358565736, 0.099601593625498, 0.1752988047808765], "0.1": [0.09561752988047809, 0.12749003984063745, 0.14342629482071714, 0.099601593625498, 0.12350597609561753, 0.09163346613545817, 0.08764940239043825, 0.13545816733067728], "0.2": [0.0796812749003984, 0.07569721115537849, 0.06374501992031872, 0.06772908366533864, 0.06772908366533864, 0.08366533864541832, 0.07171314741035857, 0.11155378486055777], "0.4": [0.055776892430278883, 0.0398406374501992, 0.04780876494023904, 0.08366533864541832, 0.0398406374501992, 0.04780876494023904, 0.043824701195219126, 0.05179282868525897], "0.6": [0.08764940239043825, 0.06772908366533864, 0.10756972111553785, 0.11155378486055777, 0.0796812749003984, 0.0796812749003984, 0.07569721115537849, 0.043824701195219126], "0.8": [0.11155378486055777, 0.13147410358565736, 0.1553784860557769, 0.11155378486055777, 0.11155378486055777, 0.09163346613545817, 0.12749003984063745, 0.10756972111553785], "0.9": [0.23107569721115537, 0.1553784860557769, 0.21912350597609562, 0.17928286852589642, 0.1952191235059761, 0.199203187250996, 0.19123505976095617, 0.12350597609561753], "0.95": [0.21115537848605578, 0.1752988047808765, 0.29880478087649404, 0.22310756972111553, 0.199203187250996, 0.1952191235059761, 0.24302788844621515, 0.2350597609561753], "0.975": [0.23904382470119523, 0.23904382470119523, 0.24701195219123506, 0.20318725099601595, 0.22709163346613545, 0.23107569721115537, 0.24302788844621515, 0.21115537848605578]}, "minimal-tune": {"0.025": [0.05976095617529881, 0.035856573705179286, 0.05179282868525897, 0.06374501992031872, 0.055776892430278883, 0.0199203187250996, 0.03187250996015936, 0.0398406374501992], "0.05": [0.0398406374501992, 0.0398406374501992, 0.043824701195219126, 0.027888446215139442, 0.05976095617529881, 0.055776892430278883, 0.04780876494023904, 0.0398406374501992], "0.1": [0.05179282868525897, 0.0398406374501992, 0.027888446215139442, 0.05976095617529881, 0.0398406374501992, 0.05179282868525897, 0.06772908366533864, 0.035856573705179286], "0.2": [0.05179282868525897, 0.03187250996015936, 0.055776892430278883, 0.043824701195219126, 0.05179282868525897, 0.043824701195219126, 0.035856573705179286, 0.027888446215139442], "0.4": [0.04780876494023904, 0.07569721115537849, 0.055776892430278883, 0.0398406374501992, 0.0398406374501992, 0.05976095617529881, 0.055776892430278883, 0.0398406374501992], "0.6": [0.07569721115537849, 0.0796812749003984, 0.06772908366533864, 0.06772908366533864, 0.05976095617529881, 0.08764940239043825, 0.07569721115537849, 0.07569721115537849], "0.8": [0.07171314741035857, 0.12749003984063745, 0.11155378486055777, 0.09163346613545817, 0.12350597609561753, 0.099601593625498, 0.099601593625498, 0.08764940239043825], "0.9": [0.11155378486055777, 0.1593625498007968, 0.15139442231075698, 0.11553784860557768, 0.12749003984063745, 0.1593625498007968, 0.12749003984063745, 0.17131474103585656], "0.95": [0.14342629482071714, 0.17928286852589642, 0.16733067729083664, 0.1593625498007968, 0.18326693227091634, 0.1752988047808765, 0.1952191235059761, 0.1553784860557769], "0.975": [0.18326693227091634, 0.18725099601593626, 0.1952191235059761, 0.1952191235059761, 0.199203187250996, 0.21912350597609562, 0.16733067729083664, 0.19123505976095617]}}, "just_spurious and just_spurious+just_main": {"initial-transfer": {"0.025": [0.284, 0.268, 0.282, 0.262, 0.32, 0.252, 0.296, 0.304], "0.05": [0.286, 0.274, 0.278, 0.286, 0.296, 0.308, 0.278, 0.28], "0.1": [0.304, 0.298, 0.312, 0.28, 0.288, 0.234, 0.278, 0.278], "0.2": [0.264, 0.298, 0.25, 0.214, 0.276, 0.28, 0.258, 0.28], "0.4": [0.276, 0.23, 0.29, 0.24, 0.27, 0.25, 0.272, 0.268], "0.6": [0.286, 0.254, 0.298, 0.308, 0.258, 0.274, 0.3, 0.288], "0.8": [0.258, 0.238, 0.282, 0.24, 0.212, 0.246, 0.23, 0.256], "0.9": [0.254, 0.212, 0.214, 0.224, 0.204, 0.202, 0.26, 0.232], "0.95": [0.204, 0.2, 0.218, 0.214, 0.21, 0.222, 0.216, 0.178], "0.975": [0.15, 0.166, 0.17, 0.192, 0.174, 0.192, 0.224, 0.224]}, "initial-tune": {"0.025": [0.302, 0.228, 0.29, 0.27, 0.26, 0.256, 0.292, 0.274], "0.05": [0.294, 0.28, 0.28, 0.258, 0.266, 0.296, 0.3, 0.282], "0.1": [0.28, 0.302, 0.254, 0.31, 0.27, 0.288, 0.306, 0.286], "0.2": [0.284, 0.31, 0.286, 0.278, 0.274, 0.294, 0.324, 0.3], "0.4": [0.294, 0.302, 0.298, 0.314, 0.31, 0.278, 0.302, 0.256], "0.6": [0.236, 0.25, 0.306, 0.284, 0.252, 0.292, 0.306, 0.316], "0.8": [0.272, 0.318, 0.246, 0.288, 0.304, 0.26, 0.264, 0.272], "0.9": [0.222, 0.242, 0.246, 0.246, 0.234, 0.236, 0.242, 0.286], "0.95": [0.238, 0.22, 0.196, 0.25, 0.2, 0.204, 0.194, 0.222], "0.975": [0.2, 0.22, 0.222, 0.208, 0.19, 0.19, 0.214, 0.174]}, "minimal-tune": {"0.025": [0.566, 0.502, 0.578, 0.598, 0.542, 0.534, 0.58, 0.606], "0.05": [0.516, 0.54, 0.606, 0.582, 0.544, 0.582, 0.558, 0.566], "0.1": [0.538, 0.556, 0.54, 0.512, 0.524, 0.576, 0.532, 0.544], "0.2": [0.486, 0.528, 0.562, 0.556, 0.526, 0.47, 0.45, 0.504], "0.4": [0.362, 0.412, 0.4, 0.442, 0.426, 0.424, 0.406, 0.438], "0.6": [0.344, 0.268, 0.32, 0.26, 0.32, 0.27, 0.304, 0.29], "0.8": [0.27, 0.28, 0.266, 0.27, 0.252, 0.248, 0.262, 0.248], "0.9": [0.31, 0.256, 0.264, 0.272, 0.3, 0.276, 0.256, 0.27], "0.95": [0.258, 0.282, 0.256, 0.248, 0.27, 0.268, 0.288, 0.236], "0.975": [0.306, 0.272, 0.252, 0.246, 0.268, 0.242, 0.264, 0.242]}}, "neither and neither+just_main": {"initial-transfer": {"0.025": [0.226, 0.238, 0.236, 0.222, 0.236, 0.238, 0.246, 0.242], "0.05": [0.246, 0.236, 0.26, 0.228, 0.26, 0.234, 0.244, 0.25], "0.1": [0.25, 0.254, 0.264, 0.242, 0.258, 0.218, 0.262, 0.262], "0.2": [0.23, 0.232, 0.222, 0.21, 0.248, 0.25, 0.236, 0.244], "0.4": [0.266, 0.202, 0.238, 0.21, 0.242, 0.22, 0.238, 0.228], "0.6": [0.274, 0.242, 0.262, 0.278, 0.24, 0.258, 0.268, 0.256], "0.8": [0.226, 0.244, 0.28, 0.206, 0.194, 0.236, 0.198, 0.236], "0.9": [0.21, 0.216, 0.206, 0.228, 0.234, 0.212, 0.218, 0.224],