{"both and main-box": {"initial-transfer": {"0.025": [0.416, 0.352, 0.316, 0.4], "0.05": [0.368, 0.4, 0.344, 0.376], "0.1": [0.376, 0.38, 0.448, 0.408], "0.2": [0.368, 0.412, 0.436, 0.388], "0.4": [0.284, 0.348, 0.4, 0.26], "0.6": [0.224, 0.144, 0.208, 0.288], "0.8": [0.128, 0.168, 0.188, 0.144], "0.9": [0.168, 0.144, 0.144, 0.16], "0.95": [0.156, 0.148, 0.168, 0.116], "0.975": [0.132, 0.124, 0.124, 0.116]}}, "both and main-pixel-paint": {"initial-transfer": {"0.025": [0.304, 0.252, 0.272, 0.28], "0.05": [0.252, 0.296, 0.24, 0.292], "0.1": [0.32, 0.28, 0.324, 0.296], "0.2": [0.328, 0.288, 0.332, 0.316], "0.4": [0.2, 0.204, 0.288, 0.14], "0.6": [0.088, 0.064, 0.092, 0.168], "0.8": [0.04, 0.06, 0.072, 0.048], "0.9": [0.06, 0.052, 0.052, 0.048], "0.95": [0.056, 0.056, 0.072, 0.064], "0.975": [0.052, 0.036, 0.044, 0.04]}}, "just_main and main-box": {"initial-transfer": {"0.025": [0.47410358565737054, 0.4820717131474104, 0.3545816733067729, 0.49800796812749004], "0.05": [0.4860557768924303, 0.50199203187251, 0.47808764940239046, 0.44223107569721115], "0.1": [0.4940239043824701, 0.4860557768924303, 0.5617529880478087, 0.5338645418326693], "0.2": [0.5099601593625498, 0.545816733067729, 0.5179282868525896, 0.47410358565737054], "0.4": [0.5537848605577689, 0.5617529880478087, 0.5697211155378487, 0.545816733067729], "0.6": [0.5776892430278885, 0.5418326693227091, 0.5537848605577689, 0.5298804780876494], "0.8": [0.5737051792828686, 0.5856573705179283, 0.5697211155378487, 0.5577689243027888], "0.9": [0.5179282868525896, 0.5936254980079682, 0.545816733067729, 0.50199203187251], "0.95": [0.47808764940239046, 0.43824701195219123, 0.3745019920318725, 0.4302788844621514], "0.975": [0.33067729083665337, 0.44621513944223107, 0.5059760956175299, 0.46215139442231074]}}, "just_main and main-pixel-paint": {"initial-transfer": {"0.025": [0.26294820717131473, 0.27091633466135456, 0.24701195219123506, 0.2788844621513944], "0.05": [0.32270916334661354, 0.3187250996015936, 0.30278884462151395, 0.2788844621513944], "0.1": [0.28286852589641437, 0.30278884462151395, 0.3545816733067729, 0.3107569721115538], "0.2": [0.30677290836653387, 0.32669322709163345, 0.30677290836653387, 0.2868525896414343], "0.4": [0.33067729083665337, 0.350597609561753, 0.33067729083665337, 0.33067729083665337], "0.6": [0.3545816733067729, 0.3107569721115538, 0.2948207171314741, 0.3187250996015936], "0.8": [0.3426294820717131, 0.350597609561753, 0.32270916334661354, 0.35856573705179284], "0.9": [0.3386454183266932, 0.3665338645418327, 0.3705179282868526, 0.3147410358565737], "0.95": [0.3346613545816733, 0.33067729083665337, 0.2948207171314741, 0.3426294820717131], "0.975": [0.27091633466135456, 0.3426294820717131, 0.33067729083665337, 0.350597609561753]}}}