{"both": 0.5990338164251208, "just_main": 0.19767441860465115, "just_spurious": 0.68, "neither": 0.948, "average": 0.606177058757443}