{"both": 0.8647342995169082, "just_main": 0.3023255813953488, "just_spurious": 0.428, "neither": 0.93, "average": 0.6312649702280643}