{"both": 0.961352657004831, "just_main": 0.9011627906976745, "just_spurious": 0.166, "neither": 0.23, "average": 0.5646288619256263}