{"both": 0.893719806763285, "just_main": 0.45930232558139533, "just_spurious": 0.48, "neither": 0.872, "average": 0.67625553308617}