{"both": 0.9371980676328503, "just_main": 0.5290697674418605, "just_spurious": 0.424, "neither": 0.906, "average": 0.6990669587686777}