{"both": 0.7777777777777778, "just_main": 0.4186046511627907, "just_spurious": 0.648, "neither": 0.926, "average": 0.6925956072351421}