{"both": 0.45893719806763283, "just_main": 0.011627906976744186, "just_spurious": 0.824, "neither": 0.996, "average": 0.5726412762610942}