{"both": 0.9130434782608695, "just_main": 0.42441860465116277, "just_spurious": 0.472, "neither": 0.93, "average": 0.6848655207280081}