{"both": 0.8792270531400966, "just_main": 0.4011627906976744, "just_spurious": 0.484, "neither": 0.904, "average": 0.6670974609594428}