{"average": {"cdep-transfer": {"0.025": [0.6866461445935681, 0.6711635857179034, 0.6985463408457837, 0.6985278868067865], "0.05": [0.7231145543175488, 0.6841167067612054, 0.7191081919473286, 0.6754128893390732], "0.1": [0.7086153140035452, 0.7356014180805267, 0.7409302671562421, 0.723455146872626], "0.2": [0.7681202836161054, 0.7696057229678399, 0.7892711762471512, 0.7695492529754369], "0.4": [0.7958106482653836, 0.8107637693086858, 0.8054228602177766, 0.8145407698151431], "0.6": [0.819315301342112, 0.817501012914662, 0.8092431944796152, 0.8160404532793113], "0.8": [0.7941260445682451, 0.7951683021017979, 0.8154893010888833, 0.8268973474297291], "0.9": [0.7810528931375031, 0.7885337110660926, 0.7706224677133452, 0.7648938022284122], "0.95": [0.7441938781970119, 0.7529325145606482, 0.7523944986072424, 0.742042953912383], "0.975": [0.7486469992403141, 0.7294129842998227, 0.7380024689794885, 0.739547923524943]}, "initial-transfer": {"0.025": [0.7286809635350722, 0.7181866611800456, 0.7018180552038491, 0.7315392504431502], "0.05": [0.7331820397569004, 0.7258976006583946, 0.7338546150924284, 0.6949551468726259], "0.1": [0.7242360407698152, 0.7447495251962523, 0.7450062674094708, 0.7300819194732844], "0.2": [0.7473131172448721, 0.7688233730058243, 0.7665169346670043, 0.7517257217016966], "0.4": [0.7853617688022284, 0.7847342681691567, 0.773945935679919, 0.7831643137503166], "0.6": [0.7856955874905039, 0.7888316029374525, 0.7895855279817675, 0.7774945872372752], "0.8": [0.7573351797923524, 0.7648824069384654, 0.763914725246898, 0.7603074829070651], "0.9": [0.7332400291212965, 0.7424122562674095, 0.733155514054191, 0.7192914978475564], "0.95": [0.6998021651050899, 0.7174314383388201, 0.7204122562674095, 0.7261785895163332], "0.975": [0.7158146049632818, 0.7182449987338567, 0.7170486199037731, 0.7076878007090402]}, "initial-tune": {"0.025": [0.7053904786021777, 0.7220360850848315, 0.7507764623955432, 0.7275640985059508], "0.05": [0.7275051595340593, 0.729675993922512, 0.7316600405165865, 0.7334181754874652], "0.1": [0.7802242972904533, 0.7569579640415295, 0.7399647379083312, 0.768761585211446], "0.2": [0.80466643454039, 0.7977964041529502, 0.7905041149658142, 0.7742275259559381], "0.4": [0.8043461319321347, 0.8234082995695113, 0.8149928146366168, 0.8317275576095214], "0.6": [0.8361601038237528, 0.8228142251202836, 0.8246363003291972, 0.8302300582425931], "0.8": [0.7918082109394784, 0.8034158014687263, 0.7954562547480375, 0.812845847049886], "0.9": [0.7694736958723728, 0.7745241200303875, 0.7724172258799696, 0.7736970435553304], "0.95": [0.7415113319827805, 0.7562123322360091, 0.7471658014687262, 0.7446974233983287], "0.975": [0.7272588630032919, 0.723978665484933, 0.725030862243606, 0.7315159534059256]}, "minimal-tune": {"0.025": [0.7257023297037225, 0.7373117244872119, 0.7041458280577362, 0.749654691061028], "0.05": [0.7739111167384147, 0.7464349202329703, 0.7422716193973158, 0.779092934920233], "0.1": [0.7738948151430742, 0.7872115408964294, 0.780161148391998, 0.7707676626994175], "0.2": [0.799497436059762, 0.7937122689288428, 0.7700797986832109, 0.7872640858445176], "0.4": [0.8188106799189667, 0.8305290579893645, 0.8056462079007343, 0.8069683464168144], "0.6": [0.816523360344391, 0.8279399214991138, 0.8315737845024057, 0.8209615725500127], "0.8": [0.8201920422891872, 0.81929928462902, 0.8131306026842239, 0.8137531337047353], "0.9": [0.7880865725500127, 0.8111185426690302, 0.7787193593314763, 0.7850645416561155], "0.95": [0.7885563750316537, 0.7873344517599393, 0.7941139212458851, 0.7955528298303367], "0.975": [0.7747829513800962, 0.768100436819448, 0.7712772220815396, 0.769277981767536]}}, "both": {"cdep-transfer": {"0.025": [0.5431754874651811, 0.6573816155988857, 0.4958217270194986, 0.5292479108635098], "0.05": [0.584958217270195, 0.6462395543175488, 0.6685236768802229, 0.6963788300835655], "0.1": [0.724233983286908, 0.5933147632311978, 0.6323119777158774, 0.6935933147632312], "0.2": [0.7186629526462396, 0.7158774373259053, 0.6323119777158774, 0.6963788300835655], "0.4": [0.7855153203342619, 0.7743732590529248, 0.7743732590529248, 0.807799442896936], "0.6": [0.8885793871866295, 0.8523676880222841, 0.8356545961002786, 0.9164345403899722], "0.8": [0.9415041782729805, 0.9387186629526463, 0.871866295264624, 0.9303621169916435], "0.9": [0.947075208913649, 0.9303621169916435, 0.8690807799442897, 0.947075208913649], "0.95": [0.9610027855153204, 0.9610027855153204, 0.9080779944289693, 0.958217270194986], "0.975": [0.9498607242339833, 0.9637883008356546, 0.9526462395543176, 0.9526462395543176]}, "initial-transfer": {"0.025": [0.5933147632311978, 0.637883008356546, 0.6434540389972145, 0.5292479108635098], "0.05": [0.6239554317548747, 0.6434540389972145, 0.596100278551532, 0.6935933147632312], "0.1": [0.6908077994428969, 0.6629526462395543, 0.649025069637883, 0.6852367688022284], "0.2": [0.7381615598885793, 0.6183844011142061, 0.6880222841225627, 0.6323119777158774], "0.4": [0.7409470752089137, 0.6991643454038997, 0.754874651810585, 0.7075208913649025], "0.6": [0.7743732590529248, 0.7938718662952646, 0.8467966573816156, 0.7576601671309192], "0.8": [0.8662952646239555, 0.8579387186629527, 0.8662952646239555, 0.871866295264624], "0.9": [0.9220055710306406, 0.9136490250696379, 0.9275766016713092, 0.8579387186629527], "0.95": [0.8969359331476323, 0.9303621169916435, 0.9136490250696379, 0.9080779944289693], "0.975": [0.9275766016713092, 0.9164345403899722, 0.9136490250696379, 0.8467966573816156]}, "initial-tune": {"0.025": [0.5877437325905293, 0.6155988857938719, 0.5181058495821727, 0.5013927576601671], "0.05": [0.5292479108635098, 0.5988857938718662, 0.6740947075208914, 0.5821727019498607], "0.1": [0.6211699164345403, 0.6267409470752089, 0.7019498607242339, 0.6239554317548747], "0.2": [0.6796657381615598, 0.6740947075208914, 0.5877437325905293, 0.713091922005571], "0.4": [0.7075208913649025, 0.7715877437325905, 0.766016713091922, 0.8022284122562674], "0.6": [0.8523676880222841, 0.8579387186629527, 0.8217270194986073, 0.8440111420612814], "0.8": [0.9220055710306406, 0.8969359331476323, 0.8133704735376045, 0.9052924791086351], "0.9": [0.9275766016713092, 0.9220055710306406, 0.9080779944289693, 0.8746518105849582], "0.95": [0.9108635097493036, 0.9275766016713092, 0.8969359331476323, 0.9442896935933147], "0.975": [0.958217270194986, 0.9220055710306406, 0.9080779944289693, 0.924791086350975]}, "minimal-tune": {"0.025": [0.7604456824512534, 0.8161559888579387, 0.6518105849582173, 0.6100278551532033], "0.05": [0.7047353760445683, 0.7353760445682451, 0.8802228412256268, 0.7047353760445683], "0.1": [0.7994428969359332, 0.6991643454038997, 0.7938718662952646, 0.7381615598885793], "0.2": [0.7799442896935933, 0.7493036211699164, 0.713091922005571, 0.6657381615598886], "0.4": [0.8746518105849582, 0.8272980501392758, 0.7214484679665738, 0.8635097493036211], "0.6": [0.7827298050139275, 0.8189415041782729, 0.7771587743732591, 0.7883008356545961], "0.8": [0.7910863509749304, 0.7855153203342619, 0.7771587743732591, 0.8245125348189415], "0.9": [0.7883008356545961, 0.8161559888579387, 0.7158774373259053, 0.7493036211699164], "0.95": [0.7520891364902507, 0.8161559888579387, 0.8022284122562674, 0.7688022284122563], "0.975": [0.7910863509749304, 0.83008356545961, 0.6573816155988857, 0.7966573816155988]}}, "just_main": {"cdep-transfer": {"0.025": [0.9034090909090909, 0.9772727272727273, 0.8863636363636364, 0.9488636363636364], "0.05": [0.9375, 0.9602272727272727, 0.9659090909090909, 0.9772727272727273], "0.1": [0.9602272727272727, 0.9090909090909091, 0.9034090909090909, 0.9602272727272727], "0.2": [0.9318181818181818, 0.9545454545454546, 0.9147727272727273, 0.9318181818181818], "0.4": [0.8977272727272727, 0.8806818181818182, 0.8693181818181818, 0.8863636363636364], "0.6": [0.8806818181818182, 0.8636363636363636, 0.8693181818181818, 0.8977272727272727], "0.8": [0.875, 0.8579545454545454, 0.7840909090909091, 0.8352272727272727],