{"average": {"careful-paint-tune": {"0.6": [0.8052620421790638, 0.8126292505466746, 0.8086451038621636], "0.8": [0.8135055124563836, 0.7956288564404288, 0.8042368719246222], "0.9": [0.7879753718011471, 0.7855733498828263, 0.7884805989423307], "0.95": [0.7975699022500858, 0.7863069922436423, 0.7877377726855759], "0.975": [0.7671799617512871, 0.7766282157450038, 0.7844076558727657]}, "careful-tune": {"0.6": [0.8121342873042728, 0.8108614831725517, 0.8189007057398621], "0.8": [0.8139559855629751, 0.8094468846752878, 0.8050882602920634], "0.9": [0.7840805374841152, 0.8018556064684028, 0.794050673550094], "0.95": [0.7969536990926531, 0.7876574186122326, 0.7960486568677334], "0.975": [0.7800280399574129, 0.764478410656594, 0.791638355377789]}, "initial-transfer": {"0.025": [0.7141813609849391, 0.7162813094952188, 0.7257046292933915], "0.05": [0.7437573817945402, 0.7128710409499982, 0.7381138424263465], "0.1": [0.7383816103226586, 0.766699319404147, 0.7668777801276954], "0.2": [0.7805639571439845, 0.7847093744443449, 0.7843322634035099], "0.4": [0.8018487563298502, 0.796777889102784, 0.7948459875803542], "0.6": [0.798674396597036, 0.7918120400305333, 0.8085622992545466], "0.8": [0.7733622144153978, 0.7604466045570181, 0.7779761216391975], "0.9": [0.7474282272191718, 0.7451950095891314, 0.7509984127773787], "0.95": [0.7510744137443183, 0.7394106673301024, 0.7496363679859364], "0.975": [0.7360556197488284, 0.7220497041970534, 0.739577589039146]}, "initial-tune": {"0.025": [0.6976657512883658, 0.7027818987062238, 0.7066962255959472], "0.05": [0.7495706401234828, 0.7206999299076625, 0.7122047340402915], "0.1": [0.7525117522131408, 0.7429106332611181, 0.7594792761397363], "0.2": [0.7875979232263104, 0.7934200591554889, 0.7877489294708417], "0.4": [0.8233703863845648, 0.8184754526352233, 0.8212715810617341], "0.6": [0.8246974483529212, 0.8173391277585973, 0.8150192222157013], "0.8": [0.7842343271733867, 0.8020334407251655, 0.8055602786460948], "0.9": [0.7732310843904056, 0.7648836084043544, 0.7863769174458111], "0.95": [0.7529986281728083, 0.758577977735976, 0.7611448328235757], "0.975": [0.7402920226098876, 0.7322656840970173, 0.7390727472869884]}}, "both": {"careful-paint-tune": {"0.6": [0.8272980501392758, 0.8133704735376045, 0.7632311977715878], "0.8": [0.8523676880222841, 0.8607242339832869, 0.7270194986072424], "0.9": [0.8523676880222841, 0.8635097493036211, 0.8551532033426184], "0.95": [0.8467966573816156, 0.8440111420612814, 0.8467966573816156], "0.975": [0.9080779944289693, 0.8690807799442897, 0.8467966573816156]}, "careful-tune": {"0.6": [0.8050139275766016, 0.7688022284122563, 0.8245125348189415], "0.8": [0.7743732590529248, 0.7771587743732591, 0.7715877437325905], "0.9": [0.766016713091922, 0.8245125348189415, 0.7576601671309192], "0.95": [0.7743732590529248, 0.8189415041782729, 0.7743732590529248], "0.975": [0.7771587743732591, 0.7019498607242339, 0.8105849582172702]}, "initial-transfer": {"0.025": [0.5403899721448467, 0.5682451253481894, 0.5626740947075209], "0.05": [0.4763231197771588, 0.6211699164345403, 0.5543175487465181], "0.1": [0.6573816155988857, 0.5069637883008357, 0.6323119777158774], "0.2": [0.6406685236768802, 0.6657381615598886, 0.6740947075208914], "0.4": [0.6713091922005571, 0.7075208913649025, 0.6824512534818942], "0.6": [0.8941504178272981, 0.724233983286908, 0.8384401114206128], "0.8": [0.8523676880222841, 0.9554317548746518, 0.924791086350975], "0.9": [0.9610027855153204, 0.8495821727019499, 0.947075208913649], "0.95": [0.8941504178272981, 0.9080779944289693, 0.9554317548746518], "0.975": [0.9415041782729805, 0.8579387186629527, 0.924791086350975]}, "initial-tune": {"0.025": [0.5236768802228412, 0.5153203342618384, 0.5069637883008357], "0.05": [0.5738161559888579, 0.5543175487465181, 0.5069637883008357], "0.1": [0.5821727019498607, 0.5431754874651811, 0.5821727019498607], "0.2": [0.6462395543175488, 0.6908077994428969, 0.6601671309192201], "0.4": [0.7688022284122563, 0.8133704735376045, 0.7632311977715878], "0.6": [0.8746518105849582, 0.8635097493036211, 0.8774373259052924], "0.8": [0.9052924791086351, 0.8607242339832869, 0.871866295264624], "0.9": [0.9387186629526463, 0.9108635097493036, 0.9108635097493036], "0.95": [0.8997214484679665, 0.9442896935933147, 0.9108635097493036], "0.975": [0.935933147632312, 0.8941504178272981, 0.9331476323119777]}}, "just_main": {"careful-paint-tune": {"0.6": [0.7954545454545454, 0.7840909090909091, 0.8238636363636364], "0.8": [0.8352272727272727, 0.7954545454545454, 0.7840909090909091], "0.9": [0.7613636363636364, 0.7840909090909091, 0.7556818181818182], "0.95": [0.7159090909090909, 0.7670454545454546, 0.7784090909090909], "0.975": [0.8238636363636364, 0.7045454545454546, 0.7329545454545454]}, "careful-tune": {"0.6": [0.7670454545454546, 0.8295454545454546, 0.8125], "0.8": [0.7897727272727273, 0.8068181818181818, 0.8011363636363636], "0.9": [0.6420454545454546, 0.7329545454545454, 0.7386363636363636], "0.95": [0.75, 0.7727272727272727, 0.7215909090909091], "0.975": [0.7045454545454546, 0.6193181818181818, 0.7386363636363636]}, "initial-transfer": {"0.025": [0.8636363636363636, 0.8920454545454546, 0.8863636363636364], "0.05": [0.8352272727272727, 0.9318181818181818, 0.9034090909090909], "0.1": [0.9147727272727273, 0.8238636363636364, 0.9204545454545454], "0.2": [0.8693181818181818, 0.8806818181818182, 0.8863636363636364], "0.4": [0.8238636363636364, 0.8352272727272727, 0.8352272727272727], "0.6": [0.8863636363636364, 0.7443181818181818, 0.8295454545454546], "0.8": [0.7613636363636364, 0.8579545454545454, 0.8295454545454546], "0.9": [0.8181818181818182, 0.6818181818181818, 0.7784090909090909], "0.95": [0.7897727272727273, 0.75, 0.8295454545454546], "0.975": [0.8068181818181818, 0.6193181818181818, 0.7329545454545454]}, "initial-tune": {"0.025": [0.9488636363636364, 0.9090909090909091, 0.9090909090909091], "0.05": [0.9204545454545454, 0.9147727272727273, 0.9318181818181818], "0.1": [0.9090909090909091, 0.8863636363636364, 0.9090909090909091], "0.2": [0.8806818181818182, 0.8806818181818182, 0.8920454545454546], "0.4": [0.8579545454545454, 0.9034090909090909, 0.8295454545454546], "0.6": [0.8352272727272727, 0.8409090909090909, 0.8238636363636364], "0.8": [0.7670454545454546, 0.7443181818181818, 0.8068181818181818], "0.9": [0.8181818181818182, 0.7329545454545454, 0.7784090909090909], "0.95": [0.7329545454545454, 0.7727272727272727, 0.7329545454545454], "0.975": [0.7670454545454546, 0.6193181818181818, 0.7727272727272727]}}, "just_spurious": {"careful-paint-tune": {"0.6": [0.7390745501285347, 0.7849185946872322, 0.7892030848329049], "0.8": [0.709083119108826, 0.6619537275064268, 0.8071979434447301], "0.9": [0.6658097686375322, 0.6246786632390745, 0.6585261353898886], "0.95": [0.7223650385604113, 0.6585261353898886, 0.6435304198800342], "0.975": [0.4892887746358183, 0.6276778063410454, 0.655955441302485]}, "careful-tune": {"0.6": [0.7952013710368466, 0.7994858611825193, 0.7742073693230506], "0.8": [0.7883461868037703, 0.7819194515852613, 0.7630676949443016], "0.9": [0.7934875749785776, 0.7386461011139674, 0.7592116538131962], "0.95": [0.7399314481576692, 0.6495287060839761, 0.760497000856898], "0.975": [0.712082262210797, 0.7892030848329049, 0.7017994858611826]}, "initial-transfer": {"0.025": [0.8586118251928021, 0.8389031705227078, 0.8423307626392459], "0.05": [0.897172236503856, 0.8123393316195373, 0.8607540702656384], "0.1": [0.8093401885175664, 0.9095972579263067, 0.823050556983719], "0.2": [0.8534704370179949, 0.8401885175664096, 0.8359040274207369], "0.4": [0.8534704370179949, 0.8170522707797772, 0.8320479862896315], "0.6": [0.6225364181662382, 0.8131962296486718, 0.7206512425021423], "0.8": [0.604541559554413, 0.4250214224507284, 0.5222793487574978], "0.9": [0.37617823479005996, 0.5535561268209083, 0.42116538131962294], "0.95": [0.48414738646101113, 0.4365895458440446, 0.3787489288774636], "0.975": [0.34747215081405314, 0.5038560411311054, 0.42116538131962294]},