{"average": {"initial-transfer": {"0.025": [0.7323521144593568, 0.7033627817168904, 0.7241617814636616, 0.7087385097493036, 0.7280314636616865, 0.7371557356292733, 0.7152736452266397, 0.7423655988857938], "0.05": [0.7248880096226893, 0.7400484932894403, 0.7348485692580401, 0.7336713724993669, 0.7390399784755634, 0.7290630539377058, 0.7472210686249684, 0.7456532666497847], "0.1": [0.7475652063813624, 0.7511859331476323, 0.7466458280577362, 0.7517377817168904, 0.7529302671562421, 0.7534483730058242, 0.7469895543175488, 0.7486706444669537], "0.2": [0.7638279944289694, 0.773964009875918, 0.7626021777665232, 0.7691000253228666, 0.7688109648012155, 0.7667253735122815, 0.7734927829830338, 0.7540829956951126], "0.4": [0.792256995441884, 0.786451221828311, 0.7985673904786021, 0.7762417067612054, 0.7903010572296785, 0.7913166940997721, 0.7938425867308179, 0.7971085717903267], "0.6": [0.8092062547480375, 0.8115997404406179, 0.8016036338313497, 0.8077350278551532, 0.8116448151430742, 0.8075155735629272, 0.8004875284882249, 0.8025759369460623], "0.8": [0.7797048619903773, 0.7807787097999493, 0.7769289377057482, 0.7826388009622689, 0.7759559065586225, 0.7910219675867308, 0.7784051342111927, 0.7940038617371487], "0.9": [0.7504641048366676, 0.7480013927576601, 0.7374623005824259, 0.7548184983540136, 0.747482938718663, 0.7415272853887059, 0.7518703469232717, 0.7452119840465942], "0.95": [0.7331537097999493, 0.72323857305647, 0.7243525892631045, 0.7244637249936693, 0.7281547860217776, 0.7326700747024563, 0.7277403773107116, 0.7235585591288934], "0.975": [0.7212822866548493, 0.7078902253735123, 0.7183429982273993, 0.7086381045834389, 0.7157822866548493, 0.7263099835401368, 0.7248468916181312, 0.7375844834135225]}, "initial-tune": {"0.025": [0.683047068878197, 0.7183172955178526, 0.7147857052418334, 0.7098485376044568, 0.6963496138262852, 0.7115545074702456, 0.6809884464421372, 0.7063325841985313], "0.05": [0.7275435236768802, 0.7257303114712585, 0.7573932957710813, 0.7481834325145607, 0.7470637819701189, 0.7102437958976956, 0.7418567358825019, 0.7384447961509243], "0.1": [0.7686639339073182, 0.7574859774626488, 0.7556894783489492, 0.7711951759939225, 0.7527977969106102, 0.758140858445176, 0.7424061154722714, 0.7549242213218537], "0.2": [0.7856507976702962, 0.7812541466193973, 0.7885169346670042, 0.7911675107622183, 0.7983759496074956, 0.8070542225879971, 0.7734963281843505, 0.7659590402633578], "0.4": [0.8290720119017472, 0.8276384211192708, 0.8239683147632313, 0.8455876487718409, 0.8254398898455305, 0.8181373448974424, 0.8376430425424158, 0.8281057546214232], "0.6": [0.8326881488984553, 0.837837300582426, 0.8329832552544948, 0.8422215434287161, 0.8407577551278805, 0.8357531337047354, 0.8353745885034186, 0.832454133957964], "0.8": [0.8053966193973158, 0.8069538174221321, 0.7987616801721955, 0.8131072106862497, 0.8148266649784756, 0.7923919979741707, 0.8073035895163332, 0.7951675740693847], "0.9": [0.7873976956191441, 0.7961313623702203, 0.7898653773107116, 0.790884559382122, 0.770543650291213, 0.7801281653583185, 0.7567808622436061, 0.7817869080779944], "0.95": [0.7617073626234491, 0.7427872562674095, 0.7252840592555078, 0.754194226386427, 0.7476800139275765, 0.7446281653583186, 0.7427968473031148, 0.7436235439351735], "0.975": [0.7410401050898962, 0.7269186502912129, 0.7416846353507217, 0.6984232717143581, 0.7474644530260826, 0.726030514054191, 0.7207403773107116, 0.736324195998987]}, "minimal-tune": {"0.025": [0.7398944036464928, 0.7447967523423651, 0.7591241770068372, 0.7572029944289693, 0.7343298303367941, 0.7549661623195747, 0.7235563750316536, 0.7476164218789567], "0.05": [0.7401991010382375, 0.7795588756647251, 0.7720336477589264, 0.7819434350468473, 0.7682694669536592, 0.7418691757406938, 0.7537086920739428, 0.7282204355533046], "0.1": [0.7809686629526462, 0.7605865725500127, 0.7816494049126361, 0.7658614206128134, 0.794355374778425, 0.7895854963281843, 0.7766220562167637, 0.7660836920739427], "0.2": [0.7944008609774627, 0.7984963598379338, 0.7928745568498354, 0.7990649214991137, 0.7880638452772855, 0.8005989807546213, 0.7959544504937959, 0.8047975120283616], "0.4": [0.8437201190174728, 0.825247087870347, 0.8305311787794378, 0.8322662699417575, 0.80435572296784, 0.777589009875918, 0.8172641174981008, 0.8262950430488731], "0.6": [0.8323170422891872, 0.818320587490504, 0.8353109964547987, 0.8373543302101798, 0.8259228602177767, 0.8317193909850594, 0.8098525259559382, 0.8296302544948088], "0.8": [0.7981611167384147, 0.7955801785262092, 0.820200557103064, 0.8223326791592809, 0.8126980881235756, 0.8047630729298557, 0.8039633451506711, 0.8107161939731578], "0.9": [0.7889253291972651, 0.7899754368194479, 0.7989512851354774, 0.8039896492782984, 0.802463693340086, 0.7828614206128134, 0.7971863446442138, 0.7946799822739935], "0.95": [0.7835020574829071, 0.7915911939731578, 0.7889054824006078, 0.7796707394277032, 0.7752250569764497, 0.789445587490504, 0.7813632248670549, 0.801911844770828], "0.975": [0.7682755127880476, 0.7756806786528235, 0.7897683907318308, 0.7759342555077235, 0.7864878450240567, 0.7761394973410991, 0.7811114522663966, 0.7906742846290201]}}, "both": {"initial-transfer": {"0.025": [0.5543175487465181, 0.5933147632311978, 0.5766016713091922, 0.6434540389972145, 0.6016713091922006, 0.5515320334261838, 0.584958217270195, 0.5264623955431755], "0.05": [0.6350974930362117, 0.5571030640668524, 0.5710306406685237, 0.584958217270195, 0.5793871866295265, 0.5598885793871866, 0.5292479108635098, 0.5988857938718662], "0.1": [0.6211699164345403, 0.5877437325905293, 0.6518105849582173, 0.5933147632311978, 0.6323119777158774, 0.6183844011142061, 0.584958217270195, 0.5348189415041783], "0.2": [0.6323119777158774, 0.6518105849582173, 0.7325905292479109, 0.6713091922005571, 0.6768802228412256, 0.6518105849582173, 0.6768802228412256, 0.7158774373259053], "0.4": [0.6991643454038997, 0.6406685236768802, 0.7715877437325905, 0.6462395543175488, 0.7771587743732591, 0.8105849582172702, 0.724233983286908, 0.7381615598885793], "0.6": [0.8133704735376045, 0.8690807799442897, 0.8328690807799443, 0.8384401114206128, 0.7994428969359332, 0.8551532033426184, 0.8802228412256268, 0.8384401114206128], "0.8": [0.8913649025069638, 0.8467966573816156, 0.8885793871866295, 0.8635097493036211, 0.8328690807799443, 0.8607242339832869, 0.8579387186629527, 0.8746518105849582], "0.9": [0.9192200557103064, 0.9220055710306406, 0.8384401114206128, 0.8913649025069638, 0.9554317548746518, 0.8356545961002786, 0.8969359331476323, 0.947075208913649], "0.95": [0.8467966573816156, 0.8217270194986073, 0.8913649025069638, 0.8495821727019499, 0.8774373259052924, 0.9303621169916435, 0.9025069637883009, 0.9025069637883009], "0.975": [0.9192200557103064, 0.8746518105849582, 0.883008356545961, 0.9025069637883009, 0.9192200557103064, 0.9136490250696379, 0.8467966573816156, 0.9052924791086351]}, "initial-tune": {"0.025": [0.5459610027855153, 0.5041782729805014, 0.5459610027855153, 0.4818941504178273, 0.5125348189415042, 0.49303621169916434, 0.46518105849582175, 0.5571030640668524], "0.05": [0.5626740947075209, 0.5571030640668524, 0.520891364902507, 0.5459610027855153, 0.6100278551532033, 0.5292479108635098, 0.5682451253481894, 0.5459610027855153], "0.1": [0.637883008356546, 0.5125348189415042, 0.5710306406685237, 0.6155988857938719, 0.596100278551532, 0.6573816155988857, 0.6211699164345403, 0.6072423398328691], "0.2": [0.6462395543175488, 0.6768802228412256, 0.6880222841225627, 0.7103064066852368, 0.6740947075208914, 0.6908077994428969, 0.6601671309192201, 0.6573816155988857], "0.4": [0.7855153203342619, 0.7938718662952646, 0.7743732590529248, 0.8189415041782729, 0.7298050139275766, 0.7632311977715878, 0.807799442896936, 0.8050139275766016], "0.6": [0.8272980501392758, 0.8384401114206128, 0.8467966573816156, 0.8662952646239555, 0.8384401114206128, 0.8245125348189415, 0.841225626740947, 0.841225626740947],