{"both and main-box": {"both-paint-tune": {"0.8": [0.1262135922330097, 0.19148936170212766, 0.14563106796116504, 0.14432989690721648], "0.9": [0.14469453376205788, 0.11075949367088607, 0.11920529801324503, 0.11538461538461539], "0.95": [0.15161290322580645, 0.08945686900958466, 0.08544303797468354, 0.13355048859934854], "0.975": [0.11356466876971609, 0.10862619808306709, 0.109717868338558, 0.15434083601286175]}, "both-transfer": {"0.8": [], "0.9": [], "0.975": []}, "both-tune": {"0.8": [0.6917562724014337, 0.7241379310344828, 0.6296296296296297, 0.6857142857142857], "0.9": [0.7343173431734318, 0.7366548042704626, 0.7383512544802867, 0.6966666666666667], "0.95": [0.7553648068669528, 0.7481481481481481, 0.7527675276752768, 0.7238805970149254], "0.975": [0.656140350877193, 0.7368421052631579, 0.7087719298245614, 0.6178861788617886]}, "careful-paint-tune": {"0.8": [0.14878892733564014, 0.14098360655737704, 0.13953488372093023, 0.11726384364820847], "0.9": [0.1331168831168831, 0.1305732484076433, 0.12962962962962962, 0.0932475884244373], "0.95": [0.09206349206349207, 0.12460063897763578, 0.11764705882352941, 0.18456375838926176], "0.975": [0.15857605177993528, 0.13522012578616352, 0.10897435897435898, 0.10410094637223975]}, "careful-tune": {"0.5": [0.1267123287671233, 0.14093959731543623, 0.10231023102310231, 0.14012738853503184], "0.6": [0.5236363636363637, 0.4753521126760563, 0.32967032967032966, 0.17712177121771217], "0.7": [0.4716312056737589, 0.654275092936803, 0.5636363636363636, 0.574468085106383], "0.8": [0.6877192982456141, 0.5658914728682171, 0.6702127659574468, 0.6802973977695167], "0.9": [0.7, 0.7206896551724138, 0.6730769230769231, 0.7279411764705882], "0.95": [0.696969696969697, 0.6456953642384106, 0.7321428571428571, 0.6059479553903345], "0.975": [0.7137254901960784, 0.7322834645669292, 0.608540925266904, 0.6838709677419355]}, "initial-transfer": {"0.5": [0.14492753623188406, 0.13821138211382114, 0.11494252873563218, 0.1258741258741259], "0.6": [0.1232876712328767, 0.15753424657534246, 0.09032258064516129, 0.1267123287671233], "0.7": [0.07482993197278912, 0.10714285714285714, 0.08832807570977919, 0.10967741935483871], "0.8": [0.057926829268292686, 0.10862619808306709, 0.06927710843373494, 0.0572289156626506], "0.9": [0.09385113268608414, 0.10491803278688525, 0.07207207207207207, 0.08787878787878788], "0.95": [0.04833836858006042, 0.1125, 0.08641975308641975, 0.07920792079207921], "0.975": [0.06382978723404255, 0.08598726114649681, 0.08761329305135952, 0.09235668789808917]}, "initial-tune": {"0.5": [0.11705685618729098, 0.11619718309859155, 0.11301369863013698, 0.1716171617161716], "0.6": [0.11764705882352941, 0.1111111111111111, 0.10679611650485436, 0.08609271523178808], "0.7": [0.0932475884244373, 0.11666666666666667, 0.0932475884244373, 0.09698996655518395], "0.8": [0.0949367088607595, 0.08333333333333333, 0.06707317073170732, 0.10576923076923077], "0.9": [0.0650887573964497, 0.06153846153846154, 0.06666666666666667, 0.08125], "0.95": [0.08955223880597014, 0.08259587020648967, 0.07384615384615385, 0.0581039755351682], "0.975": [0.0696969696969697, 0.06006006006006006, 0.05917159763313609, 0.07476635514018691]}, "main-paint-tune": {"0.8": [0.11538461538461539, 0.15593220338983052, 0.17006802721088435, 0.16376306620209058], "0.9": [0.13541666666666666, 0.15570934256055363, 0.0749185667752443, 0.13087248322147652], "0.95": [0.08176100628930817, 0.13131313131313133, 0.08766233766233766, 0.0915032679738562], "0.975": [0.07119741100323625, 0.08823529411764706, 0.10033444816053512, 0.07570977917981073]}, "main-tune": {"0.8": [0.7536764705882353, 0.781021897810219, 0.7708333333333334, 0.7877697841726619], "0.9": [0.8146853146853147, 0.7912087912087912, 0.7654723127035831, 0.7922535211267606], "0.95": [0.7461300309597523, 0.7731958762886598, 0.775, 0.8027210884353742], "0.975": [0.7864406779661017, 0.7777777777777778, 0.760655737704918, 0.7922535211267606]}, "spurious-paint-tune": {"0.8": [0.07668711656441718, 0.08517350157728706, 0.08463949843260188, 0.09034267912772585], "0.9": [0.039634146341463415, 0.06832298136645963, 0.06626506024096386, 0.06811145510835913], "0.95": [0.04878048780487805, 0.07033639143730887, 0.061946902654867256, 0.0783132530120482], "0.975": [0.08536585365853659, 0.07142857142857142, 0.0705521472392638, 0.06865671641791045]}, "spurious-tune": {"0.8": [0.04938271604938271, 0.04216867469879518, 0.03669724770642202, 0.025477707006369428], "0.9": [0.03343465045592705, 0.037267080745341616, 0.018575851393188854, 0.034375], "0.95": [0.012084592145015106, 0.011627906976744186, 0.017595307917888565, 0.03592814371257485], "0.975": [0.01483679525222552, 0.014925373134328358, 0.015105740181268883, 0.015197568389057751]}}, "both and main-pixel-paint": {"both-paint-tune": {"0.8": [0.686084142394822, 0.8652482269503546, 0.7508090614886731, 0.8247422680412371], "0.9": [0.7909967845659164, 0.810126582278481, 0.7748344370860927, 0.8108974358974359], "0.95": [0.7387096774193549, 0.6198083067092651, 0.75, 0.7719869706840391], "0.975": [0.7791798107255521, 0.65814696485623, 0.7836990595611285, 0.7781350482315113]}, "both-transfer": {"0.8": [], "0.9": [], "0.975": []}, "both-tune": {"0.8": [0.11469534050179211, 0.2260536398467433, 0.10437710437710437, 0.125], "0.9": [0.2140221402214022, 0.17437722419928825, 0.12186379928315412, 0.12666666666666668], "0.95": [0.18454935622317598, 0.16666666666666666, 0.18081180811808117, 0.17537313432835822], "0.975": [0.14035087719298245, 0.1649122807017544, 0.11228070175438597, 0.1991869918699187]}, "careful-paint-tune": {"0.8": [0.7197231833910035, 0.7377049180327869, 0.5813953488372093, 0.6677524429967426], "0.9": [0.7175324675324676, 0.7515923566878981, 0.7438271604938271, 0.7170418006430869], "0.95": [0.7015873015873015, 0.6613418530351438, 0.7091503267973857, 0.7718120805369127], "0.975": [0.7799352750809061, 0.7578616352201258, 0.7275641025641025, 0.7791798107255521]}, "careful-tune": {"0.5": [0.06164383561643835, 0.07046979865771812, 0.052805280528052806, 0.05732484076433121], "0.6": [0.13818181818181818, 0.12323943661971831, 0.1391941391941392, 0.0959409594095941], "0.7": [0.14184397163120568, 0.137546468401487, 0.10909090909090909, 0.11347517730496454], "0.8": [0.11929824561403508, 0.1821705426356589, 0.1347517730496454, 0.137546468401487], "0.9": [0.1482758620689655, 0.08620689655172414, 0.16153846153846155, 0.13970588235294118], "0.95": [0.1447811447811448, 0.1423841059602649, 0.12142857142857143, 0.17100371747211895], "0.975": [0.17647058823529413, 0.1732283464566929, 0.1387900355871886, 0.06129032258064516]}, "initial-transfer": {"0.5": [0.07608695652173914, 0.06910569105691057, 0.06513409961685823, 0.06993006993006994], "0.6": [0.03767123287671233, 0.05136986301369863, 0.04516129032258064, 0.0547945205479452], "0.7": [0.030612244897959183, 0.025974025974025976, 0.028391167192429023, 0.03870967741935484], "0.8": [0.024390243902439025, 0.04792332268370607, 0.009036144578313253, 0.018072289156626505], "0.9": [0.02912621359223301, 0.019672131147540985, 0.015015015015015015, 0.024242424242424242], "0.95": [0.02416918429003021, 0.028125, 0.027777777777777776, 0.0165016501650165], "0.975": [0.015197568389057751, 0.01910828025477707, 0.027190332326283987, 0.022292993630573247]}, "initial-tune": {"0.5": [0.043478260869565216, 0.06690140845070422, 0.07534246575342465, 0.0858085808580858], "0.6": [0.058823529411764705, 0.06862745098039216, 0.05501618122977346, 0.04304635761589404], "0.7": [0.05466237942122187, 0.04666666666666667, 0.06109324758842444, 0.046822742474916385], "0.8": [0.04746835443037975, 0.033950617283950615, 0.042682926829268296, 0.05448717948717949], "0.9": [0.038461538461538464, 0.04, 0.04242424242424243, 0.028125], "0.95": [0.050746268656716415, 0.035398230088495575, 0.055384615384615386, 0.04892966360856269], "0.975": [0.030303030303030304, 0.04504504504504504, 0.05325443786982249, 0.040498442367601244]},