{"both and spurious-box": {"initial-transfer": {"0.025": [0.2841225626740947, 0.24512534818941503, 0.28969359331476324, 0.298050139275766, 0.21727019498607242, 0.28969359331476324, 0.27298050139275765, 0.2479108635097493], "0.05": [0.2395543175487465, 0.2785515320334262, 0.28969359331476324, 0.2562674094707521, 0.2646239554317549, 0.29526462395543174, 0.2924791086350975, 0.2562674094707521], "0.1": [0.2618384401114206, 0.2618384401114206, 0.2479108635097493, 0.23119777158774374, 0.2562674094707521, 0.24512534818941503, 0.2785515320334262, 0.24233983286908078], "0.2": [0.22284122562674094, 0.20334261838440112, 0.23676880222841226, 0.20334261838440112, 0.19220055710306408, 0.21448467966573817, 0.17548746518105848, 0.23119777158774374], "0.4": [0.12256267409470752, 0.13370473537604458, 0.14206128133704735, 0.1392757660167131, 0.13649025069637882, 0.1309192200557103, 0.116991643454039, 0.11420612813370473], "0.6": [0.11142061281337047, 0.10863509749303621, 0.10027855153203342, 0.14484679665738162, 0.10863509749303621, 0.12813370473537605, 0.10027855153203342, 0.09749303621169916], "0.8": [0.17270194986072424, 0.18662952646239556, 0.15877437325905291, 0.20891364902506965, 0.16991643454038996, 0.21448467966573817, 0.19498607242339833, 0.2116991643454039], "0.9": [0.22284122562674094, 0.20055710306406685, 0.24512534818941503, 0.2479108635097493, 0.23676880222841226, 0.17548746518105848, 0.16991643454038996, 0.1894150417827298], "0.95": [0.23119777158774374, 0.1309192200557103, 0.24512534818941503, 0.2200557103064067, 0.21727019498607242, 0.233983286908078, 0.2395543175487465, 0.25348189415041783], "0.975": [0.2395543175487465, 0.2562674094707521, 0.18662952646239556, 0.25348189415041783, 0.1977715877437326, 0.16434540389972144, 0.20055710306406685, 0.2395543175487465]}, "initial-tune": {"0.025": [0.3398328690807799, 0.35097493036211697, 0.32590529247910865, 0.31754874651810583, 0.39275766016713093, 0.3342618384401114, 0.33147632311977715, 0.3565459610027855], "0.05": [0.3816155988857939, 0.33147632311977715, 0.33147632311977715, 0.2841225626740947, 0.3147632311977716, 0.3064066852367688, 0.3147632311977716, 0.3342618384401114], "0.1": [0.27019498607242337, 0.3147632311977716, 0.27298050139275765, 0.2785515320334262, 0.2562674094707521, 0.28969359331476324, 0.30919220055710306, 0.2785515320334262], "0.2": [0.16991643454038996, 0.21448467966573817, 0.20612813370473537, 0.18662952646239556, 0.23676880222841226, 0.20612813370473537, 0.16434540389972144, 0.20055710306406685], "0.4": [0.10584958217270195, 0.11142061281337047, 0.15041782729805014, 0.11420612813370473, 0.10584958217270195, 0.10027855153203342, 0.10584958217270195, 0.0807799442896936], "0.6": [0.0947075208913649, 0.0947075208913649, 0.09749303621169916, 0.08913649025069638, 0.10027855153203342, 0.10584958217270195, 0.08913649025069638, 0.07520891364902507], "0.8": [0.18384401114206128, 0.15041782729805014, 0.18384401114206128, 0.10584958217270195, 0.13649025069637882, 0.14484679665738162, 0.13370473537604458, 0.12256267409470752], "0.9": [0.11142061281337047, 0.1894150417827298, 0.09192200557103064, 0.1309192200557103, 0.13370473537604458, 0.18384401114206128, 0.20612813370473537, 0.17827298050139276], "0.95": [0.15041782729805014, 0.17270194986072424, 0.1894150417827298, 0.20334261838440112, 0.10306406685236769, 0.1977715877437326, 0.14484679665738162, 0.22562674094707522], "0.975": [0.1615598885793872, 0.17548746518105848, 0.2479108635097493, 0.22841225626740946, 0.2200557103064067, 0.20334261838440112, 0.24512534818941503, 0.2116991643454039]}, "minimal-tune": {"0.025": [0.4178272980501393, 0.35097493036211697, 0.39275766016713093, 0.30919220055710306, 0.3816155988857939, 0.3231197771587744, 0.4178272980501393, 0.39275766016713093], "0.05": [0.3593314763231198, 0.3816155988857939, 0.4401114206128134, 0.3565459610027855, 0.3342618384401114, 0.45403899721448465, 0.38997214484679665, 0.41225626740947074], "0.1": [0.3788300835654596, 0.4178272980501393, 0.415041782729805, 0.34818941504178275, 0.42896935933147634, 0.2841225626740947, 0.4401114206128134, 0.42896935933147634], "0.2": [0.4011142061281337, 0.3565459610027855, 0.42896935933147634, 0.30362116991643456, 0.38997214484679665, 0.3426183844011142, 0.37604456824512533, 0.2618384401114206], "0.4": [0.2200557103064067, 0.25069637883008355, 0.21448467966573817, 0.3231197771587744, 0.2618384401114206, 0.26740947075208915, 0.22562674094707522, 0.20891364902506965], "0.6": [0.116991643454039, 0.10863509749303621, 0.1615598885793872, 0.1894150417827298, 0.181058495821727, 0.18662952646239556, 0.12813370473537605, 0.15877437325905291], "0.8": [0.17270194986072424, 0.2785515320334262, 0.18662952646239556, 0.15041782729805014, 0.18384401114206128, 0.12534818941504178, 0.21448467966573817, 0.1532033426183844], "0.9": [0.1671309192200557, 0.2116991643454039, 0.15877437325905291, 0.15598885793871867, 0.16991643454038996, 0.13370473537604458, 0.22562674094707522, 0.1894150417827298], "0.95": [0.20055710306406685, 0.12534818941504178, 0.1532033426183844, 0.17827298050139276, 0.17270194986072424, 0.19220055710306408, 0.1392757660167131, 0.12256267409470752], "0.975": [0.1392757660167131, 0.19220055710306408, 0.17548746518105848, 0.19498607242339833, 0.20891364902506965, 0.1615598885793872, 0.15598885793871867, 0.20055710306406685]}}, "both and spurious-pixel-paint": {"initial-transfer": {"0.025": [0.2479108635097493, 0.21448467966573817, 0.22841225626740946, 0.22841225626740946, 0.20891364902506965, 0.22284122562674094, 0.22841225626740946, 0.20612813370473537], "0.05": [0.20891364902506965, 0.20891364902506965, 0.23119777158774374, 0.22284122562674094, 0.20334261838440112, 0.2395543175487465, 0.25348189415041783, 0.2200557103064067], "0.1": [0.20055710306406685, 0.20055710306406685, 0.181058495821727, 0.20612813370473537, 0.1671309192200557, 0.17827298050139276, 0.20891364902506965, 0.233983286908078], "0.2": [0.17270194986072424, 0.15598885793871867, 0.17270194986072424, 0.17548746518105848, 0.1894150417827298, 0.19220055710306408, 0.1894150417827298, 0.1977715877437326], "0.4": [0.13649025069637882, 0.15598885793871867, 0.15877437325905291, 0.13649025069637882, 0.17270194986072424, 0.17827298050139276, 0.14206128133704735, 0.13370473537604458], "0.6": [0.10863509749303621, 0.10584958217270195, 0.0947075208913649, 0.13649025069637882, 0.11420612813370473, 0.10306406685236769, 0.08635097493036212, 0.12256267409470752], "0.8": [0.11142061281337047, 0.10584958217270195, 0.09749303621169916, 0.116991643454039, 0.09749303621169916, 0.13370473537604458, 0.12534818941504178, 0.116991643454039], "0.9": [0.10863509749303621, 0.10863509749303621, 0.1309192200557103, 0.11977715877437325, 0.11977715877437325, 0.07242339832869081, 0.0807799442896936, 0.08356545961002786], "0.95": [0.11977715877437325, 0.08356545961002786, 0.08913649025069638, 0.11142061281337047, 0.09749303621169916, 0.0947075208913649, 0.09749303621169916, 0.11420612813370473], "0.975": [0.12534818941504178, 0.11420612813370473, 0.08356545961002786, 0.10863509749303621, 0.08635097493036212, 0.06963788300835655, 0.10306406685236769, 0.12534818941504178]}, "initial-tune": {"0.025": [0.3370473537604457, 0.298050139275766, 0.28690807799442897, 0.25348189415041783, 0.36768802228412256, 0.31197771587743733, 0.32590529247910865, 0.3398328690807799], "0.05": [0.3203342618384401, 0.28690807799442897, 0.2562674094707521, 0.27019498607242337, 0.3008356545961003, 0.3008356545961003, 0.2618384401114206, 0.28969359331476324], "0.1": [0.23119777158774374, 0.2646239554317549, 0.24512534818941503, 0.24233983286908078, 0.21727019498607242, 0.23676880222841226, 0.233983286908078, 0.26740947075208915], "0.2": [0.17270194986072424, 0.181058495821727, 0.18662952646239556, 0.18384401114206128, 0.20055710306406685, 0.19498607242339833, 0.15598885793871867, 0.21727019498607242],