{"both and spurious-box": {"initial-transfer": {"0.025": [0.2116991643454039, 0.2479108635097493, 0.22562674094707522, 0.23119777158774374, 0.20334261838440112, 0.20612813370473537, 0.22562674094707522, 0.17270194986072424], "0.05": [0.181058495821727, 0.20055710306406685, 0.18384401114206128, 0.19220055710306408, 0.20891364902506965, 0.2116991643454039, 0.181058495821727, 0.20334261838440112], "0.1": [0.18384401114206128, 0.18384401114206128, 0.1977715877437326, 0.18384401114206128, 0.16991643454038996, 0.17548746518105848, 0.18384401114206128, 0.14484679665738162], "0.2": [0.11977715877437325, 0.12534818941504178, 0.10863509749303621, 0.12534818941504178, 0.15041782729805014, 0.12813370473537605, 0.11977715877437325, 0.15041782729805014], "0.4": [0.10027855153203342, 0.09749303621169916, 0.10863509749303621, 0.0947075208913649, 0.10584958217270195, 0.09749303621169916, 0.0947075208913649, 0.10584958217270195], "0.6": [0.13649025069637882, 0.11420612813370473, 0.13649025069637882, 0.14484679665738162, 0.1532033426183844, 0.12534818941504178, 0.10863509749303621, 0.11977715877437325], "0.8": [0.15877437325905291, 0.18662952646239556, 0.1532033426183844, 0.18662952646239556, 0.20055710306406685, 0.1894150417827298, 0.181058495821727, 0.20055710306406685], "0.9": [0.1894150417827298, 0.19498607242339833, 0.2116991643454039, 0.20334261838440112, 0.14206128133704735, 0.1977715877437326, 0.19498607242339833, 0.1615598885793872], "0.95": [0.20334261838440112, 0.23119777158774374, 0.24233983286908078, 0.25348189415041783, 0.17827298050139276, 0.15877437325905291, 0.20612813370473537, 0.24233983286908078], "0.975": [0.20055710306406685, 0.2590529247910863, 0.23676880222841226, 0.21448467966573817, 0.1894150417827298, 0.1977715877437326, 0.23676880222841226, 0.181058495821727]}, "initial-tune": {"0.025": [0.29526462395543174, 0.2646239554317549, 0.26740947075208915, 0.2841225626740947, 0.2841225626740947, 0.2841225626740947, 0.30919220055710306, 0.298050139275766], "0.05": [0.27019498607242337, 0.2841225626740947, 0.23119777158774374, 0.21448467966573817, 0.25348189415041783, 0.1977715877437326, 0.23119777158774374, 0.30362116991643456], "0.1": [0.2116991643454039, 0.24512534818941503, 0.21448467966573817, 0.20891364902506965, 0.23676880222841226, 0.23119777158774374, 0.23676880222841226, 0.20055710306406685], "0.2": [0.0947075208913649, 0.14484679665738162, 0.12813370473537605, 0.116991643454039, 0.15041782729805014, 0.13370473537604458, 0.15877437325905291, 0.19220055710306408], "0.4": [0.10584958217270195, 0.11142061281337047, 0.10306406685236769, 0.10863509749303621, 0.11977715877437325, 0.08635097493036212, 0.10306406685236769, 0.10027855153203342], "0.6": [0.1615598885793872, 0.10027855153203342, 0.11977715877437325, 0.11977715877437325, 0.12534818941504178, 0.12256267409470752, 0.14484679665738162, 0.11420612813370473], "0.8": [0.15598885793871867, 0.13649025069637882, 0.17827298050139276, 0.13370473537604458, 0.2200557103064067, 0.20055710306406685, 0.10306406685236769, 0.1894150417827298], "0.9": [0.16991643454038996, 0.20612813370473537, 0.20612813370473537, 0.181058495821727, 0.20334261838440112, 0.1894150417827298, 0.17270194986072424, 0.18384401114206128], "0.95": [0.13649025069637882, 0.22562674094707522, 0.2841225626740947, 0.2200557103064067, 0.24233983286908078, 0.2562674094707521, 0.2618384401114206, 0.23119777158774374], "0.975": [0.21448467966573817, 0.233983286908078, 0.25348189415041783, 0.19220055710306408, 0.2618384401114206, 0.24512534818941503, 0.2757660167130919, 0.14763231197771587]}, "minimal-tune": {"0.025": [0.3203342618384401, 0.3398328690807799, 0.3203342618384401, 0.37047353760445684, 0.43175487465181056, 0.35376044568245124, 0.4206128133704735, 0.5125348189415042], "0.05": [0.39275766016713093, 0.362116991643454, 0.42896935933147634, 0.3565459610027855, 0.415041782729805, 0.3203342618384401, 0.3788300835654596, 0.40947075208913647], "0.1": [0.4178272980501393, 0.362116991643454, 0.3565459610027855, 0.362116991643454, 0.3983286908077994, 0.38440111420612816, 0.3871866295264624, 0.36768802228412256], "0.2": [0.3955431754874652, 0.36768802228412256, 0.3788300835654596, 0.4206128133704735, 0.38440111420612816, 0.3871866295264624, 0.3871866295264624, 0.42618384401114207], "0.4": [0.30919220055710306, 0.3342618384401114, 0.30362116991643456, 0.3064066852367688, 0.16991643454038996, 0.16991643454038996, 0.20334261838440112, 0.2757660167130919], "0.6": [0.19498607242339833, 0.17548746518105848, 0.1894150417827298, 0.20891364902506965, 0.15877437325905291, 0.1392757660167131, 0.14206128133704735, 0.2479108635097493], "0.8": [0.16434540389972144, 0.17270194986072424, 0.17270194986072424, 0.1671309192200557, 0.17270194986072424, 0.22284122562674094, 0.1894150417827298, 0.14763231197771587], "0.9": [0.17270194986072424, 0.20891364902506965, 0.17827298050139276, 0.181058495821727, 0.16434540389972144, 0.16434540389972144, 0.17548746518105848, 0.1671309192200557], "0.95": [0.14484679665738162, 0.17548746518105848, 0.15041782729805014, 0.18384401114206128, 0.1977715877437326, 0.17548746518105848, 0.1309192200557103, 0.1309192200557103], "0.975": [0.1392757660167131, 0.15598885793871867, 0.1671309192200557, 0.15877437325905291, 0.19498607242339833, 0.19498607242339833, 0.17270194986072424, 0.1615598885793872]}}, "both and spurious-pixel-paint": {"initial-transfer": {"0.025": [0.23119777158774374, 0.23676880222841226, 0.21727019498607242, 0.23676880222841226, 0.2116991643454039, 0.233983286908078, 0.23119777158774374, 0.20612813370473537], "0.05": [0.2200557103064067, 0.20612813370473537, 0.19220055710306408, 0.20055710306406685, 0.24233983286908078, 0.22841225626740946, 0.21448467966573817, 0.2200557103064067], "0.1": [0.22562674094707522, 0.20891364902506965, 0.2200557103064067, 0.21448467966573817, 0.1977715877437326, 0.2116991643454039, 0.23119777158774374, 0.1977715877437326], "0.2": [0.18384401114206128, 0.19498607242339833, 0.15877437325905291, 0.17270194986072424, 0.20334261838440112, 0.1894150417827298, 0.19498607242339833, 0.18384401114206128], "0.4": [0.13649025069637882, 0.13370473537604458, 0.15041782729805014, 0.14206128133704735, 0.15041782729805014, 0.11977715877437325, 0.1392757660167131, 0.13649025069637882], "0.6": [0.09192200557103064, 0.06685236768802229, 0.08356545961002786, 0.09192200557103064, 0.116991643454039, 0.08356545961002786, 0.07799442896935933, 0.09749303621169916], "0.8": [0.07520891364902507, 0.08635097493036212, 0.06406685236768803, 0.09192200557103064, 0.09192200557103064, 0.06963788300835655, 0.08356545961002786, 0.07799442896935933], "0.9": [0.06963788300835655, 0.08635097493036212, 0.10863509749303621, 0.08913649025069638, 0.036211699164345405, 0.12256267409470752, 0.0807799442896936, 0.04735376044568245], "0.95": [0.09749303621169916, 0.11977715877437325, 0.10584958217270195, 0.116991643454039, 0.08356545961002786, 0.06963788300835655, 0.0947075208913649, 0.07799442896935933], "0.975": [0.08356545961002786, 0.11420612813370473, 0.08635097493036212, 0.10027855153203342, 0.07520891364902507, 0.06963788300835655, 0.08635097493036212, 0.06406685236768803]}, "initial-tune": {"0.025": [0.28133704735376047, 0.2646239554317549, 0.2646239554317549, 0.30919220055710306, 0.31754874651810583, 0.2757660167130919, 0.28133704735376047, 0.3064066852367688], "0.05": [0.2785515320334262, 0.233983286908078, 0.2590529247910863, 0.20612813370473537, 0.25069637883008355, 0.22841225626740946, 0.22562674094707522, 0.25348189415041783], "0.1": [0.21448467966573817, 0.2590529247910863, 0.2395543175487465, 0.20612813370473537, 0.24512534818941503, 0.23676880222841226, 0.19498607242339833, 0.2116991643454039], "0.2": [0.1977715877437326, 0.17827298050139276, 0.20612813370473537, 0.181058495821727, 0.19220055710306408, 0.1977715877437326, 0.24512534818941503, 0.233983286908078],