{"just_main and just_main+just_spurious": {"cdep-transfer": {"0.025": [0.3125, 0.2727272727272727, 0.36363636363636365, 0.3522727272727273], "0.05": [0.32954545454545453, 0.22727272727272727, 0.2897727272727273, 0.21022727272727273], "0.1": [0.17613636363636365, 0.2784090909090909, 0.2556818181818182, 0.21022727272727273], "0.2": [0.21022727272727273, 0.20454545454545456, 0.26704545454545453, 0.20454545454545456], "0.4": [0.14204545454545456, 0.11931818181818182, 0.08522727272727272, 0.10795454545454546], "0.6": [0.0625, 0.10227272727272728, 0.07954545454545454, 0.022727272727272728], "0.8": [0.05113636363636364, 0.07954545454545454, 0.0625, 0.06818181818181818], "0.9": [0.09090909090909091, 0.07386363636363637, 0.14204545454545456, 0.08522727272727272], "0.95": [0.09659090909090909, 0.10227272727272728, 0.11363636363636363, 0.07954545454545454], "0.975": [0.11931818181818182, 0.09659090909090909, 0.13636363636363635, 0.06818181818181818]}, "initial-transfer": {"0.025": [0.2840909090909091, 0.2897727272727273, 0.2840909090909091, 0.2840909090909091], "0.05": [0.3068181818181818, 0.26704545454545453, 0.25, 0.2556818181818182], "0.1": [0.21022727272727273, 0.25, 0.24431818181818182, 0.2556818181818182], "0.2": [0.21022727272727273, 0.23863636363636365, 0.21022727272727273, 0.22727272727272727], "0.4": [0.1534090909090909, 0.1534090909090909, 0.18181818181818182, 0.1875], "0.6": [0.11363636363636363, 0.14772727272727273, 0.08522727272727272, 0.1534090909090909], "0.8": [0.11363636363636363, 0.11931818181818182, 0.10227272727272728, 0.09090909090909091], "0.9": [0.1534090909090909, 0.14204545454545456, 0.14772727272727273, 0.18181818181818182], "0.95": [0.19886363636363635, 0.1534090909090909, 0.14204545454545456, 0.125], "0.975": [0.1534090909090909, 0.125, 0.1534090909090909, 0.14204545454545456]}, "initial-tune": {"0.025": [0.3068181818181818, 0.2840909090909091, 0.32954545454545453, 0.36363636363636365], "0.05": [0.3522727272727273, 0.26704545454545453, 0.23863636363636365, 0.3125], "0.1": [0.23295454545454544, 0.23295454545454544, 0.20454545454545456, 0.24431818181818182], "0.2": [0.2159090909090909, 0.22727272727272727, 0.26136363636363635, 0.1534090909090909], "0.4": [0.16477272727272727, 0.13068181818181818, 0.11931818181818182, 0.13636363636363635], "0.6": [0.056818181818181816, 0.07954545454545454, 0.07954545454545454, 0.0625], "0.8": [0.07386363636363637, 0.10227272727272728, 0.11363636363636363, 0.10795454545454546], "0.9": [0.11363636363636363, 0.09659090909090909, 0.09659090909090909, 0.11931818181818182], "0.95": [0.13636363636363635, 0.10227272727272728, 0.14204545454545456, 0.11931818181818182], "0.975": [0.10795454545454546, 0.1534090909090909, 0.1590909090909091, 0.125]}, "minimal-tune": {"0.025": [0.045454545454545456, 0.06818181818181818, 0.045454545454545456, 0.14204545454545456], "0.05": [0.07954545454545454, 0.09659090909090909, 0.03409090909090909, 0.09659090909090909], "0.1": [0.045454545454545456, 0.08522727272727272, 0.03409090909090909, 0.10227272727272728], "0.2": [0.045454545454545456, 0.09090909090909091, 0.09659090909090909, 0.10795454545454546], "0.4": [0.09659090909090909, 0.11363636363636363, 0.08522727272727272, 0.07386363636363637], "0.6": [0.08522727272727272, 0.08522727272727272, 0.09090909090909091, 0.09659090909090909], "0.8": [0.08522727272727272, 0.08522727272727272, 0.07954545454545454, 0.045454545454545456], "0.9": [0.08522727272727272, 0.09659090909090909, 0.11931818181818182, 0.06818181818181818], "0.95": [0.09659090909090909, 0.0625, 0.08522727272727272, 0.09090909090909091], "0.975": [0.09659090909090909, 0.08522727272727272, 0.14204545454545456, 0.07954545454545454]}}, "just_spurious and just_spurious+just_main": {"cdep-transfer": {"0.025": [0.062, 0.066, 0.058, 0.052], "0.05": [0.066, 0.072, 0.076, 0.08], "0.1": [0.068, 0.068, 0.074, 0.066], "0.2": [0.066, 0.064, 0.058, 0.078], "0.4": [0.098, 0.086, 0.068, 0.064], "0.6": [0.092, 0.088, 0.084, 0.086], "0.8": [0.102, 0.102, 0.072, 0.072], "0.9": [0.068, 0.096, 0.072, 0.072], "0.95": [0.072, 0.076, 0.088, 0.068], "0.975": [0.068, 0.064, 0.064, 0.088]}, "initial-transfer": {"0.025": [0.056, 0.066, 0.056, 0.046], "0.05": [0.046, 0.076, 0.048, 0.066], "0.1": [0.066, 0.072, 0.044, 0.062], "0.2": [0.064, 0.05, 0.054, 0.048], "0.4": [0.062, 0.046, 0.056, 0.06], "0.6": [0.078, 0.076, 0.09, 0.066], "0.8": [0.088, 0.074, 0.09, 0.09], "0.9": [0.07, 0.07, 0.088, 0.074], "0.95": [0.092, 0.08, 0.064, 0.07], "0.975": [0.062, 0.058, 0.062, 0.1]}, "initial-tune": {"0.025": [0.056, 0.07, 0.036, 0.06], "0.05": [0.06, 0.062, 0.076, 0.082], "0.1": [0.05, 0.06, 0.07, 0.064], "0.2": [0.044, 0.07, 0.038, 0.072], "0.4": [0.078, 0.076, 0.07, 0.062], "0.6": [0.094, 0.096, 0.074, 0.072], "0.8": [0.092, 0.092, 0.058, 0.066], "0.9": [0.07, 0.084, 0.076, 0.084], "0.95": [0.056, 0.074, 0.08, 0.07], "0.975": [0.052, 0.06, 0.06, 0.05]}, "minimal-tune": {"0.025": [0.256, 0.354, 0.276, 0.224], "0.05": [0.286, 0.31, 0.324, 0.318], "0.1": [0.32, 0.212, 0.288, 0.326], "0.2": [0.274, 0.224, 0.17, 0.16], "0.4": [0.144, 0.134, 0.116, 0.152], "0.6": [0.068, 0.1, 0.096, 0.116], "0.8": [0.114, 0.132, 0.13, 0.178], "0.9": [0.146, 0.164, 0.096, 0.17], "0.95": [0.128, 0.134, 0.186, 0.164], "0.975": [0.122, 0.14, 0.134, 0.188]}}, "neither and neither+just_main": {"cdep-transfer": {"0.025": [0.09, 0.076, 0.122, 0.108], "0.05": [0.122, 0.104, 0.108, 0.076], "0.1": [0.086, 0.112, 0.114, 0.096], "0.2": [0.106, 0.11, 0.092, 0.118], "0.4": [0.106, 0.11, 0.104, 0.114], "0.6": [0.116, 0.082, 0.102, 0.104], "0.8": [0.09, 0.104, 0.07, 0.066], "0.9": [0.05, 0.054, 0.034, 0.054], "0.95": [0.048, 0.054, 0.062, 0.078], "0.975": [0.08, 0.076, 0.066, 0.054]}, "initial-transfer": {"0.025": [0.122, 0.126, 0.124, 0.08], "0.05": [0.086, 0.12, 0.096, 0.1], "0.1": [0.118, 0.116, 0.094, 0.118], "0.2": [0.104, 0.08, 0.094, 0.068], "0.4": [0.062, 0.062, 0.072, 0.046], "0.6": [0.066, 0.064, 0.088, 0.054], "0.8": [0.056, 0.054, 0.066, 0.06], "0.9": [0.052, 0.07, 0.064, 0.048], "0.95": [0.054, 0.058, 0.062, 0.054], "0.975": [0.068, 0.052, 0.044, 0.034]}, "initial-tune": {"0.025": [0.088, 0.114, 0.098, 0.106], "0.05": [0.118, 0.116, 0.1, 0.104], "0.1": [0.108, 0.088, 0.084, 0.086], "0.2": [0.09, 0.092, 0.086, 0.096], "0.4": [0.1, 0.102, 0.096, 0.096], "0.6": [0.07, 0.074, 0.08, 0.068], "0.8": [0.062, 0.054, 0.036, 0.052], "0.9": [0.044, 0.076, 0.046, 0.046], "0.95": [0.044, 0.046, 0.054, 0.054], "0.975": [0.078, 0.048, 0.052, 0.046]}, "minimal-tune": {"0.025": [0.256, 0.308, 0.248, 0.246], "0.05": [0.292, 0.316, 0.268, 0.312], "0.1": [0.306, 0.216, 0.318, 0.302], "0.2": [0.3, 0.244, 0.168, 0.18], "0.4": [0.138, 0.112, 0.126, 0.152], "0.6": [0.07, 0.084, 0.106, 0.1], "0.8": [0.092, 0.068, 0.092, 0.138], "0.9": [0.08, 0.112, 0.07, 0.138], "0.95": [0.074, 0.102, 0.13, 0.102], "0.975": [0.082, 0.118, 0.096, 0.136]}}, "neither and neither+just_spurious": {"cdep-transfer": {"0.025": [0.34, 0.374, 0.296, 0.332], "0.05": [0.292, 0.326, 0.316, 0.35], "0.1": [0.308, 0.262, 0.262, 0.298], "0.2": [0.192, 0.224, 0.164, 0.188], "0.4": [0.122, 0.08, 0.088, 0.098], "0.6": [0.094, 0.082, 0.098, 0.068], "0.8": [0.14, 0.132, 0.074, 0.104], "0.9": [0.14, 0.15, 0.09, 0.152], "0.95": [0.23, 0.192, 0.166, 0.214], "0.975": [0.22, 0.258, 0.23, 0.228]}, "initial-transfer": {"0.025": [0.218, 0.264, 0.26, 0.184], "0.05": [0.236, 0.25, 0.182, 0.308], "0.1": [0.272, 0.23, 0.192, 0.232], "0.2": [0.186, 0.144, 0.156, 0.166], "0.4": [0.114, 0.088, 0.132, 0.11], "0.6": [0.072, 0.074, 0.108, 0.06], "0.8": [0.096, 0.1, 0.102, 0.09], "0.9": [0.134, 0.146, 0.17, 0.116], "0.95": [0.182, 0.156, 0.164, 0.148], "0.975": [0.2, 0.158, 0.15, 0.128]}, "initial-tune": {"0.025": [0.298, 0.294, 0.186, 0.268], "0.05": [0.268, 0.288, 0.272, 0.256], "0.1": [0.162, 0.224, 0.284, 0.198], "0.2": [0.114, 0.144, 0.122, 0.168], "0.4": [0.08, 0.068, 0.068, 0.056], "0.6": [0.076, 0.082, 0.052, 0.05], "0.8": [0.138, 0.1, 0.07, 0.096], "0.9": [0.128, 0.166, 0.138, 0.124],