{"both and spurious-box": {"careful-paint-tune": {"0.025": [0.1532033426183844, 0.1615598885793872, 0.16434540389972144], "0.05": [0.20334261838440112, 0.2116991643454039, 0.17827298050139276], "0.1": [0.16434540389972144, 0.11977715877437325, 0.1615598885793872], "0.2": [0.08635097493036212, 0.10306406685236769, 0.11977715877437325], "0.4": [0.09749303621169916, 0.11142061281337047, 0.12813370473537605], "0.6": [0.09749303621169916, 0.10584958217270195, 0.10584958217270195], "0.8": [0.06685236768802229, 0.07520891364902507, 0.13370473537604458], "0.9": [0.07242339832869081, 0.07520891364902507, 0.06963788300835655], "0.95": [0.10584958217270195, 0.0807799442896936, 0.08356545961002786], "0.975": [0.07520891364902507, 0.11142061281337047, 0.11977715877437325]}, "careful-tune": {"0.025": [0.3871866295264624, 0.4011142061281337, 0.38997214484679665], "0.05": [0.30362116991643456, 0.362116991643454, 0.33147632311977715], "0.1": [0.3203342618384401, 0.3732590529247911, 0.42896935933147634], "0.2": [0.35376044568245124, 0.33147632311977715, 0.3593314763231198], "0.4": [0.24233983286908078, 0.2618384401114206, 0.26740947075208915], "0.6": [0.1615598885793872, 0.15041782729805014, 0.15041782729805014], "0.8": [0.17827298050139276, 0.233983286908078, 0.21448467966573817], "0.9": [0.19220055710306408, 0.1615598885793872, 0.1977715877437326], "0.95": [0.1615598885793872, 0.16434540389972144, 0.181058495821727], "0.975": [0.18384401114206128, 0.21448467966573817, 0.17827298050139276]}, "full-paint-tune": {"0.025": [0.23119777158774374, 0.20612813370473537, 0.1894150417827298], "0.05": [0.10584958217270195, 0.21727019498607242, 0.18384401114206128], "0.1": [0.1309192200557103, 0.1392757660167131, 0.08913649025069638], "0.2": [0.10027855153203342, 0.15877437325905291, 0.116991643454039], "0.4": [0.08635097493036212, 0.11977715877437325, 0.08913649025069638], "0.6": [0.10306406685236769, 0.10027855153203342, 0.08913649025069638], "0.8": [0.08635097493036212, 0.0807799442896936, 0.07799442896935933], "0.9": [0.06963788300835655, 0.06963788300835655, 0.08356545961002786], "0.95": [0.07242339832869081, 0.08635097493036212, 0.10863509749303621], "0.975": [0.08635097493036212, 0.08635097493036212, 0.08356545961002786]}, "full-tune": {"0.025": [0.3426183844011142, 0.2924791086350975, 0.3565459610027855], "0.05": [0.3064066852367688, 0.2757660167130919, 0.3342618384401114], "0.1": [0.30919220055710306, 0.24233983286908078, 0.25069637883008355], "0.2": [0.1977715877437326, 0.23119777158774374, 0.23119777158774374], "0.4": [0.19220055710306408, 0.1977715877437326, 0.17270194986072424], "0.6": [0.16434540389972144, 0.17270194986072424, 0.18384401114206128], "0.8": [0.20055710306406685, 0.18384401114206128, 0.15598885793871867], "0.9": [0.1671309192200557, 0.20891364902506965, 0.18662952646239556], "0.95": [0.20334261838440112, 0.16434540389972144, 0.17270194986072424], "0.975": [0.19220055710306408, 0.18662952646239556, 0.181058495821727]}, "initial-transfer": {"0.025": [0.25069637883008355, 0.2479108635097493, 0.2200557103064067], "0.05": [0.15877437325905291, 0.22284122562674094, 0.2479108635097493], "0.1": [0.22284122562674094, 0.1532033426183844, 0.14206128133704735], "0.2": [0.14763231197771587, 0.16434540389972144, 0.13370473537604458], "0.4": [0.10306406685236769, 0.08635097493036212, 0.10584958217270195], "0.6": [0.13370473537604458, 0.12813370473537605, 0.1309192200557103], "0.8": [0.17548746518105848, 0.11142061281337047, 0.181058495821727], "0.9": [0.11977715877437325, 0.22284122562674094, 0.18384401114206128], "0.95": [0.14484679665738162, 0.1671309192200557, 0.15041782729805014], "0.975": [0.13649025069637882, 0.22562674094707522, 0.21448467966573817]}, "initial-tune": {"0.025": [0.28969359331476324, 0.3286908077994429, 0.3008356545961003], "0.05": [0.27298050139275765, 0.26740947075208915, 0.36768802228412256], "0.1": [0.24512534818941503, 0.2646239554317549, 0.2479108635097493], "0.2": [0.16434540389972144, 0.20334261838440112, 0.19220055710306408], "0.4": [0.12534818941504178, 0.10584958217270195, 0.10584958217270195], "0.6": [0.08356545961002786, 0.08635097493036212, 0.10027855153203342], "0.8": [0.0807799442896936, 0.19220055710306408, 0.13370473537604458], "0.9": [0.10584958217270195, 0.1615598885793872, 0.10027855153203342], "0.95": [0.21727019498607242, 0.17270194986072424, 0.22841225626740946], "0.975": [0.1615598885793872, 0.24233983286908078, 0.15598885793871867]}}, "both and spurious-pixel-paint": {"careful-paint-tune": {"0.025": [0.6573816155988857, 0.6462395543175488, 0.6239554317548747], "0.05": [0.6350974930362117, 0.584958217270195, 0.6406685236768802], "0.1": [0.5264623955431755, 0.6183844011142061, 0.6239554317548747], "0.2": [0.649025069637883, 0.6267409470752089, 0.6183844011142061], "0.4": [0.3649025069637883, 0.3649025069637883, 0.4818941504178273], "0.6": [0.34818941504178275, 0.2757660167130919, 0.3426183844011142], "0.8": [0.22841225626740946, 0.3008356545961003, 0.3286908077994429], "0.9": [0.25348189415041783, 0.25069637883008355, 0.25069637883008355], "0.95": [0.3147632311977716, 0.2757660167130919, 0.27019498607242337], "0.975": [0.22562674094707522, 0.2757660167130919, 0.22841225626740946]}, "careful-tune": {"0.025": [0.21727019498607242, 0.24233983286908078, 0.2200557103064067], "0.05": [0.1977715877437326, 0.28133704735376047, 0.21727019498607242], "0.1": [0.2924791086350975, 0.2646239554317549, 0.16991643454038996], "0.2": [0.2200557103064067, 0.1532033426183844, 0.0947075208913649], "0.4": [0.09749303621169916, 0.12534818941504178, 0.12534818941504178], "0.6": [0.116991643454039, 0.14763231197771587, 0.10584958217270195], "0.8": [0.10027855153203342, 0.1309192200557103, 0.12534818941504178], "0.9": [0.08913649025069638, 0.06128133704735376, 0.12534818941504178], "0.95": [0.09749303621169916, 0.08635097493036212, 0.10027855153203342], "0.975": [0.116991643454039, 0.11142061281337047, 0.0807799442896936]}, "full-paint-tune": {"0.025": [0.5571030640668524, 0.6267409470752089, 0.5877437325905293], "0.05": [0.5877437325905293, 0.5626740947075209, 0.5292479108635098], "0.1": [0.5543175487465181, 0.5710306406685237, 0.5515320334261838], "0.2": [0.48746518105849584, 0.45403899721448465, 0.5292479108635098], "0.4": [0.403899721448468, 0.35376044568245124, 0.479108635097493], "0.6": [0.2757660167130919, 0.35376044568245124, 0.2785515320334262], "0.8": [0.3147632311977716, 0.28690807799442897, 0.233983286908078], "0.9": [0.233983286908078, 0.2757660167130919, 0.24233983286908078], "0.95": [0.2646239554317549, 0.3398328690807799, 0.27019498607242337], "0.975": [0.20334261838440112, 0.2395543175487465, 0.27298050139275765]}, "full-tune": {"0.025": [0.2116991643454039, 0.29526462395543174, 0.20055710306406685], "0.05": [0.2562674094707521, 0.2200557103064067, 0.1894150417827298], "0.1": [0.20055710306406685, 0.2618384401114206, 0.2479108635097493], "0.2": [0.19498607242339833, 0.2200557103064067, 0.13649025069637882], "0.4": [0.15877437325905291, 0.16434540389972144, 0.15598885793871867], "0.6": [0.13370473537604458, 0.116991643454039, 0.11977715877437325], "0.8": [0.10306406685236769, 0.07799442896935933, 0.06128133704735376], "0.9": [0.09749303621169916, 0.10584958217270195, 0.11142061281337047], "0.95": [0.08356545961002786, 0.0947075208913649, 0.07242339832869081], "0.975": [0.10306406685236769, 0.07520891364902507, 0.08356545961002786]}, "initial-transfer": {"0.025": [0.24233983286908078, 0.2395543175487465, 0.2562674094707521], "0.05": [0.21448467966573817, 0.23676880222841226, 0.25069637883008355], "0.1": [0.18662952646239556, 0.20055710306406685, 0.20055710306406685], "0.2": [0.1977715877437326, 0.1894150417827298, 0.1894150417827298], "0.4": [0.14763231197771587, 0.13370473537604458, 0.17827298050139276], "0.6": [0.07520891364902507, 0.14763231197771587, 0.10027855153203342], "0.8": [0.10027855153203342, 0.033426183844011144, 0.04456824512534819], "0.9": [0.027855153203342618, 0.07520891364902507, 0.03064066852367688],