{"just_main and just_main+just_spurious": {"initial-transfer": {"0.025": [0.2784090909090909, 0.2556818181818182, 0.26704545454545453, 0.21022727272727273, 0.26136363636363635, 0.3068181818181818, 0.26704545454545453, 0.2840909090909091], "0.05": [0.23863636363636365, 0.3125, 0.2784090909090909, 0.26136363636363635, 0.2556818181818182, 0.2897727272727273, 0.3068181818181818, 0.2556818181818182], "0.1": [0.2556818181818182, 0.2727272727272727, 0.2215909090909091, 0.26704545454545453, 0.24431818181818182, 0.2215909090909091, 0.2556818181818182, 0.2784090909090909], "0.2": [0.20454545454545456, 0.19318181818181818, 0.16477272727272727, 0.19318181818181818, 0.18181818181818182, 0.19886363636363635, 0.1875, 0.1534090909090909], "0.4": [0.16477272727272727, 0.1590909090909091, 0.10227272727272728, 0.1875, 0.125, 0.07386363636363637, 0.1534090909090909, 0.11363636363636363], "0.6": [0.0625, 0.056818181818181816, 0.06818181818181818, 0.08522727272727272, 0.09659090909090909, 0.09659090909090909, 0.08522727272727272, 0.07954545454545454], "0.8": [0.13068181818181818, 0.11931818181818182, 0.11363636363636363, 0.10227272727272728, 0.10795454545454546, 0.11931818181818182, 0.10227272727272728, 0.11363636363636363], "0.9": [0.18181818181818182, 0.18181818181818182, 0.1590909090909091, 0.1875, 0.13068181818181818, 0.14772727272727273, 0.19886363636363635, 0.1534090909090909], "0.95": [0.14204545454545456, 0.20454545454545456, 0.2215909090909091, 0.1875, 0.1875, 0.1534090909090909, 0.2159090909090909, 0.2159090909090909], "0.975": [0.17613636363636365, 0.22727272727272727, 0.1875, 0.23295454545454544, 0.18181818181818182, 0.18181818181818182, 0.1875, 0.10795454545454546]}, "initial-tune": {"0.025": [0.30113636363636365, 0.30113636363636365, 0.26704545454545453, 0.3693181818181818, 0.32386363636363635, 0.375, 0.3465909090909091, 0.3125], "0.05": [0.30113636363636365, 0.30113636363636365, 0.3181818181818182, 0.2727272727272727, 0.2840909090909091, 0.26704545454545453, 0.3409090909090909, 0.3068181818181818], "0.1": [0.26136363636363635, 0.3522727272727273, 0.3181818181818182, 0.2784090909090909, 0.22727272727272727, 0.25, 0.23863636363636365, 0.23295454545454544], "0.2": [0.2215909090909091, 0.23863636363636365, 0.1875, 0.2215909090909091, 0.24431818181818182, 0.20454545454545456, 0.21022727272727273, 0.17613636363636365], "0.4": [0.13068181818181818, 0.08522727272727272, 0.11931818181818182, 0.10227272727272728, 0.14772727272727273, 0.1590909090909091, 0.11363636363636363, 0.11363636363636363], "0.6": [0.09659090909090909, 0.056818181818181816, 0.06818181818181818, 0.045454545454545456, 0.0625, 0.07386363636363637, 0.07954545454545454, 0.0625], "0.8": [0.09090909090909091, 0.07954545454545454, 0.11931818181818182, 0.11363636363636363, 0.09659090909090909, 0.11931818181818182, 0.08522727272727272, 0.11363636363636363], "0.9": [0.13068181818181818, 0.14204545454545456, 0.13068181818181818, 0.13068181818181818, 0.13068181818181818, 0.13636363636363635, 0.125, 0.125], "0.95": [0.125, 0.18181818181818182, 0.20454545454545456, 0.14204545454545456, 0.17613636363636365, 0.17613636363636365, 0.1590909090909091, 0.19318181818181818], "0.975": [0.18181818181818182, 0.17613636363636365, 0.1534090909090909, 0.1875, 0.17613636363636365, 0.19886363636363635, 0.20454545454545456, 0.125]}, "minimal-tune": {"0.025": [0.14204545454545456, 0.10795454545454546, 0.05113636363636364, 0.11363636363636363, 0.045454545454545456, 0.07954545454545454, 0.03409090909090909, 0.045454545454545456], "0.05": [0.09659090909090909, 0.07954545454545454, 0.0625, 0.056818181818181816, 0.0625, 0.0625, 0.09090909090909091, 0.056818181818181816], "0.1": [0.08522727272727272, 0.03977272727272727, 0.07386363636363637, 0.10795454545454546, 0.0625, 0.07954545454545454, 0.08522727272727272, 0.11363636363636363], "0.2": [0.045454545454545456, 0.05113636363636364, 0.05113636363636364, 0.07954545454545454, 0.07954545454545454, 0.08522727272727272, 0.11931818181818182, 0.07386363636363637], "0.4": [0.0625, 0.08522727272727272, 0.03977272727272727, 0.08522727272727272, 0.09090909090909091, 0.10795454545454546, 0.07954545454545454, 0.10795454545454546], "0.6": [0.125, 0.10795454545454546, 0.07954545454545454, 0.11931818181818182, 0.11363636363636363, 0.11363636363636363, 0.09090909090909091, 0.125], "0.8": [0.10795454545454546, 0.07954545454545454, 0.11363636363636363, 0.06818181818181818, 0.10227272727272728, 0.11363636363636363, 0.07954545454545454, 0.07386363636363637], "0.9": [0.11931818181818182, 0.10795454545454546, 0.09090909090909091, 0.09659090909090909, 0.10795454545454546, 0.08522727272727272, 0.09659090909090909, 0.0625], "0.95": [0.14204545454545456, 0.14204545454545456, 0.10795454545454546, 0.11363636363636363, 0.10795454545454546, 0.10795454545454546, 0.13068181818181818, 0.13068181818181818], "0.975": [0.10795454545454546, 0.11363636363636363, 0.09659090909090909, 0.13068181818181818, 0.11931818181818182, 0.13636363636363635, 0.07386363636363637, 0.09659090909090909]}}, "just_spurious and just_spurious+just_main": {"initial-transfer": {"0.025": [0.042, 0.042, 0.046, 0.056, 0.05, 0.034, 0.06, 0.036], "0.05": [0.052, 0.038, 0.036, 0.04, 0.04, 0.038, 0.032, 0.044], "0.1": [0.052, 0.04, 0.04, 0.052, 0.054, 0.052, 0.048, 0.034], "0.2": [0.044, 0.056, 0.06, 0.048, 0.07, 0.048, 0.048, 0.058], "0.4": [0.048, 0.036, 0.07, 0.028, 0.048, 0.08, 0.05, 0.062], "0.6": [0.066, 0.114, 0.07, 0.08, 0.07, 0.078, 0.094, 0.068], "0.8": [0.098, 0.08, 0.084, 0.09, 0.086, 0.098, 0.088, 0.098], "0.9": [0.09, 0.072, 0.08, 0.086, 0.06, 0.086, 0.096, 0.068], "0.95": [0.096, 0.084, 0.086, 0.082, 0.084, 0.062, 0.076, 0.074], "0.975": [0.074, 0.09, 0.048, 0.07, 0.058, 0.076, 0.098, 0.068]}, "initial-tune": {"0.025": [0.07, 0.058, 0.052, 0.042, 0.058, 0.066, 0.06, 0.072], "0.05": [0.046, 0.056, 0.052, 0.048, 0.064, 0.056, 0.054, 0.06], "0.1": [0.058, 0.054, 0.064, 0.064, 0.07, 0.072, 0.062, 0.066], "0.2": [0.06, 0.08, 0.066, 0.07, 0.062, 0.06, 0.07, 0.078], "0.4": [0.066, 0.07, 0.076, 0.084, 0.058, 0.054, 0.098, 0.07], "0.6": [0.064, 0.086, 0.088, 0.108, 0.07, 0.068, 0.098, 0.106], "0.8": [0.092, 0.104, 0.074, 0.102, 0.078, 0.08, 0.106, 0.076], "0.9": [0.064, 0.09, 0.082, 0.092, 0.094, 0.082, 0.076, 0.088], "0.95": [0.086, 0.076, 0.06, 0.07, 0.064, 0.056, 0.068, 0.086], "0.975": [0.088, 0.052, 0.06, 0.04, 0.064, 0.076, 0.078, 0.076]}, "minimal-tune": {"0.025": [0.466, 0.398, 0.356, 0.406, 0.32, 0.308, 0.428, 0.416], "0.05": [0.412, 0.242, 0.464, 0.368, 0.392, 0.306, 0.406, 0.346], "0.1": [0.39, 0.368, 0.338, 0.318, 0.326, 0.378, 0.212, 0.394], "0.2": [0.362, 0.302, 0.31, 0.328, 0.196, 0.248, 0.35, 0.346], "0.4": [0.138, 0.198, 0.158, 0.162, 0.068, 0.048, 0.066, 0.148], "0.6": [0.084, 0.106, 0.09, 0.104, 0.094, 0.072, 0.09, 0.11], "0.8": [0.11, 0.142, 0.114, 0.134, 0.172, 0.134, 0.106, 0.11], "0.9": [0.15, 0.106, 0.14, 0.12, 0.152, 0.134, 0.116, 0.156], "0.95": [0.168, 0.15, 0.142, 0.164, 0.116, 0.144, 0.164, 0.154], "0.975": [0.182, 0.154, 0.178, 0.128, 0.156, 0.188, 0.128, 0.162]}}, "neither and neither+just_main": {"initial-transfer": {"0.025": [0.084, 0.104, 0.074, 0.092, 0.09, 0.072, 0.078, 0.066], "0.05": [0.082, 0.09, 0.07, 0.08, 0.068, 0.076, 0.066, 0.076], "0.1": [0.078, 0.08, 0.078, 0.056, 0.068, 0.072, 0.068, 0.064], "0.2": [0.078, 0.06, 0.074, 0.074, 0.078, 0.058, 0.06, 0.066], "0.4": [0.024, 0.04, 0.068, 0.032, 0.066, 0.068, 0.05, 0.056], "0.6": [0.054, 0.072, 0.05, 0.052, 0.06, 0.074, 0.064, 0.066], "0.8": [0.056, 0.04, 0.05, 0.044, 0.054, 0.052, 0.052, 0.05], "0.9": [0.042, 0.038, 0.046, 0.05, 0.052, 0.046, 0.04, 0.046], "0.95": [0.04, 0.034, 0.046, 0.044, 0.042, 0.048, 0.044, 0.052], "0.975": [0.046, 0.044, 0.038, 0.038, 0.054, 0.044, 0.04, 0.046]}, "initial-tune": {"0.025": [0.08, 0.102, 0.124, 0.088, 0.108, 0.094, 0.11, 0.098], "0.05": [0.104, 0.1, 0.092, 0.108, 0.102, 0.09, 0.096, 0.1], "0.1": [0.118, 0.082, 0.108, 0.1, 0.108, 0.122, 0.114, 0.1], "0.2": [0.07, 0.09, 0.112, 0.084, 0.086, 0.108, 0.096, 0.092],