{"both and spurious-box": {"both-paint-tune": {"0.8": [0.05825242718446602, 0.06028368794326241, 0.05177993527508091, 0.06529209621993128], "0.9": [0.0707395498392283, 0.03164556962025317, 0.029801324503311258, 0.07051282051282051], "0.95": [0.12580645161290321, 0.08306709265175719, 0.0759493670886076, 0.0781758957654723], "0.975": [0.08517350157728706, 0.09904153354632587, 0.050156739811912224, 0.13183279742765272]}, "both-transfer": {"0.8": [], "0.9": [], "0.975": []}, "both-tune": {"0.8": [0.11469534050179211, 0.18007662835249041, 0.1111111111111111, 0.12142857142857143], "0.9": [0.11070110701107011, 0.11743772241992882, 0.13261648745519714, 0.15], "0.95": [0.11587982832618025, 0.14814814814814814, 0.16236162361623616, 0.10074626865671642], "0.975": [0.08771929824561403, 0.10175438596491228, 0.07719298245614035, 0.08943089430894309]}, "careful-paint-tune": {"0.6": [0.10884353741496598, 0.08620689655172414, 0.08196721311475409, 0.04153354632587859], "0.7": [0.06622516556291391, 0.13138686131386862, 0.10954063604240283, 0.04529616724738676], "0.8": [0.08996539792387544, 0.05245901639344262, 0.06976744186046512, 0.048859934853420196], "0.9": [0.08766233766233766, 0.06369426751592357, 0.06481481481481481, 0.05144694533762058], "0.95": [0.06031746031746032, 0.06389776357827476, 0.0915032679738562, 0.12751677852348994], "0.975": [0.11326860841423948, 0.0880503144654088, 0.09615384615384616, 0.08201892744479496]}, "careful-tune": {"0.5": [0.0547945205479452, 0.07046979865771812, 0.08250825082508251, 0.08280254777070063], "0.6": [0.14909090909090908, 0.11619718309859155, 0.054945054945054944, 0.05166051660516605], "0.7": [0.07092198581560284, 0.11895910780669144, 0.10545454545454545, 0.1099290780141844], "0.8": [0.12631578947368421, 0.08139534883720931, 0.10283687943262411, 0.09293680297397769], "0.9": [0.11379310344827587, 0.10689655172413794, 0.06538461538461539, 0.1213235294117647], "0.95": [0.10437710437710437, 0.10596026490066225, 0.13214285714285715, 0.07063197026022305], "0.975": [0.11764705882352941, 0.1141732283464567, 0.06761565836298933, 0.1064516129032258]}, "initial-transfer": {"0.5": [0.11231884057971014, 0.0975609756097561, 0.11877394636015326, 0.11188811188811189], "0.6": [0.13013698630136986, 0.15753424657534246, 0.1064516129032258, 0.1404109589041096], "0.7": [0.12585034013605442, 0.17207792207792208, 0.1640378548895899, 0.17419354838709677], "0.8": [0.11585365853658537, 0.21405750798722045, 0.17771084337349397, 0.16566265060240964], "0.9": [0.2686084142394822, 0.3114754098360656, 0.2072072072072072, 0.24545454545454545], "0.95": [0.1782477341389728, 0.321875, 0.2716049382716049, 0.33003300330033003], "0.975": [0.23404255319148937, 0.2770700636942675, 0.19637462235649547, 0.2515923566878981]}, "initial-tune": {"0.5": [0.07023411371237458, 0.07746478873239436, 0.08904109589041095, 0.10231023102310231], "0.6": [0.10130718954248366, 0.0915032679738562, 0.09061488673139159, 0.09602649006622517], "0.7": [0.12861736334405144, 0.10333333333333333, 0.1157556270096463, 0.13377926421404682], "0.8": [0.14873417721518986, 0.13580246913580246, 0.1402439024390244, 0.16346153846153846], "0.9": [0.10946745562130178, 0.13230769230769232, 0.1696969696969697, 0.21875], "0.95": [0.19402985074626866, 0.20058997050147492, 0.20923076923076922, 0.1712538226299694], "0.975": [0.23333333333333334, 0.21621621621621623, 0.15088757396449703, 0.2866043613707165]}, "main-paint-tune": {"0.8": [0.16346153846153846, 0.2440677966101695, 0.2108843537414966, 0.22996515679442509], "0.9": [0.2604166666666667, 0.28027681660899656, 0.21498371335504887, 0.2684563758389262], "0.95": [0.19811320754716982, 0.26262626262626265, 0.2824675324675325, 0.238562091503268], "0.975": [0.2459546925566343, 0.238562091503268, 0.2909698996655518, 0.1892744479495268]}, "main-tune": {"0.8": [0.6948529411764706, 0.6861313868613139, 0.6944444444444444, 0.6906474820143885], "0.9": [0.7202797202797203, 0.7252747252747253, 0.7231270358306189, 0.7147887323943662], "0.95": [0.7027863777089783, 0.7353951890034365, 0.7285714285714285, 0.7482993197278912], "0.975": [0.7186440677966102, 0.7455197132616488, 0.7311475409836066, 0.7464788732394366]}, "spurious-paint-tune": {"0.8": [0.0736196319018405, 0.09779179810725552, 0.10658307210031348, 0.09345794392523364], "0.9": [0.07621951219512195, 0.17701863354037267, 0.08433734939759036, 0.12074303405572756], "0.95": [0.15548780487804878, 0.19571865443425077, 0.13569321533923304, 0.1716867469879518], "0.975": [0.21341463414634146, 0.21739130434782608, 0.1901840490797546, 0.16716417910447762]}, "spurious-tune": {"0.8": [0.012345679012345678, 0.02108433734939759, 0.01529051987767584, 0.01910828025477707], "0.9": [0.0182370820668693, 0.009316770186335404, 0.015479876160990712, 0.01875], "0.95": [0.00906344410876133, 0.00872093023255814, 0.011730205278592375, 0.023952095808383235], "0.975": [0.017804154302670624, 0.014925373134328358, 0.006042296072507553, 0.00911854103343465]}}, "both and spurious-pixel-paint": {"both-paint-tune": {"0.8": [0.2977346278317152, 0.40425531914893614, 0.32038834951456313, 0.4054982817869416], "0.9": [0.3086816720257235, 0.33860759493670883, 0.3211920529801324, 0.3557692307692308], "0.95": [0.3032258064516129, 0.3003194888178914, 0.2911392405063291, 0.3973941368078176], "0.975": [0.3312302839116719, 0.19169329073482427, 0.3166144200626959, 0.3215434083601286]}, "both-transfer": {"0.8": [], "0.9": [], "0.975": []}, "both-tune": {"0.8": [0.017921146953405017, 0.04980842911877394, 0.013468013468013467, 0.02857142857142857], "0.9": [0.03690036900369004, 0.06405693950177936, 0.02867383512544803, 0.02], "0.95": [0.030042918454935622, 0.04814814814814815, 0.04797047970479705, 0.04477611940298507], "0.975": [0.0456140350877193, 0.06666666666666667, 0.05263157894736842, 0.04878048780487805]}, "careful-paint-tune": {"0.6": [0.23469387755102042, 0.10344827586206896, 0.3475409836065574, 0.2108626198083067], "0.7": [0.27483443708609273, 0.17153284671532848, 0.4452296819787986, 0.3310104529616725], "0.8": [0.314878892733564, 0.3377049180327869, 0.26245847176079734, 0.3127035830618892], "0.9": [0.3246753246753247, 0.2643312101910828, 0.2808641975308642, 0.2765273311897106], "0.95": [0.27936507936507937, 0.24281150159744408, 0.23529411764705882, 0.31208053691275167], "0.975": [0.32362459546925565, 0.2169811320754717, 0.28525641025641024, 0.2902208201892745]}, "careful-tune": {"0.5": [0.017123287671232876, 0.016778523489932886, 0.009900990099009901, 0.028662420382165606], "0.6": [0.02909090909090909, 0.028169014084507043, 0.03663003663003663, 0.04428044280442804], "0.7": [0.02127659574468085, 0.011152416356877323, 0.0036363636363636364, 0.02127659574468085], "0.8": [0.02456140350877193, 0.04263565891472868, 0.02127659574468085, 0.01486988847583643], "0.9": [0.04482758620689655, 0.027586206896551724, 0.03461538461538462, 0.04044117647058824], "0.95": [0.06734006734006734, 0.04304635761589404, 0.039285714285714285, 0.03345724907063197], "0.975": [0.043137254901960784, 0.05905511811023622, 0.046263345195729534, 0.03870967741935484]}, "initial-transfer": {"0.5": [0.036231884057971016, 0.024390243902439025, 0.02681992337164751, 0.024475524475524476], "0.6": [0.0273972602739726, 0.04794520547945205, 0.035483870967741936, 0.03767123287671233], "0.7": [0.034013605442176874, 0.03896103896103896, 0.022082018927444796, 0.03870967741935484], "0.8": [0.01524390243902439, 0.06389776357827476, 0.018072289156626505, 0.024096385542168676], "0.9": [0.06472491909385113, 0.05901639344262295, 0.02702702702702703, 0.03939393939393939], "0.95": [0.04833836858006042, 0.06875, 0.043209876543209874, 0.04950495049504951], "0.975": [0.03951367781155015, 0.05732484076433121, 0.04833836858006042, 0.06687898089171974]}, "initial-tune": {"0.5": [0.016722408026755852, 0.014084507042253521, 0.017123287671232876, 0.0231023102310231], "0.6": [0.026143790849673203, 0.03594771241830065, 0.016181229773462782, 0.029801324503311258],