{"both and both-inverse": {"careful-paint-tune": {"0.6": [0.4735376044568245, 0.5515320334261838, 0.41225626740947074], "0.8": [0.5236768802228412, 0.4568245125348189, 0.467966573816156], "0.9": [0.36768802228412256, 0.4958217270194986, 0.48467966573816157], "0.95": [0.7158774373259053, 0.45125348189415043, 0.5431754874651811], "0.975": [0.5654596100278552, 0.5821727019498607, 0.5682451253481894]}, "careful-tune": {"0.6": [0.5153203342618384, 0.532033426183844, 0.3871866295264624], "0.8": [0.34540389972144847, 0.33147632311977715, 0.27298050139275765], "0.9": [0.415041782729805, 0.38997214484679665, 0.298050139275766], "0.95": [0.4206128133704735, 0.415041782729805, 0.3342618384401114], "0.975": [0.41225626740947074, 0.298050139275766, 0.3983286908077994]}, "initial-transfer": {"0.025": [0.45403899721448465, 0.467966573816156, 0.4735376044568245], "0.05": [0.43454038997214484, 0.49025069637883006, 0.4568245125348189], "0.1": [0.5125348189415042, 0.4401114206128134, 0.5571030640668524], "0.2": [0.5487465181058496, 0.5515320334261838, 0.5515320334261838], "0.4": [0.584958217270195, 0.6100278551532033, 0.596100278551532], "0.6": [0.7465181058495822, 0.6657381615598886, 0.7325905292479109], "0.8": [0.713091922005571, 0.6434540389972145, 0.7520891364902507], "0.9": [0.5543175487465181, 0.5682451253481894, 0.596100278551532], "0.95": [0.6044568245125348, 0.5626740947075209, 0.5041782729805014], "0.975": [0.479108635097493, 0.5348189415041783, 0.520891364902507]}, "initial-tune": {"0.025": [0.4428969359331476, 0.3788300835654596, 0.3955431754874652], "0.05": [0.46518105849582175, 0.44846796657381616, 0.3426183844011142], "0.1": [0.4568245125348189, 0.38440111420612816, 0.4735376044568245], "0.2": [0.5181058495821727, 0.5236768802228412, 0.5013927576601671], "0.4": [0.5905292479108635, 0.5041782729805014, 0.5626740947075209], "0.6": [0.5292479108635098, 0.5877437325905293, 0.6573816155988857], "0.8": [0.43454038997214484, 0.7883008356545961, 0.7771587743732591], "0.9": [0.5654596100278552, 0.6350974930362117, 0.6601671309192201], "0.95": [0.6155988857938719, 0.5571030640668524, 0.6267409470752089], "0.975": [0.5431754874651811, 0.6267409470752089, 0.5013927576601671]}}, "both and main-inverse": {"careful-paint-tune": {"0.6": [0.4735376044568245, 0.5598885793871866, 0.3593314763231198], "0.8": [0.48746518105849584, 0.4596100278551532, 0.40668523676880225], "0.9": [0.3732590529247911, 0.5487465181058496, 0.49025069637883006], "0.95": [0.7214484679665738, 0.40668523676880225, 0.584958217270195], "0.975": [0.6323119777158774, 0.6880222841225627, 0.5738161559888579]}, "careful-tune": {"0.6": [0.49303621169916434, 0.5292479108635098, 0.4011142061281337], "0.8": [0.3649025069637883, 0.3370473537604457, 0.27298050139275765], "0.9": [0.4428969359331476, 0.41225626740947074, 0.31197771587743733], "0.95": [0.47075208913649025, 0.4623955431754875, 0.37604456824512533], "0.975": [0.4623955431754875, 0.39275766016713093, 0.4428969359331476]}, "initial-transfer": {"0.025": [0.47075208913649025, 0.4958217270194986, 0.479108635097493], "0.05": [0.42896935933147634, 0.5125348189415042, 0.47075208913649025], "0.1": [0.5236768802228412, 0.4428969359331476, 0.5515320334261838], "0.2": [0.5292479108635098, 0.5376044568245125, 0.5459610027855153], "0.4": [0.5682451253481894, 0.5988857938718662, 0.5710306406685237], "0.6": [0.7437325905292479, 0.6545961002785515, 0.7214484679665738], "0.8": [0.7743732590529248, 0.807799442896936, 0.8328690807799443], "0.9": [0.8105849582172702, 0.7353760445682451, 0.8133704735376045], "0.95": [0.7688022284122563, 0.7604456824512534, 0.7938718662952646], "0.975": [0.7688022284122563, 0.766016713091922, 0.7910863509749304]}, "initial-tune": {"0.025": [0.4456824512534819, 0.4373259052924791, 0.4178272980501393], "0.05": [0.47075208913649025, 0.44846796657381616, 0.39275766016713093], "0.1": [0.4623955431754875, 0.41225626740947074, 0.47075208913649025], "0.2": [0.5097493036211699, 0.520891364902507, 0.5097493036211699], "0.4": [0.5766016713091922, 0.49303621169916434, 0.5766016713091922], "0.6": [0.5543175487465181, 0.5793871866295265, 0.6629526462395543], "0.8": [0.6434540389972145, 0.8217270194986073, 0.8022284122562674], "0.9": [0.754874651810585, 0.8161559888579387, 0.8133704735376045], "0.95": [0.8356545961002786, 0.841225626740947, 0.8440111420612814], "0.975": [0.883008356545961, 0.8690807799442897, 0.8050139275766016]}}, "both and spurious-inverse": {"careful-paint-tune": {"0.6": [0.8105849582172702, 0.807799442896936, 0.7437325905292479], "0.8": [0.8384401114206128, 0.8440111420612814, 0.7158774373259053], "0.9": [0.7827298050139275, 0.8245125348189415, 0.8245125348189415], "0.95": [0.841225626740947, 0.8050139275766016, 0.8189415041782729], "0.975": [0.8579387186629527, 0.8272980501392758, 0.8272980501392758]}, "careful-tune": {"0.6": [0.7855153203342619, 0.7604456824512534, 0.7186629526462396], "0.8": [0.7214484679665738, 0.6685236768802229, 0.479108635097493], "0.9": [0.7214484679665738, 0.7158774373259053, 0.5766016713091922], "0.95": [0.6935933147632312, 0.6963788300835655, 0.7103064066852368], "0.975": [0.6908077994428969, 0.5793871866295265, 0.724233983286908]}, "initial-transfer": {"0.025": [0.5376044568245125, 0.5654596100278552, 0.5626740947075209], "0.05": [0.4763231197771588, 0.6211699164345403, 0.5543175487465181], "0.1": [0.6573816155988857, 0.5069637883008357, 0.6323119777158774], "0.2": [0.6406685236768802, 0.6657381615598886, 0.6713091922005571], "0.4": [0.6713091922005571, 0.7075208913649025, 0.6824512534818942], "0.6": [0.8941504178272981, 0.724233983286908, 0.8384401114206128], "0.8": [0.7994428969359332, 0.8467966573816156, 0.8885793871866295], "0.9": [0.7520891364902507, 0.7214484679665738, 0.7827298050139275], "0.95": [0.7576601671309192, 0.7103064066852368, 0.7047353760445683], "0.975": [0.6713091922005571, 0.6824512534818942, 0.6963788300835655]}, "initial-tune": {"0.025": [0.5236768802228412, 0.5153203342618384, 0.5069637883008357], "0.05": [0.5738161559888579, 0.5543175487465181, 0.5041782729805014], "0.1": [0.5821727019498607, 0.5431754874651811, 0.5821727019498607], "0.2": [0.6462395543175488, 0.6908077994428969, 0.6601671309192201], "0.4": [0.7688022284122563, 0.8022284122562674, 0.7632311977715878], "0.6": [0.8523676880222841, 0.8523676880222841, 0.8662952646239555], "0.8": [0.7715877437325905, 0.8579387186629527, 0.8690807799442897], "0.9": [0.8579387186629527, 0.8384401114206128, 0.8467966573816156], "0.95": [0.7799442896935933, 0.766016713091922, 0.7883008356545961], "0.975": [0.6963788300835655, 0.766016713091922, 0.7214484679665738]}}, "just_main and main-inverse": {"careful-paint-tune": {"0.6": [0.5568181818181818, 0.5852272727272727, 0.4772727272727273], "0.8": [0.5795454545454546, 0.45454545454545453, 0.5170454545454546], "0.9": [0.4034090909090909, 0.5568181818181818, 0.5], "0.95": [0.6306818181818182, 0.3977272727272727, 0.5738636363636364], "0.975": [0.5852272727272727, 0.5511363636363636, 0.5056818181818182]}, "careful-tune": {"0.6": [0.5227272727272727, 0.6079545454545454, 0.48295454545454547], "0.8": [0.44886363636363635, 0.3465909090909091, 0.3181818181818182], "0.9": [0.45454545454545453, 0.4431818181818182, 0.3068181818181818], "0.95": [0.48295454545454547, 0.45454545454545453, 0.3977272727272727], "0.975": [0.4772727272727273, 0.32954545454545453, 0.4659090909090909]}, "initial-transfer": {"0.025": [0.7102272727272727, 0.7215909090909091, 0.7329545454545454], "0.05": [0.7386363636363636, 0.7613636363636364, 0.7329545454545454], "0.1": [0.7102272727272727, 0.7159090909090909, 0.8011363636363636], "0.2": [0.7556818181818182, 0.7329545454545454, 0.7272727272727273], "0.4": [0.7102272727272727, 0.7272727272727273, 0.7443181818181818], "0.6": [0.7670454545454546, 0.6988636363636364, 0.7329545454545454], "0.8": [0.7159090909090909, 0.7556818181818182, 0.7784090909090909], "0.9": [0.7159090909090909, 0.6306818181818182, 0.7159090909090909],