{"both and main-box": {"initial-transfer": {"0.025": [0.07242339832869081, 0.08913649025069638, 0.08635097493036212, 0.07242339832869081], "0.05": [0.07520891364902507, 0.07242339832869081, 0.052924791086350974, 0.06406685236768803], "0.1": [0.07242339832869081, 0.07242339832869081, 0.07799442896935933, 0.06128133704735376], "0.2": [0.0947075208913649, 0.05013927576601671, 0.0584958217270195, 0.04735376044568245], "0.4": [0.07520891364902507, 0.09749303621169916, 0.08913649025069638, 0.10027855153203342], "0.6": [0.10863509749303621, 0.10306406685236769, 0.0947075208913649, 0.11977715877437325], "0.8": [0.04456824512534819, 0.07520891364902507, 0.08635097493036212, 0.07242339832869081], "0.9": [0.08635097493036212, 0.07520891364902507, 0.07799442896935933, 0.08356545961002786], "0.95": [0.052924791086350974, 0.06128133704735376, 0.08635097493036212, 0.06406685236768803], "0.975": [0.0584958217270195, 0.0584958217270195, 0.06406685236768803, 0.06685236768802229]}}, "both and main-pixel-paint": {"initial-transfer": {"0.025": [0.07242339832869081, 0.08635097493036212, 0.08635097493036212, 0.07520891364902507], "0.05": [0.07799442896935933, 0.07799442896935933, 0.07520891364902507, 0.07520891364902507], "0.1": [0.07242339832869081, 0.116991643454039, 0.09192200557103064, 0.09192200557103064], "0.2": [0.07799442896935933, 0.08635097493036212, 0.06685236768802229, 0.06963788300835655], "0.4": [0.055710306406685235, 0.06406685236768803, 0.06128133704735376, 0.06963788300835655], "0.6": [0.055710306406685235, 0.06128133704735376, 0.03064066852367688, 0.0584958217270195], "0.8": [0.03064066852367688, 0.03899721448467967, 0.04456824512534819, 0.04178272980501393], "0.9": [0.03064066852367688, 0.04456824512534819, 0.033426183844011144, 0.04735376044568245], "0.95": [0.022284122562674095, 0.03899721448467967, 0.03899721448467967, 0.04456824512534819], "0.975": [0.04178272980501393, 0.033426183844011144, 0.03064066852367688, 0.025069637883008356]}}, "just_main and main-box": {"initial-transfer": {"0.025": [0.045454545454545456, 0.0625, 0.056818181818181816, 0.03977272727272727], "0.05": [0.022727272727272728, 0.045454545454545456, 0.022727272727272728, 0.03409090909090909], "0.1": [0.07954545454545454, 0.056818181818181816, 0.09090909090909091, 0.056818181818181816], "0.2": [0.09659090909090909, 0.045454545454545456, 0.09090909090909091, 0.056818181818181816], "0.4": [0.08522727272727272, 0.11931818181818182, 0.11931818181818182, 0.11931818181818182], "0.6": [0.1534090909090909, 0.14772727272727273, 0.14204545454545456, 0.14204545454545456], "0.8": [0.14204545454545456, 0.125, 0.14204545454545456, 0.17613636363636365], "0.9": [0.13636363636363635, 0.14204545454545456, 0.14204545454545456, 0.13636363636363635], "0.95": [0.14204545454545456, 0.13068181818181818, 0.13636363636363635, 0.13636363636363635], "0.975": [0.13068181818181818, 0.14204545454545456, 0.13636363636363635, 0.125]}}, "just_main and main-pixel-paint": {"initial-transfer": {"0.025": [0.056818181818181816, 0.056818181818181816, 0.056818181818181816, 0.045454545454545456], "0.05": [0.022727272727272728, 0.05113636363636364, 0.017045454545454544, 0.03409090909090909], "0.1": [0.056818181818181816, 0.03409090909090909, 0.056818181818181816, 0.03977272727272727], "0.2": [0.07386363636363637, 0.03409090909090909, 0.09090909090909091, 0.056818181818181816], "0.4": [0.05113636363636364, 0.056818181818181816, 0.07954545454545454, 0.056818181818181816], "0.6": [0.10227272727272728, 0.10227272727272728, 0.09090909090909091, 0.10227272727272728], "0.8": [0.06818181818181818, 0.06818181818181818, 0.06818181818181818, 0.09090909090909091], "0.9": [0.07954545454545454, 0.09659090909090909, 0.08522727272727272, 0.09090909090909091], "0.95": [0.11931818181818182, 0.10227272727272728, 0.09090909090909091, 0.10227272727272728], "0.975": [0.07954545454545454, 0.09090909090909091, 0.11931818181818182, 0.09659090909090909]}}}