{"both": 0.46859903381642515, "just_main": 0.011627906976744186, "just_spurious": 0.864, "neither": 1.0, "average": 0.5860567351982924}