{"B2M": 0.14880409836769104, "B2S": 0.7319193482398987, "M2N": 0.0, "S2N": 0.0, "N2M": 0.0018927616765722632, "N2S": 0.1380322128534317, "M2B": 0.0, "S2B": 0.0}