{"s_p1": [0.08416539201093964, "both-main/box"], "s_p2": [0.08416539201093964, "both-spurious/box"]}