{"both": 0.9516908212560387, "just_main": 0.7034883720930233, "just_spurious": 0.18, "neither": 0.416, "average": 0.5627947983372655}