{"average": {"careful-tune": {"0.5": [0.850569926042903, 0.8473199789659926, 0.8525011248828805, 0.836412235520029], "0.6": [0.8286340046934253, 0.8214237947282139, 0.810735718894423, 0.8166578664691535], "0.7": [0.8059745616183358, 0.7650953029751179, 0.795844005253232, 0.8238193791875489], "0.8": [0.8129402823214409, 0.808751861555385, 0.8029236946491352, 0.806062970174048], "0.9": [0.7679384256134032, 0.7857373130999586, 0.7989150552841207, 0.7590124162191945], "0.95": [0.7639361698319597, 0.7673737837259784, 0.7630047132622528, 0.763888710125348], "0.975": [0.7340430955030836, 0.7414614557831936, 0.7638872651186774, 0.7519111028316762]}, "initial-tune": {"0.5": [0.8396328910961638, 0.8396062084625835, 0.8413068311702232, 0.8351174048406058], "0.6": [0.8339595408572715, 0.8340970964439164, 0.8271219249049945, 0.8199843390410725], "0.7": [0.8051248588676179, 0.8118250810103602, 0.8294287880428519, 0.8209020858707332], "0.8": [0.7909078182691202, 0.8056146531879587, 0.7909348625893863, 0.802921396211035], "0.9": [0.7786822470850538, 0.7665780237479253, 0.7728610274467247, 0.7748106264691812], "0.95": [0.7362359637973254, 0.7771068085393257, 0.7199317125593626, 0.7391569010764293], "0.975": [0.7095381566776013, 0.7384893246496711, 0.744976448255636, 0.740946662574014]}}, "both": {"careful-tune": {"0.5": [0.9090909090909091, 0.946969696969697, 0.9318181818181818, 0.8484848484848485], "0.6": [0.8636363636363636, 0.8257575757575758, 0.7954545454545454, 0.7727272727272727], "0.7": [0.7424242424242424, 0.6439393939393939, 0.7196969696969697, 0.8181818181818182], "0.8": [0.75, 0.7575757575757576, 0.8257575757575758, 0.7727272727272727], "0.9": [0.7651515151515151, 0.7803030303030303, 0.8333333333333334, 0.7954545454545454], "0.95": [0.8181818181818182, 0.7954545454545454, 0.8409090909090909, 0.8409090909090909], "0.975": [0.6742424242424242, 0.7803030303030303, 0.803030303030303, 0.8787878787878788]}, "initial-tune": {"0.5": [0.8257575757575758, 0.8484848484848485, 0.8560606060606061, 0.8181818181818182], "0.6": [0.8712121212121212, 0.9015151515151515, 0.8712121212121212, 0.8181818181818182], "0.7": [0.8863636363636364, 0.8863636363636364, 0.9015151515151515, 0.8787878787878788], "0.8": [0.8787878787878788, 0.9090909090909091, 0.8787878787878788, 0.8787878787878788], "0.9": [0.8939393939393939, 0.8939393939393939, 0.8863636363636364, 0.8712121212121212], "0.95": [0.9090909090909091, 0.8863636363636364, 0.8787878787878788, 0.9015151515151515], "0.975": [0.9090909090909091, 0.9090909090909091, 0.9393939393939394, 0.8939393939393939]}}, "just_main": {"careful-tune": {"0.5": [0.8956043956043956, 0.8846153846153846, 0.8791208791208791, 0.8681318681318682], "0.6": [0.8131868131868132, 0.7967032967032966, 0.7582417582417582, 0.7857142857142857], "0.7": [0.7252747252747253, 0.6813186813186813, 0.7087912087912088, 0.7582417582417582], "0.8": [0.6978021978021978, 0.7197802197802198, 0.6538461538461539, 0.7087912087912088], "0.9": [0.5274725274725275, 0.5879120879120879, 0.6098901098901099, 0.4945054945054945], "0.95": [0.46703296703296704, 0.4835164835164835, 0.4945054945054945, 0.5384615384615384], "0.975": [0.4725274725274725, 0.4340659340659341, 0.521978021978022, 0.47802197802197804]}, "initial-tune": {"0.5": [0.8296703296703297, 0.8681318681318682, 0.8736263736263736, 0.8846153846153846], "0.6": [0.7692307692307693, 0.8076923076923077, 0.7857142857142857, 0.7857142857142857], "0.7": [0.6978021978021978, 0.7032967032967034, 0.8351648351648352, 0.7032967032967034], "0.8": [0.6318681318681318, 0.6098901098901099, 0.5879120879120879, 0.6428571428571429], "0.9": [0.5494505494505495, 0.5439560439560439, 0.5494505494505495, 0.5934065934065934], "0.95": [0.45604395604395603, 0.5934065934065934, 0.38461538461538464, 0.43956043956043955], "0.975": [0.38461538461538464, 0.5, 0.4725274725274725, 0.4230769230769231]}}, "just_spurious": {"careful-tune": {"0.5": [0.8145255759468958, 0.8071065989847716, 0.8348301444748145, 0.8516204607575166], "0.6": [0.8574775478328778, 0.8684107770402186, 0.8746583365872705, 0.883248730964467], "0.7": [0.8992581023037876, 0.8941819601718078, 0.8941819601718078, 0.8656774697383834], "0.8": [0.9004295197188599, 0.8898867629832097, 0.8516204607575166, 0.8754392815306521], "0.9": [0.8563061304178056, 0.857087075361187, 0.8442014837953924, 0.8246778602108551], "0.95": [0.8317063647012886, 0.8512299882858259, 0.7871925029285436, 0.7754783287778212], "0.975": [0.8566966028894963, 0.8121827411167513, 0.811011323701679, 0.7247169074580242]}, "initial-tune": {"0.5": [0.8805154236626318, 0.8535728231159703, 0.8520109332292073, 0.8668488871534556], "0.6": [0.8492776259273721, 0.8262397500976181, 0.8289730573994534, 0.8449824287387739], "0.7": [0.7953924248340491, 0.8016399843811012, 0.7782116360796564, 0.8285825849277626], "0.8": [0.7739164388910582, 0.7938305349472862, 0.7953924248340491, 0.7996876220226474], "0.9": [0.7532213978914487, 0.7215931276844982, 0.740335806325654, 0.737212026552128], "0.95": [0.6442795782897306, 0.720421710269426, 0.6704412338930106, 0.6856696602889496], "0.975": [0.6056228035923468, 0.6173369777430691, 0.6399843811011323, 0.7032409215150331]}}, "neither": {"careful-tune": {"0.5": [0.7830588235294118, 0.7505882352941177, 0.764235294117647, 0.7774117647058824], "0.6": [0.780235294117647, 0.7948235294117647, 0.8145882352941176, 0.8249411764705883], "0.7": [0.8569411764705882, 0.8409411764705882, 0.8607058823529412, 0.8531764705882353], "0.8": [0.9035294117647059, 0.867764705882353, 0.8804705882352941, 0.8672941176470588], "0.9": [0.9228235294117647, 0.9176470588235294, 0.908235294117647, 0.9214117647058824], "0.95": [0.9388235294117647, 0.9392941176470588, 0.9294117647058824, 0.9007058823529411], "0.975": [0.9327058823529412, 0.9392941176470588, 0.9195294117647059, 0.9261176470588235]}, "initial-tune": {"0.5": [0.8225882352941176, 0.788235294117647, 0.7835294117647059, 0.7708235294117647], "0.6": [0.8461176470588235, 0.8009411764705883, 0.8225882352941176, 0.8310588235294117], "0.7": [0.8409411764705882, 0.856, 0.8028235294117647, 0.8729411764705882], "0.8": [0.8790588235294118, 0.9096470588235294, 0.9016470588235294, 0.8903529411764706], "0.9": [0.9181176470588235, 0.9068235294117647, 0.9152941176470588, 0.8974117647058824], "0.95": [0.9355294117647058, 0.908235294117647, 0.9458823529411765, 0.9298823529411765], "0.975": [0.9388235294117647, 0.9275294117647059, 0.928, 0.9435294117647058]}}}