{"both and both-inverse": {"careful-tune": {"0.5": [0.8166666666666667, 0.84, 0.9024390243902439, 0.8035714285714286], "0.6": [0.3508771929824561, 0.2018348623853211, 0.6571428571428571, 0.6862745098039216], "0.7": [0.37755102040816324, 0.3411764705882353, 0.4, 0.6851851851851852], "0.8": [0.29292929292929293, 0.3, 0.44036697247706424, 0.35294117647058826], "0.9": [0.3465346534653465, 0.32038834951456313, 0.2636363636363636, 0.26666666666666666], "0.95": [0.4537037037037037, 0.3238095238095238, 0.27927927927927926, 0.15315315315315314], "0.975": [0.14606741573033707, 0.20388349514563106, 0.14150943396226415, 0.12931034482758622]}, "initial-tune": {"0.5": [0.908256880733945, 0.8392857142857143, 0.8938053097345132, 0.8333333333333334], "0.6": [0.8782608695652174, 0.8907563025210085, 0.782608695652174, 0.8148148148148148], "0.7": [0.811965811965812, 0.7863247863247863, 0.8319327731092437, 0.8275862068965517], "0.8": [0.6293103448275862, 0.7916666666666666, 0.7586206896551724, 0.6982758620689655], "0.9": [0.635593220338983, 0.6779661016949152, 0.5213675213675214, 0.6434782608695652], "0.95": [0.4583333333333333, 0.49572649572649574, 0.4396551724137931, 0.40336134453781514], "0.975": [0.325, 0.3416666666666667, 0.45161290322580644, 0.5932203389830508]}}, "both and main-inverse": {"careful-tune": {"0.5": [0.9166666666666666, 0.912, 0.943089430894309, 0.8482142857142857], "0.6": [0.2894736842105263, 0.11009174311926606, 0.819047619047619, 0.7745098039215687], "0.7": [0.41836734693877553, 0.5176470588235295, 0.2631578947368421, 0.6018518518518519], "0.8": [0.020202020202020204, 0.04, 0.5688073394495413, 0.00980392156862745], "0.9": [0.3465346534653465, 0.07766990291262135, 0.00909090909090909, 0.01904761904761905], "0.95": [0.05555555555555555, 0.009523809523809525, 0.05405405405405406, 0.07207207207207207], "0.975": [0.056179775280898875, 0.019417475728155338, 0.009433962264150943, 0.008620689655172414]}, "initial-tune": {"0.5": [0.9357798165137615, 0.9017857142857143, 0.9292035398230089, 0.8518518518518519], "0.6": [0.9217391304347826, 0.9411764705882353, 0.8956521739130435, 0.9074074074074074], "0.7": [0.9401709401709402, 0.9401709401709402, 0.9411764705882353, 0.9482758620689655], "0.8": [0.9310344827586207, 0.9583333333333334, 0.9482758620689655, 0.9482758620689655], "0.9": [0.9491525423728814, 0.9491525423728814, 0.9487179487179487, 0.9565217391304348], "0.95": [0.9583333333333334, 0.9487179487179487, 0.9568965517241379, 0.9663865546218487], "0.975": [0.9666666666666667, 0.9333333333333333, 0.9516129032258065, 0.9745762711864406]}}, "both and spurious-inverse": {"careful-tune": {"0.5": [0.95, 0.976, 0.991869918699187, 0.9821428571428571], "0.6": [0.543859649122807, 0.3577981651376147, 0.8476190476190476, 0.9019607843137255], "0.7": [0.5204081632653061, 0.5764705882352941, 0.5473684210526316, 0.7962962962962963], "0.8": [0.3333333333333333, 0.31, 0.5229357798165137, 0.38235294117647056], "0.9": [0.42574257425742573, 0.33980582524271846, 0.3090909090909091, 0.3142857142857143], "0.95": [0.4166666666666667, 0.3238095238095238, 0.26126126126126126, 0.16216216216216217], "0.975": [0.15730337078651685, 0.18446601941747573, 0.12264150943396226, 0.1810344827586207]}, "initial-tune": {"0.5": [1.0, 0.9821428571428571, 1.0, 0.9907407407407407], "0.6": [0.9826086956521739, 0.9915966386554622, 0.9304347826086956, 0.9351851851851852], "0.7": [0.9401709401709402, 0.9401709401709402, 0.957983193277311, 0.9482758620689655], "0.8": [0.8103448275862069, 0.9083333333333333, 0.9137931034482759, 0.8706896551724138], "0.9": [0.8050847457627118, 0.8220338983050848, 0.6923076923076923, 0.808695652173913], "0.95": [0.5583333333333333, 0.6239316239316239, 0.5086206896551724, 0.48739495798319327], "0.975": [0.4083333333333333, 0.43333333333333335, 0.5725806451612904, 0.6949152542372882]}}, "just_main and main-inverse": {"careful-tune": {"0.5": [0.7177914110429447, 0.7639751552795031, 0.8125, 0.6392405063291139], "0.6": [0.27702702702702703, 0.14482758620689656, 0.644927536231884, 0.7062937062937062], "0.7": [0.42424242424242425, 0.4274193548387097, 0.3333333333333333, 0.6376811594202898], "0.8": [0.11811023622047244, 0.11450381679389313, 0.48739495798319327, 0.05426356589147287], "0.9": [0.34375, 0.14018691588785046, 0.0990990990990991, 0.16666666666666666], "0.95": [0.2235294117647059, 0.07954545454545454, 0.18888888888888888, 0.14285714285714285], "0.975": [0.19767441860465115, 0.13924050632911392, 0.021052631578947368, 0.10344827586206896]}, "initial-tune": {"0.5": [0.8145695364238411, 0.7278481012658228, 0.7924528301886793, 0.7018633540372671], "0.6": [0.7071428571428572, 0.8571428571428571, 0.7062937062937062, 0.7272727272727273], "0.7": [0.7401574803149606, 0.7578125, 0.8092105263157895, 0.7578125], "0.8": [0.7043478260869566, 0.8648648648648649, 0.822429906542056, 0.8461538461538461], "0.9": [0.75, 0.797979797979798, 0.71, 0.8518518518518519], "0.95": [0.8072289156626506, 0.8425925925925926, 0.8714285714285714, 0.9], "0.975": [0.8, 0.7472527472527473, 0.8255813953488372, 0.8961038961038961]}}, "just_spurious and spurious-inverse": {"careful-tune": {"0.5": [0.9642105263157895, 0.9736842105263158, 0.9881796690307328, 0.9710526315789474], "0.6": [0.4794520547945205, 0.3026706231454006, 0.8909657320872274, 0.8695652173913043], "0.7": [0.4728682170542636, 0.5313653136531366, 0.4833948339483395, 0.7819767441860465], "0.8": [0.3411764705882353, 0.2765957446808511, 0.49473684210526314, 0.4012539184952978], "0.9": [0.4375, 0.319672131147541, 0.39849624060150374, 0.3028953229398664], "0.95": [0.46867749419953597, 0.3753280839895013, 0.24954128440366974, 0.16], "0.975": [0.16076294277929154, 0.2515592515592516, 0.16735537190082644, 0.1574468085106383]}, "initial-tune": {"0.5": [0.9934640522875817, 0.96, 0.9868073878627969, 0.9765395894428153], "0.6": [0.966321243523316, 0.9842696629213483, 0.9474885844748858, 0.9798488664987406], "0.7": [0.9045801526717557, 0.9448818897637795, 0.9612676056338029, 0.958997722095672], "0.8": [0.8117443868739206, 0.8996212121212122, 0.9064885496183206, 0.8518518518518519], "0.9": [0.7974683544303798, 0.8274894810659187, 0.6616541353383458, 0.7429420505200595], "0.95": [0.4829857299670692, 0.5391061452513967, 0.4561611374407583, 0.4322981366459627], "0.975": [0.35247524752475246, 0.2897959183673469, 0.49783080260303686, 0.5947368421052631]}}}