{"just_main and just_main+just_spurious": {"cdep-tt": {"0.025": [0.06593406593406594, 0.14285714285714285, 0.12087912087912088, 0.14285714285714285], "0.05": [0.11538461538461539, 0.0989010989010989, 0.04395604395604396, 0.0989010989010989], "0.1": [0.06043956043956044, 0.0989010989010989, 0.07142857142857142, 0.09340659340659341], "0.2": [0.038461538461538464, 0.03296703296703297, 0.02197802197802198, 0.04395604395604396], "0.4": [0.02197802197802198, 0.03296703296703297, 0.04395604395604396, 0.06593406593406594], "0.6": [0.027472527472527472, 0.06043956043956044, 0.027472527472527472, 0.04395604395604396], "0.8": [0.09340659340659341, 0.14835164835164835, 0.13186813186813187, 0.12087912087912088], "0.9": [0.12087912087912088, 0.12087912087912088, 0.11538461538461539, 0.12637362637362637], "0.95": [0.21428571428571427, 0.17582417582417584, 0.16483516483516483, 0.1978021978021978], "0.975": [0.23076923076923078, 0.2087912087912088, 0.19230769230769232, 0.24725274725274726]}, "fs-tune": {"0.025": [0.15384615384615385, 0.14285714285714285, 0.16483516483516483, 0.16483516483516483], "0.05": [0.08791208791208792, 0.11538461538461539, 0.0989010989010989, 0.06593406593406594], "0.1": [0.13186813186813187, 0.06593406593406594, 0.07142857142857142, 0.0989010989010989], "0.2": [0.054945054945054944, 0.0989010989010989, 0.038461538461538464, 0.08791208791208792], "0.4": [0.06043956043956044, 0.07142857142857142, 0.04395604395604396, 0.03296703296703297], "0.6": [0.054945054945054944, 0.09340659340659341, 0.06043956043956044, 0.10989010989010989], "0.8": [0.14285714285714285, 0.14835164835164835, 0.14835164835164835, 0.17032967032967034], "0.9": [0.14285714285714285, 0.15934065934065933, 0.19230769230769232, 0.12637362637362637], "0.95": [0.18681318681318682, 0.1813186813186813, 0.23076923076923078, 0.15934065934065933], "0.975": [0.18681318681318682, 0.26373626373626374, 0.22527472527472528, 0.21428571428571427]}, "gs-tt": {"0.025": [0.25824175824175827, 0.1978021978021978, 0.09340659340659341, 0.10989010989010989], "0.05": [0.12637362637362637, 0.1813186813186813, 0.1043956043956044, 0.18681318681318682], "0.1": [0.12087912087912088, 0.12637362637362637, 0.1813186813186813, 0.10989010989010989], "0.2": [0.07142857142857142, 0.09340659340659341, 0.06043956043956044, 0.15384615384615385], "0.4": [0.08791208791208792, 0.08791208791208792, 0.06593406593406594, 0.054945054945054944], "0.6": [0.038461538461538464, 0.07142857142857142, 0.027472527472527472, 0.04945054945054945], "0.8": [0.13186813186813187, 0.06593406593406594, 0.12637362637362637, 0.10989010989010989], "0.9": [0.11538461538461539, 0.13736263736263737, 0.14285714285714285, 0.15934065934065933], "0.95": [0.15384615384615385, 0.14285714285714285, 0.12087912087912088, 0.13186813186813187], "0.975": [0.21428571428571427, 0.19230769230769232, 0.18681318681318682, 0.17582417582417584]}, "initial-tune": {"0.025": [0.23626373626373626, 0.25274725274725274, 0.08791208791208792, 0.15934065934065933], "0.05": [0.15934065934065933, 0.14285714285714285, 0.12087912087912088, 0.15384615384615385], "0.1": [0.08241758241758242, 0.09340659340659341, 0.14285714285714285, 0.14285714285714285], "0.2": [0.04395604395604396, 0.07142857142857142, 0.04945054945054945, 0.054945054945054944], "0.4": [0.06043956043956044, 0.04395604395604396, 0.04395604395604396, 0.04395604395604396], "0.6": [0.06593406593406594, 0.08791208791208792, 0.06593406593406594, 0.03296703296703297], "0.8": [0.15384615384615385, 0.15384615384615385, 0.13736263736263737, 0.14835164835164835], "0.9": [0.14285714285714285, 0.1978021978021978, 0.19230769230769232, 0.1813186813186813], "0.95": [0.2087912087912088, 0.1978021978021978, 0.16483516483516483, 0.25274725274725274], "0.975": [0.24725274725274726, 0.24175824175824176, 0.2802197802197802, 0.24725274725274726]}, "minimal-tune": {"0.025": [0.06593406593406594, 0.04395604395604396, 0.06043956043956044, 0.054945054945054944], "0.05": [0.04395604395604396, 0.02197802197802198, 0.02197802197802198, 0.027472527472527472], "0.1": [0.005494505494505495, 0.08791208791208792, 0.03296703296703297, 0.0989010989010989], "0.2": [0.08241758241758242, 0.04395604395604396, 0.04945054945054945, 0.027472527472527472], "0.4": [0.04395604395604396, 0.07142857142857142, 0.03296703296703297, 0.04945054945054945], "0.6": [0.07692307692307693, 0.10989010989010989, 0.054945054945054944, 0.10989010989010989], "0.8": [0.0989010989010989, 0.14285714285714285, 0.11538461538461539, 0.0989010989010989], "0.9": [0.15934065934065933, 0.18681318681318682, 0.13736263736263737, 0.14285714285714285], "0.95": [0.17032967032967034, 0.13736263736263737, 0.13736263736263737, 0.15384615384615385], "0.975": [0.14835164835164835, 0.15934065934065933, 0.18681318681318682, 0.15384615384615385]}, "rrr-tune": {"0.025": [0.17032967032967034, 0.16483516483516483, 0.15384615384615385, 0.1813186813186813], "0.05": [0.22527472527472528, 0.12637362637362637, 0.17032967032967034, 0.1978021978021978], "0.1": [0.09340659340659341, 0.07692307692307693, 0.17582417582417584, 0.04945054945054945], "0.2": [0.14285714285714285, 0.13736263736263737, 0.11538461538461539, 0.10989010989010989], "0.4": [0.054945054945054944, 0.054945054945054944, 0.06043956043956044, 0.07142857142857142], "0.6": [0.04395604395604396, 0.06043956043956044, 0.038461538461538464, 0.027472527472527472], "0.8": [0.0989010989010989, 0.0989010989010989, 0.11538461538461539, 0.09340659340659341], "0.9": [0.14835164835164835, 0.12637362637362637, 0.19230769230769232, 0.10989010989010989], "0.95": [0.23076923076923078, 0.15934065934065933, 0.08241758241758242, 0.21428571428571427], "0.975": [0.1813186813186813, 0.18681318681318682, 0.14285714285714285, 0.1978021978021978]}}, "just_spurious and just_spurious+just_main": {"cdep-tt": {"0.025": [0.274, 0.27, 0.254, 0.25], "0.05": [0.236, 0.278, 0.324, 0.272], "0.1": [0.256, 0.308, 0.28, 0.276], "0.2": [0.31, 0.27, 0.304, 0.258], "0.4": [0.236, 0.246, 0.3, 0.24], "0.6": [0.264, 0.224, 0.218, 0.234], "0.8": [0.194, 0.178, 0.186, 0.182], "0.9": [0.174, 0.192, 0.192, 0.142], "0.95": [0.118, 0.126, 0.162, 0.134], "0.975": [0.168, 0.142, 0.138, 0.114]}, "fs-tune": {"0.025": [0.256, 0.298, 0.264, 0.212], "0.05": [0.268, 0.254, 0.272, 0.27], "0.1": [0.248, 0.286, 0.312, 0.282], "0.2": [0.246, 0.198, 0.296, 0.222], "0.4": [0.232, 0.25, 0.22, 0.222], "0.6": [0.194, 0.152, 0.192, 0.206], "0.8": [0.178, 0.118, 0.114, 0.1], "0.9": [0.148, 0.142, 0.128, 0.122], "0.95": [0.13, 0.106, 0.132, 0.098], "0.975": [0.16, 0.14, 0.142, 0.138]}, "gs-tt": {"0.025": [0.128, 0.206, 0.31, 0.272], "0.05": [0.298, 0.21, 0.298, 0.204], "0.1": [0.218, 0.268, 0.192, 0.256], "0.2": [0.286, 0.232, 0.294, 0.138], "0.4": [0.22, 0.25, 0.266, 0.29], "0.6": [0.308, 0.238, 0.222, 0.3], "0.8": [0.194, 0.242, 0.206, 0.202], "0.9": [0.162, 0.156, 0.19, 0.148], "0.95": [0.11, 0.148, 0.26, 0.176], "0.975": [0.142, 0.162, 0.12, 0.132]}, "initial-tune": {"0.025": [0.154, 0.158, 0.248, 0.242], "0.05": [0.176, 0.21, 0.24, 0.184], "0.1": [0.244, 0.3, 0.22, 0.222], "0.2": [0.272, 0.238, 0.304, 0.204], "0.4": [0.218, 0.238, 0.25, 0.2], "0.6": [0.206, 0.206, 0.15, 0.244], "0.8": [0.168, 0.168, 0.144, 0.178], "0.9": [0.152, 0.128, 0.152, 0.14], "0.95": [0.072, 0.102, 0.158, 0.144], "0.975": [0.13, 0.146, 0.148, 0.124]}, "minimal-tune": {"0.025": [0.518, 0.528, 0.55, 0.492], "0.05": [0.45, 0.48, 0.51, 0.522], "0.1": [0.46, 0.468, 0.508, 0.488], "0.2": [0.398, 0.466, 0.478, 0.344], "0.4": [0.334, 0.298, 0.314, 0.372], "0.6": [0.194, 0.186, 0.23, 0.224], "0.8": [0.192, 0.154, 0.188, 0.142], "0.9": [0.14, 0.102, 0.176, 0.134], "0.95": [0.128, 0.128, 0.148, 0.128], "0.975": [0.15, 0.136, 0.138, 0.16]}, "rrr-tune": {"0.025": [0.27, 0.22, 0.222, 0.228], "0.05": [0.23, 0.22, 0.222, 0.224], "0.1": [0.226, 0.27, 0.176, 0.3], "0.2": [0.196, 0.216, 0.218, 0.228], "0.4": [0.242, 0.216, 0.252, 0.252], "0.6": [0.184, 0.158, 0.21, 0.216], "0.8": [0.178, 0.126, 0.152, 0.164], "0.9": [0.138, 0.188, 0.118, 0.206],