{"orig": 1.0, "dog-sheep/both-main/box": 0.223421111702919, "dog-sheep/neither+spurious": 0.9586189389228821, "dog-sheep/just_main+spurious": 0.7820858359336853, "dog-sheep/just_spurious+main": 0.5847519636154175}