{"orig": 1.0, "fork-dining+table/both-spurious/box": 0.34045934677124023, "fork-dining+table/both-main/box": 0.9178662300109863, "fork-dining+table/neither+main": 0.008410031907260418, "fork-dining+table/neither+spurious": 0.5335568189620972}