{"both and both-inverse": {"careful-tune": {"0.5": [0.4542372881355932, 0.7578947368421053, 0.6241610738255033, 0.8185185185185185], "0.6": [0.5789473684210527, 0.770764119601329, 0.3901639344262295, 0.5949820788530465], "0.7": [0.6119402985074627, 0.6619718309859155, 0.6724137931034483, 0.5648854961832062], "0.8": [0.7189542483660131, 0.6435643564356436, 0.4883720930232558, 0.7410071942446043], "0.9": [0.7302631578947368, 0.737012987012987, 0.7202572347266881, 0.6898954703832753], "0.95": [0.5125786163522013, 0.590625, 0.6456953642384106, 0.5533980582524272], "0.975": [0.7582781456953642, 0.5784615384615385, 0.5372670807453416, 0.6644295302013423]}, "initial-tune": {"0.5": [0.7481481481481481, 0.6442953020134228, 0.6453900709219859, 0.6956521739130435], "0.6": [0.6073825503355704, 0.7866666666666666, 0.6779661016949152, 0.5643564356435643], "0.7": [0.37770897832817335, 0.3560371517027864, 0.6033333333333334, 0.425531914893617], "0.8": [0.3674698795180723, 0.3042168674698795, 0.3003003003003003, 0.254601226993865], "0.9": [0.3525835866261398, 0.21597633136094674, 0.24404761904761904, 0.17365269461077845], "0.95": [0.2672672672672673, 0.18584070796460178, 0.2005813953488372, 0.15835777126099707], "0.975": [0.17058823529411765, 0.20527859237536658, 0.15339233038348082, 0.14925373134328357]}}, "both and main-inverse": {"careful-tune": {"0.5": [0.8169491525423729, 0.9368421052631579, 0.8926174496644296, 0.9851851851851852], "0.6": [0.03859649122807018, 0.3388704318936877, 0.009836065573770493, 0.4910394265232975], "0.7": [0.06343283582089553, 0.02464788732394366, 0.06551724137931035, 0.026717557251908396], "0.8": [0.16013071895424835, 0.0033003300330033004, 0.0, 0.0539568345323741], "0.9": [0.009868421052631578, 0.022727272727272728, 0.02572347266881029, 0.024390243902439025], "0.95": [0.0, 0.003125, 0.016556291390728478, 0.0], "0.975": [0.10264900662251655, 0.012307692307692308, 0.003105590062111801, 0.016778523489932886]}, "initial-tune": {"0.5": [0.9666666666666667, 0.9295302013422819, 0.8297872340425532, 0.9601449275362319], "0.6": [0.9161073825503355, 0.98, 0.9966101694915255, 0.9636963696369637], "0.7": [0.8606811145510835, 0.9318885448916409, 0.97, 0.993920972644377], "0.8": [0.9397590361445783, 0.9186746987951807, 0.9459459459459459, 0.9202453987730062], "0.9": [0.9848024316109423, 0.9792899408284024, 0.9494047619047619, 0.9550898203592815], "0.95": [1.0, 0.9616519174041298, 0.9563953488372093, 0.967741935483871], "0.975": [0.9735294117647059, 0.9941348973607038, 0.9882005899705014, 0.9850746268656716]}}, "both and spurious-inverse": {"careful-tune": {"0.5": [0.7016949152542373, 0.8701754385964913, 0.7919463087248322, 0.8962962962962963], "0.6": [0.6140350877192983, 0.8239202657807309, 0.49836065573770494, 0.7670250896057348], "0.7": [0.6268656716417911, 0.6514084507042254, 0.7, 0.5954198473282443], "0.8": [0.7516339869281046, 0.6534653465346535, 0.46179401993355484, 0.7589928057553957], "0.9": [0.7697368421052632, 0.7564935064935064, 0.7620578778135049, 0.686411149825784], "0.95": [0.4968553459119497, 0.5875, 0.7086092715231788, 0.5372168284789643], "0.975": [0.7715231788079471, 0.5907692307692308, 0.5745341614906833, 0.674496644295302]}, "initial-tune": {"0.5": [0.8592592592592593, 0.8087248322147651, 0.8156028368794326, 0.8586956521739131], "0.6": [0.8154362416107382, 0.9, 0.8169491525423729, 0.7788778877887789], "0.7": [0.5851393188854489, 0.5479876160990712, 0.78, 0.5866261398176292], "0.8": [0.5271084337349398, 0.4397590361445783, 0.5015015015015015, 0.44171779141104295], "0.9": [0.49848024316109424, 0.33727810650887574, 0.36607142857142855, 0.2844311377245509], "0.95": [0.34534534534534533, 0.26253687315634217, 0.26744186046511625, 0.2434017595307918], "0.975": [0.25, 0.2668621700879765, 0.20353982300884957, 0.21492537313432836]}}, "just_main and main-inverse": {"careful-tune": {"0.5": [0.702247191011236, 0.893048128342246, 0.7849462365591398, 0.9508196721311475], "0.6": [0.11180124223602485, 0.3522727272727273, 0.05813953488372093, 0.4634146341463415], "0.7": [0.09146341463414634, 0.041176470588235294, 0.07317073170731707, 0.012658227848101266], "0.8": [0.1870967741935484, 0.006369426751592357, 0.005952380952380952, 0.11805555555555555], "0.9": [0.008130081300813009, 0.05806451612903226, 0.055944055944055944, 0.07042253521126761], "0.95": [0.007575757575757576, 0.0, 0.00909090909090909, 0.0], "0.975": [0.07339449541284404, 0.022556390977443608, 0.0196078431372549, 0.010752688172043012]}, "initial-tune": {"0.5": [0.9069767441860465, 0.8793103448275862, 0.7182320441988951, 0.9341317365269461], "0.6": [0.8545454545454545, 0.9534883720930233, 0.9813664596273292, 0.9503105590062112], "0.7": [0.7621621621621621, 0.8407643312101911, 0.9463087248322147, 0.9651162790697675], "0.8": [0.8835616438356164, 0.8648648648648649, 0.9019607843137255, 0.8589743589743589], "0.9": [0.9925373134328358, 0.928, 0.9047619047619048, 0.8771929824561403], "0.95": [1.0, 0.9306930693069307, 0.9099099099099099, 0.9459459459459459], "0.975": [0.9789473684210527, 0.9702970297029703, 0.958904109589041, 0.9583333333333334]}}, "just_spurious and spurious-inverse": {"careful-tune": {"0.5": [0.7403846153846154, 0.9139941690962099, 0.8534246575342466, 0.9289340101522843], "0.6": [0.6246006389776357, 0.7606951871657754, 0.45157232704402517, 0.739202657807309], "0.7": [0.6414762741652021, 0.6427566807313643, 0.6720588235294118, 0.5267558528428093], "0.8": [0.7102342786683107, 0.5961538461538461, 0.4412532637075718, 0.7050898203592815], "0.9": [0.7451428571428571, 0.6925675675675675, 0.7110655737704918, 0.6401468788249693], "0.95": [0.3892988929889299, 0.4854111405835544, 0.6789189189189189, 0.4989177489177489], "0.975": [0.7790055248618785, 0.5328532853285328, 0.5388888888888889, 0.7022274325908558]}, "initial-tune": {"0.5": [0.9288135593220339, 0.8394886363636364, 0.85625, 0.9038142620232172], "0.6": [0.8254847645429363, 0.9185082872928176, 0.831989247311828, 0.804726368159204], "0.7": [0.6588983050847458, 0.6079734219269103, 0.831275720164609, 0.6795224977043158], "0.8": [0.6498545101842871, 0.5824884792626728, 0.5840537944284342, 0.5596421471172962], "0.9": [0.5774253731343284, 0.45036496350364963, 0.4361111111111111, 0.35124905374716126], "0.95": [0.46497764530551416, 0.32597105864432596, 0.32468495181616014, 0.3142857142857143], "0.975": [0.3216494845360825, 0.3361884368308351, 0.26901408450704223, 0.2621428571428571]}}}