{"both and spurious-box": {"careful-tune": {"0.5": [0.08813559322033898, 0.1368421052631579, 0.18456375838926176, 0.21481481481481482], "0.6": [0.10526315789473684, 0.09966777408637874, 0.009836065573770493, 0.03225806451612903], "0.7": [0.06716417910447761, 0.06690140845070422, 0.1, 0.03816793893129771], "0.8": [0.11764705882352941, 0.07920792079207921, 0.04983388704318937, 0.10071942446043165], "0.9": [0.07236842105263158, 0.06168831168831169, 0.08038585209003216, 0.09407665505226481], "0.95": [0.05660377358490566, 0.05625, 0.0695364238410596, 0.022653721682847898], "0.975": [0.04966887417218543, 0.07076923076923076, 0.037267080745341616, 0.016778523489932886]}, "initial-tune": {"0.5": [0.17407407407407408, 0.1644295302013423, 0.1524822695035461, 0.18840579710144928], "0.6": [0.2785234899328859, 0.2833333333333333, 0.2745762711864407, 0.31353135313531355], "0.7": [0.12693498452012383, 0.2476780185758514, 0.31666666666666665, 0.3100303951367781], "0.8": [0.33433734939759036, 0.3132530120481928, 0.2972972972972973, 0.22392638036809817], "0.9": [0.41641337386018235, 0.34023668639053256, 0.35119047619047616, 0.39221556886227543], "0.95": [0.4774774774774775, 0.4277286135693215, 0.35755813953488375, 0.41935483870967744], "0.975": [0.4588235294117647, 0.49560117302052786, 0.5457227138643068, 0.4507462686567164]}}, "both and spurious-pixel-paint": {"careful-tune": {"0.5": [0.14915254237288136, 0.12280701754385964, 0.15771812080536912, 0.12222222222222222], "0.6": [0.12982456140350876, 0.14285714285714285, 0.15737704918032788, 0.22939068100358423], "0.7": [0.17164179104477612, 0.12323943661971831, 0.1482758620689655, 0.13740458015267176], "0.8": [0.1830065359477124, 0.23432343234323433, 0.18604651162790697, 0.15467625899280577], "0.9": [0.28618421052631576, 0.21428571428571427, 0.21221864951768488, 0.14634146341463414], "0.95": [0.15723270440251572, 0.203125, 0.3211920529801324, 0.2815533980582524], "0.975": [0.347682119205298, 0.20615384615384616, 0.27639751552795033, 0.2684563758389262]}, "initial-tune": {"0.5": [0.17777777777777778, 0.17114093959731544, 0.1702127659574468, 0.17028985507246377], "0.6": [0.21140939597315436, 0.17666666666666667, 0.24067796610169492, 0.22442244224422442], "0.7": [0.1393188854489164, 0.19814241486068113, 0.25333333333333335, 0.1762917933130699], "0.8": [0.18373493975903615, 0.18373493975903615, 0.21621621621621623, 0.2392638036809816], "0.9": [0.23404255319148937, 0.16568047337278108, 0.27380952380952384, 0.20359281437125748], "0.95": [0.3063063063063063, 0.25663716814159293, 0.24127906976744187, 0.21994134897360704], "0.975": [0.19117647058823528, 0.2991202346041056, 0.2920353982300885, 0.31343283582089554]}}, "just_spurious and spurious-box": {"careful-tune": {"0.5": [0.1978021978021978, 0.20845481049562684, 0.30273972602739724, 0.3248730964467005], "0.6": [0.1757188498402556, 0.20855614973262032, 0.07044025157232704, 0.10465116279069768], "0.7": [0.1546572934973638, 0.170182841068917, 0.20588235294117646, 0.14381270903010032], "0.8": [0.2404438964241677, 0.16153846153846155, 0.13315926892950392, 0.19011976047904192], "0.9": [0.11314285714285714, 0.15765765765765766, 0.1444672131147541, 0.17258261933904528], "0.95": [0.1070110701107011, 0.10698496905393456, 0.14270270270270272, 0.08441558441558442], "0.975": [0.10165745856353592, 0.10081008100810081, 0.06944444444444445, 0.07033997655334115]}, "initial-tune": {"0.5": [0.26949152542372884, 0.29261363636363635, 0.240625, 0.31840796019900497], "0.6": [0.40166204986149584, 0.4516574585635359, 0.46236559139784944, 0.5124378109452736], "0.7": [0.1896186440677966, 0.4130675526024363, 0.4732510288065844, 0.5280073461891643], "0.8": [0.577109602327837, 0.5511520737327189, 0.494716618635927, 0.4532803180914513], "0.9": [0.6203358208955224, 0.6262773722627737, 0.600925925925926, 0.6714610143830432], "0.95": [0.6855439642324889, 0.6892612338156893, 0.670126019273536, 0.6928571428571428], "0.975": [0.7147766323024055, 0.7573162027123483, 0.7880281690140845, 0.7442857142857143]}}, "just_spurious and spurious-pixel-paint": {"careful-tune": {"0.5": [0.3543956043956044, 0.23469387755102042, 0.30273972602739724, 0.24196277495769883], "0.6": [0.33706070287539935, 0.23529411764705882, 0.3031446540880503, 0.4053156146179402], "0.7": [0.3110720562390158, 0.2812939521800281, 0.2911764705882353, 0.3528428093645485], "0.8": [0.39457459926017263, 0.4653846153846154, 0.36553524804177545, 0.37425149700598803], "0.9": [0.5771428571428572, 0.481981981981982, 0.4702868852459016, 0.39412484700122397], "0.95": [0.4483394833948339, 0.51105216622458, 0.614054054054054, 0.5616883116883117], "0.975": [0.6232044198895028, 0.47794779477947796, 0.5666666666666667, 0.5615474794841735]}, "initial-tune": {"0.5": [0.30677966101694915, 0.3096590909090909, 0.2796875, 0.351575456053068], "0.6": [0.3656509695290859, 0.31215469613259667, 0.4368279569892473, 0.4465174129353234], "0.7": [0.2754237288135593, 0.3997785160575858, 0.42661179698216734, 0.411386593204775], "0.8": [0.4005819592628516, 0.4119815668202765, 0.43419788664745435, 0.47514910536779326], "0.9": [0.49347014925373134, 0.4708029197080292, 0.5333333333333333, 0.5367146101438305], "0.95": [0.5983606557377049, 0.5392231530845393, 0.5744996293550778, 0.5414285714285715], "0.975": [0.49759450171821307, 0.6202712348322627, 0.5957746478873239, 0.6328571428571429]}}}