{"both and main-box": {"careful-tune": {"0.5": [0.02711864406779661, 0.05263157894736842, 0.06040268456375839, 0.040740740740740744], "0.6": [0.43508771929824563, 0.32558139534883723, 0.12786885245901639, 0.13261648745519714], "0.7": [0.48134328358208955, 0.5809859154929577, 0.6758620689655173, 0.6450381679389313], "0.8": [0.7156862745098039, 0.6204620462046204, 0.6877076411960132, 0.7553956834532374], "0.9": [0.7532894736842105, 0.8116883116883117, 0.7459807073954984, 0.7909407665505227], "0.95": [0.7421383647798742, 0.75625, 0.7516556291390728, 0.7508090614886731], "0.975": [0.7847682119205298, 0.76, 0.7298136645962733, 0.7315436241610739]}, "initial-tune": {"0.5": [0.06296296296296296, 0.040268456375838924, 0.0673758865248227, 0.043478260869565216], "0.6": [0.040268456375838924, 0.05, 0.04067796610169491, 0.0165016501650165], "0.7": [0.006191950464396285, 0.02476780185758514, 0.03666666666666667, 0.02127659574468085], "0.8": [0.0391566265060241, 0.030120481927710843, 0.042042042042042045, 0.03987730061349693], "0.9": [0.015197568389057751, 0.014792899408284023, 0.020833333333333332, 0.017964071856287425], "0.95": [0.015015015015015015, 0.014749262536873156, 0.01744186046511628, 0.01466275659824047], "0.975": [0.014705882352941176, 0.008797653958944282, 0.02359882005899705, 0.020895522388059702]}}, "both and main-pixel-paint": {"careful-tune": {"0.5": [0.04745762711864407, 0.0456140350877193, 0.07046979865771812, 0.05185185185185185], "0.6": [0.07719298245614035, 0.059800664451827246, 0.08196721311475409, 0.08602150537634409], "0.7": [0.12686567164179105, 0.08450704225352113, 0.07931034482758621, 0.14122137404580154], "0.8": [0.0718954248366013, 0.10561056105610561, 0.11295681063122924, 0.08273381294964029], "0.9": [0.08223684210526316, 0.06493506493506493, 0.06430868167202572, 0.06620209059233449], "0.95": [0.05345911949685535, 0.0375, 0.07947019867549669, 0.07119741100323625], "0.975": [0.10264900662251655, 0.046153846153846156, 0.09937888198757763, 0.1174496644295302]}, "initial-tune": {"0.5": [0.09259259259259259, 0.050335570469798654, 0.0673758865248227, 0.06884057971014493], "0.6": [0.050335570469798654, 0.05333333333333334, 0.06779661016949153, 0.039603960396039604], "0.7": [0.015479876160990712, 0.021671826625386997, 0.06, 0.0243161094224924], "0.8": [0.03614457831325301, 0.04216867469879518, 0.03903903903903904, 0.049079754601226995], "0.9": [0.0182370820668693, 0.011834319526627219, 0.044642857142857144, 0.020958083832335328], "0.95": [0.03003003003003003, 0.02064896755162242, 0.03488372093023256, 0.008797653958944282], "0.975": [0.014705882352941176, 0.02932551319648094, 0.017699115044247787, 0.029850746268656716]}}, "just_main and main-box": {"careful-tune": {"0.5": [0.07303370786516854, 0.06951871657754011, 0.0913978494623656, 0.09289617486338798], "0.6": [0.391304347826087, 0.23863636363636365, 0.0755813953488372, 0.06097560975609756], "0.7": [0.34146341463414637, 0.3764705882352941, 0.4451219512195122, 0.3860759493670886], "0.8": [0.6193548387096774, 0.4012738853503185, 0.4583333333333333, 0.6597222222222222], "0.9": [0.5934959349593496, 0.5806451612903226, 0.5454545454545454, 0.5845070422535211], "0.95": [0.5454545454545454, 0.6190476190476191, 0.6727272727272727, 0.3925925925925926], "0.975": [0.5779816513761468, 0.5864661654135338, 0.5686274509803921, 0.5591397849462365]}, "initial-tune": {"0.5": [0.09302325581395349, 0.06896551724137931, 0.09944751381215469, 0.11377245508982035], "0.6": [0.13333333333333333, 0.09883720930232558, 0.07453416149068323, 0.13043478260869565], "0.7": [0.043243243243243246, 0.11464968152866242, 0.087248322147651, 0.18023255813953487], "0.8": [0.17123287671232876, 0.19594594594594594, 0.1437908496732026, 0.1346153846153846], "0.9": [0.13432835820895522, 0.224, 0.14285714285714285, 0.22807017543859648], "0.95": [0.25, 0.1485148514851485, 0.1891891891891892, 0.21621621621621623], "0.975": [0.14736842105263157, 0.24752475247524752, 0.3013698630136986, 0.19444444444444445]}}, "just_main and main-pixel-paint": {"careful-tune": {"0.5": [0.1348314606741573, 0.0962566844919786, 0.0913978494623656, 0.11475409836065574], "0.6": [0.13043478260869565, 0.125, 0.11627906976744186, 0.12195121951219512], "0.7": [0.14634146341463414, 0.12941176470588237, 0.12195121951219512, 0.20253164556962025], "0.8": [0.16129032258064516, 0.2356687898089172, 0.19047619047619047, 0.2569444444444444], "0.9": [0.3008130081300813, 0.23225806451612904, 0.1958041958041958, 0.23943661971830985], "0.95": [0.23484848484848486, 0.24761904761904763, 0.3090909090909091, 0.26666666666666666], "0.975": [0.3211009174311927, 0.2556390977443609, 0.24509803921568626, 0.34408602150537637]}, "initial-tune": {"0.5": [0.12209302325581395, 0.1206896551724138, 0.11049723756906077, 0.11377245508982035], "0.6": [0.12121212121212122, 0.09302325581395349, 0.09937888198757763, 0.15527950310559005], "0.7": [0.06486486486486487, 0.11464968152866242, 0.09395973154362416, 0.13953488372093023], "0.8": [0.10273972602739725, 0.14189189189189189, 0.1437908496732026, 0.14743589743589744], "0.9": [0.12686567164179105, 0.184, 0.1292517006802721, 0.14912280701754385], "0.95": [0.21052631578947367, 0.09900990099009901, 0.15315315315315314, 0.11711711711711711], "0.975": [0.06315789473684211, 0.16831683168316833, 0.1780821917808219, 0.1527777777777778]}}}