{"both": 0.6666666666666666, "just_main": 0.5, "just_spurious": 0.65, "neither": 0.89, "average": 0.6766666666666666}