{"both": 0.8985507246376812, "just_main": 0.31976744186046513, "just_spurious": 0.436, "neither": 0.932, "average": 0.6465795416245366}