{"both": 0.8840579710144928, "just_main": 0.3313953488372093, "just_spurious": 0.558, "neither": 0.93, "average": 0.6758633299629255}