{"B2M": 0.06390780210494995, "B2S": 0.005057426169514656, "M2N": 8.232907566707581e-05, "S2N": 0.0026513405609875917, "N2M": 0.0, "N2S": 0.9901937246322632, "M2B": 0.9572213292121887, "S2B": 0.878410279750824}