{"both": 0.8647342995169082, "just_main": 0.36627906976744184, "just_spurious": 0.522, "neither": 0.942, "average": 0.6737533423210875}