{"B2M": 0.374845869297164, "B2S": 0.374845869297164}