{"B2M": 0.5334579944610596, "B2S": 0.8733982443809509, "M2N": 0.0, "S2N": 0.9637826681137085, "N2M": 0.01395991537719965, "N2S": 0.9322185516357422, "M2B": 0.0, "S2B": 0.0}