{"both": 0.8792270531400966, "just_main": 0.37790697674418605, "just_spurious": 0.488, "neither": 0.914, "average": 0.6647835074710707}