{"both": 0.9371980676328503, "just_main": 0.5872093023255814, "just_spurious": 0.44, "neither": 0.862, "average": 0.7066018424896079}