{"B2M": 0.49967721104621887, "B2S": 0.23682215809822083, "M2N": 0.0, "S2N": 0.013101347722113132, "N2M": 0.030959250405430794, "N2S": 0.0309758298099041, "M2B": 0.0, "S2B": 0.0}