{"both": 0.0821256038647343, "just_main": 0.06395348837209303, "just_spurious": 0.93, "neither": 0.946, "average": 0.5055197730592068}