{"both": 0.9178743961352657, "just_main": 0.3372093023255814, "just_spurious": 0.416, "neither": 0.922, "average": 0.6482709246152117}