{"both": 0.893719806763285, "just_main": 0.42441860465116277, "just_spurious": 0.52, "neither": 0.92, "average": 0.6895346028536119}