{"orig": 1.0, "skis-person/both-spurious/box": 0.5225869417190552, "skis-person/both-main/box": 0.8943923115730286, "skis-person/just_spurious-spurious/box": 0.9772164225578308, "skis-person/neither+main": 0.027062570676207542, "skis-person/neither+spurious": 0.9233365058898926, "skis-person/just_main+spurious": 0.07906461507081985, "skis-person/just_spurious+main": 5.306609455146827e-05}