{"both": 0.927536231884058, "just_main": 0.6627906976744186, "just_spurious": 0.314, "neither": 0.792, "average": 0.6740817323896191}