{"both": 0.9033816425120773, "just_main": 0.27906976744186046, "just_spurious": 0.462, "neither": 0.898, "average": 0.6356128524884844}