{"both": 0.9130434782608695, "just_main": 0.4127906976744186, "just_spurious": 0.472, "neither": 0.906, "average": 0.675958543983822}