{"s_p1": [0.16245968024242827, "both-main/box"], "s_p2": [0.16245968024242827, "both-spurious/box"]}