{"both": 0.6956521739130435, "just_main": 0.11046511627906977, "just_spurious": 0.678, "neither": 0.974, "average": 0.6145293225480284}