{"both": 0.8743961352657005, "just_main": 0.18023255813953487, "just_spurious": 0.496, "neither": 0.948, "average": 0.6246571733513089}