{"orig": 1.0, "frisbee-person/both-spurious/box": 0.2166096419095993, "frisbee-person/both-main/box": 0.39924246072769165, "frisbee-person/just_main-main/box": 0.03537734970450401, "frisbee-person/just_spurious-spurious/box": 0.3447200357913971, "frisbee-person/neither+main": 0.006299030967056751, "frisbee-person/neither+spurious": 0.3069475293159485, "frisbee-dog/both-main/box": 0.1645127832889557, "frisbee-dog/neither+spurious": 0.26964041590690613, "frisbee-dog/just_main+spurious": 0.16126465797424316, "frisbee-dog/just_spurious+main": 0.06940557062625885}