{"both": 0.9516908212560387, "just_main": 0.5872093023255814, "just_spurious": 0.32, "neither": 0.76, "average": 0.654725030895405}