{"both and spurious-box": {"cdep-tt": {"0.025": [0.4055299539170507, 0.4470046082949309, 0.41013824884792627, 0.37327188940092165], "0.05": [0.2304147465437788, 0.28110599078341014, 0.31336405529953915, 0.3548387096774194], "0.1": [0.2073732718894009, 0.18433179723502305, 0.18433179723502305, 0.22119815668202766], "0.2": [0.1382488479262673, 0.16589861751152074, 0.12903225806451613, 0.16589861751152074], "0.4": [0.24423963133640553, 0.23963133640552994, 0.24423963133640553, 0.2534562211981567], "0.6": [0.2350230414746544, 0.2626728110599078, 0.3087557603686636, 0.33640552995391704], "0.8": [0.3317972350230415, 0.3870967741935484, 0.3271889400921659, 0.3686635944700461], "0.9": [0.33640552995391704, 0.34101382488479265, 0.37327188940092165, 0.3456221198156682], "0.95": [0.391705069124424, 0.4009216589861751, 0.3317972350230415, 0.5207373271889401], "0.975": [0.45161290322580644, 0.48847926267281105, 0.4930875576036866, 0.4838709677419355]}, "fs-tune": {"0.025": [0.35023041474654376, 0.30414746543778803, 0.37327188940092165, 0.2488479262672811], "0.05": [0.2119815668202765, 0.2119815668202765, 0.18433179723502305, 0.2534562211981567], "0.1": [0.15668202764976957, 0.1152073732718894, 0.16589861751152074, 0.15668202764976957], "0.2": [0.12442396313364056, 0.10599078341013825, 0.15668202764976957, 0.12442396313364056], "0.4": [0.2995391705069124, 0.29493087557603687, 0.1935483870967742, 0.25806451612903225], "0.6": [0.2764976958525346, 0.3087557603686636, 0.31797235023041476, 0.2672811059907834], "0.8": [0.3824884792626728, 0.3870967741935484, 0.4009216589861751, 0.35023041474654376], "0.9": [0.41935483870967744, 0.4976958525345622, 0.511520737327189, 0.35944700460829493], "0.95": [0.4838709677419355, 0.5069124423963134, 0.4976958525345622, 0.4838709677419355], "0.975": [0.5391705069124424, 0.5391705069124424, 0.5253456221198156, 0.5622119815668203]}, "gs-tt": {"0.025": [0.3778801843317972, 0.3640552995391705, 0.3317972350230415, 0.35023041474654376], "0.05": [0.2304147465437788, 0.2350230414746544, 0.17511520737327188, 0.33640552995391704], "0.1": [0.2350230414746544, 0.16589861751152074, 0.15207373271889402, 0.17050691244239632], "0.2": [0.14285714285714285, 0.1889400921658986, 0.17050691244239632, 0.14746543778801843], "0.4": [0.23963133640552994, 0.2672811059907834, 0.24423963133640553, 0.2857142857142857], "0.6": [0.2488479262672811, 0.33640552995391704, 0.29493087557603687, 0.3548387096774194], "0.8": [0.41935483870967744, 0.511520737327189, 0.3824884792626728, 0.41935483870967744], "0.9": [0.423963133640553, 0.3870967741935484, 0.5299539170506913, 0.2764976958525346], "0.95": [0.5944700460829493, 0.41935483870967744, 0.43317972350230416, 0.4792626728110599], "0.975": [0.6267281105990783, 0.5944700460829493, 0.5391705069124424, 0.4147465437788018]}, "initial-tune": {"0.025": [0.4608294930875576, 0.4930875576036866, 0.4009216589861751, 0.37327188940092165], "0.05": [0.2534562211981567, 0.30414746543778803, 0.3456221198156682, 0.4055299539170507], "0.1": [0.2626728110599078, 0.2073732718894009, 0.17972350230414746, 0.19815668202764977], "0.2": [0.15207373271889402, 0.16129032258064516, 0.15207373271889402, 0.16589861751152074], "0.4": [0.23963133640552994, 0.2626728110599078, 0.2672811059907834, 0.29493087557603687], "0.6": [0.20276497695852536, 0.3225806451612903, 0.3317972350230415, 0.35023041474654376], "0.8": [0.423963133640553, 0.3824884792626728, 0.2995391705069124, 0.45622119815668205], "0.9": [0.5069124423963134, 0.511520737327189, 0.543778801843318, 0.46543778801843316], "0.95": [0.423963133640553, 0.543778801843318, 0.5806451612903226, 0.5990783410138248], "0.975": [0.6405529953917051, 0.5990783410138248, 0.6405529953917051, 0.5529953917050692]}, "minimal-tune": {"0.025": [0.5299539170506913, 0.4423963133640553, 0.5668202764976958, 0.5622119815668203], "0.05": [0.5207373271889401, 0.631336405529954, 0.6036866359447005, 0.7188940092165899], "0.1": [0.6866359447004609, 0.6129032258064516, 0.45622119815668205, 0.6221198156682027], "0.2": [0.7004608294930875, 0.6129032258064516, 0.5852534562211982, 0.5023041474654378], "0.4": [0.45622119815668205, 0.511520737327189, 0.4423963133640553, 0.4838709677419355], "0.6": [0.17050691244239632, 0.11981566820276497, 0.1336405529953917, 0.18433179723502305], "0.8": [0.20276497695852536, 0.1152073732718894, 0.2073732718894009, 0.17972350230414746], "0.9": [0.2119815668202765, 0.16129032258064516, 0.29493087557603687, 0.14746543778801843], "0.95": [0.2119815668202765, 0.22119815668202766, 0.3548387096774194, 0.29493087557603687], "0.975": [0.11981566820276497, 0.17511520737327188, 0.22119815668202766, 0.18433179723502305]}, "rrr-tune": {"0.025": [0.41935483870967744, 0.22580645161290322, 0.12903225806451613, 0.3317972350230415], "0.05": [0.14285714285714285, 0.2626728110599078, 0.17972350230414746, 0.25806451612903225], "0.1": [0.2488479262672811, 0.2073732718894009, 0.271889400921659, 0.17050691244239632], "0.2": [0.17972350230414746, 0.15668202764976957, 0.25806451612903225, 0.16129032258064516], "0.4": [0.3271889400921659, 0.17972350230414746, 0.24423963133640553, 0.2073732718894009], "0.6": [0.3686635944700461, 0.3824884792626728, 0.4147465437788018, 0.2488479262672811], "0.8": [0.3087557603686636, 0.14285714285714285, 0.37327188940092165, 0.5529953917050692], "0.9": [0.2073732718894009, 0.3824884792626728, 0.14746543778801843, 0.22119815668202766], "0.95": [0.19815668202764977, 0.29493087557603687, 0.5207373271889401, 0.45622119815668205], "0.975": [0.4009216589861751, 0.543778801843318, 0.23963133640552994, 0.271889400921659]}}, "both and spurious-pixel-paint": {"cdep-tt": {"0.025": [0.3870967741935484, 0.3870967741935484, 0.3870967741935484, 0.3548387096774194], "0.05": [0.24423963133640553, 0.25806451612903225, 0.29493087557603687, 0.31336405529953915], "0.1": [0.24423963133640553, 0.19815668202764977, 0.24423963133640553, 0.22580645161290322], "0.2": [0.14285714285714285, 0.08294930875576037, 0.11981566820276497, 0.17050691244239632], "0.4": [0.10138248847926268, 0.07834101382488479, 0.10599078341013825, 0.10599078341013825], "0.6": [0.14746543778801843, 0.11059907834101383, 0.11981566820276497, 0.14285714285714285], "0.8": [0.0967741935483871, 0.11059907834101383, 0.11981566820276497, 0.16129032258064516], "0.9": [0.10138248847926268, 0.14746543778801843, 0.1889400921658986, 0.17050691244239632], "0.95": [0.14285714285714285, 0.17050691244239632, 0.15668202764976957, 0.22119815668202766], "0.975": [0.22119815668202766, 0.22580645161290322, 0.22119815668202766, 0.17972350230414746]}, "fs-tune": {"0.025": [0.35023041474654376, 0.2764976958525346, 0.4009216589861751, 0.3271889400921659], "0.05": [0.28110599078341014, 0.2626728110599078, 0.20276497695852536, 0.31797235023041476], "0.1": [0.21658986175115208, 0.16589861751152074, 0.20276497695852536, 0.20276497695852536], "0.2": [0.15207373271889402, 0.14285714285714285, 0.1336405529953917, 0.1336405529953917], "0.4": [0.12442396313364056, 0.16129032258064516, 0.12442396313364056, 0.12903225806451613], "0.6": [0.14285714285714285, 0.1889400921658986, 0.17972350230414746, 0.16129032258064516], "0.8": [0.16129032258064516, 0.12442396313364056, 0.20276497695852536, 0.11981566820276497], "0.9": [0.2073732718894009, 0.22119815668202766, 0.2534562211981567, 0.19815668202764977], "0.95": [0.1935483870967742, 0.20276497695852536, 0.19815668202764977, 0.22119815668202766], "0.975": [0.22580645161290322, 0.2857142857142857, 0.1889400921658986, 0.18433179723502305]}, "gs-tt": {"0.025": [0.34101382488479265, 0.37327188940092165, 0.25806451612903225, 0.3225806451612903], "0.05": [0.28110599078341014, 0.21658986175115208, 0.23963133640552994, 0.2903225806451613], "0.1": [0.22580645161290322, 0.20276497695852536, 0.15668202764976957, 0.1935483870967742], "0.2": [0.14746543778801843, 0.11059907834101383, 0.10599078341013825, 0.16129032258064516], "0.4": [0.14746543778801843, 0.14746543778801843, 0.16589861751152074, 0.14285714285714285],