{"both and main-box": {"careful-tune": {"0.5": [0.016304347826086956, 0.021739130434782608, 0.015873015873015872, 0.01639344262295082], "0.6": [0.006329113924050633, 0.005813953488372093, 0.03314917127071823, 0.006172839506172839], "0.7": [0.016574585635359115, 0.18617021276595744, 0.18023255813953487, 0.21301775147928995], "0.8": [0.3235294117647059, 0.32934131736526945, 0.3202614379084967, 0.2582781456953642], "0.9": [0.3930635838150289, 0.3977272727272727, 0.3372093023255814, 0.36], "0.95": [0.3942857142857143, 0.3181818181818182, 0.3872832369942196, 0.38596491228070173], "0.975": [0.36363636363636365, 0.4, 0.3515151515151515, 0.40588235294117647]}, "initial-tune": {"0.5": [0.010416666666666666, 0.021621621621621623, 0.034482758620689655, 0.015873015873015872], "0.6": [0.01675977653631285, 0.015706806282722512, 0.01639344262295082, 0.015706806282722512], "0.7": [0.0053475935828877, 0.0, 0.015789473684210527, 0.020512820512820513], "0.8": [0.010101010101010102, 0.0053475935828877, 0.010582010582010581, 0.015957446808510637], "0.9": [0.025252525252525252, 0.015, 0.024875621890547265, 0.03015075376884422], "0.95": [0.01020408163265306, 0.015151515151515152, 0.015306122448979591, 0.02040816326530612], "0.975": [0.014925373134328358, 0.009950248756218905, 0.010050251256281407, 0.010101010101010102]}}, "both and main-pixel-paint": {"careful-tune": {"0.5": [0.03804347826086957, 0.043478260869565216, 0.021164021164021163, 0.04371584699453552], "0.6": [0.04430379746835443, 0.01744186046511628, 0.055248618784530384, 0.012345679012345678], "0.7": [0.04419889502762431, 0.0425531914893617, 0.040697674418604654, 0.023668639053254437], "0.8": [0.041176470588235294, 0.029940119760479042, 0.0392156862745098, 0.08609271523178808], "0.9": [0.03468208092485549, 0.03977272727272727, 0.06395348837209303, 0.005714285714285714], "0.95": [0.08, 0.05194805194805195, 0.057803468208092484, 0.04093567251461988], "0.975": [0.0213903743315508, 0.07058823529411765, 0.030303030303030304, 0.047058823529411764]}, "initial-tune": {"0.5": [0.026041666666666668, 0.07567567567567568, 0.06896551724137931, 0.026455026455026454], "0.6": [0.05027932960893855, 0.02617801047120419, 0.03278688524590164, 0.020942408376963352], "0.7": [0.0053475935828877, 0.0051813471502590676, 0.010526315789473684, 0.03076923076923077], "0.8": [0.015151515151515152, 0.0106951871657754, 0.005291005291005291, 0.015957446808510637], "0.9": [0.025252525252525252, 0.025, 0.01990049751243781, 0.04020100502512563], "0.95": [0.00510204081632653, 0.045454545454545456, 0.01020408163265306, 0.015306122448979591], "0.975": [0.024875621890547265, 0.01990049751243781, 0.02512562814070352, 0.020202020202020204]}}, "just_main and main-box": {"careful-tune": {"0.5": [0.060810810810810814, 0.08904109589041095, 0.06338028169014084, 0.051470588235294115], "0.6": [0.008, 0.022058823529411766, 0.050359712230215826, 0.04032258064516129], "0.7": [0.014598540145985401, 0.06766917293233082, 0.1640625, 0.096], "0.8": [0.24545454545454545, 0.25225225225225223, 0.23636363636363636, 0.20175438596491227], "0.9": [0.38095238095238093, 0.4148936170212766, 0.3253012048192771, 0.3137254901960784], "0.95": [0.37362637362637363, 0.2727272727272727, 0.38461538461538464, 0.3], "0.975": [0.3333333333333333, 0.423728813559322, 0.5106382978723404, 0.49230769230769234]}, "initial-tune": {"0.5": [0.0738255033557047, 0.0763888888888889, 0.1079136690647482, 0.07801418439716312], "0.6": [0.07575757575757576, 0.06993006993006994, 0.09701492537313433, 0.09523809523809523], "0.7": [0.05737704918032787, 0.104, 0.07407407407407407, 0.07407407407407407], "0.8": [0.09401709401709402, 0.11304347826086956, 0.0673076923076923, 0.06722689075630252], "0.9": [0.14432989690721648, 0.07920792079207921, 0.07964601769911504, 0.07368421052631578], "0.95": [0.07042253521126761, 0.1875, 0.14457831325301204, 0.0875], "0.975": [0.07575757575757576, 0.0684931506849315, 0.13559322033898305, 0.14814814814814814]}}, "just_main and main-pixel-paint": {"careful-tune": {"0.5": [0.060810810810810814, 0.0821917808219178, 0.056338028169014086, 0.08823529411764706], "0.6": [0.048, 0.058823529411764705, 0.10071942446043165, 0.08064516129032258], "0.7": [0.08029197080291971, 0.06015037593984962, 0.140625, 0.144], "0.8": [0.10909090909090909, 0.15315315315315314, 0.09090909090909091, 0.15789473684210525], "0.9": [0.23809523809523808, 0.10638297872340426, 0.1566265060240964, 0.09803921568627451], "0.95": [0.2087912087912088, 0.18181818181818182, 0.1794871794871795, 0.175], "0.975": [0.07575757575757576, 0.23728813559322035, 0.2127659574468085, 0.15384615384615385]}, "initial-tune": {"0.5": [0.06040268456375839, 0.09027777777777778, 0.10071942446043165, 0.05673758865248227], "0.6": [0.06818181818181818, 0.08391608391608392, 0.04477611940298507, 0.09523809523809523], "0.7": [0.09016393442622951, 0.096, 0.1111111111111111, 0.08888888888888889], "0.8": [0.10256410256410256, 0.12173913043478261, 0.09615384615384616, 0.08403361344537816], "0.9": [0.10309278350515463, 0.10891089108910891, 0.13274336283185842, 0.11578947368421053], "0.95": [0.07042253521126761, 0.2375, 0.10843373493975904, 0.125], "0.975": [0.15151515151515152, 0.1506849315068493, 0.13559322033898305, 0.2222222222222222]}}}