{"both and both-inverse": {"careful-tune": {"0.5": [0.8206521739130435, 0.8369565217391305, 0.8201058201058201, 0.8688524590163934], "0.6": [0.2088607594936709, 0.2441860465116279, 0.143646408839779, 0.21604938271604937], "0.7": [0.03867403314917127, 0.18617021276595744, 0.1686046511627907, 0.2603550295857988], "0.8": [0.14705882352941177, 0.19760479041916168, 0.06535947712418301, 0.2052980132450331], "0.9": [0.12138728323699421, 0.06818181818181818, 0.06976744186046512, 0.12571428571428572], "0.95": [0.04, 0.11688311688311688, 0.057803468208092484, 0.10526315789473684], "0.975": [0.10160427807486631, 0.03529411764705882, 0.11515151515151516, 0.15294117647058825]}, "initial-tune": {"0.5": [0.7291666666666666, 0.8540540540540541, 0.9252873563218391, 0.8042328042328042], "0.6": [0.8212290502793296, 0.7643979057591623, 0.819672131147541, 0.806282722513089], "0.7": [0.7005347593582888, 0.7357512953367875, 0.49473684210526314, 0.6051282051282051], "0.8": [0.4595959595959596, 0.6577540106951871, 0.6666666666666666, 0.5319148936170213], "0.9": [0.4393939393939394, 0.375, 0.46766169154228854, 0.39195979899497485], "0.95": [0.3469387755102041, 0.43434343434343436, 0.44387755102040816, 0.32653061224489793], "0.975": [0.24378109452736318, 0.3034825870646766, 0.3768844221105528, 0.21212121212121213]}}, "both and main-inverse": {"careful-tune": {"0.5": [0.9456521739130435, 0.9402173913043478, 0.9576719576719577, 0.9289617486338798], "0.6": [0.3227848101265823, 0.6627906976744186, 0.11602209944751381, 0.6296296296296297], "0.7": [0.03314917127071823, 0.0, 0.0, 0.01775147928994083], "0.8": [0.0, 0.0, 0.0, 0.2119205298013245], "0.9": [0.017341040462427744, 0.0, 0.0, 0.0], "0.95": [0.0, 0.0, 0.0, 0.0], "0.975": [0.0, 0.0, 0.0, 0.0]}, "initial-tune": {"0.5": [0.9010416666666666, 0.9783783783783784, 0.9482758620689655, 0.9417989417989417], "0.6": [0.9553072625698324, 0.9476439790575916, 0.9672131147540983, 0.9685863874345549], "0.7": [0.9946524064171123, 0.9740932642487047, 0.9789473684210527, 0.9794871794871794], "0.8": [0.98989898989899, 0.9946524064171123, 0.9894179894179894, 0.9787234042553191], "0.9": [1.0, 1.0, 1.0, 1.0], "0.95": [1.0, 1.0, 1.0, 1.0], "0.975": [1.0, 1.0, 1.0, 1.0]}}, "both and spurious-inverse": {"careful-tune": {"0.5": [0.907608695652174, 0.9239130434782609, 0.8941798941798942, 0.9234972677595629], "0.6": [0.3670886075949367, 0.43023255813953487, 0.2430939226519337, 0.38271604938271603], "0.7": [0.0718232044198895, 0.25, 0.20348837209302326, 0.33727810650887574], "0.8": [0.16470588235294117, 0.18562874251497005, 0.0718954248366013, 0.2913907284768212], "0.9": [0.09826589595375723, 0.056818181818181816, 0.0872093023255814, 0.12], "0.95": [0.045714285714285714, 0.11038961038961038, 0.046242774566473986, 0.08771929824561403], "0.975": [0.08021390374331551, 0.041176470588235294, 0.10909090909090909, 0.12941176470588237]}, "initial-tune": {"0.5": [0.8541666666666666, 0.9135135135135135, 0.9770114942528736, 0.91005291005291], "0.6": [0.9106145251396648, 0.8534031413612565, 0.8852459016393442, 0.8952879581151832], "0.7": [0.7807486631016043, 0.7927461139896373, 0.5842105263157895, 0.6974358974358974], "0.8": [0.5606060606060606, 0.7379679144385026, 0.7407407407407407, 0.5957446808510638], "0.9": [0.5, 0.445, 0.5621890547263682, 0.4723618090452261], "0.95": [0.3979591836734694, 0.4797979797979798, 0.49489795918367346, 0.40816326530612246], "0.975": [0.2835820895522388, 0.373134328358209, 0.44221105527638194, 0.29292929292929293]}}, "just_main and main-inverse": {"careful-tune": {"0.5": [0.9459459459459459, 0.9383561643835616, 0.9507042253521126, 0.9411764705882353], "0.6": [0.368, 0.75, 0.1223021582733813, 0.6854838709677419], "0.7": [0.08759124087591241, 0.0, 0.0078125, 0.032], "0.8": [0.0, 0.0, 0.0, 0.30701754385964913], "0.9": [0.0380952380952381, 0.0, 0.0, 0.0], "0.95": [0.0, 0.0, 0.0, 0.0], "0.975": [0.0, 0.0, 0.0, 0.0]}, "initial-tune": {"0.5": [0.9060402684563759, 0.9652777777777778, 0.9568345323741008, 0.9574468085106383], "0.6": [0.9545454545454546, 0.9370629370629371, 0.9701492537313433, 0.9659863945578231], "0.7": [0.9918032786885246, 0.976, 0.9814814814814815, 0.9703703703703703], "0.8": [0.9743589743589743, 0.9739130434782609, 0.9807692307692307, 0.9663865546218487], "0.9": [0.9896907216494846, 1.0, 0.9911504424778761, 1.0], "0.95": [1.0, 1.0, 1.0, 1.0], "0.975": [1.0, 1.0, 1.0, 1.0]}}, "just_spurious and spurious-inverse": {"careful-tune": {"0.5": [0.9301310043668122, 0.9324894514767933, 0.8979591836734694, 0.9232613908872902], "0.6": [0.3730407523510972, 0.48760330578512395, 0.21443736730360935, 0.4362017804154303], "0.7": [0.09561752988047809, 0.3161764705882353, 0.2563600782778865, 0.3731958762886598], "0.8": [0.22111553784860558, 0.27901785714285715, 0.09071729957805907, 0.30114942528735633], "0.9": [0.14670255720053835, 0.09016393442622951, 0.12295081967213115, 0.1588785046728972], "0.95": [0.06200317965023847, 0.13152804642166344, 0.06921944035346098, 0.11428571428571428], "0.975": [0.09232480533926585, 0.06199460916442048, 0.14511494252873564, 0.23734729493891799]}, "initial-tune": {"0.5": [0.8897196261682243, 0.9147982062780269, 0.961340206185567, 0.8948412698412699], "0.6": [0.9182242990654206, 0.8384879725085911, 0.9247706422018349, 0.9001584786053882], "0.7": [0.7798449612403101, 0.7586206896551724, 0.6040462427745664, 0.7243975903614458], "0.8": [0.6481481481481481, 0.7294964028776978, 0.7744063324538258, 0.6811397557666214], "0.9": [0.6, 0.5394495412844037, 0.5749704840613932, 0.54296875], "0.95": [0.4780952380952381, 0.5720680393912265, 0.5539858728557013, 0.44495837187789083], "0.975": [0.4133138258961229, 0.47528187337380745, 0.5475982532751091, 0.37763371150729336]}}}