{"both": 0.8695652173913043, "just_main": 0.22674418604651161, "just_spurious": 0.558, "neither": 0.93, "average": 0.6460773508594541}