{"both": 0.893719806763285, "just_main": 0.31976744186046513, "just_spurious": 0.444, "neither": 0.904, "average": 0.6403718121559375}