{"both and spurious-box": {"initial-transfer": {"0.025": [0.06779661016949153, 0.09322033898305085, 0.06779661016949153, 0.03389830508474576], "0.05": [0.1016949152542373, 0.0847457627118644, 0.06779661016949153, 0.05084745762711865], "0.1": [0.059322033898305086, 0.1016949152542373, 0.0847457627118644, 0.07627118644067797], "0.2": [0.09322033898305085, 0.07627118644067797, 0.1016949152542373, 0.07627118644067797], "0.4": [0.06779661016949153, 0.07627118644067797, 0.05084745762711865, 0.05084745762711865], "0.6": [0.06779661016949153, 0.03389830508474576, 0.07627118644067797, 0.05084745762711865], "0.8": [0.059322033898305086, 0.05084745762711865, 0.06779661016949153, 0.0423728813559322], "0.9": [0.01694915254237288, 0.025423728813559324, 0.025423728813559324, 0.05084745762711865], "0.95": [0.03389830508474576, 0.025423728813559324, 0.07627118644067797, 0.03389830508474576], "0.975": [0.059322033898305086, 0.025423728813559324, 0.03389830508474576, 0.025423728813559324]}, "initial-tune": {"0.025": [0.07627118644067797, 0.059322033898305086, 0.059322033898305086, 0.09322033898305085], "0.05": [0.059322033898305086, 0.059322033898305086, 0.06779661016949153, 0.15254237288135594], "0.1": [0.11864406779661017, 0.0847457627118644, 0.05084745762711865, 0.1016949152542373], "0.2": [0.1016949152542373, 0.09322033898305085, 0.13559322033898305, 0.06779661016949153], "0.4": [0.09322033898305085, 0.059322033898305086, 0.0423728813559322, 0.1016949152542373], "0.6": [0.05084745762711865, 0.06779661016949153, 0.07627118644067797, 0.0423728813559322], "0.8": [0.03389830508474576, 0.0423728813559322, 0.05084745762711865, 0.01694915254237288], "0.9": [0.03389830508474576, 0.03389830508474576, 0.025423728813559324, 0.0423728813559322], "0.95": [0.01694915254237288, 0.03389830508474576, 0.05084745762711865, 0.0423728813559322], "0.975": [0.01694915254237288, 0.059322033898305086, 0.025423728813559324, 0.025423728813559324]}}, "both and spurious-pixel-paint": {"initial-transfer": {"0.025": [0.11016949152542373, 0.1016949152542373, 0.11864406779661017, 0.03389830508474576], "0.05": [0.1271186440677966, 0.059322033898305086, 0.09322033898305085, 0.0847457627118644], "0.1": [0.09322033898305085, 0.11016949152542373, 0.0847457627118644, 0.11864406779661017], "0.2": [0.11016949152542373, 0.06779661016949153, 0.06779661016949153, 0.06779661016949153], "0.4": [0.0847457627118644, 0.06779661016949153, 0.06779661016949153, 0.059322033898305086], "0.6": [0.01694915254237288, 0.0423728813559322, 0.09322033898305085, 0.059322033898305086], "0.8": [0.0423728813559322, 0.03389830508474576, 0.059322033898305086, 0.0423728813559322], "0.9": [0.03389830508474576, 0.059322033898305086, 0.05084745762711865, 0.05084745762711865], "0.95": [0.0423728813559322, 0.0423728813559322, 0.059322033898305086, 0.03389830508474576], "0.975": [0.059322033898305086, 0.03389830508474576, 0.025423728813559324, 0.025423728813559324]}, "initial-tune": {"0.025": [0.0423728813559322, 0.07627118644067797, 0.059322033898305086, 0.059322033898305086], "0.05": [0.1016949152542373, 0.07627118644067797, 0.09322033898305085, 0.0847457627118644], "0.1": [0.1271186440677966, 0.06779661016949153, 0.06779661016949153, 0.1271186440677966], "0.2": [0.09322033898305085, 0.0847457627118644, 0.06779661016949153, 0.09322033898305085], "0.4": [0.0847457627118644, 0.07627118644067797, 0.0847457627118644, 0.0847457627118644], "0.6": [0.1016949152542373, 0.059322033898305086, 0.05084745762711865, 0.05084745762711865], "0.8": [0.059322033898305086, 0.025423728813559324, 0.05084745762711865, 0.01694915254237288], "0.9": [0.059322033898305086, 0.03389830508474576, 0.025423728813559324, 0.0423728813559322], "0.95": [0.03389830508474576, 0.05084745762711865, 0.025423728813559324, 0.025423728813559324], "0.975": [0.025423728813559324, 0.025423728813559324, 0.01694915254237288, 0.0423728813559322]}}, "just_spurious and spurious-box": {"initial-transfer": {"0.025": [0.05514705882352941, 0.058823529411764705, 0.09558823529411764, 0.05514705882352941], "0.05": [0.05514705882352941, 0.04411764705882353, 0.08088235294117647, 0.06985294117647059], "0.1": [0.06985294117647059, 0.06985294117647059, 0.058823529411764705, 0.09558823529411764], "0.2": [0.0625, 0.0625, 0.07352941176470588, 0.0661764705882353], "0.4": [0.051470588235294115, 0.04779411764705882, 0.08088235294117647, 0.07720588235294118], "0.6": [0.07720588235294118, 0.06985294117647059, 0.09926470588235294, 0.06985294117647059], "0.8": [0.07352941176470588, 0.08088235294117647, 0.08823529411764706, 0.09191176470588236], "0.9": [0.07720588235294118, 0.07352941176470588, 0.058823529411764705, 0.06985294117647059], "0.95": [0.04044117647058824, 0.0661764705882353, 0.07720588235294118, 0.07352941176470588], "0.975": [0.0661764705882353, 0.0661764705882353, 0.051470588235294115, 0.058823529411764705]}, "initial-tune": {"0.025": [0.07720588235294118, 0.08088235294117647, 0.06985294117647059, 0.07720588235294118], "0.05": [0.051470588235294115, 0.08088235294117647, 0.05514705882352941, 0.058823529411764705], "0.1": [0.09558823529411764, 0.03676470588235294, 0.051470588235294115, 0.07352941176470588], "0.2": [0.05514705882352941, 0.09191176470588236, 0.08088235294117647, 0.06985294117647059], "0.4": [0.07352941176470588, 0.0625, 0.0625, 0.09926470588235294], "0.6": [0.07352941176470588, 0.0661764705882353, 0.04779411764705882, 0.07352941176470588], "0.8": [0.058823529411764705, 0.07352941176470588, 0.08088235294117647, 0.09926470588235294], "0.9": [0.06985294117647059, 0.07352941176470588, 0.07352941176470588, 0.07720588235294118], "0.95": [0.05514705882352941, 0.0661764705882353, 0.05514705882352941, 0.06985294117647059], "0.975": [0.051470588235294115, 0.0661764705882353, 0.0625, 0.07352941176470588]}}, "just_spurious and spurious-pixel-paint": {"initial-transfer": {"0.025": [0.07352941176470588, 0.09558823529411764, 0.11764705882352941, 0.07352941176470588], "0.05": [0.07352941176470588, 0.09191176470588236, 0.08455882352941177, 0.09926470588235294], "0.1": [0.11397058823529412, 0.09558823529411764, 0.09558823529411764, 0.15073529411764705], "0.2": [0.07720588235294118, 0.07720588235294118, 0.09191176470588236, 0.09191176470588236], "0.4": [0.10294117647058823, 0.07720588235294118, 0.09191176470588236, 0.10661764705882353], "0.6": [0.08088235294117647, 0.12867647058823528, 0.11764705882352941, 0.08823529411764706], "0.8": [0.11029411764705882, 0.10294117647058823, 0.1213235294117647, 0.1213235294117647], "0.9": [0.08455882352941177, 0.1213235294117647, 0.08088235294117647, 0.11397058823529412], "0.95": [0.08088235294117647, 0.08823529411764706, 0.08455882352941177, 0.07720588235294118], "0.975": [0.08455882352941177, 0.04779411764705882, 0.051470588235294115, 0.08455882352941177]}, "initial-tune": {"0.025": [0.07720588235294118, 0.14338235294117646, 0.08823529411764706, 0.0625], "0.05": [0.10661764705882353, 0.09926470588235294, 0.07352941176470588, 0.10294117647058823], "0.1": [0.09191176470588236, 0.08455882352941177, 0.07352941176470588, 0.11397058823529412], "0.2": [0.07352941176470588, 0.10661764705882353, 0.09191176470588236, 0.09558823529411764], "0.4": [0.09926470588235294, 0.08823529411764706, 0.10294117647058823, 0.11764705882352941], "0.6": [0.11397058823529412, 0.11764705882352941, 0.08823529411764706, 0.10294117647058823], "0.8": [0.08455882352941177, 0.08823529411764706, 0.08823529411764706, 0.07720588235294118], "0.9": [0.11764705882352941, 0.08455882352941177, 0.07352941176470588, 0.125], "0.95": [0.09926470588235294, 0.09926470588235294, 0.0625, 0.09926470588235294], "0.975": [0.022058823529411766, 0.04411764705882353, 0.05514705882352941, 0.09926470588235294]}}}