{"both": 0.5458937198067633, "just_main": 0.09883720930232558, "just_spurious": 0.764, "neither": 0.988, "average": 0.5991827322772723}