{"both": 0.9323671497584541, "just_main": 0.4476744186046512, "just_spurious": 0.436, "neither": 0.89, "average": 0.6765103920907763}