{"B2M": 0.0, "B2S": 0.0, "M2N": 0.48706597089767456, "S2N": 0.48706597089767456, "N2M": 0.0, "N2S": 0.0, "M2B": 0.48706597089767456, "S2B": 0.48706597089767456}