{"both": 0.782608695652174, "just_main": 0.1569767441860465, "just_spurious": 0.508, "neither": 0.974, "average": 0.6053963599595551}