{"orig": 1.0, "couch-person/neither+spurious": 0.00737457079800432, "couch-person/just_main+spurious": 0.17529358158859376}