{"orig": 1.0, "broccoli-dining+table-both-spurious-box": 0.41128775477409363, "broccoli-dining+table-both-main-box": 0.16444134712219238, "broccoli-dining+table-just_main-main-box": 0.10104721784591675, "broccoli-dining+table-just_spurious-spurious-box": 0.010934112593531609, "broccoli-dining+table-neither+main": 0.002719057025387883, "broccoli-dining+table-neither+spurious": 0.011285118758678436, "broccoli-dining+table-just_main+spurious": 0.4113372564315796, "broccoli-dining+table-just_spurious+main": 0.04450995847582817}