{"both": 0.48792270531400966, "just_main": 0.4127906976744186, "just_spurious": 0.808, "neither": 0.94, "average": 0.6621783507471071}