{"orig": 1.0, "handbag-person/both-spurious/box": 0.7560339460905762, "handbag-person/both-main/box": 0.7560339460905762}