{"both": 0.6135265700483091, "just_main": 0.14534883720930233, "just_spurious": 0.676, "neither": 0.96, "average": 0.5987188518144029}