{"just_main and just_main+just_spurious": {"initial-tune": {"0.025": [0.18326693227091634, 0.18725099601593626, 0.13147410358565736, 0.2151394422310757, 0.17928286852589642, 0.16334661354581673, 0.19123505976095617, 0.1593625498007968], "0.05": [0.13147410358565736, 0.10756972111553785, 0.13147410358565736, 0.12749003984063745, 0.1394422310756972, 0.08764940239043825, 0.17928286852589642, 0.1553784860557769], "0.1": [0.08764940239043825, 0.07569721115537849, 0.0796812749003984, 0.12350597609561753, 0.0796812749003984, 0.08366533864541832, 0.099601593625498, 0.05976095617529881], "0.2": [0.06772908366533864, 0.05179282868525897, 0.055776892430278883, 0.035856573705179286, 0.055776892430278883, 0.06374501992031872, 0.099601593625498, 0.10358565737051793], "0.4": [0.06374501992031872, 0.055776892430278883, 0.05976095617529881, 0.02390438247011952, 0.055776892430278883, 0.05976095617529881, 0.055776892430278883, 0.05976095617529881], "0.6": [0.07569721115537849, 0.06772908366533864, 0.099601593625498, 0.06374501992031872, 0.04780876494023904, 0.07171314741035857, 0.06772908366533864, 0.07569721115537849], "0.8": [0.09561752988047809, 0.12350597609561753, 0.07171314741035857, 0.10358565737051793, 0.10358565737051793, 0.1394422310756972, 0.09163346613545817, 0.13545816733067728], "0.9": [0.18725099601593626, 0.1952191235059761, 0.14342629482071714, 0.14342629482071714, 0.2151394422310757, 0.1952191235059761, 0.1752988047808765, 0.14741035856573706], "0.95": [0.1752988047808765, 0.18326693227091634, 0.18326693227091634, 0.199203187250996, 0.1952191235059761, 0.23107569721115537, 0.20717131474103587, 0.21115537848605578], "0.975": [0.2549800796812749, 0.24302788844621515, 0.24302788844621515, 0.22709163346613545, 0.22709163346613545, 0.21912350597609562, 0.21115537848605578, 0.2350597609561753]}, "minimal-tune": {"0.025": [0.027888446215139442, 0.043824701195219126, 0.055776892430278883, 0.055776892430278883, 0.04780876494023904, 0.043824701195219126, 0.05976095617529881, 0.06374501992031872], "0.05": [0.055776892430278883, 0.0398406374501992, 0.02390438247011952, 0.06374501992031872, 0.043824701195219126, 0.04780876494023904, 0.0398406374501992, 0.0398406374501992], "0.1": [0.035856573705179286, 0.035856573705179286, 0.03187250996015936, 0.05976095617529881, 0.035856573705179286, 0.043824701195219126, 0.027888446215139442, 0.035856573705179286], "0.2": [0.035856573705179286, 0.027888446215139442, 0.055776892430278883, 0.043824701195219126, 0.05179282868525897, 0.01593625498007968, 0.05976095617529881, 0.03187250996015936], "0.4": [0.04780876494023904, 0.035856573705179286, 0.04780876494023904, 0.05179282868525897, 0.05976095617529881, 0.0398406374501992, 0.05179282868525897, 0.055776892430278883], "0.6": [0.07569721115537849, 0.07171314741035857, 0.06374501992031872, 0.05976095617529881, 0.08366533864541832, 0.0796812749003984, 0.055776892430278883, 0.07569721115537849], "0.8": [0.09163346613545817, 0.10756972111553785, 0.06374501992031872, 0.10358565737051793, 0.08366533864541832, 0.1394422310756972, 0.11952191235059761, 0.10756972111553785], "0.9": [0.11155378486055777, 0.11553784860557768, 0.12350597609561753, 0.099601593625498, 0.11952191235059761, 0.11952191235059761, 0.13545816733067728, 0.13147410358565736], "0.95": [0.16334661354581673, 0.15139442231075698, 0.13545816733067728, 0.12350597609561753, 0.14741035856573706, 0.15139442231075698, 0.11952191235059761, 0.1553784860557769], "0.975": [0.20717131474103587, 0.1593625498007968, 0.18326693227091634, 0.15139442231075698, 0.1593625498007968, 0.13545816733067728, 0.1952191235059761, 0.08366533864541832]}, "simple-tune": {"0.025": [0.19123505976095617, 0.18725099601593626, 0.16733067729083664, 0.199203187250996, 0.18326693227091634, 0.15139442231075698, 0.12749003984063745, 0.16334661354581673], "0.05": [0.1394422310756972, 0.14342629482071714, 0.1553784860557769, 0.07569721115537849, 0.11155378486055777, 0.13147410358565736, 0.17131474103585656, 0.1553784860557769], "0.1": [0.10358565737051793, 0.11155378486055777, 0.08764940239043825, 0.07569721115537849, 0.10358565737051793, 0.11553784860557768, 0.11155378486055777, 0.0796812749003984], "0.2": [0.06374501992031872, 0.06772908366533864, 0.07569721115537849, 0.09163346613545817, 0.055776892430278883, 0.07171314741035857, 0.07171314741035857, 0.099601593625498], "0.4": [0.055776892430278883, 0.06374501992031872, 0.07569721115537849, 0.07171314741035857, 0.05976095617529881, 0.055776892430278883, 0.04780876494023904, 0.07569721115537849], "0.6": [0.05976095617529881, 0.0796812749003984, 0.11952191235059761, 0.05976095617529881, 0.06772908366533864, 0.05976095617529881, 0.08764940239043825, 0.055776892430278883], "0.8": [0.15139442231075698, 0.14342629482071714, 0.10756972111553785, 0.1394422310756972, 0.099601593625498, 0.14342629482071714, 0.08764940239043825, 0.11952191235059761], "0.9": [0.15139442231075698, 0.16733067729083664, 0.16334661354581673, 0.1394422310756972, 0.15139442231075698, 0.14741035856573706, 0.14342629482071714, 0.1752988047808765], "0.95": [0.22709163346613545, 0.21115537848605578, 0.1952191235059761, 0.20318725099601595, 0.18326693227091634, 0.17928286852589642, 0.20717131474103587, 0.20717131474103587], "0.975": [0.24302788844621515, 0.20318725099601595, 0.1952191235059761, 0.22310756972111553, 0.2350597609561753, 0.23904382470119523, 0.21115537848605578, 0.21115537848605578]}}, "just_spurious and just_spurious+just_main": {"initial-tune": {"0.025": [0.292, 0.286, 0.292, 0.27, 0.262, 0.27, 0.312, 0.306], "0.05": [0.3, 0.298, 0.306, 0.282, 0.278, 0.296, 0.274, 0.292], "0.1": [0.264, 0.318, 0.318, 0.274, 0.328, 0.328, 0.302, 0.326], "0.2": [0.29, 0.26, 0.282, 0.312, 0.286, 0.29, 0.252, 0.296], "0.4": [0.29, 0.268, 0.246, 0.264, 0.252, 0.266, 0.274, 0.312], "0.6": [0.278, 0.29, 0.266, 0.284, 0.306, 0.316, 0.286, 0.276], "0.8": [0.226, 0.226, 0.248, 0.228, 0.258, 0.236, 0.252, 0.236], "0.9": [0.19, 0.198, 0.214, 0.234, 0.218, 0.196, 0.238, 0.208], "0.95": [0.204, 0.214, 0.2, 0.184, 0.178, 0.176, 0.2, 0.198], "0.975": [0.176, 0.196, 0.182, 0.16, 0.162, 0.196, 0.148, 0.154]}, "minimal-tune": {"0.025": [0.58, 0.56, 0.548, 0.538, 0.558, 0.544, 0.52, 0.542], "0.05": [0.572, 0.552, 0.606, 0.508, 0.524, 0.496, 0.478, 0.596], "0.1": [0.502, 0.562, 0.506, 0.524, 0.546, 0.582, 0.498, 0.55], "0.2": [0.502, 0.516, 0.506, 0.51, 0.514, 0.546, 0.456, 0.52], "0.4": [0.368, 0.45, 0.404, 0.406, 0.388, 0.418, 0.41, 0.378], "0.6": [0.264, 0.296, 0.292, 0.29, 0.268, 0.266, 0.302, 0.298], "0.8": [0.232, 0.208, 0.192, 0.218, 0.202, 0.272, 0.254, 0.242], "0.9": [0.214, 0.328, 0.232, 0.202, 0.226, 0.272, 0.222, 0.256], "0.95": [0.22, 0.25, 0.212, 0.24, 0.192, 0.284, 0.292, 0.212], "0.975": [0.174, 0.236, 0.22, 0.192, 0.22, 0.254, 0.25, 0.324]}, "simple-tune": {"0.025": [0.274, 0.27, 0.29, 0.268, 0.282, 0.294, 0.292, 0.286], "0.05": [0.272, 0.276, 0.29, 0.36, 0.296, 0.298, 0.274, 0.274], "0.1": [0.294, 0.284, 0.34, 0.324, 0.306, 0.296, 0.284, 0.316], "0.2": [0.32, 0.306, 0.288, 0.286, 0.3, 0.288, 0.298, 0.288], "0.4": [0.292, 0.274, 0.282, 0.26, 0.276, 0.322, 0.272, 0.286], "0.6": [0.32, 0.298, 0.292, 0.328, 0.288, 0.262, 0.31, 0.276], "0.8": [0.25, 0.23, 0.226, 0.282, 0.242, 0.244, 0.248, 0.236], "0.9": [0.25, 0.23, 0.246, 0.278, 0.264, 0.26, 0.28, 0.236], "0.95": [0.238, 0.23, 0.218, 0.214, 0.218, 0.242, 0.206, 0.25], "0.975": [0.196, 0.218, 0.21, 0.196, 0.208, 0.21, 0.214, 0.196]}}, "neither and neither+just_main": {"initial-tune": {"0.025": [0.264, 0.262, 0.272, 0.27, 0.25, 0.262, 0.25, 0.284], "0.05": [0.272, 0.272, 0.262, 0.244, 0.262, 0.238, 0.264, 0.26], "0.1": [0.26, 0.272, 0.294, 0.27, 0.272, 0.274, 0.26, 0.316], "0.2": [0.268, 0.23, 0.238, 0.266, 0.264, 0.268, 0.242, 0.26], "0.4": [0.262, 0.254, 0.232, 0.274, 0.262, 0.26, 0.264, 0.258], "0.6": [0.262, 0.282, 0.254, 0.258, 0.282, 0.276, 0.246, 0.278], "0.8": [0.234, 0.226, 0.284, 0.248, 0.274, 0.232, 0.246, 0.236], "0.9": [0.23, 0.14, 0.2, 0.23, 0.244, 0.22, 0.268, 0.208],