{"both": 0.8695652173913043, "just_main": 0.29651162790697677, "just_spurious": 0.47, "neither": 0.934, "average": 0.6425192113245702}