{"average": {"initial-transfer": {"0.025": [0.7206148078101275, 0.7205161157134865, 0.7300495191923497, 0.7244723369116433], "0.05": [0.7385479875336299, 0.7398847793079567, 0.7569588982712234, 0.7390368530406756], "0.1": [0.7627837830638502, 0.76752264191151, 0.7636539783170401, 0.7729803947683865], "0.2": [0.7788943688234197, 0.7926985162888576, 0.8011939213126982, 0.8062161902986068], "0.4": [0.8086677366079753, 0.8231504754801418, 0.8222630190991183, 0.8217038571162196], "0.6": [0.8107906422311606, 0.8142426147412163, 0.811151234650116, 0.8075947896965985], "0.8": [0.7814914227111691, 0.7845321381955729, 0.7833335686316294, 0.7679841107056284], "0.9": [0.735758677179617, 0.722552795610133, 0.7501388215550997, 0.7389360832156843], "0.95": [0.6874721238112996, 0.7075823766015823, 0.6995216829599638, 0.7111653392291095], "0.975": [0.6589298766681762, 0.6756791108388163, 0.6635212567592765, 0.6944736554700195]}}, "both": {"initial-transfer": {"0.025": [0.4009216589861751, 0.4147465437788018, 0.45622119815668205, 0.42857142857142855], "0.05": [0.47465437788018433, 0.45622119815668205, 0.5207373271889401, 0.4608294930875576], "0.1": [0.576036866359447, 0.6405529953917051, 0.5990783410138248, 0.6359447004608295], "0.2": [0.6451612903225806, 0.6543778801843319, 0.7096774193548387, 0.7373271889400922], "0.4": [0.7465437788018433, 0.8064516129032258, 0.8433179723502304, 0.8248847926267281], "0.6": [0.8847926267281107, 0.880184331797235, 0.8755760368663594, 0.8940092165898618], "0.8": [0.9032258064516129, 0.9262672811059908, 0.8986175115207373, 0.9216589861751152], "0.9": [0.9216589861751152, 0.9124423963133641, 0.9032258064516129, 0.9170506912442397], "0.95": [0.9354838709677419, 0.9216589861751152, 0.9216589861751152, 0.9493087557603687], "0.975": [0.9308755760368663, 0.9400921658986175, 0.9354838709677419, 0.9170506912442397]}}, "just_main": {"initial-transfer": {"0.025": [0.9595375722543352, 0.9653179190751445, 0.9479768786127167, 0.9653179190751445], "0.05": [0.9595375722543352, 0.9653179190751445, 0.9710982658959537, 0.9653179190751445], "0.1": [0.9710982658959537, 0.9595375722543352, 0.9595375722543352, 0.9479768786127167], "0.2": [0.9364161849710982, 0.9364161849710982, 0.9710982658959537, 0.9595375722543352], "0.4": [0.7861271676300579, 0.838150289017341, 0.9017341040462428, 0.8439306358381503], "0.6": [0.8323699421965318, 0.7687861271676301, 0.815028901734104, 0.8323699421965318], "0.8": [0.6647398843930635, 0.6878612716763006, 0.6127167630057804, 0.6242774566473989], "0.9": [0.5953757225433526, 0.4797687861271676, 0.4913294797687861, 0.5606936416184971], "0.95": [0.41040462427745666, 0.5086705202312138, 0.4624277456647399, 0.5433526011560693], "0.975": [0.3988439306358382, 0.4046242774566474, 0.35260115606936415, 0.3988439306358382]}}, "just_spurious": {"initial-transfer": {"0.025": [0.928, 0.916, 0.92, 0.916], "0.05": [0.916, 0.926, 0.92, 0.922], "0.1": [0.9, 0.876, 0.896, 0.894], "0.2": [0.892, 0.904, 0.884, 0.878], "0.4": [0.876, 0.85, 0.8, 0.842], "0.6": [0.744, 0.77, 0.754, 0.716], "0.8": [0.674, 0.63, 0.712, 0.63], "0.9": [0.514, 0.564, 0.668, 0.552], "0.95": [0.472, 0.464, 0.468, 0.424], "0.975": [0.364, 0.416, 0.422, 0.512]}}, "neither": {"initial-transfer": {"0.025": [0.594, 0.586, 0.596, 0.588], "0.05": [0.604, 0.612, 0.616, 0.608], "0.1": [0.604, 0.594, 0.6, 0.614], "0.2": [0.642, 0.676, 0.64, 0.65], "0.4": [0.826, 0.798, 0.744, 0.776], "0.6": [0.782, 0.838, 0.8, 0.788], "0.8": [0.884, 0.894, 0.91, 0.896], "0.9": [0.912, 0.934, 0.938, 0.926], "0.95": [0.932, 0.936, 0.946, 0.928], "0.975": [0.942, 0.942, 0.944, 0.95]}}}