{"average": {"initial-transfer": {"0.025": [0.7020161157134865, 0.7084189552755653, 0.7093106603446898, 0.714027250206441, 0.7085948296529129, 0.7165598945153299, 0.7110007325324312, 0.6997841426706801], "0.05": [0.7300479875336299, 0.7363083561972243, 0.7230510508510695, 0.7409166511280999, 0.7190710290082842, 0.7149005087770705, 0.7237031245837884, 0.7229834714045976], "0.1": [0.7258997362883247, 0.7482757118883354, 0.7497319330864921, 0.7631413121653658, 0.746384006819211, 0.7424070482938654, 0.7374419834314483, 0.7469166511280999], "0.2": [0.7548640286619962, 0.7783425188460618, 0.7833801710130257, 0.7757392317732612, 0.7556697077861538, 0.7815026637542952, 0.7778682640313258, 0.762984989744546], "0.4": [0.799138994699129, 0.8038351935217496, 0.7937253669321542, 0.8029788497908952, 0.8012864068618311, 0.7997941317492875, 0.7826934951120108, 0.7984961109187289], "0.6": [0.8099088862843291, 0.8041481713326764, 0.7974473109400388, 0.7860302735675662, 0.8038708878293066, 0.8069637995791268, 0.807287578913721, 0.8056089875069923], "0.8": [0.7453577155643164, 0.7517263791587864, 0.7766235182866732, 0.7765390240004262, 0.7671139154524387, 0.770643496443888, 0.7696741828933699, 0.7744618417197198], "0.9": [0.7328316107722224, 0.7080738792253802, 0.7153653605391439, 0.7018246450547401, 0.7200697104499081, 0.7179779041581204, 0.7349176367171892, 0.7080316320822567], "0.95": [0.6924467915079513, 0.6831541248235262, 0.6823484456993687, 0.697015902613143, 0.6918215817373006, 0.7063865240670201, 0.6716260754907968, 0.6747973548919848], "0.975": [0.6618722463439972, 0.6773311845715351, 0.6866315095495592, 0.687207586372233, 0.6619947390852667, 0.6585623185317386, 0.682030100423537, 0.6836652593164807]}, "initial-tune": {"0.025": [0.6945422205055806, 0.6902580511973576, 0.690781851841986, 0.6895184198609521, 0.7031816280866253, 0.7103337018193442, 0.687131309767987, 0.7065280226951866], "0.05": [0.7164093524413307, 0.7315710290082843, 0.7188106603446898, 0.7136036733171732, 0.7347638182254069, 0.7323943821421912, 0.7343959138009111, 0.7267653498841267], "0.1": [0.7769661969579926, 0.7629700327641779, 0.7553306251831331, 0.7587676407128207, 0.7610234144002557, 0.7690894621880078, 0.7713594336858368, 0.7628467675341627], "0.2": [0.7898409871873417, 0.7927000479475773, 0.7877956767267787, 0.7810264643989238, 0.8024780906209211, 0.7833379238699022, 0.8002065874643723, 0.7883386830398764], "0.4": [0.823965757438534, 0.8045801790042886, 0.8009434884526252, 0.8187729682214112, 0.8233275352281505, 0.8055452438667057, 0.7977591166990757, 0.8033947017927066], "0.6": [0.809145454303295, 0.8145087637516315, 0.8105482938653739, 0.8025340960549798, 0.8124903172531366, 0.810962267920407, 0.8058339948323167, 0.8004342185876774], "0.8": [0.7819165312591567, 0.7613685037692124, 0.7836715457766175, 0.7699165312591567, 0.7744238432646973, 0.7793727524573134, 0.7730559388402013, 0.7715870514903704], "0.9": [0.7180765962547615, 0.7189076076822674, 0.7233020297807731, 0.6999245225220426, 0.7344836845049413, 0.7235919794358169, 0.7322597826376496, 0.7133089155856264], "0.95": [0.6919552089715244, 0.6979268133507366, 0.6879382941317493, 0.6871326150075917, 0.7144525718547721, 0.6971706933752431, 0.6820227884179964, 0.6623618710210171], "0.975": [0.6789098985109614, 0.6709041181641405, 0.6615577235555792, 0.6650592552142991, 0.650153698622839, 0.6756468128179857, 0.6783296529128153, 0.656211328947018]}, "minimal-tune": {"0.025": [0.7289769185690311, 0.7331543246050983, 0.7592303881090009, 0.7369066220931781, 0.739952345435657, 0.7450011320955755, 0.7196915638901468, 0.743328667323726], "0.05": [0.7490341226925228, 0.7673306118643616, 0.7531866093071575, 0.7466090141445352, 0.7478114061958925, 0.749668176127434, 0.7595472017261128, 0.7478240723475666], "0.1": [0.746783356863163, 0.7654323672784422, 0.7756650994912229, 0.7739031991689087, 0.771743054260675, 0.7892119416105058, 0.7773244852294824, 0.7735852001811354], "0.2": [0.7560893689566075, 0.7810333502037772, 0.7882856343730853, 0.7511220132654963, 0.7933693694893583, 0.7859273461015955, 0.786304853360326, 0.7822845289150528], "0.4": [0.792751804693535, 0.8153040808715804, 0.8274404251351857, 0.8174953384299832, 0.8238781998348472, 0.8148954609626808, 0.813792946378626, 0.8218685970006125], "0.6": [0.8087372605950828, 0.7920693774806212, 0.7838367251804694, 0.7876561759143337, 0.7483323965797395, 0.7854107642311073, 0.8123094350177139, 0.7905521296715591], "0.8": [0.7316530326842653, 0.734409578860446, 0.7487686396206814, 0.7462144854958578, 0.7526684158653206, 0.7717733011906982, 0.790772542020724, 0.7779315015582963], "0.9": [0.7256515010255454, 0.6880853733251645, 0.7329172238352735, 0.7167835966010495, 0.7206238645747316, 0.7405781412322527, 0.7295001864628007, 0.7424649050371593], "0.95": [0.7253377374071016, 0.7006449615087504, 0.6887006339735223, 0.7124990010921393, 0.7116211475453504, 0.7130335899416638, 0.740295490263978, 0.7156042327055752], "0.975": [0.7005830691776991, 0.695601515676194, 0.724823885884766, 0.7059141605178338, 0.6984916890865986, 0.6811794704456461, 0.6945673397085852, 0.7114875203111265]}}, "both": {"initial-transfer": {"0.025": [0.4147465437788018, 0.41013824884792627, 0.391705069124424, 0.42857142857142855, 0.423963133640553, 0.4009216589861751, 0.3824884792626728, 0.3456221198156682], "0.05": [0.47465437788018433, 0.4976958525345622, 0.4377880184331797, 0.5161290322580645, 0.4147465437788018, 0.4147465437788018, 0.4423963133640553, 0.4423963133640553], "0.1": [0.5023041474654378, 0.5253456221198156, 0.5391705069124424, 0.6036866359447005, 0.543778801843318, 0.4838709677419355, 0.5069124423963134, 0.5161290322580645], "0.2": [0.5668202764976958, 0.6082949308755761, 0.6682027649769585, 0.6774193548387096, 0.5576036866359447, 0.663594470046083, 0.7419354838709677, 0.5806451612903226], "0.4": [0.8663594470046083, 0.783410138248848, 0.783410138248848, 0.8110599078341014, 0.7096774193548387, 0.8341013824884793, 0.7235023041474654, 0.7511520737327189], "0.6": [0.8617511520737328, 0.9124423963133641, 0.8341013824884793, 0.8617511520737328, 0.8755760368663594, 0.8617511520737328, 0.9216589861751152, 0.8709677419354839], "0.8": [0.8341013824884793, 0.8755760368663594, 0.9308755760368663, 0.9216589861751152, 0.8986175115207373, 0.9078341013824884, 0.9124423963133641, 0.8940092165898618], "0.9": [0.9308755760368663, 0.8847926267281107, 0.8986175115207373, 0.8755760368663594, 0.9262672811059908, 0.9354838709677419, 0.9216589861751152, 0.880184331797235], "0.95": [0.9447004608294931, 0.8755760368663594, 0.8847926267281107, 0.9216589861751152, 0.9124423963133641, 0.9308755760368663, 0.847926267281106, 0.9170506912442397], "0.975": [0.8940092165898618, 0.9447004608294931, 0.9216589861751152, 0.9539170506912442, 0.8894009216589862, 0.8847926267281107, 0.8986175115207373, 0.8894009216589862]}, "initial-tune": {"0.025": [0.31797235023041476, 0.2857142857142857, 0.29493087557603687, 0.3087557603686636, 0.3271889400921659, 0.3317972350230415, 0.271889400921659, 0.34101382488479265], "0.05": [0.3778801843317972, 0.4147465437788018, 0.391705069124424, 0.3870967741935484, 0.4423963133640553, 0.48847926267281105, 0.4700460829493088, 0.423963133640553], "0.1": [0.6589861751152074, 0.5345622119815668, 0.5253456221198156, 0.47465437788018433, 0.5529953917050692, 0.5668202764976958, 0.6221198156682027, 0.6267281105990783], "0.2": [0.6267281105990783, 0.6359447004608295, 0.6589861751152074, 0.6728110599078341, 0.7419354838709677, 0.663594470046083, 0.7050691244239631, 0.7327188940092166], "0.4": [0.8294930875576036, 0.7741935483870968, 0.8018433179723502, 0.8018433179723502, 0.8755760368663594, 0.7511520737327189, 0.7511520737327189, 0.728110599078341], "0.6": [0.8755760368663594, 0.9032258064516129, 0.8709677419354839, 0.8940092165898618, 0.9078341013824884, 0.880184331797235, 0.8847926267281107, 0.8525345622119815],