{"average": {"both-paint-tune": {"0.8": [0.774456301570176, 0.7621683357978408, 0.7854025691150726, 0.7563097622499148], "0.9": [0.743905156729846, 0.7415928464369362, 0.7440241030256678, 0.7474510311183084], "0.95": [0.7488706165412173, 0.687786746123421, 0.716751598754184, 0.7359619627132328], "0.975": [0.6972781382968569, 0.6955220433234437, 0.685124526191132, 0.6874927861132925]}, "both-tune": {"0.8": [0.7345536697991053, 0.7505398488722569, 0.7244476022757455, 0.7301106099360135], "0.9": [0.745019866822051, 0.725231247206311, 0.7039382234176759, 0.6846495856727842], "0.95": [0.6950511761715352, 0.7073943435034706, 0.6999445711786891, 0.707368096594074], "0.975": [0.7195000952184487, 0.6679172296963168, 0.7166104978684587, 0.7043957767941118]}, "careful-paint-tune": {"0.6": [0.8099263718391074, 0.8134307970305688, 0.7901026110937209, 0.7924629459296286], "0.7": [0.7796374862429398, 0.7917028899184742, 0.7852681987715899, 0.7874506909703033], "0.8": [0.7734490153631319, 0.7758847656304407, 0.7850704330113644, 0.7845683472330653], "0.9": [0.7410729883354175, 0.7334006527013839, 0.7545220166596251, 0.7378493690616825], "0.95": [0.720227666751457, 0.7364093691706134, 0.7166209908326182, 0.7252525371674258], "0.975": [0.6864324006257343, 0.7091142561089572, 0.6972621291193457, 0.6943185128258693]}, "careful-tune": {"0.5": [0.8230265773110503, 0.816412178989105, 0.8215714435867039, 0.8132420893580059], "0.6": [0.7848825831743358, 0.7927499768277882, 0.8142725933534685, 0.7937260008862409], "0.7": [0.8014576198376849, 0.8045385666069094, 0.7926383696741865, 0.7846604689307112], "0.8": [0.7720261369032002, 0.7793333242795729, 0.7569081364611068, 0.7649078931761282], "0.9": [0.7446262273326116, 0.7526444658033958, 0.7374120071808994, 0.7561903903409479], "0.95": [0.7516820141228497, 0.6966145813346902, 0.7287063482625856, 0.7210607735213775], "0.975": [0.7070383562405644, 0.6941268839076964, 0.6801217966600855, 0.7198612167398796]}, "initial-transfer": {"0.5": [0.8035473390307566, 0.7865409262335906, 0.803950436872964, 0.7954580995063006], "0.6": [0.7979702549506744, 0.8033740215177236, 0.8103422439765988, 0.8056260668893821], "0.7": [0.7714545110923033, 0.8053656392452553, 0.7923497302846164, 0.7779469472739131], "0.8": [0.7623734420664996, 0.7676116313117756, 0.7659398180809547, 0.7701528106748621], "0.9": [0.7486889236462085, 0.7445407048493584, 0.7491296429474301, 0.7430287328624597], "0.95": [0.7062298586133584, 0.7064934896941286, 0.7126199898475895, 0.7135196653915253], "0.975": [0.7026772935322116, 0.6751790981304344, 0.6809196347636243, 0.71781449424465]}, "initial-tune": {"0.5": [0.8199389219598179, 0.8233587643780306, 0.8087309850495857, 0.8198842955103327], "0.6": [0.8115834600368066, 0.8157971998861819, 0.8062141616412178, 0.8141698820484813], "0.7": [0.7893591809842329, 0.807522003417785, 0.7745162317087574, 0.8095859366949834], "0.8": [0.7650698206045429, 0.783567180008999, 0.7644343637137744, 0.7789955345371181], "0.9": [0.7426851962082364, 0.7398358597398575, 0.7819273080077066, 0.7437062933485887], "0.95": [0.7068087686684091, 0.7145336967910514, 0.7274125276674008, 0.7164501987692697], "0.975": [0.6726335286739276, 0.7037708124994824, 0.6855577323142645, 0.6697169184555671]}}, "both": {"both-paint-tune": {"0.8": [0.8387096774193549, 0.7603686635944701, 0.8709677419354839, 0.8755760368663594], "0.9": [0.8387096774193549, 0.8617511520737328, 0.8294930875576036, 0.8525345622119815], "0.95": [0.8571428571428571, 0.7788018433179723, 0.8433179723502304, 0.8663594470046083], "0.975": [0.8525345622119815, 0.8248847926267281, 0.8571428571428571, 0.8202764976958525]}, "both-tune": {"0.8": [0.6497695852534562, 0.7050691244239631, 0.6267281105990783, 0.6589861751152074], "0.9": [0.8110599078341014, 0.728110599078341, 0.7142857142857143, 0.6451612903225806], "0.95": [0.7511520737327189, 0.7511520737327189, 0.6912442396313364, 0.7327188940092166], "0.975": [0.7695852534562212, 0.7142857142857143, 0.7926267281105991, 0.7096774193548387]}, "careful-paint-tune": {"0.6": [0.847926267281106, 0.8341013824884793, 0.728110599078341, 0.7603686635944701], "0.7": [0.8064516129032258, 0.847926267281106, 0.7741935483870968, 0.8064516129032258], "0.8": [0.8341013824884793, 0.847926267281106, 0.8617511520737328, 0.8571428571428571], "0.9": [0.8617511520737328, 0.8248847926267281, 0.8294930875576036, 0.8387096774193549], "0.95": [0.8110599078341014, 0.847926267281106, 0.8433179723502304, 0.8341013824884793], "0.975": [0.8571428571428571, 0.8387096774193549, 0.8202764976958525, 0.8663594470046083]}, "careful-tune": {"0.5": [0.847926267281106, 0.847926267281106, 0.8709677419354839, 0.8433179723502304], "0.6": [0.728110599078341, 0.7926267281105991, 0.8341013824884793, 0.7465437788018433], "0.7": [0.8341013824884793, 0.8663594470046083, 0.7926267281105991, 0.7788018433179723], "0.8": [0.783410138248848, 0.7695852534562212, 0.7050691244239631, 0.695852534562212], "0.9": [0.7972350230414746, 0.8110599078341014, 0.7926267281105991, 0.8064516129032258], "0.95": [0.8064516129032258, 0.7096774193548387, 0.7972350230414746, 0.7880184331797235], "0.975": [0.8617511520737328, 0.783410138248848, 0.7603686635944701, 0.783410138248848]}, "initial-transfer": {"0.5": [0.8018433179723502, 0.7557603686635944, 0.8248847926267281, 0.8248847926267281], "0.6": [0.8894009216589862, 0.8617511520737328, 0.8755760368663594, 0.8571428571428571], "0.7": [0.7880184331797235, 0.8847926267281107, 0.9124423963133641, 0.8387096774193549], "0.8": [0.8663594470046083, 0.8571428571428571, 0.8571428571428571, 0.8617511520737328], "0.9": [0.8571428571428571, 0.9400921658986175, 0.9032258064516129, 0.8847926267281107], "0.95": [0.880184331797235, 0.8663594470046083, 0.8986175115207373, 0.8940092165898618], "0.975": [0.8894009216589862, 0.8248847926267281, 0.8940092165898618, 0.8940092165898618]}, "initial-tune": {"0.5": [0.8847926267281107, 0.8525345622119815, 0.8018433179723502, 0.8709677419354839], "0.6": [0.8248847926267281, 0.880184331797235, 0.8433179723502304, 0.880184331797235], "0.7": [0.8617511520737328, 0.8894009216589862, 0.8755760368663594, 0.8986175115207373], "0.8": [0.9124423963133641, 0.8617511520737328, 0.8709677419354839, 0.8663594470046083], "0.9": [0.9124423963133641, 0.9216589861751152, 0.9262672811059908, 0.9170506912442397], "0.95": [0.9032258064516129, 0.9124423963133641, 0.9032258064516129, 0.9032258064516129], "0.975": [0.9262672811059908, 0.9262672811059908, 0.9170506912442397, 0.9124423963133641]}}, "just_main": {"both-paint-tune": {"0.8": [0.6936416184971098, 0.6473988439306358, 0.7052023121387283, 0.6127167630057804], "0.9": [0.5491329479768786, 0.5953757225433526, 0.5722543352601156, 0.5953757225433526], "0.95": [0.5895953757225434, 0.4277456647398844, 0.5838150289017341, 0.5549132947976878], "0.975": [0.43352601156069365, 0.4393063583815029, 0.4624277456647399, 0.4277456647398844]}, "both-tune": {"0.8": [0.5317919075144508, 0.6011560693641619, 0.4797687861271676, 0.4682080924855491], "0.9": [0.4913294797687861, 0.4393063583815029, 0.3699421965317919, 0.28901734104046245], "0.95": [0.3236994219653179, 0.35260115606936415, 0.3583815028901734, 0.36416184971098264], "0.975": [0.4508670520231214, 0.2254335260115607, 0.4393063583815029, 0.35260115606936415]}, "careful-paint-tune": {"0.6": [0.8208092485549133, 0.8323699421965318, 0.7225433526011561, 0.7976878612716763], "0.7": [0.6763005780346821, 0.7225433526011561, 0.7052023121387283, 0.7398843930635838], "0.8": [0.6994219653179191, 0.7109826589595376, 0.7456647398843931, 0.7225433526011561], "0.9": [0.6358381502890174, 0.5260115606936416, 0.6184971098265896, 0.5549132947976878], "0.95": [0.4624277456647399, 0.6069364161849711, 0.5606936416184971, 0.5260115606936416], "0.975": [0.4682080924855491, 0.5260115606936416, 0.5606936416184971, 0.44508670520231214]}, "careful-tune": {"0.5": [0.8554913294797688, 0.8439306358381503, 0.8208092485549133, 0.7861271676300579],