{"just_main and just_main+just_spurious": {"initial-transfer": {"0.025": [0.2254335260115607, 0.2254335260115607, 0.2023121387283237, 0.2254335260115607], "0.05": [0.2023121387283237, 0.2254335260115607, 0.20809248554913296, 0.2138728323699422], "0.1": [0.14450867052023122, 0.13872832369942195, 0.18497109826589594, 0.12716763005780346], "0.2": [0.16184971098265896, 0.17341040462427745, 0.17341040462427745, 0.1329479768786127], "0.4": [0.12138728323699421, 0.10982658959537572, 0.06358381502890173, 0.09248554913294797], "0.6": [0.08670520231213873, 0.08670520231213873, 0.06358381502890173, 0.08670520231213873], "0.8": [0.15028901734104047, 0.15606936416184972, 0.17341040462427745, 0.1907514450867052], "0.9": [0.1907514450867052, 0.23699421965317918, 0.23699421965317918, 0.23121387283236994], "0.95": [0.30057803468208094, 0.23699421965317918, 0.26011560693641617, 0.2254335260115607], "0.975": [0.2774566473988439, 0.2947976878612717, 0.32947976878612717, 0.2774566473988439]}}, "just_spurious and just_spurious+just_main": {"initial-transfer": {"0.025": [0.026, 0.032, 0.028, 0.03], "0.05": [0.032, 0.038, 0.034, 0.038], "0.1": [0.046, 0.034, 0.03, 0.032], "0.2": [0.03, 0.032, 0.036, 0.058], "0.4": [0.038, 0.046, 0.054, 0.04], "0.6": [0.03, 0.056, 0.032, 0.072], "0.8": [0.038, 0.072, 0.052, 0.064], "0.9": [0.062, 0.08, 0.06, 0.058], "0.95": [0.052, 0.076, 0.054, 0.062], "0.975": [0.064, 0.05, 0.044, 0.068]}}, "neither and neither+just_main": {"initial-transfer": {"0.025": [0.04, 0.038, 0.038, 0.054], "0.05": [0.03, 0.036, 0.036, 0.046], "0.1": [0.044, 0.034, 0.032, 0.034], "0.2": [0.032, 0.034, 0.034, 0.054], "0.4": [0.042, 0.034, 0.04, 0.038], "0.6": [0.03, 0.042, 0.048, 0.05], "0.8": [0.036, 0.044, 0.03, 0.05], "0.9": [0.046, 0.034, 0.036, 0.034], "0.95": [0.034, 0.036, 0.042, 0.04], "0.975": [0.036, 0.032, 0.024, 0.028]}}, "neither and neither+just_spurious": {"initial-transfer": {"0.025": [0.164, 0.166, 0.158, 0.158], "0.05": [0.152, 0.162, 0.148, 0.156], "0.1": [0.122, 0.122, 0.14, 0.114], "0.2": [0.124, 0.108, 0.094, 0.11], "0.4": [0.064, 0.062, 0.06, 0.058], "0.6": [0.08, 0.096, 0.078, 0.118], "0.8": [0.168, 0.206, 0.176, 0.208], "0.9": [0.286, 0.238, 0.208, 0.26], "0.95": [0.292, 0.282, 0.282, 0.304], "0.975": [0.344, 0.332, 0.316, 0.278]}}}