{"both and spurious-box": {"cdep-transfer": {"0.025": [0.33640552995391704, 0.41013824884792627, 0.4009216589861751, 0.43317972350230416], "0.05": [0.29493087557603687, 0.2995391705069124, 0.29493087557603687, 0.24423963133640553], "0.1": [0.1889400921658986, 0.1935483870967742, 0.1889400921658986, 0.20276497695852536], "0.2": [0.15207373271889402, 0.17511520737327188, 0.15207373271889402, 0.17972350230414746], "0.4": [0.2350230414746544, 0.22119815668202766, 0.17511520737327188, 0.2350230414746544], "0.6": [0.23963133640552994, 0.24423963133640553, 0.2903225806451613, 0.23963133640552994], "0.8": [0.3087557603686636, 0.33640552995391704, 0.41935483870967744, 0.34101382488479265], "0.9": [0.3225806451612903, 0.4147465437788018, 0.41935483870967744, 0.4147465437788018], "0.95": [0.5207373271889401, 0.5483870967741935, 0.2995391705069124, 0.5161290322580645], "0.975": [0.5253456221198156, 0.5253456221198156, 0.48847926267281105, 0.46543778801843316]}, "initial-transfer": {"0.025": [0.2488479262672811, 0.31336405529953915, 0.29493087557603687, 0.2488479262672811], "0.05": [0.3087557603686636, 0.2903225806451613, 0.31797235023041476, 0.2672811059907834], "0.1": [0.2073732718894009, 0.2350230414746544, 0.1889400921658986, 0.1889400921658986], "0.2": [0.18433179723502305, 0.15668202764976957, 0.12903225806451613, 0.16589861751152074], "0.4": [0.2534562211981567, 0.2350230414746544, 0.1889400921658986, 0.28110599078341014], "0.6": [0.2857142857142857, 0.35023041474654376, 0.391705069124424, 0.3087557603686636], "0.8": [0.45161290322580644, 0.4976958525345622, 0.4470046082949309, 0.4976958525345622], "0.9": [0.4470046082949309, 0.4930875576036866, 0.4930875576036866, 0.41935483870967744], "0.95": [0.47465437788018433, 0.48847926267281105, 0.5391705069124424, 0.5576036866359447], "0.975": [0.5299539170506913, 0.5622119815668203, 0.5299539170506913, 0.6036866359447005]}, "initial-tune": {"0.025": [0.43317972350230416, 0.4976958525345622, 0.4423963133640553, 0.5023041474654378], "0.05": [0.2903225806451613, 0.29493087557603687, 0.29493087557603687, 0.3456221198156682], "0.1": [0.1382488479262673, 0.2073732718894009, 0.17050691244239632, 0.2073732718894009], "0.2": [0.15668202764976957, 0.1382488479262673, 0.1382488479262673, 0.16589861751152074], "0.4": [0.21658986175115208, 0.17972350230414746, 0.17511520737327188, 0.21658986175115208], "0.6": [0.24423963133640553, 0.24423963133640553, 0.23963133640552994, 0.271889400921659], "0.8": [0.5207373271889401, 0.30414746543778803, 0.3640552995391705, 0.3686635944700461], "0.9": [0.5299539170506913, 0.46543778801843316, 0.5299539170506913, 0.5253456221198156], "0.95": [0.5345622119815668, 0.576036866359447, 0.5299539170506913, 0.5898617511520737], "0.975": [0.6543778801843319, 0.6497695852534562, 0.6267281105990783, 0.5483870967741935]}, "minimal-tune": {"0.025": [0.576036866359447, 0.511520737327189, 0.48847926267281105, 0.48847926267281105], "0.05": [0.4930875576036866, 0.5852534562211982, 0.48847926267281105, 0.4930875576036866], "0.1": [0.5806451612903226, 0.5622119815668203, 0.5207373271889401, 0.45622119815668205], "0.2": [0.6267281105990783, 0.728110599078341, 0.5990783410138248, 0.5944700460829493], "0.4": [0.5622119815668203, 0.3870967741935484, 0.4838709677419355, 0.46543778801843316], "0.6": [0.12442396313364056, 0.17511520737327188, 0.17050691244239632, 0.09216589861751152], "0.8": [0.2534562211981567, 0.3317972350230415, 0.2672811059907834, 0.2764976958525346], "0.9": [0.11059907834101383, 0.20276497695852536, 0.17511520737327188, 0.2764976958525346], "0.95": [0.2903225806451613, 0.12442396313364056, 0.17972350230414746, 0.18433179723502305], "0.975": [0.12442396313364056, 0.33640552995391704, 0.21658986175115208, 0.16129032258064516]}}, "both and spurious-pixel-paint": {"cdep-transfer": {"0.025": [0.35023041474654376, 0.4423963133640553, 0.41013824884792627, 0.4377880184331797], "0.05": [0.33640552995391704, 0.3317972350230415, 0.31336405529953915, 0.2857142857142857], "0.1": [0.22580645161290322, 0.2119815668202765, 0.24423963133640553, 0.21658986175115208], "0.2": [0.1935483870967742, 0.16589861751152074, 0.17050691244239632, 0.15668202764976957], "0.4": [0.12442396313364056, 0.11059907834101383, 0.07373271889400922, 0.10138248847926268], "0.6": [0.0967741935483871, 0.1152073732718894, 0.09216589861751152, 0.08294930875576037], "0.8": [0.15207373271889402, 0.1336405529953917, 0.21658986175115208, 0.12903225806451613], "0.9": [0.11981566820276497, 0.17511520737327188, 0.16589861751152074, 0.1889400921658986], "0.95": [0.24423963133640553, 0.271889400921659, 0.09216589861751152, 0.22580645161290322], "0.975": [0.2073732718894009, 0.18433179723502305, 0.23963133640552994, 0.22119815668202766]}, "initial-transfer": {"0.025": [0.2857142857142857, 0.3225806451612903, 0.3087557603686636, 0.2534562211981567], "0.05": [0.2995391705069124, 0.2857142857142857, 0.3317972350230415, 0.29493087557603687], "0.1": [0.22119815668202766, 0.2534562211981567, 0.2304147465437788, 0.23963133640552994], "0.2": [0.17050691244239632, 0.16129032258064516, 0.17511520737327188, 0.14746543778801843], "0.4": [0.1382488479262673, 0.11059907834101383, 0.07834101382488479, 0.17972350230414746], "0.6": [0.15207373271889402, 0.1889400921658986, 0.16129032258064516, 0.14285714285714285], "0.8": [0.2350230414746544, 0.271889400921659, 0.31336405529953915, 0.22119815668202766], "0.9": [0.2119815668202765, 0.23963133640552994, 0.22580645161290322, 0.17972350230414746], "0.95": [0.2903225806451613, 0.22580645161290322, 0.2764976958525346, 0.2857142857142857], "0.975": [0.29493087557603687, 0.2903225806451613, 0.2672811059907834, 0.3271889400921659]}, "initial-tune": {"0.025": [0.4055299539170507, 0.48847926267281105, 0.41935483870967744, 0.4608294930875576], "0.05": [0.3271889400921659, 0.3824884792626728, 0.37327188940092165, 0.3456221198156682], "0.1": [0.18433179723502305, 0.1935483870967742, 0.2350230414746544, 0.2304147465437788], "0.2": [0.19815668202764977, 0.17050691244239632, 0.16589861751152074, 0.1382488479262673], "0.4": [0.10138248847926268, 0.11981566820276497, 0.1336405529953917, 0.10138248847926268], "0.6": [0.16589861751152074, 0.15207373271889402, 0.10599078341013825, 0.09216589861751152], "0.8": [0.33640552995391704, 0.1336405529953917, 0.17050691244239632, 0.17511520737327188], "0.9": [0.2350230414746544, 0.16589861751152074, 0.21658986175115208, 0.29493087557603687], "0.95": [0.25806451612903225, 0.35023041474654376, 0.1889400921658986, 0.2534562211981567], "0.975": [0.3271889400921659, 0.3824884792626728, 0.35023041474654376, 0.2857142857142857]}, "minimal-tune": {"0.025": [0.1889400921658986, 0.2073732718894009, 0.3548387096774194, 0.23963133640552994], "0.05": [0.17050691244239632, 0.16129032258064516, 0.3225806451612903, 0.2672811059907834], "0.1": [0.17050691244239632, 0.15207373271889402, 0.1935483870967742, 0.22580645161290322], "0.2": [0.10599078341013825, 0.0967741935483871, 0.17050691244239632, 0.15207373271889402], "0.4": [0.1336405529953917, 0.14285714285714285, 0.11059907834101383, 0.14746543778801843], "0.6": [0.08755760368663594, 0.10599078341013825, 0.10138248847926268, 0.08294930875576037], "0.8": [0.16589861751152074, 0.20276497695852536, 0.2119815668202765, 0.15668202764976957], "0.9": [0.22580645161290322, 0.1935483870967742, 0.14746543778801843, 0.22580645161290322], "0.95": [0.2304147465437788, 0.16129032258064516, 0.19815668202764977, 0.18433179723502305], "0.975": [0.1935483870967742, 0.22580645161290322, 0.1889400921658986, 0.19815668202764977]}}, "just_spurious and spurious-box": {"cdep-transfer": {"0.025": [0.262, 0.366, 0.3, 0.306], "0.05": [0.22, 0.304, 0.362, 0.284], "0.1": [0.164, 0.114, 0.14, 0.174], "0.2": [0.13, 0.126, 0.092, 0.172], "0.4": [0.104, 0.094, 0.13, 0.12], "0.6": [0.134, 0.196, 0.168, 0.164], "0.8": [0.286, 0.25, 0.24, 0.238], "0.9": [0.406, 0.35, 0.306, 0.318], "0.95": [0.32, 0.382, 0.458, 0.374], "0.975": [0.388, 0.478, 0.458, 0.456]},