{"both and main-box": {"careful-paint-tune": {"0.6": [0.03225806451612903, 0.02304147465437788, 0.027649769585253458], "0.8": [0.009216589861751152, 0.009216589861751152, 0.018433179723502304], "0.9": [0.02304147465437788, 0.027649769585253458, 0.013824884792626729], "0.95": [0.03686635944700461, 0.041474654377880185, 0.018433179723502304], "0.975": [0.03686635944700461, 0.013824884792626729, 0.018433179723502304]}, "careful-tune": {"0.6": [0.04608294930875576, 0.02304147465437788, 0.02304147465437788], "0.8": [0.059907834101382486, 0.2488479262672811, 0.03225806451612903], "0.9": [0.25806451612903225, 0.2534562211981567, 0.271889400921659], "0.95": [0.3225806451612903, 0.2903225806451613, 0.3271889400921659], "0.975": [0.31336405529953915, 0.2304147465437788, 0.28110599078341014]}, "initial-transfer": {"0.025": [0.03686635944700461, 0.03686635944700461, 0.013824884792626729], "0.05": [0.059907834101382486, 0.041474654377880185, 0.02304147465437788], "0.1": [0.027649769585253458, 0.04608294930875576, 0.041474654377880185], "0.2": [0.027649769585253458, 0.027649769585253458, 0.04608294930875576], "0.4": [0.018433179723502304, 0.009216589861751152, 0.018433179723502304], "0.6": [0.02304147465437788, 0.013824884792626729, 0.018433179723502304], "0.8": [0.02304147465437788, 0.02304147465437788, 0.009216589861751152], "0.9": [0.02304147465437788, 0.027649769585253458, 0.02304147465437788], "0.95": [0.018433179723502304, 0.027649769585253458, 0.013824884792626729], "0.975": [0.018433179723502304, 0.009216589861751152, 0.013824884792626729]}, "initial-tune": {"0.025": [0.018433179723502304, 0.04608294930875576, 0.03225806451612903], "0.05": [0.02304147465437788, 0.027649769585253458, 0.041474654377880185], "0.1": [0.03686635944700461, 0.03225806451612903, 0.055299539170506916], "0.2": [0.055299539170506916, 0.041474654377880185, 0.018433179723502304], "0.4": [0.013824884792626729, 0.004608294930875576, 0.02304147465437788], "0.6": [0.02304147465437788, 0.009216589861751152, 0.018433179723502304], "0.8": [0.027649769585253458, 0.018433179723502304, 0.004608294930875576], "0.9": [0.02304147465437788, 0.018433179723502304, 0.027649769585253458], "0.95": [0.02304147465437788, 0.018433179723502304, 0.018433179723502304], "0.975": [0.018433179723502304, 0.027649769585253458, 0.013824884792626729]}}, "both and main-pixel-paint": {"careful-paint-tune": {"0.6": [0.43317972350230416, 0.5023041474654378, 0.3686635944700461], "0.8": [0.7557603686635944, 0.728110599078341, 0.6589861751152074], "0.9": [0.7695852534562212, 0.7788018433179723, 0.7050691244239631], "0.95": [0.7695852534562212, 0.783410138248848, 0.728110599078341], "0.975": [0.7649769585253456, 0.7465437788018433, 0.7465437788018433]}, "careful-tune": {"0.6": [0.05069124423963134, 0.018433179723502304, 0.059907834101382486], "0.8": [0.14285714285714285, 0.1152073732718894, 0.06451612903225806], "0.9": [0.07834101382488479, 0.06451612903225806, 0.055299539170506916], "0.95": [0.06451612903225806, 0.055299539170506916, 0.08755760368663594], "0.975": [0.05069124423963134, 0.08294930875576037, 0.08294930875576037]}, "initial-transfer": {"0.025": [0.059907834101382486, 0.09216589861751152, 0.07834101382488479], "0.05": [0.0967741935483871, 0.08294930875576037, 0.08755760368663594], "0.1": [0.055299539170506916, 0.059907834101382486, 0.06912442396313365], "0.2": [0.05069124423963134, 0.059907834101382486, 0.06451612903225806], "0.4": [0.03225806451612903, 0.027649769585253458, 0.06451612903225806], "0.6": [0.027649769585253458, 0.03225806451612903, 0.027649769585253458], "0.8": [0.04608294930875576, 0.041474654377880185, 0.05069124423963134], "0.9": [0.03686635944700461, 0.059907834101382486, 0.055299539170506916], "0.95": [0.041474654377880185, 0.06912442396313365, 0.03686635944700461], "0.975": [0.055299539170506916, 0.03686635944700461, 0.018433179723502304]}, "initial-tune": {"0.025": [0.03686635944700461, 0.04608294930875576, 0.06451612903225806], "0.05": [0.055299539170506916, 0.05069124423963134, 0.05069124423963134], "0.1": [0.041474654377880185, 0.07373271889400922, 0.06912442396313365], "0.2": [0.06912442396313365, 0.055299539170506916, 0.03686635944700461], "0.4": [0.05069124423963134, 0.02304147465437788, 0.05069124423963134], "0.6": [0.02304147465437788, 0.027649769585253458, 0.027649769585253458], "0.8": [0.055299539170506916, 0.03686635944700461, 0.03686635944700461], "0.9": [0.027649769585253458, 0.041474654377880185, 0.03686635944700461], "0.95": [0.02304147465437788, 0.027649769585253458, 0.03686635944700461], "0.975": [0.027649769585253458, 0.03686635944700461, 0.013824884792626729]}}, "just_main and main-box": {"careful-paint-tune": {"0.6": [0.09826589595375723, 0.07514450867052024, 0.04046242774566474], "0.8": [0.06358381502890173, 0.057803468208092484, 0.057803468208092484], "0.9": [0.06936416184971098, 0.057803468208092484, 0.03468208092485549], "0.95": [0.08092485549132948, 0.08670520231213873, 0.10404624277456648], "0.975": [0.07514450867052024, 0.057803468208092484, 0.06936416184971098]}, "careful-tune": {"0.6": [0.046242774566473986, 0.028901734104046242, 0.028901734104046242], "0.8": [0.046242774566473986, 0.18497109826589594, 0.08092485549132948], "0.9": [0.1676300578034682, 0.16184971098265896, 0.14450867052023122], "0.95": [0.2254335260115607, 0.23699421965317918, 0.21965317919075145], "0.975": [0.26011560693641617, 0.18497109826589594, 0.17341040462427745]}, "initial-transfer": {"0.025": [0.005780346820809248, 0.011560693641618497, 0.005780346820809248], "0.05": [0.005780346820809248, 0.023121387283236993, 0.028901734104046242], "0.1": [0.011560693641618497, 0.017341040462427744, 0.011560693641618497], "0.2": [0.028901734104046242, 0.023121387283236993, 0.03468208092485549], "0.4": [0.023121387283236993, 0.028901734104046242, 0.028901734104046242], "0.6": [0.03468208092485549, 0.028901734104046242, 0.028901734104046242], "0.8": [0.07514450867052024, 0.06936416184971098, 0.03468208092485549], "0.9": [0.028901734104046242, 0.057803468208092484, 0.04046242774566474], "0.95": [0.07514450867052024, 0.06936416184971098, 0.046242774566473986], "0.975": [0.028901734104046242, 0.03468208092485549, 0.09248554913294797]}, "initial-tune": {"0.025": [0.017341040462427744, 0.011560693641618497, 0.023121387283236993], "0.05": [0.028901734104046242, 0.023121387283236993, 0.04046242774566474], "0.1": [0.028901734104046242, 0.028901734104046242, 0.023121387283236993], "0.2": [0.005780346820809248, 0.046242774566473986, 0.046242774566473986], "0.4": [0.046242774566473986, 0.04046242774566474, 0.046242774566473986], "0.6": [0.06358381502890173, 0.08670520231213873, 0.09248554913294797], "0.8": [0.057803468208092484, 0.06358381502890173, 0.05202312138728324], "0.9": [0.06936416184971098, 0.05202312138728324, 0.057803468208092484], "0.95": [0.057803468208092484, 0.046242774566473986, 0.05202312138728324], "0.975": [0.005780346820809248, 0.04046242774566474, 0.04046242774566474]}}, "just_main and main-pixel-paint": {"careful-paint-tune": {"0.6": [0.17341040462427745, 0.2254335260115607, 0.15606936416184972], "0.8": [0.31213872832369943, 0.3583815028901734, 0.23699421965317918], "0.9": [0.37572254335260113, 0.34104046242774566, 0.2254335260115607], "0.95": [0.2832369942196532, 0.3468208092485549, 0.2832369942196532], "0.975": [0.2658959537572254, 0.24855491329479767, 0.34104046242774566]}, "careful-tune": {"0.6": [0.08092485549132948, 0.046242774566473986, 0.06936416184971098], "0.8": [0.11560693641618497, 0.11560693641618497, 0.09248554913294797], "0.9": [0.10982658959537572, 0.14450867052023122, 0.11560693641618497], "0.95": [0.1676300578034682, 0.1907514450867052, 0.15028901734104047], "0.975": [0.12138728323699421, 0.11560693641618497, 0.057803468208092484]}, "initial-transfer": {"0.025": [0.023121387283236993, 0.028901734104046242, 0.028901734104046242], "0.05": [0.023121387283236993, 0.04046242774566474, 0.03468208092485549], "0.1": [0.03468208092485549, 0.03468208092485549, 0.03468208092485549],