{"both and spurious-box": {"both-paint-tune": {"0.8": [0.2032967032967033, 0.17575757575757575, 0.24867724867724866, 0.23157894736842105], "0.9": [0.2802197802197802, 0.29411764705882354, 0.3055555555555556, 0.21621621621621623], "0.95": [0.3548387096774194, 0.34911242603550297, 0.31693989071038253, 0.23404255319148937], "0.975": [0.3621621621621622, 0.41899441340782123, 0.26344086021505375, 0.25842696629213485]}, "both-tune": {"0.8": [0.07092198581560284, 0.05228758169934641, 0.08088235294117647, 0.06993006993006994], "0.9": [0.07386363636363637, 0.06329113924050633, 0.03225806451612903, 0.05], "0.95": [0.018404907975460124, 0.04294478527607362, 0.04, 0.050314465408805034], "0.975": [0.029940119760479042, 0.03870967741935484, 0.040697674418604654, 0.045454545454545456]}, "initial-transfer": {"0.8": [0.30851063829787234, 0.3010752688172043, 0.3387096774193548, 0.29411764705882354], "0.9": [0.3333333333333333, 0.24509803921568626, 0.35714285714285715, 0.34375], "0.95": [0.38219895287958117, 0.39361702127659576, 0.3487179487179487, 0.38144329896907214], "0.975": [0.41968911917098445, 0.5139664804469274, 0.4175257731958763, 0.3556701030927835]}, "initial-tune": {"0.8": [0.26262626262626265, 0.39572192513368987, 0.3439153439153439, 0.26595744680851063], "0.9": [0.4494949494949495, 0.37, 0.40298507462686567, 0.4120603015075377], "0.95": [0.6020408163265306, 0.5606060606060606, 0.5714285714285714, 0.5102040816326531], "0.975": [0.4925373134328358, 0.472636815920398, 0.5879396984924623, 0.5454545454545454]}}, "both and spurious-pixel-paint": {"both-paint-tune": {"0.8": [0.17582417582417584, 0.23030303030303031, 0.2222222222222222, 0.21578947368421053], "0.9": [0.14835164835164835, 0.19786096256684493, 0.2111111111111111, 0.11351351351351352], "0.95": [0.0913978494623656, 0.11834319526627218, 0.08743169398907104, 0.11702127659574468], "0.975": [0.16216216216216217, 0.1005586592178771, 0.17204301075268819, 0.1348314606741573]}, "both-tune": {"0.8": [0.2907801418439716, 0.13725490196078433, 0.20588235294117646, 0.23076923076923078], "0.9": [0.3068181818181818, 0.310126582278481, 0.45161290322580644, 0.38571428571428573], "0.95": [0.3312883435582822, 0.38650306748466257, 0.38666666666666666, 0.41509433962264153], "0.975": [0.2754491017964072, 0.5806451612903226, 0.26744186046511625, 0.37662337662337664]}, "initial-transfer": {"0.8": [0.19680851063829788, 0.1935483870967742, 0.23655913978494625, 0.20320855614973263], "0.9": [0.24193548387096775, 0.11764705882352941, 0.20408163265306123, 0.23958333333333334], "0.95": [0.2198952879581152, 0.2872340425531915, 0.2, 0.23711340206185566], "0.975": [0.26424870466321243, 0.3743016759776536, 0.25257731958762886, 0.2422680412371134]}, "initial-tune": {"0.8": [0.17676767676767677, 0.25133689839572193, 0.2698412698412698, 0.2127659574468085], "0.9": [0.35353535353535354, 0.265, 0.2935323383084577, 0.37185929648241206], "0.95": [0.336734693877551, 0.43434343434343436, 0.3520408163265306, 0.3673469387755102], "0.975": [0.373134328358209, 0.38308457711442784, 0.4472361809045226, 0.4444444444444444]}}, "just_spurious and spurious-box": {"both-paint-tune": {"0.8": [0.5497835497835498, 0.5072992700729927, 0.5781710914454278, 0.5901015228426396], "0.9": [0.7032085561497327, 0.6744186046511628, 0.6480978260869565, 0.6248477466504263], "0.95": [0.7077681874229347, 0.696329254727475, 0.6450094161958568, 0.6496106785317018], "0.975": [0.7641963426371511, 0.7647058823529411, 0.6738941890719862, 0.6112789526686808]}, "both-tune": {"0.8": [0.351010101010101, 0.2363238512035011, 0.20738636363636365, 0.12427745664739884], "0.9": [0.25, 0.1905697445972495, 0.15412186379928317, 0.16585365853658537], "0.95": [0.04376012965964344, 0.1433389544688027, 0.1076923076923077, 0.08392857142857142], "0.975": [0.05485232067510549, 0.09868421052631579, 0.0871313672922252, 0.10590631364562118]}, "initial-transfer": {"0.8": [0.717391304347826, 0.6832, 0.7285276073619632, 0.6719883889695211], "0.9": [0.7180156657963447, 0.659935379644588, 0.7631578947368421, 0.7648970747562297], "0.95": [0.775609756097561, 0.8071794871794872, 0.7741935483870968, 0.7989371124889283], "0.975": [0.7888675623800384, 0.8651685393258427, 0.7949138638228056, 0.7629839471199245]}, "initial-tune": {"0.8": [0.6975308641975309, 0.7553956834532374, 0.7651715039577837, 0.7001356852103121], "0.9": [0.8303921568627451, 0.7963302752293578, 0.7615112160566706, 0.8076171875], "0.95": [0.8685714285714285, 0.8594449418084154, 0.8668012108980827, 0.879740980573543], "0.975": [0.8566203365032918, 0.8282740676496098, 0.8786026200873363, 0.8695299837925445]}}, "just_spurious and spurious-pixel-paint": {"both-paint-tune": {"0.8": [0.4834054834054834, 0.43795620437956206, 0.4336283185840708, 0.4720812182741117], "0.9": [0.4144385026737968, 0.4850498338870432, 0.4076086956521739, 0.33008526187576126], "0.95": [0.2848335388409371, 0.3248053392658509, 0.268361581920904, 0.289210233592881], "0.975": [0.4475457170356112, 0.31947261663286003, 0.4562012142237641, 0.2648539778449144]}, "both-tune": {"0.8": [0.5227272727272727, 0.3304157549234136, 0.3465909090909091, 0.4595375722543353], "0.9": [0.5608974358974359, 0.5834970530451866, 0.6344086021505376, 0.6804878048780488], "0.95": [0.6012965964343598, 0.7015177065767285, 0.6076923076923076, 0.6125], "0.975": [0.5836849507735584, 0.774671052631579, 0.4839142091152815, 0.5926680244399185]}, "initial-transfer": {"0.8": [0.39906832298136646, 0.3952, 0.44171779141104295, 0.432510885341074], "0.9": [0.48172323759791125, 0.46849757673667203, 0.5136842105263157, 0.542795232936078], "0.95": [0.5502439024390244, 0.5969230769230769, 0.5719267654751525, 0.5633303808680248], "0.975": [0.5633397312859885, 0.6584269662921348, 0.5684987694831829, 0.5703493862134089]}, "initial-tune": {"0.8": [0.5, 0.5093525179856115, 0.5593667546174143, 0.5345997286295794], "0.9": [0.6607843137254902, 0.6275229357798165, 0.5926800472255017, 0.66015625], "0.95": [0.659047619047619, 0.6974037600716204, 0.6609485368314834, 0.7474560592044404], "0.975": [0.7066569129480614, 0.6973113616652211, 0.714410480349345, 0.7439222042139384]}}}