{"both and spurious-box": {"initial-transfer": {"0.025": [0.2119815668202765, 0.3087557603686636, 0.23963133640552994, 0.2119815668202765, 0.2903225806451613, 0.33640552995391704, 0.25806451612903225, 0.25806451612903225], "0.05": [0.22580645161290322, 0.22580645161290322, 0.2350230414746544, 0.1889400921658986, 0.2534562211981567, 0.17511520737327188, 0.21658986175115208, 0.22119815668202766], "0.1": [0.22119815668202766, 0.17511520737327188, 0.17511520737327188, 0.2119815668202765, 0.22119815668202766, 0.25806451612903225, 0.1935483870967742, 0.1935483870967742], "0.2": [0.1152073732718894, 0.15668202764976957, 0.15207373271889402, 0.15668202764976957, 0.10138248847926268, 0.15207373271889402, 0.19815668202764977, 0.1382488479262673], "0.4": [0.11981566820276497, 0.1336405529953917, 0.15207373271889402, 0.15207373271889402, 0.17050691244239632, 0.12442396313364056, 0.1336405529953917, 0.15207373271889402], "0.6": [0.2903225806451613, 0.2672811059907834, 0.2672811059907834, 0.2995391705069124, 0.2857142857142857, 0.29493087557603687, 0.30414746543778803, 0.1935483870967742], "0.8": [0.45161290322580644, 0.4055299539170507, 0.2626728110599078, 0.423963133640553, 0.3778801843317972, 0.35944700460829493, 0.3778801843317972, 0.43317972350230416], "0.9": [0.42857142857142855, 0.35944700460829493, 0.45622119815668205, 0.45622119815668205, 0.4470046082949309, 0.4009216589861751, 0.4700460829493088, 0.41013824884792627], "0.95": [0.5069124423963134, 0.4608294930875576, 0.5622119815668203, 0.5299539170506913, 0.4377880184331797, 0.4423963133640553, 0.39631336405529954, 0.5207373271889401], "0.975": [0.5806451612903226, 0.4423963133640553, 0.5668202764976958, 0.511520737327189, 0.4055299539170507, 0.42857142857142855, 0.511520737327189, 0.5622119815668203]}, "initial-tune": {"0.025": [0.3824884792626728, 0.423963133640553, 0.3317972350230415, 0.3640552995391705, 0.34101382488479265, 0.3778801843317972, 0.3317972350230415, 0.3640552995391705], "0.05": [0.3870967741935484, 0.2903225806451613, 0.3271889400921659, 0.19815668202764977, 0.3225806451612903, 0.3640552995391705, 0.2903225806451613, 0.22580645161290322], "0.1": [0.18433179723502305, 0.21658986175115208, 0.16129032258064516, 0.23963133640552994, 0.2488479262672811, 0.2350230414746544, 0.20276497695852536, 0.2534562211981567], "0.2": [0.16589861751152074, 0.15668202764976957, 0.12442396313364056, 0.14746543778801843, 0.10599078341013825, 0.1152073732718894, 0.12442396313364056, 0.1336405529953917], "0.4": [0.1382488479262673, 0.16589861751152074, 0.14746543778801843, 0.11981566820276497, 0.1889400921658986, 0.1336405529953917, 0.17050691244239632, 0.14746543778801843], "0.6": [0.2626728110599078, 0.16589861751152074, 0.2534562211981567, 0.31797235023041476, 0.2857142857142857, 0.30414746543778803, 0.2672811059907834, 0.22580645161290322], "0.8": [0.4055299539170507, 0.41013824884792627, 0.4147465437788018, 0.41935483870967744, 0.391705069124424, 0.3640552995391705, 0.4976958525345622, 0.423963133640553], "0.9": [0.4700460829493088, 0.5529953917050692, 0.5668202764976958, 0.4470046082949309, 0.5391705069124424, 0.5253456221198156, 0.5529953917050692, 0.5483870967741935], "0.95": [0.5576036866359447, 0.5299539170506913, 0.5668202764976958, 0.663594470046083, 0.6221198156682027, 0.5622119815668203, 0.5483870967741935, 0.6175115207373272], "0.975": [0.5852534562211982, 0.5944700460829493, 0.5714285714285714, 0.5207373271889401, 0.6405529953917051, 0.5852534562211982, 0.576036866359447, 0.5668202764976958]}, "minimal-tune": {"0.025": [0.5023041474654378, 0.4976958525345622, 0.47465437788018433, 0.5806451612903226, 0.4792626728110599, 0.5483870967741935, 0.5253456221198156, 0.4930875576036866], "0.05": [0.5529953917050692, 0.5990783410138248, 0.5529953917050692, 0.5990783410138248, 0.543778801843318, 0.5852534562211982, 0.5576036866359447, 0.48847926267281105], "0.1": [0.5576036866359447, 0.6221198156682027, 0.631336405529954, 0.5483870967741935, 0.5668202764976958, 0.5391705069124424, 0.5898617511520737, 0.5345622119815668], "0.2": [0.6267281105990783, 0.6175115207373272, 0.5069124423963134, 0.6451612903225806, 0.45161290322580644, 0.6451612903225806, 0.6036866359447005, 0.5852534562211982], "0.4": [0.34101382488479265, 0.4700460829493088, 0.42857142857142855, 0.5069124423963134, 0.4055299539170507, 0.423963133640553, 0.5529953917050692, 0.4423963133640553], "0.6": [0.16129032258064516, 0.2119815668202765, 0.08755760368663594, 0.1382488479262673, 0.17511520737327188, 0.21658986175115208, 0.17050691244239632, 0.2119815668202765], "0.8": [0.2350230414746544, 0.17050691244239632, 0.2119815668202765, 0.1935483870967742, 0.22119815668202766, 0.17972350230414746, 0.22580645161290322, 0.15207373271889402], "0.9": [0.19815668202764977, 0.22580645161290322, 0.1382488479262673, 0.1935483870967742, 0.18433179723502305, 0.20276497695852536, 0.19815668202764977, 0.17511520737327188], "0.95": [0.1889400921658986, 0.1935483870967742, 0.18433179723502305, 0.2073732718894009, 0.25806451612903225, 0.15207373271889402, 0.2073732718894009, 0.18433179723502305], "0.975": [0.1382488479262673, 0.1889400921658986, 0.21658986175115208, 0.23963133640552994, 0.19815668202764977, 0.1935483870967742, 0.11981566820276497, 0.14285714285714285]}}, "both and spurious-pixel-paint": {"initial-transfer": {"0.025": [0.20276497695852536, 0.2903225806451613, 0.2119815668202765, 0.22580645161290322, 0.28110599078341014, 0.31336405529953915, 0.271889400921659, 0.25806451612903225], "0.05": [0.2534562211981567, 0.25806451612903225, 0.2534562211981567, 0.20276497695852536, 0.2995391705069124, 0.17972350230414746, 0.2534562211981567, 0.2857142857142857], "0.1": [0.2073732718894009, 0.2119815668202765, 0.1935483870967742, 0.21658986175115208, 0.23963133640552994, 0.23963133640552994, 0.20276497695852536, 0.1935483870967742], "0.2": [0.1152073732718894, 0.17050691244239632, 0.17511520737327188, 0.1889400921658986, 0.1382488479262673, 0.15207373271889402, 0.17511520737327188, 0.15668202764976957], "0.4": [0.07834101382488479, 0.055299539170506916, 0.0967741935483871, 0.1336405529953917, 0.10138248847926268, 0.055299539170506916, 0.10599078341013825, 0.07834101382488479], "0.6": [0.12903225806451613, 0.16129032258064516, 0.11981566820276497, 0.15668202764976957, 0.14285714285714285, 0.1336405529953917, 0.17050691244239632, 0.12442396313364056], "0.8": [0.25806451612903225, 0.15668202764976957, 0.12903225806451613, 0.23963133640552994, 0.21658986175115208, 0.16129032258064516, 0.2119815668202765, 0.20276497695852536], "0.9": [0.1935483870967742, 0.17050691244239632, 0.2488479262672811, 0.2304147465437788, 0.22580645161290322, 0.17050691244239632, 0.22580645161290322, 0.17050691244239632], "0.95": [0.25806451612903225, 0.24423963133640553, 0.31336405529953915, 0.2672811059907834, 0.2488479262672811, 0.2857142857142857, 0.17050691244239632, 0.22580645161290322], "0.975": [0.35023041474654376, 0.21658986175115208, 0.2672811059907834, 0.24423963133640553, 0.17511520737327188, 0.20276497695852536, 0.22119815668202766, 0.2903225806451613]}, "initial-tune": {"0.025": [0.41935483870967744, 0.3548387096774194, 0.391705069124424, 0.3317972350230415, 0.3548387096774194, 0.391705069124424, 0.37327188940092165, 0.35023041474654376], "0.05": [0.30414746543778803, 0.2903225806451613, 0.28110599078341014, 0.2995391705069124, 0.3640552995391705, 0.3870967741935484, 0.2626728110599078, 0.3317972350230415], "0.1": [0.2073732718894009, 0.22119815668202766, 0.23963133640552994, 0.2626728110599078, 0.25806451612903225, 0.2304147465437788, 0.1935483870967742, 0.2488479262672811], "0.2": [0.17511520737327188, 0.12903225806451613, 0.14285714285714285, 0.17972350230414746, 0.11059907834101383, 0.12442396313364056, 0.12903225806451613, 0.14285714285714285], "0.4": [0.12442396313364056, 0.1382488479262673, 0.15207373271889402, 0.11981566820276497, 0.15668202764976957, 0.07834101382488479, 0.16589861751152074, 0.1152073732718894],