{"just_main and just_main+just_spurious": {"careful-paint-tune": {"0.025": [0.13872832369942195, 0.057803468208092484, 0.06358381502890173], "0.05": [0.08092485549132948, 0.03468208092485549, 0.09248554913294797], "0.1": [0.08670520231213873, 0.06358381502890173, 0.06358381502890173], "0.2": [0.06358381502890173, 0.07514450867052024, 0.10982658959537572], "0.4": [0.10982658959537572, 0.09826589595375723, 0.07514450867052024], "0.6": [0.12716763005780346, 0.09248554913294797, 0.08092485549132948], "0.8": [0.15606936416184972, 0.15606936416184972, 0.14450867052023122], "0.9": [0.19653179190751446, 0.15606936416184972, 0.19653179190751446], "0.95": [0.2138728323699422, 0.2543352601156069, 0.27167630057803466], "0.975": [0.2543352601156069, 0.1791907514450867, 0.23121387283236994]}, "careful-tune": {"0.025": [0.057803468208092484, 0.12138728323699421, 0.10404624277456648], "0.05": [0.08092485549132948, 0.10982658959537572, 0.15606936416184972], "0.1": [0.1329479768786127, 0.07514450867052024, 0.14450867052023122], "0.2": [0.07514450867052024, 0.08092485549132948, 0.08670520231213873], "0.4": [0.07514450867052024, 0.05202312138728324, 0.057803468208092484], "0.6": [0.11560693641618497, 0.08670520231213873, 0.08670520231213873], "0.8": [0.1329479768786127, 0.1329479768786127, 0.1791907514450867], "0.9": [0.1329479768786127, 0.21965317919075145, 0.2023121387283237], "0.95": [0.2023121387283237, 0.23699421965317918, 0.2254335260115607], "0.975": [0.20809248554913296, 0.1676300578034682, 0.1791907514450867]}, "full-paint-tune": {"0.025": [0.09826589595375723, 0.07514450867052024, 0.09248554913294797], "0.05": [0.12138728323699421, 0.05202312138728324, 0.08670520231213873], "0.1": [0.11560693641618497, 0.12138728323699421, 0.08670520231213873], "0.2": [0.06936416184971098, 0.12138728323699421, 0.12138728323699421], "0.4": [0.11560693641618497, 0.10982658959537572, 0.08670520231213873], "0.6": [0.09248554913294797, 0.08670520231213873, 0.13872832369942195], "0.8": [0.11560693641618497, 0.23699421965317918, 0.16184971098265896], "0.9": [0.23121387283236994, 0.2138728323699422, 0.16184971098265896], "0.95": [0.18497109826589594, 0.2138728323699422, 0.2254335260115607], "0.975": [0.23121387283236994, 0.21965317919075145, 0.2774566473988439]}, "full-tune": {"0.025": [0.09248554913294797, 0.08092485549132948, 0.07514450867052024], "0.05": [0.14450867052023122, 0.09826589595375723, 0.09826589595375723], "0.1": [0.16184971098265896, 0.08670520231213873, 0.11560693641618497], "0.2": [0.15606936416184972, 0.15606936416184972, 0.13872832369942195], "0.4": [0.13872832369942195, 0.11560693641618497, 0.09826589595375723], "0.6": [0.1907514450867052, 0.20809248554913296, 0.17341040462427745], "0.8": [0.2254335260115607, 0.15028901734104047, 0.15606936416184972], "0.9": [0.21965317919075145, 0.1791907514450867, 0.2138728323699422], "0.95": [0.16184971098265896, 0.2774566473988439, 0.23699421965317918], "0.975": [0.17341040462427745, 0.2138728323699422, 0.18497109826589594]}, "initial-transfer": {"0.025": [0.1329479768786127, 0.11560693641618497, 0.09248554913294797], "0.05": [0.14450867052023122, 0.12716763005780346, 0.11560693641618497], "0.1": [0.09248554913294797, 0.10982658959537572, 0.11560693641618497], "0.2": [0.07514450867052024, 0.07514450867052024, 0.07514450867052024], "0.4": [0.08092485549132948, 0.08670520231213873, 0.03468208092485549], "0.6": [0.09248554913294797, 0.057803468208092484, 0.04046242774566474], "0.8": [0.1329479768786127, 0.16184971098265896, 0.12716763005780346], "0.9": [0.19653179190751446, 0.1791907514450867, 0.18497109826589594], "0.95": [0.19653179190751446, 0.23699421965317918, 0.19653179190751446], "0.975": [0.26011560693641617, 0.23121387283236994, 0.2138728323699422]}, "initial-tune": {"0.025": [0.17341040462427745, 0.13872832369942195, 0.17341040462427745], "0.05": [0.16184971098265896, 0.17341040462427745, 0.1676300578034682], "0.1": [0.1329479768786127, 0.14450867052023122, 0.13872832369942195], "0.2": [0.08092485549132948, 0.09248554913294797, 0.09826589595375723], "0.4": [0.06936416184971098, 0.05202312138728324, 0.06358381502890173], "0.6": [0.06936416184971098, 0.09248554913294797, 0.11560693641618497], "0.8": [0.17341040462427745, 0.1329479768786127, 0.14450867052023122], "0.9": [0.20809248554913296, 0.16184971098265896, 0.18497109826589594], "0.95": [0.24855491329479767, 0.21965317919075145, 0.26011560693641617], "0.975": [0.24855491329479767, 0.2832369942196532, 0.3179190751445087]}}, "just_spurious and just_spurious+just_main": {"careful-paint-tune": {"0.025": [0.38812600969305333, 0.32067851373182554, 0.252827140549273], "0.05": [0.2992730210016155, 0.3218901453957997, 0.2835218093699515], "0.1": [0.2649434571890145, 0.3008885298869144, 0.25807754442649433], "0.2": [0.27867528271405495, 0.25646203554119545, 0.22132471728594508], "0.4": [0.08562197092084006, 0.16558966074313408, 0.19022617124394184], "0.6": [0.07754442649434572, 0.0888529886914378, 0.06785137318255251], "0.8": [0.08198707592891762, 0.09006462035541195, 0.08279483037156704], "0.9": [0.09571890145395799, 0.09410339256865913, 0.07875605815831987], "0.95": [0.09329563812600969, 0.09329563812600969, 0.09733441033925687], "0.975": [0.08764135702746365, 0.08077544426494346, 0.09693053311793215]}, "careful-tune": {"0.025": [0.37237479806138934, 0.3287560581583199, 0.38651050080775445], "0.05": [0.34450726978998386, 0.4159935379644588, 0.42609046849757676], "0.1": [0.33521809369951533, 0.35379644588045234, 0.3816639741518578], "0.2": [0.32310177705977383, 0.30977382875605813, 0.24394184168012925], "0.4": [0.1147011308562197, 0.06744749596122779, 0.15306946688206785], "0.6": [0.0630048465266559, 0.09733441033925687, 0.07673667205169628], "0.8": [0.062197092084006464, 0.09894991922455573, 0.07592891760904685], "0.9": [0.10096930533117932, 0.08966074313408724, 0.12883683360258483], "0.95": [0.09006462035541195, 0.10218093699515347, 0.09450726978998385], "0.975": [0.1050080775444265, 0.06865912762520193, 0.07996768982229402]}, "full-paint-tune": {"0.025": [0.31098546042003233, 0.28998384491114704, 0.3517770597738288], "0.05": [0.3061389337641357, 0.34975767366720517, 0.2681744749596123], "0.1": [0.34248788368336025, 0.3667205169628433, 0.2718093699515347], "0.2": [0.30492730210016156, 0.3016962843295638, 0.33966074313408723], "0.4": [0.24111470113085623, 0.24151857835218093, 0.26615508885298866], "0.6": [0.24394184168012925, 0.23182552504038773, 0.20193861066235863], "0.8": [0.1421647819063005, 0.1381260096930533, 0.14539579967689822], "0.9": [0.1377221324717286, 0.10016155088852989, 0.09773828756058159], "0.95": [0.0864297253634895, 0.10702746365105008, 0.08077544426494346], "0.975": [0.09329563812600969, 0.09450726978998385, 0.11106623586429726]}, "full-tune": {"0.025": [0.4491114701130856, 0.3667205169628433, 0.43093699515347333], "0.05": [0.39095315024232635, 0.3441033925686591, 0.40387722132471726], "0.1": [0.34450726978998386, 0.37762520193861066, 0.38893376413570274], "0.2": [0.3953957996768982, 0.4208400646203554, 0.35379644588045234], "0.4": [0.18861066235864296, 0.22172859450726978, 0.31098546042003233], "0.6": [0.23949919224555735, 0.26292407108239096, 0.24273021001615508], "0.8": [0.18336025848142165, 0.18820678513731826, 0.2148626817447496], "0.9": [0.17609046849757673, 0.15549273021001617, 0.16195476575121162], "0.95": [0.13933764135702748, 0.14781906300484654, 0.1122778675282714], "0.975": [0.10379644588045234, 0.09289176090468497, 0.10541195476575121]}, "initial-transfer": {"0.025": [0.05088852988691438, 0.05088852988691438, 0.04361873990306947], "0.05": [0.033521809369951534, 0.029079159935379646, 0.0395799676898223], "0.1": [0.03150242326332795, 0.0537156704361874, 0.033117932148626815], "0.2": [0.048465266558966075, 0.04483037156704362, 0.03836833602584814], "0.4": [0.04604200323101777, 0.0537156704361874, 0.05331179321486268], "0.6": [0.06502423263327949, 0.05048465266558966, 0.062197092084006464],