{"both and main-box": {"both-paint-tune": {"0.8": [0.005494505494505495, 0.012121212121212121, 0.005291005291005291, 0.03684210526315789], "0.9": [0.027472527472527472, 0.0, 0.03333333333333333, 0.016216216216216217], "0.95": [0.016129032258064516, 0.01775147928994083, 0.01092896174863388, 0.031914893617021274], "0.975": [0.03783783783783784, 0.0111731843575419, 0.016129032258064516, 0.016853932584269662]}, "both-tune": {"0.8": [0.375886524822695, 0.33986928104575165, 0.45588235294117646, 0.36363636363636365], "0.9": [0.3465909090909091, 0.3860759493670886, 0.32903225806451614, 0.39285714285714285], "0.95": [0.36809815950920244, 0.3374233128834356, 0.38666666666666666, 0.36477987421383645], "0.975": [0.3473053892215569, 0.36129032258064514, 0.4069767441860465, 0.37012987012987014]}, "careful-paint-tune": {"0.8": [0.011049723756906077, 0.010869565217391304, 0.016042780748663103, 0.0], "0.9": [0.0106951871657754, 0.03910614525139665, 0.027777777777777776, 0.02197802197802198], "0.95": [0.045454545454545456, 0.016304347826086956, 0.03278688524590164, 0.022099447513812154], "0.975": [0.021505376344086023, 0.016483516483516484, 0.016853932584269662, 0.005319148936170213]}, "careful-tune": {"0.5": [0.016304347826086956, 0.021739130434782608, 0.015873015873015872, 0.01639344262295082], "0.6": [0.006329113924050633, 0.005813953488372093, 0.03314917127071823, 0.006172839506172839], "0.7": [0.016574585635359115, 0.18617021276595744, 0.18023255813953487, 0.21301775147928995], "0.8": [0.3235294117647059, 0.32934131736526945, 0.3202614379084967, 0.2582781456953642], "0.9": [0.3930635838150289, 0.3977272727272727, 0.3372093023255814, 0.36], "0.95": [0.3942857142857143, 0.3181818181818182, 0.3872832369942196, 0.38596491228070173], "0.975": [0.36363636363636365, 0.4, 0.3515151515151515, 0.40588235294117647]}, "initial-transfer": {"0.5": [0.005747126436781609, 0.012195121951219513, 0.0111731843575419, 0.01675977653631285], "0.6": [0.010362694300518135, 0.026737967914438502, 0.02631578947368421, 0.016129032258064516], "0.7": [0.017543859649122806, 0.0, 0.005050505050505051, 0.016483516483516484], "0.8": [0.02127659574468085, 0.021505376344086023, 0.016129032258064516, 0.0374331550802139], "0.9": [0.005376344086021506, 0.0, 0.015306122448979591, 0.015625], "0.95": [0.010471204188481676, 0.026595744680851064, 0.015384615384615385, 0.005154639175257732], "0.975": [0.025906735751295335, 0.0335195530726257, 0.015463917525773196, 0.0]}, "initial-tune": {"0.5": [0.010416666666666666, 0.021621621621621623, 0.034482758620689655, 0.015873015873015872], "0.6": [0.01675977653631285, 0.015706806282722512, 0.01639344262295082, 0.015706806282722512], "0.7": [0.0053475935828877, 0.0, 0.015789473684210527, 0.020512820512820513], "0.8": [0.010101010101010102, 0.0053475935828877, 0.010582010582010581, 0.015957446808510637], "0.9": [0.025252525252525252, 0.015, 0.024875621890547265, 0.03015075376884422], "0.95": [0.01020408163265306, 0.015151515151515152, 0.015306122448979591, 0.02040816326530612], "0.975": [0.014925373134328358, 0.009950248756218905, 0.010050251256281407, 0.010101010101010102]}}, "both and main-pixel-paint": {"both-paint-tune": {"0.8": [0.8351648351648352, 0.9454545454545454, 0.8835978835978836, 0.9210526315789473], "0.9": [0.9120879120879121, 0.9144385026737968, 0.9111111111111111, 0.8], "0.95": [0.8978494623655914, 0.9467455621301775, 0.8907103825136612, 0.8829787234042553], "0.975": [0.9405405405405406, 0.8938547486033519, 0.9032258064516129, 0.9269662921348315]}, "both-tune": {"0.8": [0.03546099290780142, 0.0196078431372549, 0.0661764705882353, 0.04895104895104895], "0.9": [0.022727272727272728, 0.04430379746835443, 0.03225806451612903, 0.05714285714285714], "0.95": [0.03067484662576687, 0.05521472392638037, 0.04666666666666667, 0.03773584905660377], "0.975": [0.023952095808383235, 0.07096774193548387, 0.046511627906976744, 0.032467532467532464]}, "careful-paint-tune": {"0.8": [0.7955801104972375, 0.8641304347826086, 0.786096256684492, 0.6505376344086021], "0.9": [0.8716577540106952, 0.9217877094972067, 0.9055555555555556, 0.8681318681318682], "0.95": [0.9431818181818182, 0.842391304347826, 0.912568306010929, 0.9005524861878453], "0.975": [0.9086021505376344, 0.9285714285714286, 0.9044943820224719, 0.8882978723404256]}, "careful-tune": {"0.5": [0.03804347826086957, 0.043478260869565216, 0.021164021164021163, 0.04371584699453552], "0.6": [0.04430379746835443, 0.01744186046511628, 0.055248618784530384, 0.012345679012345678], "0.7": [0.04419889502762431, 0.0425531914893617, 0.040697674418604654, 0.023668639053254437], "0.8": [0.041176470588235294, 0.029940119760479042, 0.0392156862745098, 0.08609271523178808], "0.9": [0.03468208092485549, 0.03977272727272727, 0.06395348837209303, 0.005714285714285714], "0.95": [0.08, 0.05194805194805195, 0.057803468208092484, 0.04093567251461988], "0.975": [0.0213903743315508, 0.07058823529411765, 0.030303030303030304, 0.047058823529411764]}, "initial-transfer": {"0.5": [0.005747126436781609, 0.03048780487804878, 0.01675977653631285, 0.0111731843575419], "0.6": [0.010362694300518135, 0.026737967914438502, 0.010526315789473684, 0.010752688172043012], "0.7": [0.011695906432748537, 0.005208333333333333, 0.010101010101010102, 0.01098901098901099], "0.8": [0.005319148936170213, 0.010752688172043012, 0.005376344086021506, 0.0213903743315508], "0.9": [0.005376344086021506, 0.004901960784313725, 0.01020408163265306, 0.005208333333333333], "0.95": [0.0, 0.0, 0.005128205128205128, 0.005154639175257732], "0.975": [0.0051813471502590676, 0.00558659217877095, 0.005154639175257732, 0.005154639175257732]}, "initial-tune": {"0.5": [0.026041666666666668, 0.07567567567567568, 0.06896551724137931, 0.026455026455026454], "0.6": [0.05027932960893855, 0.02617801047120419, 0.03278688524590164, 0.020942408376963352], "0.7": [0.0053475935828877, 0.0051813471502590676, 0.010526315789473684, 0.03076923076923077], "0.8": [0.015151515151515152, 0.0106951871657754, 0.005291005291005291, 0.015957446808510637], "0.9": [0.025252525252525252, 0.025, 0.01990049751243781, 0.04020100502512563], "0.95": [0.00510204081632653, 0.045454545454545456, 0.01020408163265306, 0.015306122448979591], "0.975": [0.024875621890547265, 0.01990049751243781, 0.02512562814070352, 0.020202020202020204]}}, "just_main and main-box": {"both-paint-tune": {"0.8": [0.058333333333333334, 0.0625, 0.09836065573770492, 0.07547169811320754], "0.9": [0.1368421052631579, 0.08737864077669903, 0.08080808080808081, 0.0970873786407767], "0.95": [0.1568627450980392, 0.12162162162162163, 0.09900990099009901, 0.08333333333333333], "0.975": [0.10666666666666667, 0.09210526315789473, 0.05, 0.04054054054054054]}, "both-tune": {"0.8": [0.43478260869565216, 0.3076923076923077, 0.46987951807228917, 0.35802469135802467], "0.9": [0.4588235294117647, 0.34210526315789475, 0.40625, 0.4], "0.95": [0.26785714285714285, 0.39344262295081966, 0.4032258064516129, 0.5079365079365079], "0.975": [0.3333333333333333, 0.5128205128205128, 0.40789473684210525, 0.4426229508196721]}, "careful-paint-tune": {"0.8": [0.049586776859504134, 0.10569105691056911, 0.13178294573643412, 0.064], "0.9": [0.08181818181818182, 0.10989010989010989, 0.08411214953271028, 0.08333333333333333], "0.95": [0.075, 0.09523809523809523, 0.13402061855670103, 0.12087912087912088], "0.975": [0.14814814814814814, 0.04395604395604396, 0.05154639175257732, 0.09090909090909091]}, "careful-tune": {"0.5": [0.060810810810810814, 0.08904109589041095, 0.06338028169014084, 0.051470588235294115], "0.6": [0.008, 0.022058823529411766, 0.050359712230215826, 0.04032258064516129], "0.7": [0.014598540145985401, 0.06766917293233082, 0.1640625, 0.096], "0.8": [0.24545454545454545, 0.25225225225225223, 0.23636363636363636, 0.20175438596491227], "0.9": [0.38095238095238093, 0.4148936170212766, 0.3253012048192771, 0.3137254901960784], "0.95": [0.37362637362637363, 0.2727272727272727, 0.38461538461538464, 0.3],