{"just_main and just_main+just_spurious": {"cdep-transfer": {"0.025": [0.12138728323699421, 0.14450867052023122, 0.18497109826589594, 0.19653179190751446], "0.05": [0.14450867052023122, 0.08670520231213873, 0.11560693641618497, 0.1329479768786127], "0.1": [0.08670520231213873, 0.20809248554913296, 0.13872832369942195, 0.12138728323699421], "0.2": [0.10404624277456648, 0.13872832369942195, 0.15028901734104047, 0.12138728323699421], "0.4": [0.07514450867052024, 0.09248554913294797, 0.057803468208092484, 0.06358381502890173], "0.6": [0.07514450867052024, 0.03468208092485549, 0.12716763005780346, 0.10404624277456648], "0.8": [0.11560693641618497, 0.12716763005780346, 0.16184971098265896, 0.1676300578034682], "0.9": [0.1676300578034682, 0.18497109826589594, 0.1329479768786127, 0.1329479768786127], "0.95": [0.26011560693641617, 0.2543352601156069, 0.17341040462427745, 0.23121387283236994], "0.975": [0.2774566473988439, 0.2138728323699422, 0.26011560693641617, 0.23699421965317918]}, "initial-transfer": {"0.025": [0.13872832369942195, 0.1907514450867052, 0.18497109826589594, 0.12716763005780346], "0.05": [0.13872832369942195, 0.14450867052023122, 0.16184971098265896, 0.17341040462427745], "0.1": [0.13872832369942195, 0.15606936416184972, 0.1676300578034682, 0.12716763005780346], "0.2": [0.1676300578034682, 0.12716763005780346, 0.10982658959537572, 0.16184971098265896], "0.4": [0.11560693641618497, 0.09248554913294797, 0.08670520231213873, 0.09826589595375723], "0.6": [0.09826589595375723, 0.09826589595375723, 0.13872832369942195, 0.11560693641618497], "0.8": [0.15028901734104047, 0.14450867052023122, 0.1791907514450867, 0.2023121387283237], "0.9": [0.21965317919075145, 0.19653179190751446, 0.1907514450867052, 0.16184971098265896], "0.95": [0.2254335260115607, 0.19653179190751446, 0.23121387283236994, 0.27167630057803466], "0.975": [0.24277456647398843, 0.30057803468208094, 0.23699421965317918, 0.28901734104046245]}, "initial-tune": {"0.025": [0.19653179190751446, 0.2138728323699422, 0.21965317919075145, 0.19653179190751446], "0.05": [0.13872832369942195, 0.15028901734104047, 0.2023121387283237, 0.14450867052023122], "0.1": [0.09248554913294797, 0.08092485549132948, 0.09248554913294797, 0.13872832369942195], "0.2": [0.12716763005780346, 0.12138728323699421, 0.11560693641618497, 0.12716763005780346], "0.4": [0.12138728323699421, 0.11560693641618497, 0.12716763005780346, 0.09248554913294797], "0.6": [0.10404624277456648, 0.07514450867052024, 0.057803468208092484, 0.06358381502890173], "0.8": [0.1676300578034682, 0.14450867052023122, 0.15606936416184972, 0.1676300578034682], "0.9": [0.24855491329479767, 0.1907514450867052, 0.27167630057803466, 0.26011560693641617], "0.95": [0.2832369942196532, 0.3063583815028902, 0.24855491329479767, 0.26011560693641617], "0.975": [0.2832369942196532, 0.3699421965317919, 0.31213872832369943, 0.2774566473988439]}, "minimal-tune": {"0.025": [0.06936416184971098, 0.06936416184971098, 0.09248554913294797, 0.10404624277456648], "0.05": [0.06358381502890173, 0.08092485549132948, 0.12138728323699421, 0.10982658959537572], "0.1": [0.09826589595375723, 0.06358381502890173, 0.05202312138728324, 0.10404624277456648], "0.2": [0.04046242774566474, 0.11560693641618497, 0.1329479768786127, 0.15606936416184972], "0.4": [0.10982658959537572, 0.10404624277456648, 0.10982658959537572, 0.09248554913294797], "0.6": [0.15028901734104047, 0.15606936416184972, 0.14450867052023122, 0.15606936416184972], "0.8": [0.17341040462427745, 0.15606936416184972, 0.10982658959537572, 0.1676300578034682], "0.9": [0.17341040462427745, 0.18497109826589594, 0.15606936416184972, 0.1329479768786127], "0.95": [0.14450867052023122, 0.1907514450867052, 0.16184971098265896, 0.2023121387283237], "0.975": [0.18497109826589594, 0.15606936416184972, 0.1676300578034682, 0.1676300578034682]}}, "just_spurious and just_spurious+just_main": {"cdep-transfer": {"0.025": [0.062, 0.05, 0.064, 0.052], "0.05": [0.046, 0.068, 0.078, 0.062], "0.1": [0.088, 0.04, 0.052, 0.054], "0.2": [0.078, 0.06, 0.056, 0.074], "0.4": [0.084, 0.058, 0.096, 0.086], "0.6": [0.08, 0.092, 0.062, 0.102], "0.8": [0.08, 0.088, 0.082, 0.092], "0.9": [0.078, 0.06, 0.07, 0.048], "0.95": [0.042, 0.05, 0.044, 0.076], "0.975": [0.066, 0.066, 0.076, 0.064]}, "initial-transfer": {"0.025": [0.032, 0.032, 0.02, 0.034], "0.05": [0.03, 0.028, 0.032, 0.024], "0.1": [0.036, 0.026, 0.034, 0.032], "0.2": [0.024, 0.036, 0.034, 0.032], "0.4": [0.04, 0.048, 0.05, 0.062], "0.6": [0.076, 0.046, 0.066, 0.064], "0.8": [0.042, 0.058, 0.06, 0.066], "0.9": [0.056, 0.054, 0.064, 0.078], "0.95": [0.066, 0.072, 0.068, 0.05], "0.975": [0.06, 0.06, 0.046, 0.06]}, "initial-tune": {"0.025": [0.038, 0.032, 0.034, 0.044], "0.05": [0.052, 0.042, 0.026, 0.034], "0.1": [0.062, 0.072, 0.052, 0.038], "0.2": [0.042, 0.06, 0.046, 0.062], "0.4": [0.056, 0.052, 0.066, 0.054], "0.6": [0.058, 0.072, 0.076, 0.088], "0.8": [0.052, 0.102, 0.072, 0.074], "0.9": [0.06, 0.07, 0.046, 0.068], "0.95": [0.072, 0.068, 0.074, 0.062], "0.975": [0.062, 0.05, 0.064, 0.052]}, "minimal-tune": {"0.025": [0.266, 0.234, 0.372, 0.27], "0.05": [0.298, 0.278, 0.314, 0.298], "0.1": [0.226, 0.284, 0.336, 0.286], "0.2": [0.268, 0.24, 0.312, 0.23], "0.4": [0.146, 0.098, 0.166, 0.092], "0.6": [0.1, 0.072, 0.098, 0.094], "0.8": [0.098, 0.078, 0.09, 0.104], "0.9": [0.068, 0.07, 0.112, 0.09], "0.95": [0.092, 0.074, 0.086, 0.094], "0.975": [0.094, 0.11, 0.104, 0.088]}}, "neither and neither+just_main": {"cdep-transfer": {"0.025": [0.074, 0.066, 0.07, 0.074], "0.05": [0.056, 0.078, 0.078, 0.086], "0.1": [0.078, 0.052, 0.072, 0.068], "0.2": [0.048, 0.08, 0.08, 0.078], "0.4": [0.08, 0.082, 0.074, 0.07], "0.6": [0.06, 0.086, 0.08, 0.09], "0.8": [0.082, 0.08, 0.068, 0.088], "0.9": [0.068, 0.056, 0.066, 0.052], "0.95": [0.026, 0.038, 0.072, 0.044], "0.975": [0.036, 0.044, 0.05, 0.048]}, "initial-transfer": {"0.025": [0.044, 0.028, 0.038, 0.054], "0.05": [0.038, 0.04, 0.042, 0.052], "0.1": [0.04, 0.028, 0.028, 0.044], "0.2": [0.042, 0.04, 0.06, 0.042], "0.4": [0.052, 0.044, 0.048, 0.074], "0.6": [0.068, 0.038, 0.05, 0.046], "0.8": [0.048, 0.056, 0.034, 0.04], "0.9": [0.042, 0.036, 0.064, 0.058], "0.95": [0.046, 0.064, 0.036, 0.042], "0.975": [0.036, 0.032, 0.032, 0.018]}, "initial-tune": {"0.025": [0.058, 0.044, 0.052, 0.054], "0.05": [0.044, 0.044, 0.048, 0.042], "0.1": [0.054, 0.058, 0.054, 0.06], "0.2": [0.036, 0.056, 0.062, 0.054], "0.4": [0.052, 0.05, 0.052, 0.06], "0.6": [0.048, 0.07, 0.078, 0.07], "0.8": [0.026, 0.08, 0.052, 0.066], "0.9": [0.038, 0.042, 0.016, 0.032], "0.95": [0.026, 0.03, 0.036, 0.03], "0.975": [0.032, 0.034, 0.034, 0.044]}, "minimal-tune": {"0.025": [0.26, 0.188, 0.328, 0.288], "0.05": [0.256, 0.244, 0.31, 0.292], "0.1": [0.23, 0.284, 0.282, 0.252], "0.2": [0.24, 0.208, 0.306, 0.274], "0.4": [0.156, 0.098, 0.162, 0.098], "0.6": [0.11, 0.064, 0.09, 0.094], "0.8": [0.1, 0.06, 0.08, 0.082], "0.9": [0.078, 0.07, 0.146, 0.076], "0.95": [0.06, 0.082, 0.074, 0.086], "0.975": [0.078, 0.074, 0.064, 0.084]}}, "neither and neither+just_spurious": {"cdep-transfer": {"0.025": [0.194, 0.21, 0.208, 0.232], "0.05": [0.16, 0.182, 0.216, 0.176], "0.1": [0.16, 0.148, 0.156, 0.156], "0.2": [0.124, 0.144, 0.124, 0.116], "0.4": [0.1, 0.106, 0.098, 0.096], "0.6": [0.098, 0.19, 0.132, 0.116], "0.8": [0.2, 0.222, 0.196, 0.216], "0.9": [0.308, 0.258, 0.24, 0.212], "0.95": [0.192, 0.266, 0.344, 0.25], "0.975": [0.248, 0.302, 0.336, 0.322]}, "initial-transfer": {"0.025": [0.136, 0.146, 0.146, 0.134], "0.05": [0.13, 0.134, 0.142, 0.13], "0.1": [0.12, 0.116, 0.118, 0.11], "0.2": [0.094, 0.096, 0.108, 0.104], "0.4": [0.078, 0.096, 0.088, 0.096], "0.6": [0.132, 0.106, 0.1, 0.1], "0.8": [0.174, 0.172, 0.146, 0.168], "0.9": [0.236, 0.23, 0.232, 0.25], "0.95": [0.254, 0.294, 0.254, 0.252], "0.975": [0.262, 0.264, 0.286, 0.248]}, "initial-tune": {"0.025": [0.168, 0.17, 0.15, 0.178], "0.05": [0.122, 0.136, 0.162, 0.142], "0.1": [0.128, 0.142, 0.15, 0.14], "0.2": [0.104, 0.096, 0.104, 0.1],