{"both": 0.9855072463768116, "just_main": 1.0, "just_spurious": 0.008, "neither": 0.014, "average": 0.5018768115942028}