{"both": 0.7729468599033816, "just_main": 0.16279069767441862, "just_spurious": 0.556, "neither": 0.968, "average": 0.6149343893944501}