{"both": 0.5700483091787439, "just_main": 0.11046511627906977, "just_spurious": 0.728, "neither": 0.974, "average": 0.5956283563644533}