{"both": 0.9082125603864735, "just_main": 0.37209302325581395, "just_spurious": 0.42, "neither": 0.896, "average": 0.6490763959105719}