{"both": 0.821256038647343, "just_main": 0.22093023255813954, "just_spurious": 0.522, "neither": 0.93, "average": 0.6235465678013706}