{"both": 0.8502415458937198, "just_main": 0.313953488372093, "just_spurious": 0.568, "neither": 0.956, "average": 0.6720487585664532}