{"B2M": 0.40746286511421204, "B2S": 0.12688463926315308, "M2N": 0.21833734214305878, "S2N": 0.03814486041665077, "N2M": 0.010425164364278316, "N2S": 0.021128032356500626, "M2B": 0.357013463973999, "S2B": 0.06237242370843887}