{"average": {"initial-tune": {"0.025": [0.7247750379842998, 0.7089859774626488, 0.7042590845783743, 0.7329107368954165, 0.7055257343631299, 0.7036252215750822, 0.7228410990124082, 0.7021252215750823], "0.05": [0.7403471448467966, 0.728766206634591, 0.7333542669030133, 0.7566880539377057, 0.7299203279311218, 0.7368194479615092, 0.7188553431248419, 0.7173492972904533], "0.1": [0.7624320081033173, 0.7655364332742467, 0.7753095403899722, 0.7616713724993669, 0.7533712965307673, 0.7646014180805267, 0.754433495821727, 0.7521373132438592], "0.2": [0.795076221828311, 0.7643329640415295, 0.7882747531020511, 0.7839171309192201, 0.796614585971132, 0.794007343631299, 0.7969604646746011, 0.7863471765003798], "0.4": [0.8251480121549759, 0.8092733603443911, 0.8194629653076728, 0.8188997847556343, 0.8248071030640668, 0.8162101164851862, 0.8127282223347683, 0.8059967080273487], "0.6": [0.8046189225120284, 0.809850785008863, 0.817790421625728, 0.8294037097999494, 0.8141725120283616, 0.8235624525196252, 0.8123468916181312, 0.8094648012154977], "0.8": [0.8141214231451, 0.7639555267156243, 0.8111444986072424, 0.7945887566472525, 0.8097989680931882, 0.786233286908078, 0.7957794378323626, 0.7833178019751836], "0.9": [0.7663142567738669, 0.7699268169156749, 0.7595983160293746, 0.7767822866548494, 0.7531881805520385, 0.7566984679665738, 0.769095498860471, 0.7750425740693846], "0.95": [0.7483895289946821, 0.7217307862750063, 0.7412211952393012, 0.7489509685996455, 0.7507300898961763, 0.7221604836667511, 0.7152971954925298, 0.7532964991136997], "0.975": [0.7193476196505444, 0.7266278171689036, 0.734819574575842, 0.7160855596353507, 0.7278568624968347, 0.7121324385920486, 0.7292673778171689, 0.7287918776905545]}, "minimal-tune": {"0.025": [0.7560893897189163, 0.755415073436313, 0.7517587996961256, 0.736743511015447, 0.7383901937199292, 0.7858191630792606, 0.7363191630792606, 0.7109480564699924], "0.05": [0.7731351924537857, 0.7313141934667005, 0.7835425107622183, 0.7519488161559889, 0.7781256014180805, 0.714480406432008, 0.7428394213724994, 0.7282634211192708], "0.1": [0.7794782539883516, 0.7677150860977462, 0.7645407698151431, 0.7520215877437326, 0.7784952836161054, 0.7725915421625728, 0.7803581919473285, 0.7695872372752596], "0.2": [0.8014864522663965, 0.781104361863763, 0.7786576031906812, 0.7789527095467206, 0.7726433907318309, 0.7743319827804508, 0.7881061028108383, 0.7970393770574828], "0.4": [0.8022633894656875, 0.8255862560141809, 0.8235180425424158, 0.8204338756647253, 0.8308948467966573, 0.8010201316789061, 0.8200237401873891, 0.8065613762977968], "0.6": [0.8126732400607748, 0.8122183147632311, 0.8283497087870347, 0.8138798746518106, 0.8162353443909851, 0.8316625728032413, 0.8258170422891872, 0.8184061787794379], "0.8": [0.8070677703216004, 0.8036526019245379, 0.7962481007850088, 0.8130041782729804, 0.8250958470498861, 0.7968365725500126, 0.822449512534819, 0.8074707837427196], "0.9": [0.7663812674094708, 0.806949860724234, 0.7952850721701696, 0.7888923145100025, 0.7940002848822487, 0.8022836794125096, 0.7909164661939732, 0.7889079513800963], "0.95": [0.7962826031906811, 0.7996941947328438, 0.7970496644720183, 0.7961703912382883, 0.7747697834894911, 0.7842826031906812, 0.7862538300835655, 0.790695935679919], "0.975": [0.7945056026842239, 0.7966569068118511, 0.7765432387946315, 0.7812030577361357, 0.7794370726766271, 0.7828777855153204, 0.7887460433021019, 0.7855950873638895]}, "simple-tune": {"0.025": [0.7093229931628261, 0.7075797353760445, 0.7222665231704228, 0.7235797353760445, 0.7005317801975184, 0.705741295264624, 0.7083038110914156, 0.7159277665231705], "0.05": [0.747771492782983, 0.7332420549506204, 0.7374362813370473, 0.7322374335274753, 0.7264615092428462, 0.7509593567991897, 0.7406241453532539, 0.7399711002785515], "0.1": [0.7516046467460116, 0.764619207394277, 0.7661447518359078, 0.74579143454039, 0.7622924474550519, 0.7673784185869841, 0.773102494302355, 0.7610758736388958], "0.2": [0.786942010635604, 0.7821241770068371, 0.7912964041529502, 0.784748132438592, 0.7943937389212459, 0.8051568435046847, 0.791390510255761, 0.7879746771334515], "0.4": [0.8253106482653836, 0.8128710116485186, 0.8156576031906813, 0.8111423145100025, 0.8231192390478602, 0.8176419663205875, 0.8142783299569512, 0.8156299063053938], "0.6": [0.828276937199291, 0.8186494365662194, 0.8294214674601165, 0.8154917700683717, 0.8259445429222588, 0.8178660736895417, 0.8102808305900228, 0.8270251645986325], "0.8": [0.8068408774373259, 0.8219335591288933, 0.8060553621169916, 0.8136249683464168, 0.7950457710812864, 0.7992989680931881, 0.8139143770574828, 0.8112794378323627], "0.9": [0.7865468473031147, 0.771009559382122, 0.7748508166624462, 0.7410997720942011, 0.7752350595087365, 0.7838000443150165, 0.7748881045834388, 0.7620237718409724], "0.95": [0.7543099835401367, 0.7366881805520384, 0.7550063623702203, 0.7615617561407951, 0.7495482717143581, 0.7564964231451001, 0.7550809382122056, 0.743983286908078], "0.975": [0.7467350595087364, 0.7356654532793113, 0.7394087110660926, 0.7198568624968346, 0.7295901810584957, 0.7361004684730311, 0.7410763167890605, 0.739108286908078]}}, "both": {"initial-tune": {"0.025": [0.5069637883008357, 0.5125348189415042, 0.5821727019498607, 0.6350974930362117, 0.467966573816156, 0.6239554317548747, 0.5348189415041783, 0.6239554317548747], "0.05": [0.5598885793871866, 0.637883008356546, 0.6155988857938719, 0.5598885793871866, 0.6434540389972145, 0.5654596100278552, 0.6462395543175488, 0.6211699164345403], "0.1": [0.5348189415041783, 0.596100278551532, 0.6657381615598886, 0.584958217270195, 0.5710306406685237, 0.5933147632311978, 0.724233983286908, 0.6740947075208914], "0.2": [0.6406685236768802, 0.6267409470752089, 0.7047353760445683, 0.6406685236768802, 0.6740947075208914, 0.6796657381615598, 0.6685236768802229, 0.649025069637883], "0.4": [0.8022284122562674, 0.7827298050139275, 0.7103064066852368, 0.7938718662952646, 0.8022284122562674, 0.6880222841225627, 0.6740947075208914, 0.7298050139275766], "0.6": [0.8857938718662952, 0.8105849582172702, 0.8272980501392758, 0.8467966573816156, 0.7938718662952646, 0.8662952646239555, 0.8467966573816156, 0.8802228412256268], "0.8": [0.9275766016713092, 0.7632311977715878, 0.9080779944289693, 0.9387186629526463, 0.8941504178272981, 0.935933147632312, 0.8969359331476323, 0.9303621169916435], "0.9": [0.947075208913649, 0.9164345403899722, 0.8579387186629527, 0.9192200557103064, 0.9164345403899722, 0.8857938718662952, 0.924791086350975, 0.8885793871866295], "0.95": [0.9136490250696379, 0.8941504178272981, 0.8857938718662952, 0.9275766016713092, 0.9331476323119777, 0.9220055710306406, 0.9025069637883009, 0.9415041782729805], "0.975": [0.8969359331476323, 0.9331476323119777, 0.9220055710306406, 0.935933147632312, 0.924791086350975, 0.947075208913649, 0.935933147632312, 0.9275766016713092]}, "minimal-tune": {"0.025": [0.7214484679665738, 0.8467966573816156, 0.7799442896935933, 0.7270194986072424, 0.7855153203342619, 0.7632311977715878, 0.7632311977715878, 0.7270194986072424], "0.05": [0.7019498607242339, 0.7688022284122563, 0.7103064066852368, 0.8662952646239555, 0.6935933147632312, 0.8245125348189415, 0.8105849582172702, 0.7938718662952646], "0.1": [0.7632311977715878, 0.6824512534818942, 0.807799442896936, 0.7910863509749304, 0.7186629526462396, 0.7827298050139275, 0.6685236768802229, 0.6601671309192201], "0.2": [0.8495821727019499, 0.883008356545961, 0.8105849582172702, 0.83008356545961, 0.7883008356545961, 0.8635097493036211, 0.7855153203342619, 0.8857938718662952], "0.4": [0.7047353760445683, 0.8969359331476323, 0.807799442896936, 0.7938718662952646, 0.8885793871866295, 0.6908077994428969, 0.8523676880222841, 0.8356545961002786], "0.6": [0.8440111420612814, 0.7743732590529248, 0.7799442896935933, 0.7270194986072424, 0.7298050139275766, 0.8050139275766016, 0.7910863509749304, 0.7994428969359332],