{"both and spurious-box": {"initial-tune": {"0.025": [0.3732590529247911, 0.34818941504178275, 0.35097493036211697, 0.2924791086350975, 0.38997214484679665, 0.3147632311977716, 0.34540389972144847, 0.28969359331476324], "0.05": [0.3398328690807799, 0.3203342618384401, 0.30919220055710306, 0.33147632311977715, 0.30362116991643456, 0.34818941504178275, 0.2924791086350975, 0.3231197771587744], "0.1": [0.3008356545961003, 0.2562674094707521, 0.24512534818941503, 0.29526462395543174, 0.28133704735376047, 0.28133704735376047, 0.24233983286908078, 0.2590529247910863], "0.2": [0.20055710306406685, 0.20891364902506965, 0.20891364902506965, 0.22841225626740946, 0.19220055710306408, 0.2116991643454039, 0.1894150417827298, 0.1671309192200557], "0.4": [0.116991643454039, 0.10863509749303621, 0.12813370473537605, 0.10306406685236769, 0.09749303621169916, 0.11142061281337047, 0.11977715877437325, 0.12813370473537605], "0.6": [0.06685236768802229, 0.116991643454039, 0.116991643454039, 0.1392757660167131, 0.07520891364902507, 0.08913649025069638, 0.09749303621169916, 0.0584958217270195], "0.8": [0.10306406685236769, 0.20612813370473537, 0.1309192200557103, 0.07799442896935933, 0.181058495821727, 0.09749303621169916, 0.10306406685236769, 0.10863509749303621], "0.9": [0.13649025069637882, 0.1615598885793872, 0.20055710306406685, 0.19220055710306408, 0.14763231197771587, 0.20891364902506965, 0.20334261838440112, 0.1615598885793872], "0.95": [0.2116991643454039, 0.2116991643454039, 0.2646239554317549, 0.18662952646239556, 0.20891364902506965, 0.1671309192200557, 0.20612813370473537, 0.16991643454038996], "0.975": [0.26740947075208915, 0.181058495821727, 0.13649025069637882, 0.16991643454038996, 0.2116991643454039, 0.14206128133704735, 0.12534818941504178, 0.18384401114206128]}, "minimal-tune": {"0.025": [0.3816155988857939, 0.4206128133704735, 0.43175487465181056, 0.403899721448468, 0.39275766016713093, 0.3732590529247911, 0.3816155988857939, 0.3649025069637883], "0.05": [0.3565459610027855, 0.39275766016713093, 0.40668523676880225, 0.47075208913649025, 0.41225626740947074, 0.3955431754874652, 0.4178272980501393, 0.41225626740947074], "0.1": [0.37047353760445684, 0.3955431754874652, 0.34818941504178275, 0.41225626740947074, 0.31754874651810583, 0.41225626740947074, 0.3593314763231198, 0.33147632311977715], "0.2": [0.37604456824512533, 0.35097493036211697, 0.36768802228412256, 0.3342618384401114, 0.33147632311977715, 0.31197771587743733, 0.38997214484679665, 0.4456824512534819], "0.4": [0.24512534818941503, 0.26740947075208915, 0.23119777158774374, 0.233983286908078, 0.27298050139275765, 0.22284122562674094, 0.24233983286908078, 0.25348189415041783], "0.6": [0.11420612813370473, 0.13649025069637882, 0.15598885793871867, 0.16991643454038996, 0.20891364902506965, 0.14484679665738162, 0.13649025069637882, 0.16991643454038996], "0.8": [0.116991643454039, 0.2116991643454039, 0.27019498607242337, 0.21448467966573817, 0.09749303621169916, 0.17827298050139276, 0.15041782729805014, 0.21448467966573817], "0.9": [0.20612813370473537, 0.1615598885793872, 0.181058495821727, 0.17270194986072424, 0.1615598885793872, 0.12534818941504178, 0.1615598885793872, 0.1894150417827298], "0.95": [0.1671309192200557, 0.14206128133704735, 0.1615598885793872, 0.13649025069637882, 0.1977715877437326, 0.14206128133704735, 0.16434540389972144, 0.18384401114206128], "0.975": [0.1615598885793872, 0.12256267409470752, 0.1671309192200557, 0.15598885793871867, 0.1615598885793872, 0.12534818941504178, 0.12534818941504178, 0.16434540389972144]}, "simple-tune": {"0.025": [0.3871866295264624, 0.38997214484679665, 0.36768802228412256, 0.36768802228412256, 0.4206128133704735, 0.40668523676880225, 0.3788300835654596, 0.32590529247910865], "0.05": [0.3871866295264624, 0.3370473537604457, 0.3732590529247911, 0.32590529247910865, 0.34540389972144847, 0.3649025069637883, 0.35097493036211697, 0.3398328690807799], "0.1": [0.28133704735376047, 0.27298050139275765, 0.3398328690807799, 0.3008356545961003, 0.29526462395543174, 0.3147632311977716, 0.3231197771587744, 0.3008356545961003], "0.2": [0.25069637883008355, 0.2785515320334262, 0.2757660167130919, 0.2200557103064067, 0.18384401114206128, 0.2785515320334262, 0.28133704735376047, 0.25069637883008355], "0.4": [0.17548746518105848, 0.181058495821727, 0.15598885793871867, 0.18384401114206128, 0.16991643454038996, 0.17270194986072424, 0.15877437325905291, 0.1392757660167131], "0.6": [0.08913649025069638, 0.12534818941504178, 0.0947075208913649, 0.10306406685236769, 0.10027855153203342, 0.08913649025069638, 0.11977715877437325, 0.0947075208913649], "0.8": [0.03899721448467967, 0.036211699164345405, 0.03899721448467967, 0.055710306406685235, 0.04456824512534819, 0.036211699164345405, 0.04735376044568245, 0.03899721448467967], "0.9": [0.027855153203342618, 0.036211699164345405, 0.03064066852367688, 0.019498607242339833, 0.019498607242339833, 0.03064066852367688, 0.03064066852367688, 0.027855153203342618], "0.95": [0.036211699164345405, 0.019498607242339833, 0.027855153203342618, 0.027855153203342618, 0.027855153203342618, 0.025069637883008356, 0.033426183844011144, 0.016713091922005572], "0.975": [0.027855153203342618, 0.016713091922005572, 0.03064066852367688, 0.013927576601671309, 0.013927576601671309, 0.025069637883008356, 0.027855153203342618, 0.027855153203342618]}}, "both and spurious-pixel-paint": {"initial-tune": {"0.025": [0.362116991643454, 0.2924791086350975, 0.31754874651810583, 0.2618384401114206, 0.3649025069637883, 0.28969359331476324, 0.31197771587743733, 0.30362116991643456], "0.05": [0.30362116991643456, 0.25348189415041783, 0.2646239554317549, 0.29526462395543174, 0.2562674094707521, 0.3064066852367688, 0.28969359331476324, 0.2618384401114206], "0.1": [0.18662952646239556, 0.2200557103064067, 0.2200557103064067, 0.2646239554317549, 0.2562674094707521, 0.2785515320334262, 0.21448467966573817, 0.22841225626740946], "0.2": [0.1894150417827298, 0.19220055710306408, 0.17827298050139276, 0.181058495821727, 0.1615598885793872, 0.1894150417827298, 0.19220055710306408, 0.19498607242339833], "0.4": [0.10584958217270195, 0.11420612813370473, 0.12813370473537605, 0.12256267409470752, 0.11977715877437325, 0.1309192200557103, 0.15598885793871867, 0.15041782729805014], "0.6": [0.05013927576601671, 0.07799442896935933, 0.09192200557103064, 0.06685236768802229, 0.08913649025069638, 0.055710306406685235, 0.06685236768802229, 0.04735376044568245], "0.8": [0.04456824512534819, 0.12256267409470752, 0.07242339832869081, 0.04735376044568245, 0.08356545961002786, 0.03899721448467967, 0.06128133704735376, 0.03899721448467967], "0.9": [0.10027855153203342, 0.09749303621169916, 0.1392757660167131, 0.09749303621169916, 0.07242339832869081, 0.14763231197771587, 0.12534818941504178, 0.08635097493036212], "0.95": [0.14484679665738162, 0.14206128133704735, 0.14763231197771587, 0.10027855153203342, 0.07799442896935933, 0.08356545961002786, 0.1671309192200557, 0.09749303621169916], "0.975": [0.11420612813370473, 0.09749303621169916, 0.13649025069637882, 0.0807799442896936, 0.10863509749303621, 0.09749303621169916, 0.10863509749303621, 0.12534818941504178]}, "minimal-tune": {"0.025": [0.19498607242339833, 0.11977715877437325, 0.1615598885793872, 0.11420612813370473, 0.16991643454038996, 0.1671309192200557, 0.19498607242339833, 0.22562674094707522], "0.05": [0.21448467966573817, 0.17548746518105848, 0.16991643454038996, 0.09749303621169916, 0.15041782729805014, 0.11977715877437325, 0.12534818941504178, 0.16434540389972144], "0.1": [0.14484679665738162, 0.14206128133704735, 0.13370473537604458, 0.12813370473537605, 0.1671309192200557, 0.14484679665738162, 0.19498607242339833, 0.2116991643454039], "0.2": [0.10027855153203342, 0.08635097493036212, 0.12256267409470752, 0.12256267409470752, 0.14206128133704735, 0.11142061281337047, 0.1392757660167131, 0.05013927576601671],