{"both": 0.6135265700483091, "just_main": 0.5755813953488372, "just_spurious": 0.712, "neither": 0.862, "average": 0.6907769913492866}