{"B2M": 0.4813496172428131, "B2S": 0.23953281342983246, "M2N": 0.005658349487930536, "S2N": 0.01438392885029316, "N2M": 0.032337889075279236, "N2S": 0.03087044507265091, "M2B": 0.0, "S2B": 0.0}