{"both": 0.9758454106280193, "just_main": 0.8488372093023255, "just_spurious": 0.062, "neither": 0.084, "average": 0.4926706549825863}