{"both": 0.8840579710144928, "just_main": 0.37790697674418605, "just_spurious": 0.514, "neither": 0.938, "average": 0.6784912369396697}