{"B2M": 0.7651940444227483, "B2S": 0.7651940444227483}