{"both": 0.9855072463768116, "just_main": 0.9941860465116279, "just_spurious": 0.066, "neither": 0.006, "average": 0.5129233232221098}