{"both": 0.9130434782608695, "just_main": 0.5988372093023255, "just_spurious": 0.404, "neither": 0.75, "average": 0.6664701718907987}