{"both": 0.3961352657004831, "just_main": 0.040697674418604654, "just_spurious": 0.854, "neither": 0.994, "average": 0.5712082350297719}