{"both": 0.927536231884058, "just_main": 0.4186046511627907, "just_spurious": 0.414, "neither": 0.902, "average": 0.6655352207617121}