{"both": 0.5169082125603864, "just_main": 0.040697674418604654, "just_spurious": 0.762, "neither": 0.968, "average": 0.5719014717447477}