{"B2M": 0.09491826489774449, "B2S": 0.09491826489774449}