{"both": 0.9420289855072463, "just_main": 0.4186046511627907, "just_spurious": 0.358, "neither": 0.904, "average": 0.6556584091675093}