{"both": 0.7101449275362319, "just_main": 0.23255813953488372, "just_spurious": 0.53, "neither": 0.926, "average": 0.5996757667677789}