{"M2B": 0.10698134982261669, "N2S": 0.00018001336576354207}