{"orig": 1.0, "remote-person/both-spurious/box": 0.26770055294036865, "remote-person/both-main/box": 0.7839029431343079, "remote-person/just_main-main/box": 0.5776582360267639, "remote-person/just_spurious-spurious/box": 0.376476526260376, "remote-person/neither+main": 0.008991992101073265, "remote-person/neither+spurious": 0.25317874550819397}