{"both": 0.9033816425120773, "just_main": 0.3546511627906977, "just_spurious": 0.486, "neither": 0.92, "average": 0.6660082013256937}