{"both": 0.8840579710144928, "just_main": 0.38953488372093026, "just_spurious": 0.484, "neither": 0.9, "average": 0.6643982136838558}