{"both": 0.9951690821256038, "just_main": 1.0, "just_spurious": 0.002, "neither": 0.0, "average": 0.49929227053140096}