{"both": 0.9033816425120773, "just_main": 0.42441860465116277, "just_spurious": 0.474, "neither": 0.924, "average": 0.68145006179081}