{"both": 0.8599033816425121, "just_main": 0.27325581395348836, "just_spurious": 0.522, "neither": 0.948, "average": 0.6507897988990001}