{"both": 0.9420289855072463, "just_main": 0.45930232558139533, "just_spurious": 0.356, "neither": 0.898, "average": 0.6638328277721605}