{"both": 0.8840579710144928, "just_main": 0.45348837209302323, "just_spurious": 0.464, "neither": 0.83, "average": 0.657886585776879}