{"s_p1": [0.02578118085687314, "just_main+spurious"], "s_p2": [0.0008791586291403465, "neither+spurious"]}