{"both": 0.8840579710144928, "just_main": 0.23255813953488372, "just_spurious": 0.39, "neither": 0.94, "average": 0.6116540276373441}