{"B2M": 0.34045934677124023, "B2S": 0.9178662300109863, "M2N": 0.0, "S2N": 0.0, "N2M": 0.008410031907260418, "N2S": 0.5335568189620972, "M2B": 0.0, "S2B": 0.0}