{"both": 0.7777777777777778, "just_main": 0.7674418604651163, "just_spurious": 0.348, "neither": 0.394, "average": 0.5718049095607235}