{"average": {"both-paint-tune": {"0.8": [0.7916925947547029, 0.7791156327001355, 0.7798478831808184, 0.7932232061757294], "0.9": [0.7588826672481495, 0.7661615279813249, 0.7931910673182695, 0.7778852723368997], "0.95": [0.7656394705622833, 0.76431561441445, 0.7504644669553597, 0.7425319745448142], "0.975": [0.7462792224695778, 0.7493783065744846, 0.7387710433788368, 0.7537459857252333]}, "both-tune": {"0.8": [0.7501422581101589, 0.7827308716962345, 0.7883568929826021, 0.7545054656699924], "0.9": [0.7856826221951633, 0.7595085800533695, 0.7110259609505653, 0.754024322000285], "0.95": [0.7607882787561797, 0.7585940604135588, 0.7365632151266669, 0.7813752931153647], "0.975": [0.7466261400090901, 0.7266072572793982, 0.7630350777420052, 0.7347287100776203]}, "initial-transfer": {"0.8": [0.8056495887411086, 0.8014370631856448, 0.8099665610094096, 0.7957669887095089], "0.9": [0.7764927959966778, 0.764929458319127, 0.7799812179956999, 0.772275443676459], "0.95": [0.732232713837372, 0.7467039325758347, 0.7422488183658683, 0.7484295331422832], "0.975": [0.733927159135281, 0.7243779241560668, 0.7370671287506163, 0.7442895304655531]}, "initial-tune": {"0.8": [0.7909078182691202, 0.8056146531879587, 0.7909348625893863, 0.802921396211035], "0.9": [0.7786822470850538, 0.7665780237479253, 0.7728610274467247, 0.7748106264691812], "0.95": [0.7362359637973254, 0.7771068085393257, 0.7199317125593626, 0.7391569010764293], "0.975": [0.7095381566776013, 0.7384893246496711, 0.744976448255636, 0.740946662574014]}}, "both": {"both-paint-tune": {"0.8": [0.8484848484848485, 0.8106060606060606, 0.803030303030303, 0.9090909090909091], "0.9": [0.8787878787878788, 0.8106060606060606, 0.8484848484848485, 0.8712121212121212], "0.95": [0.8409090909090909, 0.8333333333333334, 0.8484848484848485, 0.803030303030303], "0.975": [0.8560606060606061, 0.8333333333333334, 0.8409090909090909, 0.8863636363636364]}, "both-tune": {"0.8": [0.6439393939393939, 0.7727272727272727, 0.7348484848484849, 0.6212121212121212], "0.9": [0.8257575757575758, 0.7348484848484849, 0.5833333333333334, 0.7348484848484849], "0.95": [0.7045454545454546, 0.8257575757575758, 0.7878787878787878, 0.7954545454545454], "0.975": [0.7803030303030303, 0.7121212121212122, 0.8257575757575758, 0.7954545454545454]}, "initial-transfer": {"0.8": [0.9015151515151515, 0.8939393939393939, 0.9166666666666666, 0.8712121212121212], "0.9": [0.9015151515151515, 0.8787878787878788, 0.9015151515151515, 0.8939393939393939], "0.95": [0.8636363636363636, 0.8787878787878788, 0.8636363636363636, 0.9090909090909091], "0.975": [0.9090909090909091, 0.8787878787878788, 0.9090909090909091, 0.9015151515151515]}, "initial-tune": {"0.8": [0.8787878787878788, 0.9090909090909091, 0.8787878787878788, 0.8787878787878788], "0.9": [0.8939393939393939, 0.8939393939393939, 0.8863636363636364, 0.8712121212121212], "0.95": [0.9090909090909091, 0.8863636363636364, 0.8787878787878788, 0.9015151515151515], "0.975": [0.9090909090909091, 0.9090909090909091, 0.9393939393939394, 0.8939393939393939]}}, "just_main": {"both-paint-tune": {"0.8": [0.6758241758241759, 0.6373626373626373, 0.6318681318681318, 0.6923076923076923], "0.9": [0.5934065934065934, 0.5714285714285714, 0.6373626373626373, 0.5824175824175825], "0.95": [0.5274725274725275, 0.5824175824175825, 0.4835164835164835, 0.5384615384615384], "0.975": [0.5274725274725275, 0.5, 0.510989010989011, 0.46703296703296704]}, "both-tune": {"0.8": [0.510989010989011, 0.5494505494505495, 0.6483516483516484, 0.532967032967033], "0.9": [0.532967032967033, 0.532967032967033, 0.4175824175824176, 0.4835164835164835], "0.95": [0.6098901098901099, 0.43956043956043955, 0.4230769230769231, 0.5384615384615384], "0.975": [0.5, 0.37362637362637363, 0.4835164835164835, 0.3626373626373626]}, "initial-transfer": {"0.8": [0.6428571428571429, 0.6978021978021978, 0.7307692307692307, 0.6813186813186813], "0.9": [0.5824175824175825, 0.5274725274725275, 0.6153846153846154, 0.5879120879120879], "0.95": [0.3901098901098901, 0.510989010989011, 0.4010989010989011, 0.5659340659340659], "0.975": [0.5384615384615384, 0.4010989010989011, 0.5274725274725275, 0.5]}, "initial-tune": {"0.8": [0.6318681318681318, 0.6098901098901099, 0.5879120879120879, 0.6428571428571429], "0.9": [0.5494505494505495, 0.5439560439560439, 0.5494505494505495, 0.5934065934065934], "0.95": [0.45604395604395603, 0.5934065934065934, 0.38461538461538464, 0.43956043956043955], "0.975": [0.38461538461538464, 0.5, 0.4725274725274725, 0.4230769230769231]}}, "just_spurious": {"both-paint-tune": {"0.8": [0.7930495900039047, 0.7946114798906677, 0.8129636860601328, 0.7536118703631394], "0.9": [0.6993361967981258, 0.7946114798906677, 0.7965638422491215, 0.7750878563061304], "0.95": [0.786411557985162, 0.7586880124951191, 0.7696212417024599, 0.7434595860991801], "0.975": [0.7055837563451777, 0.7582975400234283, 0.6977743069113628, 0.7411167512690355]}, "both-tune": {"0.8": [0.9105818039828192, 0.881686841077704, 0.8836392034361578, 0.9273721202655213], "0.9": [0.8531823506442796, 0.8492776259273721, 0.8973057399453338, 0.8711440843420539], "0.95": [0.8336587270597423, 0.8274111675126904, 0.7992971495509567, 0.8598203826630223], "0.975": [0.7805544709098009, 0.860210855134713, 0.8082780163998438, 0.8274111675126904]}, "initial-transfer": {"0.8": [0.7930495900039047, 0.7711831315892229, 0.7547832877782117, 0.7754783287778212], "0.9": [0.7274502147598594, 0.7348691917219836, 0.7169074580242093, 0.7192502928543538], "0.95": [0.7344787192502928, 0.6864506052323311, 0.7579070675517376, 0.6302225693088638], "0.975": [0.6001561889886763, 0.6778602108551347, 0.6138227254978524, 0.6645841468176493]}, "initial-tune": {"0.8": [0.7739164388910582, 0.7938305349472862, 0.7953924248340491, 0.7996876220226474], "0.9": [0.7532213978914487, 0.7215931276844982, 0.740335806325654, 0.737212026552128], "0.95": [0.6442795782897306, 0.720421710269426, 0.6704412338930106, 0.6856696602889496], "0.975": [0.6056228035923468, 0.6173369777430691, 0.6399843811011323, 0.7032409215150331]}}, "neither": {"both-paint-tune": {"0.8": [0.8494117647058823, 0.8738823529411764, 0.8715294117647059, 0.8178823529411765], "0.9": [0.864, 0.888, 0.8903529411764706, 0.8828235294117647], "0.95": [0.9077647058823529, 0.8828235294117647, 0.900235294117647, 0.8851764705882353], "0.975": [0.896, 0.9058823529411765, 0.9054117647058824, 0.9204705882352942]}, "both-tune": {"0.8": [0.9350588235294117, 0.9270588235294117, 0.8865882352941177, 0.9364705882352942], "0.9": [0.9308235294117647, 0.9209411764705883, 0.9458823529411765, 0.9265882352941176], "0.95": [0.8950588235294118, 0.9416470588235294, 0.936, 0.9317647058823529], "0.975": [0.9256470588235294, 0.9604705882352941, 0.9345882352941176, 0.9534117647058824]}, "initial-transfer": {"0.8": [0.8851764705882353, 0.8428235294117647, 0.8376470588235294, 0.8550588235294118], "0.9": [0.8945882352941177, 0.9185882352941176, 0.8861176470588236, 0.888], "0.95": [0.9407058823529412, 0.9105882352941177, 0.9463529411764706, 0.8884705882352941], "0.975": [0.888, 0.939764705882353, 0.8978823529411765, 0.9110588235294118]}, "initial-tune": {"0.8": [0.8790588235294118, 0.9096470588235294, 0.9016470588235294, 0.8903529411764706], "0.9": [0.9181176470588235, 0.9068235294117647, 0.9152941176470588, 0.8974117647058824], "0.95": [0.9355294117647058, 0.908235294117647, 0.9458823529411765, 0.9298823529411765], "0.975": [0.9388235294117647, 0.9275294117647059, 0.928, 0.9435294117647058]}}}