{"average": {"initial-transfer": {"0.025": [0.7222534132534132, 0.7178391608391609, 0.7214052614052615, 0.7177282717282717, 0.7192892107892108, 0.7100667665667666, 0.7182485847485848, 0.7249452214452214], "0.05": [0.7323088578088578, 0.7407589077589077, 0.7364961704961704, 0.7221318681318682, 0.7322988677988679, 0.7461521811521812, 0.7421373626373626, 0.7419751914751915], "0.1": [0.734960372960373, 0.7501322011322011, 0.7553443223443224, 0.7392434232434232, 0.755031302031302, 0.7480915750915751, 0.7529855144855145, 0.7525109890109891], "0.2": [0.8020567765567765, 0.7936473526473526, 0.7866073926073927, 0.7875561105561106, 0.7790661005661005, 0.785481018981019, 0.7784249084249084, 0.804471028971029], "0.4": [0.8236438561438562, 0.805909756909757, 0.8280268065268065, 0.8378756243756244, 0.8351828171828171, 0.8379465534465534, 0.8103653013653014, 0.8263140193140194], "0.6": [0.8102883782883782, 0.8390639360639361, 0.8363260073260073, 0.8266200466200466, 0.8360342990342989, 0.8372002997002996, 0.8263321678321678, 0.8222805527805528], "0.8": [0.801976023976024, 0.8072232767232767, 0.7578026973026973, 0.8002600732600732, 0.7688388278388278, 0.7861040626040626, 0.7898809523809524, 0.7814470529470529], "0.9": [0.7631315351315351, 0.7662007992007992, 0.76456993006993, 0.7633639693639693, 0.7498952713952715, 0.7647727272727273, 0.7461277056277056, 0.7541167166167166], "0.95": [0.7316332001332001, 0.7528374958374958, 0.7175068265068265, 0.7286128871128871, 0.7255271395271395, 0.7458281718281717, 0.7328040293040293, 0.720462370962371], "0.975": [0.7294342324342324, 0.7119968364968365, 0.7136996336996337, 0.715911754911755, 0.704493672993673, 0.718542624042624, 0.7367314352314352, 0.7029788544788544]}, "initial-tune": {"0.025": [0.7193694638694639, 0.7132682317682317, 0.7180815850815851, 0.7394955044955045, 0.7187024642024642, 0.7146215451215451, 0.7171222111222111, 0.7141525141525141], "0.05": [0.7490258075258075, 0.7818085248085248, 0.7185667665667665, 0.7648036963036963, 0.7552630702630702, 0.7421318681318682, 0.7581618381618382, 0.7304858474858476], "0.1": [0.7498697968697968, 0.7823288378288379, 0.7867430902430903, 0.7614603729603729, 0.7852282717282718, 0.7812031302031303, 0.7711118881118881, 0.7731421911421912], "0.2": [0.8208143523143523, 0.8457131202131202, 0.8129210789210789, 0.825541292041292, 0.8218691308691309, 0.8162379287379287, 0.8243901098901099, 0.8113439893439894], "0.4": [0.8474706959706959, 0.8434971694971695, 0.8524465534465535, 0.8576573426573426, 0.8578804528804529, 0.8548804528804529, 0.8473201798201798, 0.8534975024975024], "0.6": [0.863623876123876, 0.8387271062271062, 0.8588156843156843, 0.8613969363969364, 0.8458408258408259, 0.8545935730935731, 0.8444227439227439, 0.8632853812853812], "0.8": [0.8078106893106893, 0.8154012654012655, 0.7537399267399267, 0.8099418914418914, 0.8021743256743257, 0.8221188811188812, 0.7939941724941725, 0.8078006993006993], "0.9": [0.7723687978687979, 0.7798732933732934, 0.784458374958375, 0.8033506493506494, 0.76051998001998, 0.7683484848484848, 0.77800999000999, 0.7772314352314352], "0.95": [0.7358874458874459, 0.6954602064602065, 0.762408424908425, 0.7322237762237762, 0.7410606060606061, 0.7416325341325342, 0.7292737262737262, 0.7343353313353314], "0.975": [0.7346308691308692, 0.711002331002331, 0.7196105561105561, 0.702939726939727, 0.7115078255078255, 0.7088556443556443, 0.6988814518814519, 0.7252440892440892]}, "minimal-tune": {"0.025": [0.771612221112221, 0.7738453213453214, 0.7905719280719281, 0.8074252414252414, 0.7664771894771896, 0.7868742923742923, 0.7612792207792208, 0.8032940392940393], "0.05": [0.793480352980353, 0.7946270396270396, 0.7958901098901099, 0.7722527472527473, 0.7903546453546453, 0.8052833832833832, 0.7964000999001, 0.7994000999000999], "0.1": [0.7807589077589078, 0.8258604728604728, 0.7936583416583417, 0.7959665334665336, 0.805890775890776, 0.8169768564768565, 0.8099049284049284, 0.7998852813852814], "0.2": [0.8249200799200799, 0.8402444222444223, 0.8159152514152513, 0.8292492507492508, 0.8100719280719281, 0.839501332001332, 0.8098962703962704, 0.8058311688311688], "0.4": [0.85808325008325, 0.8377647352647353, 0.8489317349317349, 0.8562743922743923, 0.8560567765567766, 0.8441322011322012, 0.8309620379620379, 0.8621838161838162], "0.6": [0.839463702963703, 0.8158489843489843, 0.8283421578421578, 0.8298056943056943, 0.8337602397602397, 0.8472905427905427, 0.7952793872793873, 0.8442773892773893], "0.8": [0.8109821844821844, 0.8116030636030636, 0.7805444555444556, 0.7848664668664669, 0.813527306027306, 0.7963258408258408, 0.7896292041292041, 0.793468031968032], "0.9": [0.7775954045954045, 0.7808316683316683, 0.7662417582417582, 0.7652992007992008, 0.7880228105228105, 0.7733967698967699, 0.7651928071928071, 0.7580044955044954], "0.95": [0.7841453546453546, 0.7727727272727273, 0.757030636030636, 0.7863722943722944, 0.7602317682317682, 0.7642723942723944, 0.7802301032301033, 0.7487289377289378], "0.975": [0.7619129204129205, 0.7796305361305361, 0.7505509490509491, 0.7462231102231103, 0.7531312021312022, 0.7477585747585748, 0.7278053613053613, 0.7196097236097236]}}, "both": {"initial-transfer": {"0.025": [0.44696969696969696, 0.4318181818181818, 0.3560606060606061, 0.38636363636363635, 0.4090909090909091, 0.3712121212121212, 0.3939393939393939, 0.42424242424242425], "0.05": [0.4696969696969697, 0.44696969696969696, 0.49242424242424243, 0.5, 0.5151515151515151, 0.5075757575757576, 0.5, 0.5378787878787878], "0.1": [0.5303030303030303, 0.5984848484848485, 0.5833333333333334, 0.49242424242424243, 0.5075757575757576, 0.5833333333333334, 0.5909090909090909, 0.5], "0.2": [0.6666666666666666, 0.7045454545454546, 0.6363636363636364, 0.7196969696969697, 0.6742424242424242, 0.6363636363636364, 0.6666666666666666, 0.6818181818181818], "0.4": [0.7954545454545454, 0.8106060606060606, 0.803030303030303, 0.8409090909090909, 0.8181818181818182, 0.8181818181818182, 0.7878787878787878, 0.8712121212121212], "0.6": [0.7878787878787878, 0.9090909090909091, 0.9166666666666666, 0.8787878787878788, 0.8939393939393939, 0.8636363636363636, 0.8636363636363636, 0.8484848484848485], "0.8": [0.9090909090909091, 0.9090909090909091, 0.7727272727272727, 0.9166666666666666, 0.8333333333333334, 0.9015151515151515, 0.9166666666666666, 0.8409090909090909], "0.9": [0.9015151515151515, 0.8863636363636364, 0.9318181818181818, 0.8939393939393939, 0.9015151515151515, 0.9090909090909091, 0.8939393939393939, 0.8939393939393939], "0.95": [0.8939393939393939, 0.9393939393939394, 0.8939393939393939, 0.8863636363636364, 0.9015151515151515, 0.9318181818181818, 0.9166666666666666, 0.8712121212121212], "0.975": [0.9242424242424242, 0.9393939393939394, 0.9166666666666666, 0.9015151515151515, 0.8787878787878788, 0.8560606060606061, 0.946969696969697, 0.8712121212121212]}, "initial-tune": {"0.025": [0.3939393939393939, 0.45454545454545453, 0.3787878787878788, 0.5454545454545454, 0.3787878787878788, 0.44696969696969696, 0.3939393939393939, 0.3560606060606061], "0.05": [0.5075757575757576, 0.6212121212121212, 0.3712121212121212, 0.5681818181818182, 0.553030303030303, 0.5, 0.6136363636363636, 0.4393939393939394], "0.1": [0.49242424242424243, 0.6287878787878788, 0.6439393939393939, 0.5303030303030303, 0.6363636363636364, 0.5757575757575758, 0.5909090909090909, 0.553030303030303], "0.2": [0.7196969696969697, 0.7803030303030303, 0.6590909090909091, 0.7121212121212122, 0.7954545454545454, 0.7424242424242424, 0.75, 0.7348484848484849], "0.4": [0.8333333333333334, 0.7878787878787878, 0.8181818181818182, 0.9090909090909091, 0.8939393939393939, 0.8939393939393939, 0.8181818181818182, 0.8863636363636364], "0.6": [0.8863636363636364, 0.9166666666666666, 0.8636363636363636, 0.8939393939393939, 0.9242424242424242, 0.9242424242424242, 0.9015151515151515, 0.9015151515151515], "0.8": [0.8863636363636364, 0.9242424242424242, 0.8333333333333334, 0.9393939393939394, 0.9318181818181818, 0.9090909090909091, 0.9015151515151515, 0.9318181818181818],