{"both and both-inverse": {"both-paint-tune": {"0.8": [0.7767857142857143, 0.8317757009345794, 0.8679245283018868, 0.7166666666666667], "0.9": [0.6982758620689655, 0.7476635514018691, 0.8303571428571429, 0.7478260869565218], "0.95": [0.7027027027027027, 0.6363636363636364, 0.8303571428571429, 0.7830188679245284], "0.975": [0.7433628318584071, 0.8, 0.6846846846846847, 0.7094017094017094]}, "both-tune": {"0.8": [0.8352941176470589, 0.9019607843137255, 0.7010309278350515, 0.8414634146341463], "0.9": [0.6055045871559633, 0.4329896907216495, 0.5974025974025974, 0.5979381443298969], "0.95": [0.5806451612903226, 0.6146788990825688, 0.2980769230769231, 0.7714285714285715], "0.975": [0.5242718446601942, 0.723404255319149, 0.5963302752293578, 0.42857142857142855]}, "careful-paint-tune": {"0.8": [0.8333333333333334, 0.8, 0.7962962962962963, 0.7757009345794392], "0.9": [0.6936936936936937, 0.7787610619469026, 0.7946428571428571, 0.8090909090909091], "0.95": [0.6355140186915887, 0.7884615384615384, 0.7522123893805309, 0.7476635514018691], "0.975": [0.625, 0.6637168141592921, 0.6822429906542056, 0.5877192982456141]}, "careful-tune": {"0.5": [0.8166666666666667, 0.84, 0.9024390243902439, 0.8035714285714286], "0.6": [0.3508771929824561, 0.2018348623853211, 0.6571428571428571, 0.6862745098039216], "0.7": [0.37755102040816324, 0.3411764705882353, 0.4, 0.6851851851851852], "0.8": [0.29292929292929293, 0.3, 0.44036697247706424, 0.35294117647058826], "0.9": [0.3465346534653465, 0.32038834951456313, 0.2636363636363636, 0.26666666666666666], "0.95": [0.4537037037037037, 0.3238095238095238, 0.27927927927927926, 0.15315315315315314], "0.975": [0.14606741573033707, 0.20388349514563106, 0.14150943396226415, 0.12931034482758622]}, "initial-transfer": {"0.5": [0.7777777777777778, 0.8706896551724138, 0.8717948717948718, 0.8739495798319328], "0.6": [0.8660714285714286, 0.8135593220338984, 0.8403361344537815, 0.8347826086956521], "0.7": [0.8672566371681416, 0.7235772357723578, 0.7603305785123967, 0.8181818181818182], "0.8": [0.773109243697479, 0.7966101694915254, 0.7024793388429752, 0.7913043478260869], "0.9": [0.680672268907563, 0.5775862068965517, 0.6554621848739496, 0.6440677966101694], "0.95": [0.6929824561403509, 0.5172413793103449, 0.6842105263157895, 0.425], "0.975": [0.4083333333333333, 0.5431034482758621, 0.475, 0.5210084033613446]}, "initial-tune": {"0.5": [0.908256880733945, 0.8392857142857143, 0.8938053097345132, 0.8333333333333334], "0.6": [0.8782608695652174, 0.8907563025210085, 0.782608695652174, 0.8148148148148148], "0.7": [0.811965811965812, 0.7863247863247863, 0.8319327731092437, 0.8275862068965517], "0.8": [0.6293103448275862, 0.7916666666666666, 0.7586206896551724, 0.6982758620689655], "0.9": [0.635593220338983, 0.6779661016949152, 0.5213675213675214, 0.6434782608695652], "0.95": [0.4583333333333333, 0.49572649572649574, 0.4396551724137931, 0.40336134453781514], "0.975": [0.325, 0.3416666666666667, 0.45161290322580644, 0.5932203389830508]}}, "both and main-inverse": {"both-paint-tune": {"0.8": [0.9375, 0.9532710280373832, 0.9339622641509434, 0.95], "0.9": [0.9568965517241379, 0.9158878504672897, 0.9464285714285714, 0.9391304347826087], "0.95": [0.963963963963964, 0.9545454545454546, 0.9821428571428571, 0.9528301886792453], "0.975": [0.911504424778761, 0.9636363636363636, 0.9459459459459459, 0.9401709401709402]}, "both-tune": {"0.8": [0.8705882352941177, 0.9411764705882353, 0.845360824742268, 0.9390243902439024], "0.9": [0.8532110091743119, 0.7525773195876289, 0.8961038961038961, 0.8762886597938144], "0.95": [0.8279569892473119, 0.8348623853211009, 0.6634615384615384, 0.9428571428571428], "0.975": [0.6990291262135923, 0.8297872340425532, 0.07339449541284404, 0.6190476190476191]}, "careful-paint-tune": {"0.8": [0.9537037037037037, 0.9545454545454546, 0.8981481481481481, 0.9439252336448598], "0.9": [0.9459459459459459, 0.911504424778761, 0.9553571428571429, 0.9545454545454546], "0.95": [0.9345794392523364, 0.9519230769230769, 0.9203539823008849, 0.9626168224299065], "0.975": [0.9553571428571429, 0.9646017699115044, 0.9719626168224299, 0.9385964912280702]}, "careful-tune": {"0.5": [0.9166666666666666, 0.912, 0.943089430894309, 0.8482142857142857], "0.6": [0.2894736842105263, 0.11009174311926606, 0.819047619047619, 0.7745098039215687], "0.7": [0.41836734693877553, 0.5176470588235295, 0.2631578947368421, 0.6018518518518519], "0.8": [0.020202020202020204, 0.04, 0.5688073394495413, 0.00980392156862745], "0.9": [0.3465346534653465, 0.07766990291262135, 0.00909090909090909, 0.01904761904761905], "0.95": [0.05555555555555555, 0.009523809523809525, 0.05405405405405406, 0.07207207207207207], "0.975": [0.056179775280898875, 0.019417475728155338, 0.009433962264150943, 0.008620689655172414]}, "initial-transfer": {"0.5": [0.8717948717948718, 0.896551724137931, 0.8974358974358975, 0.8991596638655462], "0.6": [0.9375, 0.8983050847457628, 0.9327731092436975, 0.9130434782608695], "0.7": [1.0, 0.926829268292683, 0.9421487603305785, 0.9504132231404959], "0.8": [0.9663865546218487, 1.0, 0.9917355371900827, 1.0], "0.9": [0.9831932773109243, 0.9741379310344828, 0.9831932773109243, 0.9661016949152542], "0.95": [1.0, 0.9913793103448276, 1.0, 0.975], "0.975": [0.9833333333333333, 1.0, 1.0, 1.0]}, "initial-tune": {"0.5": [0.9357798165137615, 0.9017857142857143, 0.9292035398230089, 0.8518518518518519], "0.6": [0.9217391304347826, 0.9411764705882353, 0.8956521739130435, 0.9074074074074074], "0.7": [0.9401709401709402, 0.9401709401709402, 0.9411764705882353, 0.9482758620689655], "0.8": [0.9310344827586207, 0.9583333333333334, 0.9482758620689655, 0.9482758620689655], "0.9": [0.9491525423728814, 0.9491525423728814, 0.9487179487179487, 0.9565217391304348], "0.95": [0.9583333333333334, 0.9487179487179487, 0.9568965517241379, 0.9663865546218487], "0.975": [0.9666666666666667, 0.9333333333333333, 0.9516129032258065, 0.9745762711864406]}}, "both and spurious-inverse": {"both-paint-tune": {"0.8": [0.8928571428571429, 0.9345794392523364, 0.9622641509433962, 0.8416666666666667], "0.9": [0.7844827586206896, 0.8878504672897196, 0.9464285714285714, 0.8608695652173913], "0.95": [0.7927927927927928, 0.7363636363636363, 0.9017857142857143, 0.8490566037735849], "0.975": [0.8407079646017699, 0.8818181818181818, 0.8108108108108109, 0.811965811965812]}, "both-tune": {"0.8": [0.9411764705882353, 0.9411764705882353, 0.845360824742268, 0.9512195121951219], "0.9": [0.7706422018348624, 0.5670103092783505, 0.7662337662337663, 0.7319587628865979], "0.95": [0.7419354838709677, 0.7706422018348624, 0.33653846153846156, 0.8761904761904762], "0.975": [0.5825242718446602, 0.7978723404255319, 0.5963302752293578, 0.4380952380952381]}, "careful-paint-tune": {"0.8": [0.9537037037037037, 0.9, 0.9629629629629629, 0.897196261682243], "0.9": [0.8108108108108109, 0.8584070796460177, 0.8928571428571429, 0.9], "0.95": [0.7476635514018691, 0.875, 0.8672566371681416, 0.8411214953271028], "0.975": [0.75, 0.7610619469026548, 0.7850467289719626, 0.7017543859649122]}, "careful-tune": {"0.5": [0.95, 0.976, 0.991869918699187, 0.9821428571428571], "0.6": [0.543859649122807, 0.3577981651376147, 0.8476190476190476, 0.9019607843137255], "0.7": [0.5204081632653061, 0.5764705882352941, 0.5473684210526316, 0.7962962962962963], "0.8": [0.3333333333333333, 0.31, 0.5229357798165137, 0.38235294117647056], "0.9": [0.42574257425742573, 0.33980582524271846, 0.3090909090909091, 0.3142857142857143], "0.95": [0.4166666666666667, 0.3238095238095238, 0.26126126126126126, 0.16216216216216217], "0.975": [0.15730337078651685, 0.18446601941747573, 0.12264150943396226, 0.1810344827586207]}, "initial-transfer": {"0.5": [0.9401709401709402, 0.9741379310344828, 0.9658119658119658, 0.9747899159663865], "0.6": [0.9553571428571429, 0.9576271186440678, 0.957983193277311, 0.9652173913043478], "0.7": [0.9469026548672567, 0.9105691056910569, 0.9090909090909091, 0.9504132231404959], "0.8": [0.9159663865546218, 0.9067796610169492, 0.8512396694214877, 0.9130434782608695],