{"just_main and just_main+just_spurious": {"initial-transfer": {"0.025": [0.16483516483516483, 0.15934065934065933, 0.17582417582417584, 0.17582417582417584, 0.15384615384615385, 0.1813186813186813, 0.16483516483516483, 0.16483516483516483], "0.05": [0.15934065934065933, 0.13736263736263737, 0.11538461538461539, 0.11538461538461539, 0.09340659340659341, 0.13186813186813187, 0.10989010989010989, 0.11538461538461539], "0.1": [0.09340659340659341, 0.0989010989010989, 0.0989010989010989, 0.10989010989010989, 0.14285714285714285, 0.1043956043956044, 0.13186813186813187, 0.11538461538461539], "0.2": [0.0989010989010989, 0.0989010989010989, 0.08791208791208792, 0.07692307692307693, 0.12087912087912088, 0.09340659340659341, 0.13186813186813187, 0.08241758241758242], "0.4": [0.07692307692307693, 0.04945054945054945, 0.06043956043956044, 0.06043956043956044, 0.04945054945054945, 0.0989010989010989, 0.08791208791208792, 0.04395604395604396], "0.6": [0.12637362637362637, 0.054945054945054944, 0.054945054945054944, 0.07142857142857142, 0.06043956043956044, 0.06043956043956044, 0.07692307692307693, 0.1043956043956044], "0.8": [0.13186813186813187, 0.12637362637362637, 0.1978021978021978, 0.14285714285714285, 0.18681318681318682, 0.18681318681318682, 0.17582417582417584, 0.14835164835164835], "0.9": [0.17582417582417584, 0.14285714285714285, 0.17582417582417584, 0.2087912087912088, 0.21978021978021978, 0.1978021978021978, 0.1978021978021978, 0.23076923076923078], "0.95": [0.1978021978021978, 0.17582417582417584, 0.23626373626373626, 0.22527472527472528, 0.25274725274725274, 0.2087912087912088, 0.2087912087912088, 0.23076923076923078], "0.975": [0.19230769230769232, 0.24725274725274726, 0.24725274725274726, 0.22527472527472528, 0.23076923076923078, 0.22527472527472528, 0.2087912087912088, 0.1813186813186813]}, "initial-tune": {"0.025": [0.19230769230769232, 0.14285714285714285, 0.17582417582417584, 0.14835164835164835, 0.18681318681318682, 0.1813186813186813, 0.1813186813186813, 0.19230769230769232], "0.05": [0.15934065934065933, 0.1043956043956044, 0.13186813186813187, 0.13186813186813187, 0.1043956043956044, 0.12637362637362637, 0.12087912087912088, 0.17032967032967034], "0.1": [0.13186813186813187, 0.06593406593406594, 0.1043956043956044, 0.14285714285714285, 0.09340659340659341, 0.0989010989010989, 0.12087912087912088, 0.12087912087912088], "0.2": [0.07692307692307693, 0.07692307692307693, 0.10989010989010989, 0.07142857142857142, 0.04395604395604396, 0.07142857142857142, 0.09340659340659341, 0.06043956043956044], "0.4": [0.03296703296703297, 0.054945054945054944, 0.038461538461538464, 0.02197802197802198, 0.06593406593406594, 0.038461538461538464, 0.054945054945054944, 0.10989010989010989], "0.6": [0.04945054945054945, 0.12637362637362637, 0.038461538461538464, 0.06593406593406594, 0.06043956043956044, 0.06043956043956044, 0.0989010989010989, 0.054945054945054944], "0.8": [0.13736263736263737, 0.14835164835164835, 0.18681318681318682, 0.16483516483516483, 0.16483516483516483, 0.14285714285714285, 0.17582417582417584, 0.14285714285714285], "0.9": [0.21428571428571427, 0.21978021978021978, 0.1978021978021978, 0.13186813186813187, 0.13186813186813187, 0.19230769230769232, 0.1813186813186813, 0.2087912087912088], "0.95": [0.23626373626373626, 0.23076923076923078, 0.18681318681318682, 0.25274725274725274, 0.24725274725274726, 0.2692307692307692, 0.26373626373626374, 0.23076923076923078], "0.975": [0.24175824175824176, 0.23626373626373626, 0.21978021978021978, 0.23626373626373626, 0.2802197802197802, 0.25824175824175827, 0.25824175824175827, 0.2857142857142857]}, "minimal-tune": {"0.025": [0.06593406593406594, 0.11538461538461539, 0.06043956043956044, 0.07142857142857142, 0.09340659340659341, 0.04395604395604396, 0.06593406593406594, 0.06043956043956044], "0.05": [0.02197802197802198, 0.03296703296703297, 0.04395604395604396, 0.016483516483516484, 0.04945054945054945, 0.03296703296703297, 0.02197802197802198, 0.054945054945054944], "0.1": [0.016483516483516484, 0.054945054945054944, 0.06043956043956044, 0.07142857142857142, 0.054945054945054944, 0.04945054945054945, 0.03296703296703297, 0.03296703296703297], "0.2": [0.02197802197802198, 0.054945054945054944, 0.027472527472527472, 0.04945054945054945, 0.06593406593406594, 0.038461538461538464, 0.07692307692307693, 0.08791208791208792], "0.4": [0.04395604395604396, 0.04945054945054945, 0.03296703296703297, 0.027472527472527472, 0.03296703296703297, 0.02197802197802198, 0.07692307692307693, 0.04945054945054945], "0.6": [0.0989010989010989, 0.16483516483516483, 0.0989010989010989, 0.04395604395604396, 0.02197802197802198, 0.07692307692307693, 0.1813186813186813, 0.13736263736263737], "0.8": [0.14835164835164835, 0.13736263736263737, 0.13186813186813187, 0.07692307692307693, 0.09340659340659341, 0.14285714285714285, 0.08791208791208792, 0.10989010989010989], "0.9": [0.14285714285714285, 0.12087912087912088, 0.12087912087912088, 0.12087912087912088, 0.13736263736263737, 0.10989010989010989, 0.14835164835164835, 0.13186813186813187], "0.95": [0.09340659340659341, 0.09340659340659341, 0.14835164835164835, 0.11538461538461539, 0.12087912087912088, 0.15934065934065933, 0.09340659340659341, 0.14285714285714285], "0.975": [0.16483516483516483, 0.12087912087912088, 0.17032967032967034, 0.09340659340659341, 0.14835164835164835, 0.12637362637362637, 0.13736263736263737, 0.11538461538461539]}}, "just_spurious and just_spurious+just_main": {"initial-transfer": {"0.025": [0.19, 0.208, 0.148, 0.17, 0.186, 0.178, 0.172, 0.198], "0.05": [0.19, 0.174, 0.188, 0.228, 0.234, 0.208, 0.212, 0.222], "0.1": [0.234, 0.24, 0.216, 0.222, 0.188, 0.228, 0.214, 0.19], "0.2": [0.176, 0.158, 0.182, 0.204, 0.222, 0.184, 0.214, 0.176], "0.4": [0.152, 0.194, 0.17, 0.17, 0.174, 0.148, 0.178, 0.202], "0.6": [0.12, 0.156, 0.174, 0.154, 0.148, 0.144, 0.136, 0.138], "0.8": [0.13, 0.122, 0.112, 0.106, 0.088, 0.118, 0.108, 0.102], "0.9": [0.104, 0.128, 0.102, 0.092, 0.112, 0.104, 0.084, 0.084], "0.95": [0.104, 0.128, 0.124, 0.094, 0.112, 0.118, 0.102, 0.084], "0.975": [0.134, 0.104, 0.11, 0.09, 0.09, 0.106, 0.14, 0.09]}, "initial-tune": {"0.025": [0.194, 0.252, 0.19, 0.216, 0.218, 0.248, 0.202, 0.194], "0.05": [0.196, 0.302, 0.22, 0.26, 0.264, 0.238, 0.258, 0.21], "0.1": [0.208, 0.248, 0.226, 0.232, 0.25, 0.218, 0.252, 0.206], "0.2": [0.234, 0.216, 0.196, 0.212, 0.278, 0.226, 0.206, 0.25], "0.4": [0.274, 0.23, 0.21, 0.298, 0.268, 0.306, 0.29, 0.218], "0.6": [0.21, 0.14, 0.216, 0.224, 0.228, 0.212, 0.202, 0.238], "0.8": [0.17, 0.164, 0.114, 0.182, 0.168, 0.158, 0.164, 0.174], "0.9": [0.164, 0.134, 0.162, 0.17, 0.13, 0.104, 0.132, 0.138], "0.95": [0.16, 0.09, 0.162, 0.148, 0.132, 0.122, 0.166, 0.128], "0.975": [0.126, 0.126, 0.11, 0.116, 0.126, 0.142, 0.13, 0.124]}, "minimal-tune": {"0.025": [0.486, 0.528, 0.522, 0.508, 0.516, 0.532, 0.458, 0.466], "0.05": [0.502, 0.516, 0.512, 0.486, 0.464, 0.516, 0.456, 0.536], "0.1": [0.522, 0.414, 0.472, 0.462, 0.404, 0.494, 0.494, 0.496], "0.2": [0.486, 0.428, 0.426, 0.464, 0.348, 0.48, 0.398, 0.44], "0.4": [0.326, 0.246, 0.284, 0.33, 0.378, 0.378, 0.344, 0.334], "0.6": [0.178, 0.172, 0.23, 0.224, 0.272, 0.238, 0.12, 0.19], "0.8": [0.164, 0.168, 0.15, 0.168, 0.208, 0.152, 0.188, 0.16], "0.9": [0.122, 0.142, 0.146, 0.116, 0.166, 0.154, 0.122, 0.136], "0.95": [0.142, 0.122, 0.112, 0.134, 0.152, 0.132, 0.162, 0.114], "0.975": [0.158, 0.158, 0.122, 0.112, 0.112, 0.124, 0.096, 0.104]}}, "neither and neither+just_main": {"initial-transfer": {"0.025": [0.174, 0.16, 0.156, 0.166, 0.15, 0.15, 0.152, 0.158], "0.05": [0.142, 0.148, 0.15, 0.166, 0.172, 0.156, 0.154, 0.174], "0.1": [0.192, 0.168, 0.156, 0.168, 0.154, 0.164, 0.154, 0.144], "0.2": [0.132, 0.144, 0.134, 0.146, 0.16, 0.152, 0.174, 0.138], "0.4": [0.124, 0.14, 0.14, 0.15, 0.156, 0.124, 0.132, 0.16], "0.6": [0.094, 0.146, 0.152, 0.132, 0.128, 0.124, 0.14, 0.13], "0.8": [0.092, 0.108, 0.068, 0.088, 0.052, 0.088, 0.108, 0.084],