{"both and main-box": {"both-paint-tune": {"0.8": [0.0625, 0.07476635514018691, 0.0660377358490566, 0.06666666666666667], "0.9": [0.0603448275862069, 0.04672897196261682, 0.07142857142857142, 0.06086956521739131], "0.95": [0.09009009009009009, 0.05454545454545454, 0.044642857142857144, 0.03773584905660377], "0.975": [0.035398230088495575, 0.07272727272727272, 0.04504504504504504, 0.042735042735042736]}, "both-tune": {"0.8": [0.4823529411764706, 0.47058823529411764, 0.4536082474226804, 0.4146341463414634], "0.9": [0.44954128440366975, 0.4742268041237113, 0.44155844155844154, 0.4329896907216495], "0.95": [0.46236559139784944, 0.4036697247706422, 0.4519230769230769, 0.47619047619047616], "0.975": [0.47572815533980584, 0.39361702127659576, 0.43119266055045874, 0.37142857142857144]}, "careful-paint-tune": {"0.6": [0.06422018348623854, 0.0673076923076923, 0.07964601769911504, 0.0990990990990991], "0.7": [0.12149532710280374, 0.10091743119266056, 0.06363636363636363, 0.06422018348623854], "0.8": [0.06481481481481481, 0.09090909090909091, 0.10185185185185185, 0.09345794392523364], "0.9": [0.07207207207207207, 0.02654867256637168, 0.07142857142857142, 0.07272727272727272], "0.95": [0.028037383177570093, 0.04807692307692308, 0.07964601769911504, 0.056074766355140186], "0.975": [0.05357142857142857, 0.035398230088495575, 0.056074766355140186, 0.02631578947368421]}, "careful-tune": {"0.5": [0.09166666666666666, 0.08, 0.11382113821138211, 0.08035714285714286], "0.6": [0.12280701754385964, 0.08256880733944955, 0.0380952380952381, 0.11764705882352941], "0.7": [0.1836734693877551, 0.03529411764705882, 0.18947368421052632, 0.25925925925925924], "0.8": [0.2727272727272727, 0.28, 0.3394495412844037, 0.3627450980392157], "0.9": [0.42574257425742573, 0.4077669902912621, 0.35454545454545455, 0.37142857142857144], "0.95": [0.3148148148148148, 0.41904761904761906, 0.4594594594594595, 0.42342342342342343], "0.975": [0.43820224719101125, 0.39805825242718446, 0.4339622641509434, 0.3793103448275862]}, "initial-transfer": {"0.5": [0.05128205128205128, 0.0603448275862069, 0.07692307692307693, 0.07563025210084033], "0.6": [0.07142857142857142, 0.06779661016949153, 0.058823529411764705, 0.0782608695652174], "0.7": [0.08849557522123894, 0.04878048780487805, 0.03305785123966942, 0.06611570247933884], "0.8": [0.058823529411764705, 0.059322033898305086, 0.04132231404958678, 0.05217391304347826], "0.9": [0.05042016806722689, 0.04310344827586207, 0.04201680672268908, 0.05084745762711865], "0.95": [0.043859649122807015, 0.02586206896551724, 0.05263157894736842, 0.025], "0.975": [0.03333333333333333, 0.04310344827586207, 0.041666666666666664, 0.04201680672268908]}, "initial-tune": {"0.5": [0.11009174311926606, 0.08035714285714286, 0.09734513274336283, 0.09259259259259259], "0.6": [0.11304347826086956, 0.07563025210084033, 0.11304347826086956, 0.09259259259259259], "0.7": [0.05982905982905983, 0.06837606837606838, 0.06722689075630252, 0.08620689655172414], "0.8": [0.04310344827586207, 0.075, 0.05172413793103448, 0.07758620689655173], "0.9": [0.059322033898305086, 0.0423728813559322, 0.05128205128205128, 0.034782608695652174], "0.95": [0.041666666666666664, 0.05128205128205128, 0.05172413793103448, 0.04201680672268908], "0.975": [0.058333333333333334, 0.041666666666666664, 0.04032258064516129, 0.0423728813559322]}}, "both and main-pixel-paint": {"both-paint-tune": {"0.8": [0.8928571428571429, 0.8878504672897196, 0.9056603773584906, 0.7833333333333333], "0.9": [0.9137931034482759, 0.9158878504672897, 0.8392857142857143, 0.9130434782608695], "0.95": [0.8018018018018018, 0.8090909090909091, 0.8214285714285714, 0.9150943396226415], "0.975": [0.8407079646017699, 0.8454545454545455, 0.8918918918918919, 0.8461538461538461]}, "both-tune": {"0.8": [0.17647058823529413, 0.12745098039215685, 0.12371134020618557, 0.17073170731707318], "0.9": [0.045871559633027525, 0.09278350515463918, 0.18181818181818182, 0.10309278350515463], "0.95": [0.08602150537634409, 0.07339449541284404, 0.09615384615384616, 0.08571428571428572], "0.975": [0.08737864077669903, 0.11702127659574468, 0.06422018348623854, 0.06666666666666667]}, "careful-paint-tune": {"0.6": [0.6697247706422018, 0.7884615384615384, 0.6637168141592921, 0.5855855855855856], "0.7": [0.6915887850467289, 0.8165137614678899, 0.8090909090909091, 0.8532110091743119], "0.8": [0.7962962962962963, 0.7909090909090909, 0.8148148148148148, 0.8504672897196262], "0.9": [0.7657657657657657, 0.8849557522123894, 0.8035714285714286, 0.7636363636363637], "0.95": [0.794392523364486, 0.8461538461538461, 0.8230088495575221, 0.8317757009345794], "0.975": [0.9017857142857143, 0.9026548672566371, 0.8504672897196262, 0.8421052631578947]}, "careful-tune": {"0.5": [0.05, 0.048, 0.06504065040650407, 0.09821428571428571], "0.6": [0.06140350877192982, 0.07339449541284404, 0.047619047619047616, 0.08823529411764706], "0.7": [0.11224489795918367, 0.058823529411764705, 0.05263157894736842, 0.07407407407407407], "0.8": [0.09090909090909091, 0.09, 0.06422018348623854, 0.11764705882352941], "0.9": [0.10891089108910891, 0.1553398058252427, 0.06363636363636363, 0.05714285714285714], "0.95": [0.08333333333333333, 0.11428571428571428, 0.07207207207207207, 0.0990990990990991], "0.975": [0.10112359550561797, 0.10679611650485436, 0.08490566037735849, 0.034482758620689655]}, "initial-transfer": {"0.5": [0.03418803418803419, 0.034482758620689655, 0.03418803418803419, 0.03361344537815126], "0.6": [0.044642857142857144, 0.03389830508474576, 0.01680672268907563, 0.02608695652173913], "0.7": [0.04424778761061947, 0.016260162601626018, 0.0, 0.024793388429752067], "0.8": [0.025210084033613446, 0.03389830508474576, 0.024793388429752067, 0.02608695652173913], "0.9": [0.025210084033613446, 0.017241379310344827, 0.04201680672268908, 0.025423728813559324], "0.95": [0.017543859649122806, 0.017241379310344827, 0.02631578947368421, 0.025], "0.975": [0.03333333333333333, 0.02586206896551724, 0.03333333333333333, 0.025210084033613446]}, "initial-tune": {"0.5": [0.09174311926605505, 0.044642857142857144, 0.09734513274336283, 0.06481481481481481], "0.6": [0.05217391304347826, 0.07563025210084033, 0.05217391304347826, 0.05555555555555555], "0.7": [0.08547008547008547, 0.017094017094017096, 0.04201680672268908, 0.05172413793103448], "0.8": [0.05172413793103448, 0.08333333333333333, 0.034482758620689655, 0.06896551724137931], "0.9": [0.0423728813559322, 0.03389830508474576, 0.03418803418803419, 0.034782608695652174], "0.95": [0.05, 0.03418803418803419, 0.05172413793103448, 0.04201680672268908], "0.975": [0.058333333333333334, 0.025, 0.04838709677419355, 0.025423728813559324]}}, "just_main and main-box": {"both-paint-tune": {"0.8": [0.2764227642276423, 0.3448275862068966, 0.3217391304347826, 0.21428571428571427], "0.9": [0.35185185185185186, 0.27884615384615385, 0.3706896551724138, 0.3490566037735849], "0.95": [0.2604166666666667, 0.2830188679245283, 0.3068181818181818, 0.2755102040816326], "0.975": [0.2708333333333333, 0.34065934065934067, 0.3225806451612903, 0.27058823529411763]}, "both-tune": {"0.8": [0.5913978494623656, 0.59, 0.5338983050847458, 0.5463917525773195], "0.9": [0.4742268041237113, 0.5773195876288659, 0.5526315789473685, 0.4659090909090909], "0.95": [0.4774774774774775, 0.3875, 0.37662337662337664, 0.5204081632653061], "0.975": [0.4945054945054945, 0.45588235294117646, 0.48863636363636365, 0.3484848484848485]}, "careful-paint-tune": {"0.6": [0.2635135135135135, 0.23741007194244604, 0.174496644295302, 0.20945945945945946], "0.7": [0.2727272727272727, 0.2740740740740741, 0.23129251700680273, 0.2518518518518518], "0.8": [0.30833333333333335, 0.2980769230769231, 0.3333333333333333, 0.2833333333333333], "0.9": [0.225, 0.31666666666666665, 0.3025210084033613, 0.32710280373831774], "0.95": [0.2897196261682243, 0.3181818181818182, 0.2857142857142857, 0.2717391304347826], "0.975": [0.36470588235294116, 0.3626373626373626, 0.352112676056338, 0.3076923076923077]},