{"just_main and just_main+just_spurious": {"initial-transfer": {"0.025": [0.08791208791208792, 0.07142857142857142, 0.06593406593406594, 0.06593406593406594, 0.12637362637362637, 0.04945054945054945, 0.10989010989010989, 0.11538461538461539], "0.05": [0.09340659340659341, 0.08791208791208792, 0.08791208791208792, 0.10989010989010989, 0.08241758241758242, 0.07692307692307693, 0.12087912087912088, 0.13186813186813187], "0.1": [0.09340659340659341, 0.0989010989010989, 0.07692307692307693, 0.08241758241758242, 0.07692307692307693, 0.1043956043956044, 0.07142857142857142, 0.0989010989010989], "0.2": [0.04395604395604396, 0.06593406593406594, 0.06043956043956044, 0.03296703296703297, 0.03296703296703297, 0.054945054945054944, 0.03296703296703297, 0.14285714285714285], "0.4": [0.06043956043956044, 0.06593406593406594, 0.054945054945054944, 0.06593406593406594, 0.06593406593406594, 0.027472527472527472, 0.054945054945054944, 0.054945054945054944], "0.6": [0.07142857142857142, 0.12087912087912088, 0.03296703296703297, 0.08241758241758242, 0.08791208791208792, 0.07142857142857142, 0.10989010989010989, 0.07692307692307693], "0.8": [0.15384615384615385, 0.16483516483516483, 0.0989010989010989, 0.16483516483516483, 0.14285714285714285, 0.16483516483516483, 0.17032967032967034, 0.1978021978021978], "0.9": [0.17582417582417584, 0.17582417582417584, 0.1813186813186813, 0.1978021978021978, 0.15384615384615385, 0.14285714285714285, 0.1978021978021978, 0.1813186813186813], "0.95": [0.2087912087912088, 0.2032967032967033, 0.1813186813186813, 0.13736263736263737, 0.2032967032967033, 0.2032967032967033, 0.2032967032967033, 0.21428571428571427], "0.975": [0.22527472527472528, 0.21428571428571427, 0.21428571428571427, 0.19230769230769232, 0.22527472527472528, 0.22527472527472528, 0.22527472527472528, 0.26373626373626374]}, "initial-tune": {"0.025": [0.14285714285714285, 0.14835164835164835, 0.17032967032967034, 0.18681318681318682, 0.2087912087912088, 0.15934065934065933, 0.17582417582417584, 0.17032967032967034], "0.05": [0.1813186813186813, 0.08791208791208792, 0.09340659340659341, 0.15934065934065933, 0.10989010989010989, 0.1043956043956044, 0.14285714285714285, 0.12087912087912088], "0.1": [0.12637362637362637, 0.08241758241758242, 0.12087912087912088, 0.07142857142857142, 0.09340659340659341, 0.06043956043956044, 0.07692307692307693, 0.12087912087912088], "0.2": [0.04945054945054945, 0.038461538461538464, 0.1043956043956044, 0.08241758241758242, 0.08791208791208792, 0.09340659340659341, 0.054945054945054944, 0.07142857142857142], "0.4": [0.01098901098901099, 0.038461538461538464, 0.027472527472527472, 0.027472527472527472, 0.005494505494505495, 0.027472527472527472, 0.027472527472527472, 0.027472527472527472], "0.6": [0.07142857142857142, 0.08241758241758242, 0.04945054945054945, 0.07142857142857142, 0.054945054945054944, 0.07692307692307693, 0.08241758241758242, 0.07142857142857142], "0.8": [0.17032967032967034, 0.12637362637362637, 0.08791208791208792, 0.14835164835164835, 0.2032967032967033, 0.13186813186813187, 0.16483516483516483, 0.14285714285714285], "0.9": [0.2087912087912088, 0.1978021978021978, 0.2087912087912088, 0.21428571428571427, 0.16483516483516483, 0.18681318681318682, 0.21428571428571427, 0.25824175824175827], "0.95": [0.2692307692307692, 0.1978021978021978, 0.21428571428571427, 0.21978021978021978, 0.2087912087912088, 0.23076923076923078, 0.22527472527472528, 0.24175824175824176], "0.975": [0.2857142857142857, 0.27472527472527475, 0.21428571428571427, 0.22527472527472528, 0.2087912087912088, 0.26373626373626374, 0.25274725274725274, 0.27472527472527475]}, "minimal-tune": {"0.025": [0.038461538461538464, 0.038461538461538464, 0.04945054945054945, 0.04395604395604396, 0.04945054945054945, 0.038461538461538464, 0.03296703296703297, 0.054945054945054944], "0.05": [0.06043956043956044, 0.06043956043956044, 0.04945054945054945, 0.04395604395604396, 0.0989010989010989, 0.04945054945054945, 0.04945054945054945, 0.0989010989010989], "0.1": [0.07692307692307693, 0.04395604395604396, 0.04945054945054945, 0.04945054945054945, 0.04395604395604396, 0.04945054945054945, 0.06043956043956044, 0.04945054945054945], "0.2": [0.08241758241758242, 0.06593406593406594, 0.06043956043956044, 0.038461538461538464, 0.038461538461538464, 0.054945054945054944, 0.06593406593406594, 0.04395604395604396], "0.4": [0.04945054945054945, 0.04395604395604396, 0.03296703296703297, 0.016483516483516484, 0.06043956043956044, 0.02197802197802198, 0.03296703296703297, 0.04945054945054945], "0.6": [0.038461538461538464, 0.12087912087912088, 0.07692307692307693, 0.09340659340659341, 0.06593406593406594, 0.07142857142857142, 0.09340659340659341, 0.16483516483516483], "0.8": [0.08241758241758242, 0.15384615384615385, 0.13186813186813187, 0.12087912087912088, 0.14285714285714285, 0.14835164835164835, 0.14285714285714285, 0.1043956043956044], "0.9": [0.14835164835164835, 0.14835164835164835, 0.12637362637362637, 0.16483516483516483, 0.16483516483516483, 0.14835164835164835, 0.1813186813186813, 0.17582417582417584], "0.95": [0.15934065934065933, 0.13736263736263737, 0.1978021978021978, 0.15934065934065933, 0.2087912087912088, 0.1978021978021978, 0.18681318681318682, 0.11538461538461539], "0.975": [0.13736263736263737, 0.1978021978021978, 0.16483516483516483, 0.15934065934065933, 0.16483516483516483, 0.21428571428571427, 0.19230769230769232, 0.14835164835164835]}}, "just_spurious and just_spurious+just_main": {"initial-transfer": {"0.025": [0.218, 0.226, 0.236, 0.262, 0.184, 0.228, 0.224, 0.19], "0.05": [0.196, 0.204, 0.196, 0.232, 0.216, 0.216, 0.192, 0.162], "0.1": [0.188, 0.198, 0.224, 0.186, 0.21, 0.22, 0.216, 0.192], "0.2": [0.244, 0.234, 0.206, 0.254, 0.264, 0.19, 0.26, 0.14], "0.4": [0.204, 0.176, 0.19, 0.182, 0.19, 0.206, 0.174, 0.212], "0.6": [0.17, 0.114, 0.23, 0.182, 0.176, 0.13, 0.152, 0.146], "0.8": [0.14, 0.162, 0.19, 0.12, 0.112, 0.098, 0.16, 0.166], "0.9": [0.132, 0.084, 0.096, 0.14, 0.102, 0.11, 0.104, 0.124], "0.95": [0.098, 0.112, 0.098, 0.118, 0.118, 0.132, 0.13, 0.098], "0.975": [0.118, 0.116, 0.11, 0.126, 0.124, 0.126, 0.12, 0.112]}, "initial-tune": {"0.025": [0.212, 0.172, 0.202, 0.166, 0.196, 0.21, 0.196, 0.196], "0.05": [0.154, 0.254, 0.198, 0.19, 0.192, 0.186, 0.19, 0.218], "0.1": [0.24, 0.212, 0.174, 0.262, 0.208, 0.256, 0.216, 0.196], "0.2": [0.192, 0.228, 0.126, 0.236, 0.208, 0.184, 0.232, 0.18], "0.4": [0.256, 0.272, 0.258, 0.25, 0.28, 0.216, 0.224, 0.258], "0.6": [0.206, 0.24, 0.234, 0.216, 0.24, 0.224, 0.206, 0.218], "0.8": [0.194, 0.2, 0.184, 0.152, 0.224, 0.188, 0.21, 0.228], "0.9": [0.148, 0.164, 0.164, 0.158, 0.126, 0.138, 0.144, 0.118], "0.95": [0.166, 0.146, 0.106, 0.14, 0.142, 0.15, 0.134, 0.158], "0.975": [0.162, 0.132, 0.142, 0.136, 0.14, 0.158, 0.146, 0.132]}, "minimal-tune": {"0.025": [0.572, 0.522, 0.568, 0.552, 0.57, 0.572, 0.57, 0.562], "0.05": [0.566, 0.562, 0.496, 0.55, 0.52, 0.524, 0.522, 0.534], "0.1": [0.528, 0.512, 0.532, 0.474, 0.516, 0.498, 0.508, 0.46], "0.2": [0.454, 0.484, 0.492, 0.464, 0.496, 0.478, 0.484, 0.414], "0.4": [0.29, 0.386, 0.358, 0.254, 0.344, 0.296, 0.304, 0.316], "0.6": [0.248, 0.224, 0.208, 0.246, 0.228, 0.27, 0.21, 0.18], "0.8": [0.194, 0.17, 0.262, 0.196, 0.216, 0.214, 0.178, 0.206], "0.9": [0.156, 0.174, 0.178, 0.164, 0.14, 0.172, 0.198, 0.168], "0.95": [0.17, 0.118, 0.136, 0.146, 0.176, 0.202, 0.156, 0.122], "0.975": [0.136, 0.114, 0.128, 0.164, 0.202, 0.142, 0.15, 0.156]}}, "neither and neither+just_main": {"initial-transfer": {"0.025": [0.184, 0.184, 0.19, 0.192, 0.182, 0.186, 0.192, 0.17], "0.05": [0.176, 0.168, 0.182, 0.182, 0.17, 0.2, 0.164, 0.152], "0.1": [0.146, 0.156, 0.176, 0.156, 0.17, 0.154, 0.17, 0.172], "0.2": [0.178, 0.166, 0.154, 0.174, 0.176, 0.146, 0.168, 0.138], "0.4": [0.154, 0.154, 0.164, 0.146, 0.148, 0.152, 0.156, 0.152], "0.6": [0.15, 0.118, 0.178, 0.182, 0.156, 0.132, 0.138, 0.152], "0.8": [0.122, 0.156, 0.142, 0.104, 0.116, 0.098, 0.128, 0.136],