{"both and main-box": {"cdep-transfer": {"0.025": [0.09848484848484848, 0.06818181818181818, 0.09848484848484848, 0.08333333333333333], "0.05": [0.10606060606060606, 0.09090909090909091, 0.06818181818181818, 0.09848484848484848], "0.1": [0.12121212121212122, 0.11363636363636363, 0.10606060606060606, 0.07575757575757576], "0.2": [0.09848484848484848, 0.12121212121212122, 0.08333333333333333, 0.09090909090909091], "0.4": [0.10606060606060606, 0.09090909090909091, 0.12878787878787878, 0.11363636363636363], "0.6": [0.05303030303030303, 0.06060606060606061, 0.09848484848484848, 0.07575757575757576], "0.8": [0.07575757575757576, 0.06060606060606061, 0.12121212121212122, 0.06818181818181818], "0.9": [0.045454545454545456, 0.06818181818181818, 0.05303030303030303, 0.07575757575757576], "0.95": [0.03787878787878788, 0.08333333333333333, 0.09090909090909091, 0.07575757575757576], "0.975": [0.06818181818181818, 0.05303030303030303, 0.045454545454545456, 0.05303030303030303]}, "initial-transfer": {"0.025": [0.09090909090909091, 0.09848484848484848, 0.06818181818181818, 0.10606060606060606], "0.05": [0.11363636363636363, 0.08333333333333333, 0.07575757575757576, 0.08333333333333333], "0.1": [0.07575757575757576, 0.10606060606060606, 0.09090909090909091, 0.11363636363636363], "0.2": [0.06060606060606061, 0.05303030303030303, 0.08333333333333333, 0.08333333333333333], "0.4": [0.11363636363636363, 0.10606060606060606, 0.10606060606060606, 0.09848484848484848], "0.6": [0.07575757575757576, 0.09848484848484848, 0.10606060606060606, 0.07575757575757576], "0.8": [0.08333333333333333, 0.09090909090909091, 0.09848484848484848, 0.12121212121212122], "0.9": [0.030303030303030304, 0.03787878787878788, 0.07575757575757576, 0.05303030303030303], "0.95": [0.05303030303030303, 0.05303030303030303, 0.06060606060606061, 0.06060606060606061], "0.975": [0.03787878787878788, 0.06060606060606061, 0.08333333333333333, 0.03787878787878788]}, "initial-tune": {"0.025": [0.05303030303030303, 0.07575757575757576, 0.08333333333333333, 0.08333333333333333], "0.05": [0.09848484848484848, 0.09090909090909091, 0.06818181818181818, 0.10606060606060606], "0.1": [0.12121212121212122, 0.09090909090909091, 0.10606060606060606, 0.13636363636363635], "0.2": [0.06818181818181818, 0.12878787878787878, 0.12121212121212122, 0.12121212121212122], "0.4": [0.09848484848484848, 0.12121212121212122, 0.10606060606060606, 0.09090909090909091], "0.6": [0.06818181818181818, 0.06060606060606061, 0.12878787878787878, 0.07575757575757576], "0.8": [0.07575757575757576, 0.12121212121212122, 0.07575757575757576, 0.07575757575757576], "0.9": [0.06060606060606061, 0.06818181818181818, 0.08333333333333333, 0.06060606060606061], "0.95": [0.08333333333333333, 0.05303030303030303, 0.07575757575757576, 0.06060606060606061], "0.975": [0.045454545454545456, 0.03787878787878788, 0.045454545454545456, 0.05303030303030303]}, "minimal-tune": {"0.025": [0.4696969696969697, 0.4393939393939394, 0.4621212121212121, 0.5606060606060606], "0.05": [0.3939393939393939, 0.4696969696969697, 0.3409090909090909, 0.5], "0.1": [0.3333333333333333, 0.4166666666666667, 0.3787878787878788, 0.4166666666666667], "0.2": [0.22727272727272727, 0.2727272727272727, 0.45454545454545453, 0.3484848484848485], "0.4": [0.17424242424242425, 0.1590909090909091, 0.12878787878787878, 0.18181818181818182], "0.6": [0.13636363636363635, 0.20454545454545456, 0.24242424242424243, 0.30303030303030304], "0.8": [0.5303030303030303, 0.5681818181818182, 0.5757575757575758, 0.5681818181818182], "0.9": [0.5681818181818182, 0.5681818181818182, 0.6439393939393939, 0.6666666666666666], "0.95": [0.5606060606060606, 0.5909090909090909, 0.5909090909090909, 0.6060606060606061], "0.975": [0.5909090909090909, 0.6060606060606061, 0.4772727272727273, 0.5833333333333334]}}, "both and main-pixel-paint": {"cdep-transfer": {"0.025": [0.09848484848484848, 0.09090909090909091, 0.10606060606060606, 0.07575757575757576], "0.05": [0.07575757575757576, 0.09848484848484848, 0.06818181818181818, 0.09090909090909091], "0.1": [0.09848484848484848, 0.06818181818181818, 0.10606060606060606, 0.06818181818181818], "0.2": [0.09090909090909091, 0.12121212121212122, 0.09090909090909091, 0.09090909090909091], "0.4": [0.08333333333333333, 0.06818181818181818, 0.09090909090909091, 0.09090909090909091], "0.6": [0.022727272727272728, 0.05303030303030303, 0.030303030303030304, 0.07575757575757576], "0.8": [0.015151515151515152, 0.015151515151515152, 0.06060606060606061, 0.022727272727272728], "0.9": [0.007575757575757576, 0.030303030303030304, 0.0, 0.045454545454545456], "0.95": [0.015151515151515152, 0.015151515151515152, 0.03787878787878788, 0.015151515151515152], "0.975": [0.05303030303030303, 0.03787878787878788, 0.015151515151515152, 0.030303030303030304]}, "initial-transfer": {"0.025": [0.12878787878787878, 0.11363636363636363, 0.08333333333333333, 0.10606060606060606], "0.05": [0.12121212121212122, 0.12121212121212122, 0.12121212121212122, 0.07575757575757576], "0.1": [0.13636363636363635, 0.15151515151515152, 0.09848484848484848, 0.10606060606060606], "0.2": [0.08333333333333333, 0.06818181818181818, 0.09090909090909091, 0.12121212121212122], "0.4": [0.14393939393939395, 0.07575757575757576, 0.06818181818181818, 0.06818181818181818], "0.6": [0.045454545454545456, 0.045454545454545456, 0.06060606060606061, 0.030303030303030304], "0.8": [0.030303030303030304, 0.045454545454545456, 0.06060606060606061, 0.06818181818181818], "0.9": [0.015151515151515152, 0.015151515151515152, 0.045454545454545456, 0.030303030303030304], "0.95": [0.045454545454545456, 0.03787878787878788, 0.05303030303030303, 0.045454545454545456], "0.975": [0.022727272727272728, 0.030303030303030304, 0.06818181818181818, 0.007575757575757576]}, "initial-tune": {"0.025": [0.07575757575757576, 0.08333333333333333, 0.09848484848484848, 0.06818181818181818], "0.05": [0.07575757575757576, 0.07575757575757576, 0.09090909090909091, 0.13636363636363635], "0.1": [0.10606060606060606, 0.08333333333333333, 0.08333333333333333, 0.12121212121212122], "0.2": [0.06818181818181818, 0.10606060606060606, 0.08333333333333333, 0.10606060606060606], "0.4": [0.08333333333333333, 0.08333333333333333, 0.06818181818181818, 0.07575757575757576], "0.6": [0.03787878787878788, 0.05303030303030303, 0.07575757575757576, 0.06818181818181818], "0.8": [0.030303030303030304, 0.045454545454545456, 0.05303030303030303, 0.045454545454545456], "0.9": [0.015151515151515152, 0.045454545454545456, 0.030303030303030304, 0.030303030303030304], "0.95": [0.007575757575757576, 0.022727272727272728, 0.045454545454545456, 0.03787878787878788], "0.975": [0.03787878787878788, 0.06060606060606061, 0.05303030303030303, 0.045454545454545456]}, "minimal-tune": {"0.025": [0.11363636363636363, 0.12878787878787878, 0.11363636363636363, 0.14393939393939395], "0.05": [0.06818181818181818, 0.07575757575757576, 0.09848484848484848, 0.12121212121212122], "0.1": [0.06818181818181818, 0.10606060606060606, 0.10606060606060606, 0.07575757575757576], "0.2": [0.08333333333333333, 0.09848484848484848, 0.12121212121212122, 0.09090909090909091], "0.4": [0.11363636363636363, 0.12878787878787878, 0.06060606060606061, 0.11363636363636363], "0.6": [0.07575757575757576, 0.13636363636363635, 0.12878787878787878, 0.11363636363636363], "0.8": [0.12121212121212122, 0.09848484848484848, 0.08333333333333333, 0.06818181818181818], "0.9": [0.06060606060606061, 0.05303030303030303, 0.11363636363636363, 0.10606060606060606], "0.95": [0.06818181818181818, 0.07575757575757576, 0.09090909090909091, 0.09090909090909091], "0.975": [0.12878787878787878, 0.06818181818181818, 0.030303030303030304, 0.06818181818181818]}}, "just_main and main-box": {"cdep-transfer": {"0.025": [0.19230769230769232, 0.06043956043956044, 0.1813186813186813, 0.16483516483516483], "0.05": [0.2087912087912088, 0.19230769230769232, 0.17032967032967034, 0.23626373626373626],