{"just_main and just_main+just_spurious": {"initial-transfer": {"0.025": [0.14285714285714285, 0.14285714285714285, 0.14835164835164835, 0.16483516483516483], "0.05": [0.12637362637362637, 0.16483516483516483, 0.13186813186813187, 0.12637362637362637], "0.1": [0.12087912087912088, 0.09340659340659341, 0.11538461538461539, 0.13186813186813187], "0.2": [0.06593406593406594, 0.0989010989010989, 0.12087912087912088, 0.07142857142857142], "0.4": [0.04945054945054945, 0.038461538461538464, 0.06043956043956044, 0.06593406593406594], "0.6": [0.08241758241758242, 0.07692307692307693, 0.07142857142857142, 0.0989010989010989], "0.8": [0.11538461538461539, 0.2032967032967033, 0.13186813186813187, 0.15384615384615385], "0.9": [0.16483516483516483, 0.19230769230769232, 0.1813186813186813, 0.17032967032967034], "0.95": [0.18681318681318682, 0.1813186813186813, 0.18681318681318682, 0.17582417582417584], "0.975": [0.22527472527472528, 0.2087912087912088, 0.18681318681318682, 0.21978021978021978]}}, "just_spurious and just_spurious+just_main": {"initial-transfer": {"0.025": [0.236, 0.234, 0.232, 0.228], "0.05": [0.234, 0.214, 0.218, 0.192], "0.1": [0.244, 0.248, 0.24, 0.23], "0.2": [0.24, 0.236, 0.2, 0.238], "0.4": [0.21, 0.232, 0.202, 0.228], "0.6": [0.204, 0.22, 0.202, 0.176], "0.8": [0.122, 0.214, 0.24, 0.174], "0.9": [0.116, 0.164, 0.206, 0.194], "0.95": [0.202, 0.118, 0.172, 0.198], "0.975": [0.196, 0.186, 0.128, 0.206]}}, "neither and neither+just_main": {"initial-transfer": {"0.025": [0.164, 0.162, 0.166, 0.184], "0.05": [0.166, 0.166, 0.19, 0.186], "0.1": [0.17, 0.172, 0.176, 0.164], "0.2": [0.178, 0.158, 0.176, 0.192], "0.4": [0.196, 0.182, 0.168, 0.192], "0.6": [0.192, 0.2, 0.182, 0.164], "0.8": [0.114, 0.168, 0.172, 0.144], "0.9": [0.08, 0.088, 0.126, 0.13], "0.95": [0.106, 0.07, 0.104, 0.116], "0.975": [0.142, 0.106, 0.084, 0.12]}}, "neither and neither+just_spurious": {"initial-transfer": {"0.025": [0.13, 0.17, 0.122, 0.164], "0.05": [0.118, 0.138, 0.134, 0.138], "0.1": [0.112, 0.13, 0.138, 0.128], "0.2": [0.098, 0.094, 0.092, 0.096], "0.4": [0.064, 0.08, 0.068, 0.054], "0.6": [0.082, 0.076, 0.076, 0.052], "0.8": [0.114, 0.128, 0.132, 0.13], "0.9": [0.146, 0.186, 0.164, 0.19], "0.95": [0.192, 0.198, 0.214, 0.202], "0.975": [0.252, 0.266, 0.21, 0.24]}}}