{"both and both-inverse": {"both-paint-tune": {"0.8": [0.7767857142857143, 0.8317757009345794, 0.8679245283018868, 0.7166666666666667], "0.9": [0.6982758620689655, 0.7476635514018691, 0.8303571428571429, 0.7478260869565218], "0.95": [0.7027027027027027, 0.6363636363636364, 0.8303571428571429, 0.7830188679245284], "0.975": [0.7433628318584071, 0.8, 0.6846846846846847, 0.7094017094017094]}, "both-tune": {"0.8": [0.8352941176470589, 0.9019607843137255, 0.7010309278350515, 0.8414634146341463], "0.9": [0.6055045871559633, 0.4329896907216495, 0.5974025974025974, 0.5979381443298969], "0.95": [0.5806451612903226, 0.6146788990825688, 0.2980769230769231, 0.7714285714285715], "0.975": [0.5242718446601942, 0.723404255319149, 0.5963302752293578, 0.42857142857142855]}, "initial-transfer": {"0.8": [0.773109243697479, 0.7966101694915254, 0.7024793388429752, 0.7913043478260869], "0.9": [0.680672268907563, 0.5775862068965517, 0.6554621848739496, 0.6440677966101694], "0.95": [0.6929824561403509, 0.5172413793103449, 0.6842105263157895, 0.425], "0.975": [0.4083333333333333, 0.5431034482758621, 0.475, 0.5210084033613446]}, "initial-tune": {"0.8": [0.6293103448275862, 0.7916666666666666, 0.7586206896551724, 0.6982758620689655], "0.9": [0.635593220338983, 0.6779661016949152, 0.5213675213675214, 0.6434782608695652], "0.95": [0.4583333333333333, 0.49572649572649574, 0.4396551724137931, 0.40336134453781514], "0.975": [0.325, 0.3416666666666667, 0.45161290322580644, 0.5932203389830508]}}, "both and main-inverse": {"both-paint-tune": {"0.8": [0.9375, 0.9532710280373832, 0.9339622641509434, 0.95], "0.9": [0.9568965517241379, 0.9158878504672897, 0.9464285714285714, 0.9391304347826087], "0.95": [0.963963963963964, 0.9545454545454546, 0.9821428571428571, 0.9528301886792453], "0.975": [0.911504424778761, 0.9636363636363636, 0.9459459459459459, 0.9401709401709402]}, "both-tune": {"0.8": [0.8705882352941177, 0.9411764705882353, 0.845360824742268, 0.9390243902439024], "0.9": [0.8532110091743119, 0.7525773195876289, 0.8961038961038961, 0.8762886597938144], "0.95": [0.8279569892473119, 0.8348623853211009, 0.6634615384615384, 0.9428571428571428], "0.975": [0.6990291262135923, 0.8297872340425532, 0.07339449541284404, 0.6190476190476191]}, "initial-transfer": {"0.8": [0.9663865546218487, 1.0, 0.9917355371900827, 1.0], "0.9": [0.9831932773109243, 0.9741379310344828, 0.9831932773109243, 0.9661016949152542], "0.95": [1.0, 0.9913793103448276, 1.0, 0.975], "0.975": [0.9833333333333333, 1.0, 1.0, 1.0]}, "initial-tune": {"0.8": [0.9310344827586207, 0.9583333333333334, 0.9482758620689655, 0.9482758620689655], "0.9": [0.9491525423728814, 0.9491525423728814, 0.9487179487179487, 0.9565217391304348], "0.95": [0.9583333333333334, 0.9487179487179487, 0.9568965517241379, 0.9663865546218487], "0.975": [0.9666666666666667, 0.9333333333333333, 0.9516129032258065, 0.9745762711864406]}}, "both and spurious-inverse": {"both-paint-tune": {"0.8": [0.8928571428571429, 0.9345794392523364, 0.9622641509433962, 0.8416666666666667], "0.9": [0.7844827586206896, 0.8878504672897196, 0.9464285714285714, 0.8608695652173913], "0.95": [0.7927927927927928, 0.7363636363636363, 0.9017857142857143, 0.8490566037735849], "0.975": [0.8407079646017699, 0.8818181818181818, 0.8108108108108109, 0.811965811965812]}, "both-tune": {"0.8": [0.9411764705882353, 0.9411764705882353, 0.845360824742268, 0.9512195121951219], "0.9": [0.7706422018348624, 0.5670103092783505, 0.7662337662337663, 0.7319587628865979], "0.95": [0.7419354838709677, 0.7706422018348624, 0.33653846153846156, 0.8761904761904762], "0.975": [0.5825242718446602, 0.7978723404255319, 0.5963302752293578, 0.4380952380952381]}, "initial-transfer": {"0.8": [0.9159663865546218, 0.9067796610169492, 0.8512396694214877, 0.9130434782608695], "0.9": [0.8235294117647058, 0.7327586206896551, 0.7899159663865546, 0.8050847457627118], "0.95": [0.7807017543859649, 0.6637931034482759, 0.7894736842105263, 0.5583333333333333], "0.975": [0.525, 0.6293103448275862, 0.55, 0.6218487394957983]}, "initial-tune": {"0.8": [0.8103448275862069, 0.9083333333333333, 0.9137931034482759, 0.8706896551724138], "0.9": [0.8050847457627118, 0.8220338983050848, 0.6923076923076923, 0.808695652173913], "0.95": [0.5583333333333333, 0.6239316239316239, 0.5086206896551724, 0.48739495798319327], "0.975": [0.4083333333333333, 0.43333333333333335, 0.5725806451612904, 0.6949152542372882]}}, "just_main and main-inverse": {"both-paint-tune": {"0.8": [0.8211382113821138, 0.8362068965517241, 0.8521739130434782, 0.8015873015873016], "0.9": [0.7870370370370371, 0.875, 0.7931034482758621, 0.7641509433962265], "0.95": [0.8854166666666666, 0.7641509433962265, 0.9204545454545454, 0.8673469387755102], "0.975": [0.78125, 0.8461538461538461, 0.7741935483870968, 0.7647058823529411]}, "both-tune": {"0.8": [0.7526881720430108, 0.89, 0.6864406779661016, 0.8350515463917526], "0.9": [0.7216494845360825, 0.6391752577319587, 0.6973684210526315, 0.6704545454545454], "0.95": [0.6756756756756757, 0.75, 0.5194805194805194, 0.8979591836734694], "0.975": [0.6483516483516484, 0.6323529411764706, 0.2159090909090909, 0.5606060606060606]}, "initial-transfer": {"0.8": [0.8974358974358975, 0.9212598425196851, 0.8947368421052632, 0.9112903225806451], "0.9": [0.9245283018867925, 0.90625, 0.8928571428571429, 0.8878504672897196], "0.95": [0.971830985915493, 0.9247311827956989, 0.9726027397260274, 0.9029126213592233], "0.975": [0.9081632653061225, 0.9452054794520548, 0.9270833333333334, 0.9560439560439561]}, "initial-tune": {"0.8": [0.7043478260869566, 0.8648648648648649, 0.822429906542056, 0.8461538461538461], "0.9": [0.75, 0.797979797979798, 0.71, 0.8518518518518519], "0.95": [0.8072289156626506, 0.8425925925925926, 0.8714285714285714, 0.9], "0.975": [0.8, 0.7472527472527473, 0.8255813953488372, 0.8961038961038961]}}, "just_spurious and spurious-inverse": {"both-paint-tune": {"0.8": [0.7849056603773585, 0.8593155893536122, 0.8830897703549061, 0.8082408874801902], "0.9": [0.6948051948051948, 0.7566539923954373, 0.836852207293666, 0.7447916666666666], "0.95": [0.6782449725776966, 0.627831715210356, 0.7983050847457627, 0.7199391171993912], "0.975": [0.6684350132625995, 0.7318255250403877, 0.665374677002584, 0.5957767722473605]}, "both-tune": {"0.8": [0.868995633187773, 0.9240924092409241, 0.6879194630872483, 0.9408602150537635], "0.9": [0.6702127659574468, 0.43005181347150256, 0.5931558935361216, 0.6727272727272727], "0.95": [0.5516431924882629, 0.6561085972850679, 0.3424124513618677, 0.7910863509749304], "0.975": [0.5071174377224199, 0.6703910614525139, 0.6680244399185336, 0.38461538461538464]}, "initial-transfer": {"0.8": [0.8886792452830189, 0.8754266211604096, 0.7961783439490446, 0.8504347826086956], "0.9": [0.7693409742120344, 0.658321060382916, 0.6813793103448276, 0.7065368567454798], "0.95": [0.6970588235294117, 0.5566625155666252, 0.7258064516129032, 0.49736008447729674], "0.975": [0.5, 0.5454545454545454, 0.5358948432760364, 0.5774155995343423]}, "initial-tune": {"0.8": [0.8117443868739206, 0.8996212121212122, 0.9064885496183206, 0.8518518518518519], "0.9": [0.7974683544303798, 0.8274894810659187, 0.6616541353383458, 0.7429420505200595], "0.95": [0.4829857299670692, 0.5391061452513967, 0.4561611374407583, 0.4322981366459627], "0.975": [0.35247524752475246, 0.2897959183673469, 0.49783080260303686, 0.5947368421052631]}}}