{"both and main-box": {"careful-paint-tune": {"0.025": [0.06060606060606061, 0.08333333333333333, 0.03787878787878788], "0.05": [0.05303030303030303, 0.07575757575757576, 0.05303030303030303], "0.1": [0.045454545454545456, 0.07575757575757576, 0.05303030303030303], "0.2": [0.07575757575757576, 0.06818181818181818, 0.045454545454545456], "0.4": [0.09090909090909091, 0.09090909090909091, 0.09848484848484848], "0.6": [0.06818181818181818, 0.045454545454545456, 0.06060606060606061], "0.8": [0.06818181818181818, 0.06818181818181818, 0.06060606060606061], "0.9": [0.07575757575757576, 0.06818181818181818, 0.045454545454545456], "0.95": [0.07575757575757576, 0.030303030303030304, 0.06060606060606061], "0.975": [0.045454545454545456, 0.045454545454545456, 0.08333333333333333]}, "careful-tune": {"0.025": [0.25757575757575757, 0.30303030303030304, 0.3560606060606061], "0.05": [0.3106060606060606, 0.3560606060606061, 0.30303030303030304], "0.1": [0.2878787878787879, 0.18181818181818182, 0.2803030303030303], "0.2": [0.2803030303030303, 0.25757575757575757, 0.26515151515151514], "0.4": [0.07575757575757576, 0.08333333333333333, 0.06818181818181818], "0.6": [0.13636363636363635, 0.12878787878787878, 0.12121212121212122], "0.8": [0.2878787878787879, 0.2878787878787879, 0.2727272727272727], "0.9": [0.3106060606060606, 0.3333333333333333, 0.30303030303030304], "0.95": [0.3712121212121212, 0.3787878787878788, 0.3939393939393939], "0.975": [0.3333333333333333, 0.3560606060606061, 0.3106060606060606]}, "initial-transfer": {"0.025": [0.07575757575757576, 0.045454545454545456, 0.05303030303030303], "0.05": [0.06060606060606061, 0.06818181818181818, 0.06818181818181818], "0.1": [0.06818181818181818, 0.05303030303030303, 0.030303030303030304], "0.2": [0.06060606060606061, 0.06818181818181818, 0.08333333333333333], "0.4": [0.07575757575757576, 0.05303030303030303, 0.09090909090909091], "0.6": [0.045454545454545456, 0.06060606060606061, 0.030303030303030304], "0.8": [0.08333333333333333, 0.07575757575757576, 0.06060606060606061], "0.9": [0.045454545454545456, 0.022727272727272728, 0.030303030303030304], "0.95": [0.015151515151515152, 0.030303030303030304, 0.06060606060606061], "0.975": [0.03787878787878788, 0.05303030303030303, 0.045454545454545456]}, "initial-tune": {"0.025": [0.06060606060606061, 0.03787878787878788, 0.06818181818181818], "0.05": [0.06060606060606061, 0.07575757575757576, 0.045454545454545456], "0.1": [0.045454545454545456, 0.06060606060606061, 0.07575757575757576], "0.2": [0.07575757575757576, 0.08333333333333333, 0.045454545454545456], "0.4": [0.07575757575757576, 0.09090909090909091, 0.07575757575757576], "0.6": [0.09848484848484848, 0.05303030303030303, 0.12121212121212122], "0.8": [0.06060606060606061, 0.05303030303030303, 0.06060606060606061], "0.9": [0.09090909090909091, 0.045454545454545456, 0.06818181818181818], "0.95": [0.03787878787878788, 0.03787878787878788, 0.022727272727272728], "0.975": [0.030303030303030304, 0.05303030303030303, 0.030303030303030304]}}, "both and main-pixel-paint": {"careful-paint-tune": {"0.025": [0.5833333333333334, 0.6212121212121212, 0.5984848484848485], "0.05": [0.5833333333333334, 0.6060606060606061, 0.6893939393939394], "0.1": [0.6666666666666666, 0.6742424242424242, 0.6818181818181818], "0.2": [0.6439393939393939, 0.6212121212121212, 0.6742424242424242], "0.4": [0.22727272727272727, 0.3409090909090909, 0.38636363636363635], "0.6": [0.4621212121212121, 0.4696969696969697, 0.4696969696969697], "0.8": [0.696969696969697, 0.5984848484848485, 0.6287878787878788], "0.9": [0.6666666666666666, 0.7196969696969697, 0.7196969696969697], "0.95": [0.6742424242424242, 0.7727272727272727, 0.6590909090909091], "0.975": [0.696969696969697, 0.696969696969697, 0.7575757575757576]}, "careful-tune": {"0.025": [0.13636363636363635, 0.26515151515151514, 0.09848484848484848], "0.05": [0.09090909090909091, 0.13636363636363635, 0.10606060606060606], "0.1": [0.12121212121212122, 0.06818181818181818, 0.12878787878787878], "0.2": [0.12121212121212122, 0.07575757575757576, 0.08333333333333333], "0.4": [0.07575757575757576, 0.06818181818181818, 0.06060606060606061], "0.6": [0.11363636363636363, 0.09848484848484848, 0.09090909090909091], "0.8": [0.08333333333333333, 0.12121212121212122, 0.15151515151515152], "0.9": [0.09090909090909091, 0.12878787878787878, 0.08333333333333333], "0.95": [0.14393939393939395, 0.08333333333333333, 0.06818181818181818], "0.975": [0.06060606060606061, 0.09090909090909091, 0.11363636363636363]}, "initial-transfer": {"0.025": [0.09848484848484848, 0.06060606060606061, 0.09090909090909091], "0.05": [0.07575757575757576, 0.13636363636363635, 0.06818181818181818], "0.1": [0.07575757575757576, 0.06060606060606061, 0.045454545454545456], "0.2": [0.05303030303030303, 0.05303030303030303, 0.08333333333333333], "0.4": [0.06818181818181818, 0.022727272727272728, 0.07575757575757576], "0.6": [0.03787878787878788, 0.05303030303030303, 0.045454545454545456], "0.8": [0.06060606060606061, 0.05303030303030303, 0.03787878787878788], "0.9": [0.05303030303030303, 0.022727272727272728, 0.030303030303030304], "0.95": [0.03787878787878788, 0.015151515151515152, 0.030303030303030304], "0.975": [0.045454545454545456, 0.015151515151515152, 0.030303030303030304]}, "initial-tune": {"0.025": [0.06060606060606061, 0.045454545454545456, 0.06060606060606061], "0.05": [0.09848484848484848, 0.09090909090909091, 0.06060606060606061], "0.1": [0.05303030303030303, 0.05303030303030303, 0.08333333333333333], "0.2": [0.06818181818181818, 0.09848484848484848, 0.06818181818181818], "0.4": [0.08333333333333333, 0.07575757575757576, 0.06818181818181818], "0.6": [0.05303030303030303, 0.030303030303030304, 0.09090909090909091], "0.8": [0.05303030303030303, 0.05303030303030303, 0.05303030303030303], "0.9": [0.07575757575757576, 0.045454545454545456, 0.030303030303030304], "0.95": [0.030303030303030304, 0.030303030303030304, 0.03787878787878788], "0.975": [0.030303030303030304, 0.022727272727272728, 0.022727272727272728]}}, "just_main and main-box": {"careful-paint-tune": {"0.025": [0.07692307692307693, 0.0989010989010989, 0.06043956043956044], "0.05": [0.11538461538461539, 0.04945054945054945, 0.09340659340659341], "0.1": [0.09340659340659341, 0.11538461538461539, 0.09340659340659341], "0.2": [0.1813186813186813, 0.15384615384615385, 0.13186813186813187], "0.4": [0.21428571428571427, 0.17582417582417584, 0.1978021978021978], "0.6": [0.15934065934065933, 0.13186813186813187, 0.13736263736263737], "0.8": [0.21428571428571427, 0.21428571428571427, 0.22527472527472528], "0.9": [0.2087912087912088, 0.1813186813186813, 0.21978021978021978], "0.95": [0.17032967032967034, 0.16483516483516483, 0.14835164835164835], "0.975": [0.14835164835164835, 0.21428571428571427, 0.13736263736263737]}, "careful-tune": {"0.025": [0.4230769230769231, 0.5439560439560439, 0.5054945054945055], "0.05": [0.5054945054945055, 0.521978021978022, 0.5164835164835165], "0.1": [0.4725274725274725, 0.38461538461538464, 0.46703296703296704], "0.2": [0.45054945054945056, 0.4340659340659341, 0.46703296703296704], "0.4": [0.25824175824175827, 0.32967032967032966, 0.24725274725274726], "0.6": [0.23076923076923078, 0.18681318681318682, 0.18681318681318682], "0.8": [0.25274725274725274, 0.25274725274725274, 0.23076923076923078], "0.9": [0.3076923076923077, 0.27472527472527475, 0.24725274725274726], "0.95": [0.3241758241758242, 0.27472527472527475, 0.2692307692307692], "0.975": [0.24175824175824176, 0.2802197802197802, 0.2857142857142857]}, "initial-transfer": {"0.025": [0.04945054945054945, 0.03296703296703297, 0.04945054945054945], "0.05": [0.027472527472527472, 0.054945054945054944, 0.054945054945054944], "0.1": [0.07692307692307693, 0.06593406593406594, 0.06043956043956044], "0.2": [0.027472527472527472, 0.09340659340659341, 0.14285714285714285], "0.4": [0.14835164835164835, 0.07692307692307693, 0.14285714285714285], "0.6": [0.15384615384615385, 0.17032967032967034, 0.14285714285714285],