{"just_main and just_main+just_spurious": {"careful-paint-tune": {"0.025": [0.08791208791208792, 0.07692307692307693, 0.054945054945054944], "0.05": [0.06043956043956044, 0.06043956043956044, 0.07692307692307693], "0.1": [0.09340659340659341, 0.08791208791208792, 0.08791208791208792], "0.2": [0.08791208791208792, 0.08791208791208792, 0.08791208791208792], "0.4": [0.06043956043956044, 0.038461538461538464, 0.07142857142857142], "0.6": [0.09340659340659341, 0.10989010989010989, 0.1043956043956044], "0.8": [0.15384615384615385, 0.12087912087912088, 0.14835164835164835], "0.9": [0.16483516483516483, 0.17582417582417584, 0.1813186813186813], "0.95": [0.15934065934065933, 0.12637362637362637, 0.17032967032967034], "0.975": [0.22527472527472528, 0.23076923076923078, 0.25274725274725274]}, "careful-tune": {"0.025": [0.07692307692307693, 0.08791208791208792, 0.054945054945054944], "0.05": [0.06593406593406594, 0.054945054945054944, 0.07692307692307693], "0.1": [0.06593406593406594, 0.04945054945054945, 0.04945054945054945], "0.2": [0.1043956043956044, 0.054945054945054944, 0.07692307692307693], "0.4": [0.07142857142857142, 0.09340659340659341, 0.1043956043956044], "0.6": [0.1043956043956044, 0.11538461538461539, 0.0989010989010989], "0.8": [0.15934065934065933, 0.17582417582417584, 0.13736263736263737], "0.9": [0.15384615384615385, 0.15934065934065933, 0.15384615384615385], "0.95": [0.17582417582417584, 0.1813186813186813, 0.17032967032967034], "0.975": [0.1813186813186813, 0.2087912087912088, 0.18681318681318682]}, "full-paint-tune": {"0.025": [0.07692307692307693, 0.054945054945054944, 0.06593406593406594], "0.05": [0.08791208791208792, 0.07142857142857142, 0.09340659340659341], "0.1": [0.07142857142857142, 0.1043956043956044, 0.06593406593406594], "0.2": [0.07142857142857142, 0.07142857142857142, 0.08241758241758242], "0.4": [0.07692307692307693, 0.06593406593406594, 0.07142857142857142], "0.6": [0.13186813186813187, 0.13186813186813187, 0.12087912087912088], "0.8": [0.15384615384615385, 0.1813186813186813, 0.14835164835164835], "0.9": [0.23626373626373626, 0.15384615384615385, 0.15384615384615385], "0.95": [0.17582417582417584, 0.18681318681318682, 0.15934065934065933], "0.975": [0.2032967032967033, 0.1813186813186813, 0.17032967032967034]}, "full-tune": {"0.025": [0.07692307692307693, 0.08791208791208792, 0.0989010989010989], "0.05": [0.08791208791208792, 0.06593406593406594, 0.10989010989010989], "0.1": [0.07142857142857142, 0.10989010989010989, 0.0989010989010989], "0.2": [0.10989010989010989, 0.06593406593406594, 0.15384615384615385], "0.4": [0.07692307692307693, 0.09340659340659341, 0.0989010989010989], "0.6": [0.17032967032967034, 0.14285714285714285, 0.15934065934065933], "0.8": [0.14285714285714285, 0.15934065934065933, 0.18681318681318682], "0.9": [0.13186813186813187, 0.17582417582417584, 0.12637362637362637], "0.95": [0.11538461538461539, 0.24725274725274726, 0.16483516483516483], "0.975": [0.13736263736263737, 0.12087912087912088, 0.14835164835164835]}, "initial-transfer": {"0.025": [0.19230769230769232, 0.14285714285714285, 0.13186813186813187], "0.05": [0.15384615384615385, 0.1813186813186813, 0.15934065934065933], "0.1": [0.15384615384615385, 0.14835164835164835, 0.15934065934065933], "0.2": [0.08791208791208792, 0.14835164835164835, 0.15384615384615385], "0.4": [0.09340659340659341, 0.04395604395604396, 0.08791208791208792], "0.6": [0.04945054945054945, 0.0989010989010989, 0.07692307692307693], "0.8": [0.17582417582417584, 0.17582417582417584, 0.14285714285714285], "0.9": [0.1813186813186813, 0.18681318681318682, 0.17582417582417584], "0.95": [0.1813186813186813, 0.23626373626373626, 0.2087912087912088], "0.975": [0.21978021978021978, 0.24725274725274726, 0.2032967032967033]}, "initial-tune": {"0.025": [0.19230769230769232, 0.2032967032967033, 0.18681318681318682], "0.05": [0.18681318681318682, 0.17582417582417584, 0.18681318681318682], "0.1": [0.1043956043956044, 0.14285714285714285, 0.15934065934065933], "0.2": [0.08791208791208792, 0.12637362637362637, 0.13736263736263737], "0.4": [0.054945054945054944, 0.08241758241758242, 0.07142857142857142], "0.6": [0.1043956043956044, 0.09340659340659341, 0.09340659340659341], "0.8": [0.13186813186813187, 0.16483516483516483, 0.16483516483516483], "0.9": [0.21978021978021978, 0.19230769230769232, 0.23076923076923078], "0.95": [0.1813186813186813, 0.24725274725274726, 0.2087912087912088], "0.975": [0.23626373626373626, 0.24175824175824176, 0.24725274725274726]}}, "just_spurious and just_spurious+just_main": {"careful-paint-tune": {"0.025": [0.4467005076142132, 0.4603670441233893, 0.46427176884029675], "0.05": [0.46349082389691526, 0.4646622413119875, 0.3736821554080437], "0.1": [0.4474814525575947, 0.45646231940648185, 0.42444357672784067], "0.2": [0.31081608746583367, 0.2959781335415853, 0.3697774306911363], "0.4": [0.2420929324482624, 0.32526356891839125, 0.3112065599375244], "0.6": [0.19601718078875438, 0.1815696993361968, 0.18000780944943381], "0.8": [0.1807887543928153, 0.138227254978524, 0.16595080046856697], "0.9": [0.15384615384615385, 0.15892229597813354, 0.16985552518547442], "0.95": [0.13783678250683326, 0.14994142912924638, 0.13978914486528699], "0.975": [0.1511128465443186, 0.164388910581804, 0.1440843420538852]}, "careful-tune": {"0.025": [0.45021475985942994, 0.5232331120655994, 0.45685279187817257], "0.05": [0.4841858648965248, 0.4951190941038657, 0.47520499804763766], "0.1": [0.47676688793440064, 0.33268254588051543, 0.4470909800859039], "0.2": [0.4611479890667708, 0.4365482233502538, 0.42249121436938697], "0.4": [0.2916829363529871, 0.32526356891839125, 0.2233502538071066], "0.6": [0.19250292854353768, 0.16634127294025772, 0.21085513471300274], "0.8": [0.19250292854353768, 0.17297930495900038, 0.18117922686450605], "0.9": [0.15462709878953534, 0.14798906677079265, 0.161265130808278], "0.95": [0.16321749316673176, 0.161265130808278, 0.1542366263178446], "0.975": [0.11011323701679032, 0.1491604841858649, 0.12338930105427567]}, "full-paint-tune": {"0.025": [0.44474814525575945, 0.4365482233502538, 0.442405310425615], "0.05": [0.4334244435767278, 0.44201483795392427, 0.45646231940648185], "0.1": [0.47871925029285434, 0.43186255368996485, 0.42522452167122216], "0.2": [0.36587270597422883, 0.3818820773135494, 0.39593908629441626], "0.4": [0.3678250683326825, 0.36431081608746585, 0.40531042561499414], "0.6": [0.33971105037094884, 0.2889496290511519, 0.3162827020695041], "0.8": [0.2561499414291292, 0.2760640374853573, 0.25536899648574773], "0.9": [0.20148379539242484, 0.16087465833658726, 0.18274111675126903], "0.95": [0.18352206169465052, 0.20616946505271377, 0.21124560718469348], "0.975": [0.1780554470909801, 0.17571261226083562, 0.17336977743069112]}, "full-tune": {"0.025": [0.42912924638812966, 0.4755954705193284, 0.4857477547832878], "0.05": [0.5068332682545881, 0.47051932838734867, 0.5060523233112065], "0.1": [0.5048809058961343, 0.5372901210464662, 0.4365482233502538], "0.2": [0.45568137446310036, 0.4595860991800078, 0.4365482233502538], "0.4": [0.44396720031237796, 0.43108160874658336, 0.42834830144474817], "0.6": [0.3623584537290121, 0.2967590784849668, 0.3885201093322921], "0.8": [0.30613041780554473, 0.26669269816477936, 0.3022256930886372], "0.9": [0.17024599765716517, 0.2557594689574385, 0.2167122217883639], "0.95": [0.1511128465443186, 0.19796954314720813, 0.1780554470909801], "0.975": [0.18898867629832097, 0.1944552909019914, 0.1850839515814135]}, "initial-transfer": {"0.025": [0.16946505271378368, 0.2096837172979305, 0.18898867629832097], "0.05": [0.17844591956267083, 0.15540804373291683, 0.1807887543928153], "0.1": [0.1475985942991019, 0.16399843811011325, 0.17180788754392814], "0.2": [0.20890277235454902, 0.17024599765716517, 0.14720812182741116], "0.4": [0.15736040609137056, 0.20226474033580633, 0.17024599765716517], "0.6": [0.1706364701288559, 0.1511128465443186, 0.15384615384615385], "0.8": [0.13237016790316283, 0.11636079656384225, 0.11557985162046076],