{"both": 0.463768115942029, "just_main": 0.05232558139534884, "just_spurious": 0.81, "neither": 0.984, "average": 0.5775234243343444}