{"both": 0.6038647342995169, "just_main": 0.06976744186046512, "just_spurious": 0.812, "neither": 0.996, "average": 0.6204080440399955}