{"both": 0.9420289855072463, "just_main": 0.5290697674418605, "just_spurious": 0.38, "neither": 0.83, "average": 0.6702746882372768}