{"both": 0.8985507246376812, "just_main": 0.3313953488372093, "just_spurious": 0.47, "neither": 0.938, "average": 0.6594865183687226}