{"B2M": 0.015811283141374588, "B2S": 0.0, "M2N": 0.3001050651073456, "S2N": 0.01060666423290968, "N2M": 0.0, "N2S": 0.0, "M2B": 0.0, "S2B": 0.0}