{"M2B": 0.17529358158859376, "N2S": 0.00737457079800432}