{"both": 0.8357487922705314, "just_main": 0.26744186046511625, "just_spurious": 0.576, "neither": 0.954, "average": 0.6582976631839119}