{"both": 0.8502415458937198, "just_main": 0.29069767441860467, "just_spurious": 0.442, "neither": 0.93, "average": 0.6282348050780812}