{"both": 0.9565217391304348, "just_main": 0.6046511627906976, "just_spurious": 0.382, "neither": 0.838, "average": 0.6952932254802832}