{"s_p1": [0.08342542765899899, "both-main/box"], "s_p2": [0.08342542765899899, "both-spurious/box"]}