{"average": {"initial-transfer": {"0.025": [0.6603773074413785, 0.6514699824743192, 0.6779434125187089, 0.6578398702843766], "0.05": [0.6674638484860114, 0.6770796459044914, 0.6725878138951785, 0.6641675045733072], "0.1": [0.6978201123178672, 0.6881171214388968, 0.6959290977472464, 0.7060666999270829], "0.2": [0.724714504099986, 0.7298670862596103, 0.732258113622699, 0.7284100049890624], "0.4": [0.7711701590103747, 0.7786600209796473, 0.7754651725064281, 0.7703132555551291], "0.6": [0.786579543564749, 0.7722233181102967, 0.7966436018472324, 0.7884985096775019], "0.8": [0.7465045605147689, 0.7680699492139028, 0.7633444883652505, 0.7637722748845479], "0.9": [0.7247327077816582, 0.7308621547632754, 0.7190944403934963, 0.7228505264100498], "0.95": [0.6728048125263845, 0.7061488787401977, 0.6971781606989804, 0.7106380371237416], "0.975": [0.6775221181768175, 0.6584893630630285, 0.656758420641926, 0.6812305906282381]}}, "both": {"initial-transfer": {"0.025": [0.19618528610354224, 0.23160762942779292, 0.38419618528610355, 0.23978201634877383], "0.05": [0.29427792915531337, 0.2561307901907357, 0.29155313351498635, 0.24795640326975477], "0.1": [0.36239782016348776, 0.38419618528610355, 0.3542234332425068, 0.34877384196185285], "0.2": [0.4768392370572207, 0.4768392370572207, 0.5422343324250681, 0.45231607629427795], "0.4": [0.6212534059945504, 0.773841961852861, 0.7166212534059946, 0.6920980926430518], "0.6": [0.7983651226158038, 0.9019073569482289, 0.8310626702997275, 0.8337874659400545], "0.8": [0.8991825613079019, 0.8828337874659401, 0.896457765667575, 0.885558583106267], "0.9": [0.9019073569482289, 0.9182561307901907, 0.9318801089918256, 0.9046321525885559], "0.95": [0.9264305177111717, 0.9346049046321526, 0.9128065395095368, 0.9400544959128065], "0.975": [0.9346049046321526, 0.9209809264305178, 0.9155313351498637, 0.9318801089918256]}}, "just_main": {"initial-transfer": {"0.025": [0.8873239436619719, 0.9342723004694836, 0.9295774647887324, 0.9295774647887324], "0.05": [0.9295774647887324, 0.92018779342723, 0.9107981220657277, 0.8967136150234741], "0.1": [0.9248826291079812, 0.9342723004694836, 0.9154929577464789, 0.9154929577464789], "0.2": [0.892018779342723, 0.8826291079812206, 0.9107981220657277, 0.8873239436619719], "0.4": [0.7934272300469484, 0.9107981220657277, 0.8732394366197183, 0.8591549295774648], "0.6": [0.7699530516431925, 0.8309859154929577, 0.8075117370892019, 0.812206572769953], "0.8": [0.6948356807511737, 0.6854460093896714, 0.7089201877934272, 0.6995305164319249], "0.9": [0.6150234741784038, 0.6431924882629108, 0.6384976525821596, 0.5727699530516432], "0.95": [0.4647887323943662, 0.5539906103286385, 0.539906103286385, 0.6384976525821596], "0.975": [0.4694835680751174, 0.38497652582159625, 0.3615023474178404, 0.5070422535211268]}}, "just_spurious": {"initial-transfer": {"0.025": [0.95, 0.92, 0.884, 0.92], "0.05": [0.9, 0.92, 0.906, 0.922], "0.1": [0.884, 0.878, 0.9, 0.908], "0.2": [0.864, 0.874, 0.848, 0.884], "0.4": [0.852, 0.736, 0.776, 0.79], "0.6": [0.714, 0.582, 0.704, 0.68], "0.8": [0.516, 0.612, 0.572, 0.594], "0.9": [0.47, 0.464, 0.424, 0.506], "0.95": [0.392, 0.434, 0.414, 0.382], "0.975": [0.402, 0.402, 0.422, 0.364]}}, "neither": {"initial-transfer": {"0.025": [0.608, 0.52, 0.514, 0.542], "0.05": [0.546, 0.612, 0.582, 0.59], "0.1": [0.62, 0.556, 0.614, 0.652], "0.2": [0.666, 0.686, 0.628, 0.69], "0.4": [0.818, 0.694, 0.736, 0.74], "0.6": [0.864, 0.774, 0.844, 0.828], "0.8": [0.876, 0.892, 0.876, 0.876], "0.9": [0.912, 0.898, 0.882, 0.908], "0.95": [0.908, 0.902, 0.922, 0.882], "0.975": [0.904, 0.926, 0.928, 0.922]}}}