{"average": {"careful-paint-tune": {"0.025": [0.6688194200347514, 0.7017169015666581, 0.674278357506805], "0.05": [0.7003133747319404, 0.6766375710011451, 0.6887795139497923], "0.1": [0.7237835021090304, 0.6989453120450169, 0.7103684943443292], "0.2": [0.7402544238717796, 0.7239915117524832, 0.7337624332413752], "0.4": [0.7620384511342315, 0.7678266022585052, 0.7598370775747092], "0.6": [0.7835567446912578, 0.7787440874082989, 0.7799798741054638], "0.8": [0.734618041387988, 0.7489808761783361, 0.7314373938163371], "0.9": [0.7355549819041537, 0.7297566914828657, 0.729010346100766], "0.95": [0.6868624521967164, 0.7172499251911904, 0.7090473199133754], "0.975": [0.7062323461794555, 0.7072418287406917, 0.7190782094367456]}, "careful-tune": {"0.025": [0.7024022851092369, 0.7030825576545631, 0.6718285887472424], "0.05": [0.7008509442807582, 0.7100445504854056, 0.6996831543356701], "0.1": [0.7040999997320807, 0.7150541510487871, 0.7085181407067549], "0.2": [0.7565636706178578, 0.7433885190201939, 0.7458194588403175], "0.4": [0.7810811898210938, 0.7822424027135176, 0.7747002272162895], "0.6": [0.7738165278970214, 0.7836924064481097, 0.7574220276375734], "0.8": [0.7748952254963262, 0.7646698162872634, 0.7824175309308818], "0.9": [0.7393990885666094, 0.7719205178616123, 0.7645212165668788], "0.95": [0.7279138844493099, 0.7271933791630301, 0.7289963860977331], "0.975": [0.7096669998326885, 0.7187700317947512, 0.6913874954821715]}, "initial-transfer": {"0.025": [0.6465952262790303, 0.6656695247134424, 0.6501120837555325], "0.05": [0.6688693948836564, 0.6643603156256688, 0.6559662423536113], "0.1": [0.6814078690542548, 0.6827106329341656, 0.6735359434840715], "0.2": [0.7219091712025069, 0.7076024244931247, 0.7105533779069164], "0.4": [0.7677123348282757, 0.7570023922274705, 0.7541884809264274], "0.6": [0.7721141916462505, 0.7736648867952878, 0.7659755854927167], "0.8": [0.7439335156357398, 0.7408708785534956, 0.7362807844786465], "0.9": [0.7073889377906428, 0.720336641662419, 0.717084672108478], "0.95": [0.6938034288299045, 0.6737328110796057, 0.6733094116591914], "0.975": [0.6735829391037695, 0.6781014635254003, 0.6673313518361191]}, "initial-tune": {"0.025": [0.6421315357108173, 0.6306313701987647, 0.6195322324640714], "0.05": [0.649006154724667, 0.6602492705360592, 0.6498763529645031], "0.1": [0.6732065183664371, 0.6849765296359791, 0.6657169926122027], "0.2": [0.7414399460286532, 0.7475729093342101, 0.7421799329621744], "0.4": [0.7807624232285139, 0.7819917295957098, 0.783815540451082], "0.6": [0.7881052936914982, 0.7821910754921505, 0.7820081854114567], "0.8": [0.7737247268233133, 0.7651845473310023, 0.7577589860471012], "0.9": [0.7083056779032948, 0.7394351344688543, 0.7227960285093045], "0.95": [0.6681584822581068, 0.6814680532001272, 0.6996836369839285], "0.975": [0.6585609535960257, 0.6745448981381873, 0.6769739129871777]}}, "both": {"careful-paint-tune": {"0.025": [0.3978201634877384, 0.5912806539509536, 0.43869209809264303], "0.05": [0.5667574931880109, 0.5231607629427792, 0.47956403269754766], "0.1": [0.6185286103542235, 0.5613079019073569, 0.5340599455040872], "0.2": [0.6021798365122616, 0.7111716621253406, 0.6212534059945504], "0.4": [0.8119891008174387, 0.7302452316076294, 0.7602179836512262], "0.6": [0.8283378746594006, 0.7629427792915532, 0.776566757493188], "0.8": [0.8828337874659401, 0.782016348773842, 0.8555858310626703], "0.9": [0.8528610354223434, 0.8528610354223434, 0.885558583106267], "0.95": [0.8119891008174387, 0.8719346049046321, 0.8637602179836512], "0.975": [0.8065395095367848, 0.8337874659400545, 0.8528610354223434]}, "careful-tune": {"0.025": [0.49318801089918257, 0.5204359673024523, 0.4659400544959128], "0.05": [0.6130790190735694, 0.5722070844686649, 0.4822888283378747], "0.1": [0.4877384196185286, 0.5504087193460491, 0.5258855585831063], "0.2": [0.6158038147138964, 0.6103542234332425, 0.7465940054495913], "0.4": [0.7329700272479565, 0.7438692098092643, 0.782016348773842], "0.6": [0.7438692098092643, 0.7956403269754768, 0.6376021798365122], "0.8": [0.7956403269754768, 0.885558583106267, 0.7956403269754768], "0.9": [0.8392370572207084, 0.8310626702997275, 0.8474114441416893], "0.95": [0.8283378746594006, 0.8555858310626703, 0.8801089918256131], "0.975": [0.8828337874659401, 0.888283378746594, 0.8501362397820164]}, "initial-transfer": {"0.025": [0.28065395095367845, 0.26975476839237056, 0.22615803814713897], "0.05": [0.4032697547683924, 0.26430517711171664, 0.3242506811989101], "0.1": [0.2970027247956403, 0.28065395095367845, 0.4114441416893733], "0.2": [0.42779291553133514, 0.4141689373297003, 0.4659400544959128], "0.4": [0.670299727520436, 0.7438692098092643, 0.5885558583106267], "0.6": [0.8119891008174387, 0.8283378746594006, 0.779291553133515], "0.8": [0.896457765667575, 0.8773841961852861, 0.8801089918256131], "0.9": [0.9182561307901907, 0.9237057220708447, 0.9264305177111717], "0.95": [0.9264305177111717, 0.8828337874659401, 0.8719346049046321], "0.975": [0.9237057220708447, 0.9264305177111717, 0.9128065395095368]}, "initial-tune": {"0.025": [0.22615803814713897, 0.16076294277929154, 0.18528610354223432], "0.05": [0.2016348773841962, 0.18528610354223432, 0.18528610354223432], "0.1": [0.3569482288828338, 0.3242506811989101, 0.24795640326975477], "0.2": [0.553133514986376, 0.5313351498637602, 0.5449591280653951], "0.4": [0.7329700272479565, 0.7465940054495913, 0.7602179836512262], "0.6": [0.8446866485013624, 0.8201634877384196, 0.8038147138964578], "0.8": [0.9128065395095368, 0.8910081743869209, 0.9155313351498637], "0.9": [0.896457765667575, 0.9155313351498637, 0.8555858310626703], "0.95": [0.9100817438692098, 0.9046321525885559, 0.9073569482288828], "0.975": [0.9209809264305178, 0.9427792915531336, 0.9291553133514986]}}, "just_main": {"careful-paint-tune": {"0.025": [0.8967136150234741, 0.8779342723004695, 0.8403755868544601], "0.05": [0.8309859154929577, 0.812206572769953, 0.8685446009389671], "0.1": [0.8732394366197183, 0.8075117370892019, 0.8403755868544601], "0.2": [0.7605633802816901, 0.9014084507042254, 0.8075117370892019], "0.4": [0.8075117370892019, 0.7934272300469484, 0.7981220657276995], "0.6": [0.8544600938967136, 0.8075117370892019, 0.7793427230046949], "0.8": [0.7136150234741784, 0.7183098591549296, 0.6807511737089202], "0.9": [0.7276995305164319, 0.7511737089201878, 0.6713615023474179], "0.95": [0.4413145539906103, 0.6619718309859155, 0.6009389671361502], "0.975": [0.5727699530516432, 0.6384976525821596, 0.6525821596244131]}, "careful-tune": {"0.025": [0.863849765258216, 0.8873239436619719, 0.9107981220657277], "0.05": [0.9577464788732394, 0.892018779342723, 0.8873239436619719], "0.1": [0.8685446009389671, 0.892018779342723, 0.8450704225352113], "0.2": [0.8497652582159625, 0.8450704225352113, 0.863849765258216], "0.4": [0.7934272300469484, 0.7793427230046949, 0.8215962441314554], "0.6": [0.7699530516431925, 0.7746478873239436, 0.704225352112676], "0.8": [0.7652582159624414, 0.7699530516431925, 0.7323943661971831], "0.9": [0.6666666666666666, 0.676056338028169, 0.6948356807511737], "0.95": [0.5305164319248826, 0.5821596244131455, 0.5586854460093896], "0.975": [0.5492957746478874, 0.568075117370892, 0.4647887323943662]}, "initial-transfer": {"0.025": [0.92018779342723, 0.9014084507042254, 0.8967136150234741], "0.05": [0.9107981220657277, 0.892018779342723, 0.9061032863849765], "0.1": [0.8497652582159625, 0.8403755868544601, 0.9530516431924883], "0.2": [0.8779342723004695, 0.8309859154929577, 0.8497652582159625], "0.4": [0.8309859154929577, 0.9061032863849765, 0.7652582159624414], "0.6": [0.7934272300469484, 0.8497652582159625, 0.784037558685446], "0.8": [0.6807511737089202, 0.6619718309859155, 0.6384976525821596], "0.9": [0.5915492957746479, 0.6431924882629108, 0.6525821596244131], "0.95": [0.5633802816901409, 0.38497652582159625, 0.38028169014084506], "0.975": [0.4788732394366197, 0.5164319248826291, 0.4413145539906103]}, "initial-tune": {"0.025": [0.92018779342723, 0.9061032863849765, 0.92018779342723],