{"average": {"cdep-transfer": {"0.025": [0.6242247380742219, 0.6140080976321142, 0.5977887963567052, 0.6130496859449157], "0.05": [0.6489706604751123, 0.6346879661255453, 0.6289774852566808, 0.6362104360952271], "0.1": [0.6491402566169039, 0.6541961469087001, 0.6608780110271073, 0.6615523979480882], "0.2": [0.7165551355361963, 0.6892356308605493, 0.701126658223638, 0.6941055442555424], "0.4": [0.751442728121682, 0.7512982627828734, 0.7603493750879482, 0.7693487098796228], "0.6": [0.7758800386332527, 0.7788452495170843, 0.7883227795474025, 0.7758371071113328], "0.8": [0.7538022348441238, 0.7627907280193422, 0.7701667626101751, 0.7630802471504778], "0.9": [0.7520876156119277, 0.7367831165010043, 0.7475992439651533, 0.7313007828990291], "0.95": [0.7157068989778818, 0.7211571554668611, 0.7193390195852682, 0.7174608550485474], "0.975": [0.6964029563393075, 0.7166666538741989, 0.7065977920200586, 0.7036591638843049]}, "initial-transfer": {"0.025": [0.6339794936741248, 0.6541681825741004, 0.6533848102237403, 0.6459440521420987], "0.05": [0.660487648872344, 0.6572696780135856, 0.6632546980337977, 0.6537621880236917], "0.1": [0.6733139399521563, 0.6734447301428919, 0.6715598751455143, 0.6806613577925318], "0.2": [0.706315321538678, 0.7026797149838175, 0.7077730552250835, 0.7149467897302069], "0.4": [0.7538724718885521, 0.7509228934003659, 0.7606170766652596, 0.7629733277046475], "0.6": [0.7679549129472567, 0.7663703931125354, 0.7630196364380653, 0.7667614076831561], "0.8": [0.7220882552353174, 0.7305120377121951, 0.7444200406800476, 0.735229343362628], "0.9": [0.7142014046129639, 0.7221128807358227, 0.720201404612964, 0.6948736487955891], "0.95": [0.6829996354146678, 0.6930889588210462, 0.6831127592073787, 0.682701961085313], "0.975": [0.6783388980568241, 0.6570969924908214, 0.6903886415678449, 0.6748136329329291]}, "initial-tune": {"0.025": [0.63511092348825, 0.6425653311330289, 0.6322090800936409, 0.6418317022936895], "0.05": [0.6593139271596884, 0.6656102582799248, 0.652927063744867, 0.6487615100228985], "0.1": [0.6829808496757109, 0.6679515421319927, 0.6877260940758081, 0.6754863312481612], "0.2": [0.732838469509153, 0.715976724104847, 0.7076136482838904, 0.7183166647477965], "0.4": [0.7694229061928337, 0.7693064307735605, 0.762678314208594, 0.7781558698238477], "0.6": [0.7877689104655179, 0.7918840426756726, 0.7864481009581559, 0.7925782131480984], "0.8": [0.7488335252203502, 0.760542675672564, 0.7633233616046873, 0.7500065689322127], "0.9": [0.7335446968824756, 0.7181917974696499, 0.7369636502027607, 0.722881151577951], "0.95": [0.7207279042100011, 0.6650642501695001, 0.7044833250182293, 0.7003388980568241], "0.975": [0.695020774967699, 0.6716119852630771, 0.6868838379961878, 0.684184863952105]}, "minimal-tune": {"0.025": [0.709809891136099, 0.6741000243056888, 0.7000973634723875, 0.6877792275907946], "0.05": [0.7245769402975528, 0.6820516495887222, 0.7128718898312674, 0.7185482979621599], "0.1": [0.7258922298550613, 0.7082437988512363, 0.7312097261132646, 0.730680431362014], "0.2": [0.7455584999552264, 0.7441007662688209, 0.7329862864745238, 0.7584638292973097], "0.4": [0.7782580560565939, 0.7708077867751468, 0.7499561921940361, 0.7712723452431209], "0.6": [0.7892737012447071, 0.7984487533740133, 0.7647811656496655, 0.7780394199895102], "0.8": [0.7647784088728556, 0.7704807345435007, 0.7514105294802421, 0.7793649371250208], "0.9": [0.7459554822120735, 0.7576925586214837, 0.7617429801332974, 0.7531850814240575], "0.95": [0.7223396847935936, 0.7339656458277366, 0.7242422061889959, 0.7347177150094025], "0.975": [0.7294431886505226, 0.7117074298652952, 0.7093368768469125, 0.7026277391871666]}}, "both": {"cdep-transfer": {"0.025": [0.25340599455040874, 0.22070844686648503, 0.28610354223433243, 0.2452316076294278], "0.05": [0.26430517711171664, 0.2724795640326976, 0.29155313351498635, 0.28065395095367845], "0.1": [0.3678474114441417, 0.3651226158038147, 0.34332425068119893, 0.3760217983651226], "0.2": [0.6212534059945504, 0.4768392370572207, 0.5422343324250681, 0.5994550408719346], "0.4": [0.8228882833787466, 0.6294277929155313, 0.7547683923705722, 0.779291553133515], "0.6": [0.9128065395095368, 0.8010899182561307, 0.7929155313351499, 0.8801089918256131], "0.8": [0.896457765667575, 0.9264305177111717, 0.9291553133514986, 0.9455040871934605], "0.9": [0.9046321525885559, 0.8801089918256131, 0.9182561307901907, 0.9019073569482289], "0.95": [0.9591280653950953, 0.9564032697547684, 0.9346049046321526, 0.9046321525885559], "0.975": [0.9237057220708447, 0.9427792915531336, 0.9237057220708447, 0.9400544959128065]}, "initial-transfer": {"0.025": [0.27520435967302453, 0.28065395095367845, 0.2561307901907357, 0.2452316076294278], "0.05": [0.25340599455040874, 0.26975476839237056, 0.26430517711171664, 0.2670299727520436], "0.1": [0.25340599455040874, 0.2779291553133515, 0.3215258855585831, 0.25340599455040874], "0.2": [0.4332425068119891, 0.3651226158038147, 0.3760217983651226, 0.4904632152588556], "0.4": [0.5667574931880109, 0.6021798365122616, 0.6839237057220708, 0.6948228882833788], "0.6": [0.8256130790190735, 0.7683923705722071, 0.8337874659400545, 0.776566757493188], "0.8": [0.7656675749318801, 0.8446866485013624, 0.8419618528610354, 0.8528610354223434], "0.9": [0.8828337874659401, 0.9155313351498637, 0.8828337874659401, 0.8310626702997275], "0.95": [0.8692098092643051, 0.9128065395095368, 0.8719346049046321, 0.8719346049046321], "0.975": [0.8910081743869209, 0.8474114441416893, 0.8937329700272479, 0.8801089918256131]}, "initial-tune": {"0.025": [0.16076294277929154, 0.22615803814713897, 0.21525885558583105, 0.20435967302452315], "0.05": [0.19618528610354224, 0.18528610354223432, 0.2561307901907357, 0.23433242506811988], "0.1": [0.3405994550408719, 0.24795640326975477, 0.3188010899182561, 0.35967302452316074], "0.2": [0.47411444141689374, 0.3869209809264305, 0.34877384196185285, 0.44141689373297005], "0.4": [0.659400544959128, 0.6648501362397821, 0.5994550408719346, 0.7057220708446866], "0.6": [0.8365122615803815, 0.8228882833787466, 0.8555858310626703, 0.8474114441416893], "0.8": [0.8583106267029973, 0.888283378746594, 0.896457765667575, 0.8828337874659401], "0.9": [0.9291553133514986, 0.9100817438692098, 0.9073569482288828, 0.8910081743869209], "0.95": [0.9155313351498637, 0.8910081743869209, 0.9128065395095368, 0.8910081743869209], "0.975": [0.9264305177111717, 0.9100817438692098, 0.9073569482288828, 0.896457765667575]}, "minimal-tune": {"0.025": [0.6430517711171662, 0.4087193460490463, 0.5068119891008175, 0.48501362397820164], "0.05": [0.6539509536784741, 0.5286103542234333, 0.46321525885558584, 0.5367847411444142], "0.1": [0.444141689373297, 0.5122615803814714, 0.6049046321525886, 0.5694822888283378], "0.2": [0.670299727520436, 0.7275204359673024, 0.659400544959128, 0.7084468664850136], "0.4": [0.784741144414169, 0.7302452316076294, 0.547683923705722, 0.7002724795640327], "0.6": [0.7656675749318801, 0.773841961852861, 0.6539509536784741, 0.8256130790190735], "0.8": [0.8228882833787466, 0.8256130790190735, 0.7983651226158038, 0.8637602179836512], "0.9": [0.8719346049046321, 0.8147138964577657, 0.8501362397820164, 0.8692098092643051], "0.95": [0.9100817438692098, 0.8337874659400545, 0.888283378746594, 0.8392370572207084], "0.975": [0.8828337874659401, 0.8337874659400545, 0.8501362397820164, 0.8773841961852861]}}, "just_main": {"cdep-transfer": {"0.025": [0.9154929577464789, 0.8873239436619719, 0.9530516431924883, 0.9389671361502347], "0.05": [0.9295774647887324, 0.9342723004694836, 0.9483568075117371, 0.92018779342723], "0.1": [0.8967136150234741, 0.9436619718309859, 0.92018779342723, 0.92018779342723], "0.2": [0.9389671361502347, 0.9061032863849765, 0.9342723004694836, 0.9389671361502347], "0.4": [0.9248826291079812, 0.8497652582159625, 0.8826291079812206, 0.9061032863849765], "0.6": [0.8967136150234741, 0.8262910798122066, 0.8403755868544601, 0.8732394366197183], "0.8": [0.6807511737089202, 0.7887323943661971, 0.8075117370892019, 0.8028169014084507],