{"both and spurious-box": {"careful-paint-tune": {"0.025": [0.4250681198910082, 0.26975476839237056, 0.33242506811989103], "0.05": [0.23978201634877383, 0.3133514986376022, 0.36239782016348776], "0.1": [0.19618528610354224, 0.25885558583106266, 0.25885558583106266], "0.2": [0.2125340599455041, 0.18256130790190736, 0.1771117166212534], "0.4": [0.12806539509536785, 0.16621253405994552, 0.1553133514986376], "0.6": [0.16893732970027248, 0.17983651226158037, 0.17438692098092642], "0.8": [0.1335149863760218, 0.19618528610354224, 0.24250681198910082], "0.9": [0.19618528610354224, 0.16893732970027248, 0.23978201634877383], "0.95": [0.329700272479564, 0.2561307901907357, 0.24795640326975477], "0.975": [0.24250681198910082, 0.21525885558583105, 0.19618528610354224]}, "careful-tune": {"0.025": [0.44141689373297005, 0.44686648501362397, 0.40054495912806537], "0.05": [0.5422343324250681, 0.49318801089918257, 0.42779291553133514], "0.1": [0.43869209809264303, 0.47411444141689374, 0.45776566757493187], "0.2": [0.5449591280653951, 0.547683923705722, 0.6648501362397821], "0.4": [0.55858310626703, 0.6021798365122616, 0.5940054495912807], "0.6": [0.1907356948228883, 0.22343324250681199, 0.18256130790190736], "0.8": [0.17438692098092642, 0.15258855585831063, 0.16893732970027248], "0.9": [0.16076294277929154, 0.1553133514986376, 0.1362397820163488], "0.95": [0.1444141689373297, 0.17166212534059946, 0.10354223433242507], "0.975": [0.1008174386920981, 0.11444141689373297, 0.13896457765667575]}, "full-paint-tune": {"0.025": [0.3079019073569482, 0.32697547683923706, 0.3978201634877384], "0.05": [0.35967302452316074, 0.32697547683923706, 0.3814713896457766], "0.1": [0.3024523160762943, 0.24250681198910082, 0.3133514986376022], "0.2": [0.25885558583106266, 0.20708446866485014, 0.32697547683923706], "0.4": [0.20708446866485014, 0.19618528610354224, 0.22070844686648503], "0.6": [0.15803814713896458, 0.16076294277929154, 0.17438692098092642], "0.8": [0.16076294277929154, 0.17438692098092642, 0.17438692098092642], "0.9": [0.22070844686648503, 0.15258855585831063, 0.18256130790190736], "0.95": [0.21798365122615804, 0.1989100817438692, 0.22888283378746593], "0.975": [0.2016348773841962, 0.21798365122615804, 0.18528610354223432]}, "full-tune": {"0.025": [0.444141689373297, 0.3896457765667575, 0.36239782016348776], "0.05": [0.4114441416893733, 0.34332425068119893, 0.3460490463215259], "0.1": [0.4223433242506812, 0.32697547683923706, 0.35149863760217986], "0.2": [0.3869209809264305, 0.36239782016348776, 0.4305177111716621], "0.4": [0.31607629427792916, 0.20435967302452315, 0.2670299727520436], "0.6": [0.22615803814713897, 0.32697547683923706, 0.24795640326975477], "0.8": [0.16348773841961853, 0.19346049046321526, 0.18256130790190736], "0.9": [0.1444141689373297, 0.16621253405994552, 0.1307901907356948], "0.95": [0.21525885558583105, 0.14713896457765668, 0.1362397820163488], "0.975": [0.16076294277929154, 0.10899182561307902, 0.14986376021798364]}, "initial-transfer": {"0.025": [0.3760217983651226, 0.39509536784741145, 0.41689373297002724], "0.05": [0.3079019073569482, 0.38419618528610355, 0.37057220708446864], "0.1": [0.3405994550408719, 0.2888283378746594, 0.3678474114441417], "0.2": [0.17983651226158037, 0.16621253405994552, 0.18528610354223432], "0.4": [0.17438692098092642, 0.16621253405994552, 0.17166212534059946], "0.6": [0.21525885558583105, 0.19346049046321526, 0.20708446866485014], "0.8": [0.2970027247956403, 0.29427792915531337, 0.2997275204359673], "0.9": [0.3215258855585831, 0.3024523160762943, 0.29155313351498635], "0.95": [0.3242506811989101, 0.40054495912806537, 0.38419618528610355], "0.975": [0.335149863760218, 0.30517711171662126, 0.39509536784741145]}, "initial-tune": {"0.025": [0.5149863760217984, 0.5694822888283378, 0.6512261580381471], "0.05": [0.5068119891008175, 0.42779291553133514, 0.5122615803814714], "0.1": [0.4032697547683924, 0.4250681198910082, 0.5068119891008175], "0.2": [0.22070844686648503, 0.22615803814713897, 0.2506811989100817], "0.4": [0.16348773841961853, 0.16348773841961853, 0.1553133514986376], "0.6": [0.18256130790190736, 0.23978201634877383, 0.23433242506811988], "0.8": [0.23705722070844687, 0.31607629427792916, 0.22888283378746593], "0.9": [0.38419618528610355, 0.37329700272479566, 0.3923705722070845], "0.95": [0.444141689373297, 0.4087193460490463, 0.4822888283378747], "0.975": [0.4659400544959128, 0.4305177111716621, 0.4604904632152589]}}, "both and spurious-pixel-paint": {"careful-paint-tune": {"0.025": [0.35967302452316074, 0.5449591280653951, 0.4250681198910082], "0.05": [0.5313351498637602, 0.49318801089918257, 0.43869209809264303], "0.1": [0.5613079019073569, 0.5204359673024523, 0.5040871934604905], "0.2": [0.555858310626703, 0.6158038147138964, 0.5885558583106267], "0.4": [0.44959128065395093, 0.4550408719346049, 0.55858310626703], "0.6": [0.10626702997275204, 0.21798365122615804, 0.10899182561307902], "0.8": [0.17166212534059946, 0.28337874659400547, 0.2506811989100817], "0.9": [0.22888283378746593, 0.18528610354223432, 0.2098092643051771], "0.95": [0.2125340599455041, 0.23705722070844687, 0.25340599455040874], "0.975": [0.29427792915531337, 0.2452316076294278, 0.22343324250681199]}, "careful-tune": {"0.025": [0.3542234332425068, 0.3133514986376022, 0.34332425068119893], "0.05": [0.25340599455040874, 0.2452316076294278, 0.3106267029972752], "0.1": [0.329700272479564, 0.2970027247956403, 0.2997275204359673], "0.2": [0.2098092643051771, 0.2125340599455041, 0.14986376021798364], "0.4": [0.15803814713896458, 0.17983651226158037, 0.17983651226158037], "0.6": [0.15803814713896458, 0.2016348773841962, 0.1226158038147139], "0.8": [0.1880108991825613, 0.15803814713896458, 0.20435967302452315], "0.9": [0.18256130790190736, 0.19346049046321526, 0.1989100817438692], "0.95": [0.2615803814713896, 0.24250681198910082, 0.22615803814713897], "0.975": [0.23978201634877383, 0.17983651226158037, 0.2561307901907357]}, "full-paint-tune": {"0.025": [0.4822888283378747, 0.4768392370572207, 0.4114441416893733], "0.05": [0.44959128065395093, 0.4713896457765668, 0.46321525885558584], "0.1": [0.4305177111716621, 0.4250681198910082, 0.4223433242506812], "0.2": [0.4223433242506812, 0.4822888283378747, 0.4359673024523161], "0.4": [0.34877384196185285, 0.3079019073569482, 0.3242506811989101], "0.6": [0.28610354223433243, 0.29155313351498635, 0.3024523160762943], "0.8": [0.2615803814713896, 0.23978201634877383, 0.26975476839237056], "0.9": [0.22070844686648503, 0.2670299727520436, 0.23705722070844687], "0.95": [0.21798365122615804, 0.24250681198910082, 0.20708446866485014], "0.975": [0.23160762942779292, 0.22615803814713897, 0.23160762942779292]}, "full-tune": {"0.025": [0.2561307901907357, 0.335149863760218, 0.3760217983651226], "0.05": [0.33242506811989103, 0.329700272479564, 0.4087193460490463], "0.1": [0.2724795640326976, 0.2970027247956403, 0.17438692098092642], "0.2": [0.18256130790190736, 0.2615803814713896, 0.2779291553133515], "0.4": [0.15803814713896458, 0.15258855585831063, 0.17438692098092642], "0.6": [0.16893732970027248, 0.2452316076294278, 0.15803814713896458], "0.8": [0.1553133514986376, 0.15803814713896458, 0.19346049046321526], "0.9": [0.19346049046321526, 0.1880108991825613, 0.18528610354223432], "0.95": [0.29427792915531337, 0.2098092643051771, 0.19346049046321526], "0.975": [0.22888283378746593, 0.25885558583106266, 0.21525885558583105]}, "initial-transfer": {"0.025": [0.33787465940054495, 0.3188010899182561, 0.32697547683923706], "0.05": [0.22888283378746593, 0.2997275204359673, 0.3106267029972752], "0.1": [0.2452316076294278, 0.24250681198910082, 0.27520435967302453], "0.2": [0.1880108991825613, 0.16348773841961853, 0.15258855585831063], "0.4": [0.11171662125340599, 0.11171662125340599, 0.16621253405994552], "0.6": [0.1444141689373297, 0.1226158038147139, 0.15258855585831063], "0.8": [0.23705722070844687, 0.19618528610354224, 0.20708446866485014], "0.9": [0.20435967302452315, 0.17438692098092642, 0.1771117166212534],