{"both and both-inverse": {"careful-paint-tune": {"0.025": [0.329700272479564, 0.3923705722070845, 0.32697547683923706], "0.05": [0.34332425068119893, 0.3923705722070845, 0.3651226158038147], "0.1": [0.33242506811989103, 0.3896457765667575, 0.38419618528610355], "0.2": [0.38419618528610355, 0.38419618528610355, 0.3787465940054496], "0.4": [0.29155313351498635, 0.3760217983651226, 0.4114441416893733], "0.6": [0.6866485013623979, 0.5313351498637602, 0.6539509536784741], "0.8": [0.22070844686648503, 0.3188010899182561, 0.28337874659400547], "0.9": [0.3242506811989101, 0.23433242506811988, 0.27520435967302453], "0.95": [0.23433242506811988, 0.28065395095367845, 0.28065395095367845], "0.975": [0.29427792915531337, 0.23160762942779292, 0.2561307901907357]}, "careful-tune": {"0.025": [0.49318801089918257, 0.5149863760217984, 0.44959128065395093], "0.05": [0.6130790190735694, 0.5694822888283378, 0.4822888283378747], "0.1": [0.4877384196185286, 0.5422343324250681, 0.5258855585831063], "0.2": [0.6158038147138964, 0.6103542234332425, 0.7465940054495913], "0.4": [0.7247956403269755, 0.7438692098092643, 0.779291553133515], "0.6": [0.547683923705722, 0.5667574931880109, 0.4768392370572207], "0.8": [0.6321525885558583, 0.6076294277929155, 0.547683923705722], "0.9": [0.6239782016348774, 0.5749318801089919, 0.5858310626702997], "0.95": [0.6376021798365122, 0.6130790190735694, 0.6811989100817438], "0.975": [0.6757493188010899, 0.6321525885558583, 0.49318801089918257]}, "initial-transfer": {"0.025": [0.2561307901907357, 0.2506811989100817, 0.20708446866485014], "0.05": [0.37057220708446864, 0.2452316076294278, 0.29427792915531337], "0.1": [0.28337874659400547, 0.26430517711171664, 0.3869209809264305], "0.2": [0.4223433242506812, 0.3978201634877384, 0.44959128065395093], "0.4": [0.555858310626703, 0.4822888283378747, 0.5449591280653951], "0.6": [0.44959128065395093, 0.38419618528610355, 0.4904632152588556], "0.8": [0.23433242506811988, 0.2670299727520436, 0.2561307901907357], "0.9": [0.17983651226158037, 0.2098092643051771, 0.2016348773841962], "0.95": [0.16893732970027248, 0.1989100817438692, 0.2125340599455041], "0.975": [0.16621253405994552, 0.16621253405994552, 0.19618528610354224]}, "initial-tune": {"0.025": [0.20435967302452315, 0.13896457765667575, 0.1444141689373297], "0.05": [0.19346049046321526, 0.17983651226158037, 0.16076294277929154], "0.1": [0.3188010899182561, 0.31607629427792916, 0.2452316076294278], "0.2": [0.5013623978201635, 0.49318801089918257, 0.5204359673024523], "0.4": [0.5367847411444142, 0.45231607629427795, 0.547683923705722], "0.6": [0.5068119891008175, 0.47411444141689374, 0.6021798365122616], "0.8": [0.28337874659400547, 0.37329700272479566, 0.24250681198910082], "0.9": [0.30517711171662126, 0.3460490463215259, 0.3760217983651226], "0.95": [0.16621253405994552, 0.23160762942779292, 0.23160762942779292], "0.975": [0.11171662125340599, 0.1907356948228883, 0.17438692098092642]}}, "both and main-inverse": {"careful-paint-tune": {"0.025": [0.39509536784741145, 0.3978201634877384, 0.3787465940054496], "0.05": [0.40599455040871935, 0.4114441416893733, 0.4114441416893733], "0.1": [0.40599455040871935, 0.45776566757493187, 0.4087193460490463], "0.2": [0.4659400544959128, 0.5095367847411444, 0.4904632152588556], "0.4": [0.5967302452316077, 0.5422343324250681, 0.6294277929155313], "0.6": [0.8065395095367848, 0.6784741144414169, 0.7547683923705722], "0.8": [0.6485013623978202, 0.6811989100817438, 0.779291553133515], "0.9": [0.7438692098092643, 0.6512261580381471, 0.776566757493188], "0.95": [0.7329700272479565, 0.7656675749318801, 0.7247956403269755], "0.975": [0.7302452316076294, 0.6376021798365122, 0.7411444141689373]}, "careful-tune": {"0.025": [0.5013623978201635, 0.5122615803814714, 0.45776566757493187], "0.05": [0.6130790190735694, 0.5694822888283378, 0.4768392370572207], "0.1": [0.4877384196185286, 0.5258855585831063, 0.5231607629427792], "0.2": [0.6158038147138964, 0.5885558583106267, 0.7438692098092643], "0.4": [0.7275204359673024, 0.7438692098092643, 0.782016348773842], "0.6": [0.2561307901907357, 0.2615803814713896, 0.5013623978201635], "0.8": [0.20708446866485014, 0.11716621253405994, 0.20708446866485014], "0.9": [0.16348773841961853, 0.16621253405994552, 0.14986376021798364], "0.95": [0.17438692098092642, 0.14168937329700274, 0.11716621253405994], "0.975": [0.11716621253405994, 0.10899182561307902, 0.14986376021798364]}, "initial-transfer": {"0.025": [0.48501362397820164, 0.46866485013623976, 0.4305177111716621], "0.05": [0.46321525885558584, 0.37057220708446864, 0.4822888283378747], "0.1": [0.33787465940054495, 0.3106267029972752, 0.4768392370572207], "0.2": [0.38419618528610355, 0.3923705722070845, 0.46866485013623976], "0.4": [0.6239782016348774, 0.670299727520436, 0.5722070844686649], "0.6": [0.776566757493188, 0.7656675749318801, 0.7493188010899182], "0.8": [0.8419618528610354, 0.8501362397820164, 0.8337874659400545], "0.9": [0.8773841961852861, 0.8773841961852861, 0.8773841961852861], "0.95": [0.885558583106267, 0.8719346049046321, 0.8583106267029973], "0.975": [0.885558583106267, 0.8583106267029973, 0.888283378746594]}, "initial-tune": {"0.025": [0.40054495912806537, 0.34877384196185285, 0.46866485013623976], "0.05": [0.3133514986376022, 0.20435967302452315, 0.29155313351498635], "0.1": [0.3787465940054496, 0.3242506811989101, 0.2970027247956403], "0.2": [0.48501362397820164, 0.4659400544959128, 0.5177111716621253], "0.4": [0.667574931880109, 0.6757493188010899, 0.6866485013623979], "0.6": [0.8147138964577657, 0.784741144414169, 0.779291553133515], "0.8": [0.8065395095367848, 0.8692098092643051, 0.8256130790190735], "0.9": [0.885558583106267, 0.9100817438692098, 0.8501362397820164], "0.95": [0.896457765667575, 0.896457765667575, 0.8991825613079019], "0.975": [0.8746594005449592, 0.9346049046321526, 0.9100817438692098]}}, "both and spurious-inverse": {"careful-paint-tune": {"0.025": [0.37057220708446864, 0.5613079019073569, 0.41689373297002724], "0.05": [0.4659400544959128, 0.4713896457765668, 0.47411444141689374], "0.1": [0.5422343324250681, 0.5122615803814714, 0.47411444141689374], "0.2": [0.5286103542234333, 0.5831062670299727, 0.5367847411444142], "0.4": [0.47956403269754766, 0.5912806539509536, 0.6185286103542235], "0.6": [0.773841961852861, 0.6839237057220708, 0.7329700272479565], "0.8": [0.329700272479564, 0.47411444141689374, 0.41689373297002724], "0.9": [0.4659400544959128, 0.3923705722070845, 0.4250681198910082], "0.95": [0.33787465940054495, 0.3405994550408719, 0.36239782016348776], "0.975": [0.40599455040871935, 0.3079019073569482, 0.37057220708446864]}, "careful-tune": {"0.025": [0.49318801089918257, 0.5204359673024523, 0.4604904632152589], "0.05": [0.6130790190735694, 0.5694822888283378, 0.4822888283378747], "0.1": [0.4877384196185286, 0.547683923705722, 0.5258855585831063], "0.2": [0.6158038147138964, 0.6103542234332425, 0.7465940054495913], "0.4": [0.7302452316076294, 0.7438692098092643, 0.779291553133515], "0.6": [0.5640326975476839, 0.6049046321525886, 0.5722070844686649], "0.8": [0.6321525885558583, 0.5613079019073569, 0.5504087193460491], "0.9": [0.6212534059945504, 0.5994550408719346, 0.5803814713896458], "0.95": [0.6158038147138964, 0.5967302452316077, 0.6811989100817438], "0.975": [0.6730245231607629, 0.6130790190735694, 0.5122615803814714]}, "initial-transfer": {"0.025": [0.25885558583106266, 0.24795640326975477, 0.20435967302452315], "0.05": [0.3787465940054496, 0.24250681198910082, 0.29427792915531337], "0.1": [0.29427792915531337, 0.27520435967302453, 0.3787465940054496], "0.2": [0.42779291553133514, 0.41689373297002724, 0.46866485013623976], "0.4": [0.6185286103542235, 0.5749318801089919, 0.5640326975476839], "0.6": [0.5694822888283378, 0.47411444141689374, 0.5803814713896458], "0.8": [0.26975476839237056, 0.3242506811989101, 0.29155313351498635], "0.9": [0.22615803814713897, 0.2615803814713896, 0.2506811989100817], "0.95": [0.2125340599455041, 0.22888283378746593, 0.23705722070844687],