{"just_main and just_main+just_spurious": {"careful-paint-tune": {"0.025": [0.051643192488262914, 0.046948356807511735, 0.07511737089201878], "0.05": [0.056338028169014086, 0.09859154929577464, 0.08450704225352113], "0.1": [0.09859154929577464, 0.11267605633802817, 0.051643192488262914], "0.2": [0.09859154929577464, 0.03755868544600939, 0.08450704225352113], "0.4": [0.07042253521126761, 0.08450704225352113, 0.09389671361502347], "0.6": [0.056338028169014086, 0.07511737089201878, 0.07042253521126761], "0.8": [0.12206572769953052, 0.09859154929577464, 0.15492957746478872], "0.9": [0.09859154929577464, 0.11267605633802817, 0.11737089201877934], "0.95": [0.2300469483568075, 0.15023474178403756, 0.1643192488262911], "0.975": [0.18779342723004694, 0.11267605633802817, 0.13615023474178403]}, "careful-tune": {"0.025": [0.056338028169014086, 0.08450704225352113, 0.07042253521126761], "0.05": [0.04225352112676056, 0.06103286384976526, 0.07511737089201878], "0.1": [0.09859154929577464, 0.07042253521126761, 0.11737089201877934], "0.2": [0.07511737089201878, 0.07511737089201878, 0.0892018779342723], "0.4": [0.10328638497652583, 0.10328638497652583, 0.11267605633802817], "0.6": [0.06572769953051644, 0.09859154929577464, 0.09859154929577464], "0.8": [0.107981220657277, 0.11737089201877934, 0.08450704225352113], "0.9": [0.1643192488262911, 0.1643192488262911, 0.11267605633802817], "0.95": [0.16901408450704225, 0.16901408450704225, 0.17370892018779344], "0.975": [0.19718309859154928, 0.1643192488262911, 0.22535211267605634]}, "initial-transfer": {"0.025": [0.14084507042253522, 0.14553990610328638, 0.15492957746478872], "0.05": [0.11267605633802817, 0.14084507042253522, 0.11737089201877934], "0.1": [0.10328638497652583, 0.13615023474178403, 0.12206572769953052], "0.2": [0.107981220657277, 0.11267605633802817, 0.07042253521126761], "0.4": [0.06572769953051644, 0.03286384976525822, 0.10328638497652583], "0.6": [0.07981220657276995, 0.06572769953051644, 0.07511737089201878], "0.8": [0.15492957746478872, 0.1643192488262911, 0.19248826291079812], "0.9": [0.2347417840375587, 0.20187793427230047, 0.19248826291079812], "0.95": [0.24413145539906103, 0.30985915492957744, 0.27699530516431925], "0.975": [0.3004694835680751, 0.27230046948356806, 0.3192488262910798]}, "initial-tune": {"0.025": [0.20187793427230047, 0.29107981220657275, 0.24882629107981222], "0.05": [0.2347417840375587, 0.2112676056338028, 0.19718309859154928], "0.1": [0.10328638497652583, 0.1643192488262911, 0.1596244131455399], "0.2": [0.0892018779342723, 0.09859154929577464, 0.107981220657277], "0.4": [0.07511737089201878, 0.07511737089201878, 0.046948356807511735], "0.6": [0.06103286384976526, 0.09859154929577464, 0.07042253521126761], "0.8": [0.13145539906103287, 0.107981220657277, 0.10328638497652583], "0.9": [0.23943661971830985, 0.1596244131455399, 0.2300469483568075], "0.95": [0.3286384976525822, 0.3051643192488263, 0.29577464788732394], "0.975": [0.3286384976525822, 0.29577464788732394, 0.24882629107981222]}}, "just_spurious and just_spurious+just_main": {"careful-paint-tune": {"0.025": [0.3869303525365434, 0.33877901977644026, 0.3069647463456578], "0.05": [0.35339638865004297, 0.33319002579535684, 0.35597592433361996], "0.1": [0.34006878761822873, 0.3546861564918315, 0.3138435081685297], "0.2": [0.29664660361135, 0.25064488392089423, 0.236457437661221], "0.4": [0.21109200343938092, 0.2119518486672399, 0.17970765262252794], "0.6": [0.13112639724849526, 0.11994840928632847, 0.1289767841788478], "0.8": [0.15649183147033535, 0.16294067067927773, 0.16638005159071367], "0.9": [0.15133276010318142, 0.17196904557179707, 0.14875322441960448], "0.95": [0.14402407566638006, 0.13671539122957868, 0.14359415305245055], "0.975": [0.1470335339638865, 0.14488392089423904, 0.1414445399828031]}, "careful-tune": {"0.025": [0.4239036973344798, 0.4303525365434222, 0.42261392949269133], "0.05": [0.41444539982803097, 0.3134135855546002, 0.3710232158211522], "0.1": [0.3993981083404987, 0.4282029234737747, 0.3998280309544282], "0.2": [0.29879621668099743, 0.37360275150472916, 0.352536543422184], "0.4": [0.18658641444539983, 0.16895958727429064, 0.20249355116079107], "0.6": [0.11650902837489252, 0.15262252794496992, 0.10361134995700774], "0.8": [0.16680997420464316, 0.176268271711092, 0.16766981943250214], "0.9": [0.1650902837489252, 0.17411865864144455, 0.13714531384350817], "0.95": [0.1362854686156492, 0.16852966466036112, 0.15133276010318142], "0.975": [0.13671539122957868, 0.1294067067927773, 0.12682717110920033]}, "initial-transfer": {"0.025": [0.06878761822871883, 0.06018916595012898, 0.061908856405846945], "0.05": [0.06921754084264832, 0.058039552880481515, 0.07136715391229578], "0.1": [0.0528804815133276, 0.04514187446259673, 0.08985382631126397], "0.2": [0.06749785038693035, 0.052020636285468616, 0.061478933791917455], "0.4": [0.09114359415305245, 0.13241616509028376, 0.08426483233018056], "0.6": [0.11951848667239896, 0.12510748065348237, 0.11478933791917455], "0.8": [0.11349957007738606, 0.11650902837489252, 0.11650902837489252], "0.9": [0.09845227858985382, 0.10318142734307825, 0.1001719690455718], "0.95": [0.08684436801375753, 0.10318142734307825, 0.09329320722269992], "0.975": [0.08168529664660361, 0.09673258813413585, 0.08426483233018056]}, "initial-tune": {"0.025": [0.06018916595012898, 0.05460017196904557, 0.08512467755803955], "0.05": [0.07136715391229578, 0.03869303525365434, 0.0588993981083405], "0.1": [0.10189165950128977, 0.08469475494411006, 0.058039552880481515], "0.2": [0.11951848667239896, 0.1182287188306105, 0.09587274290627687], "0.4": [0.14015477214101463, 0.14273430782459157, 0.12166809974204643], "0.6": [0.13069647463456577, 0.11478933791917455, 0.12424763542562339], "0.8": [0.14789337919174547, 0.12080825451418745, 0.13800515907136715], "0.9": [0.11650902837489252, 0.1113499570077386, 0.11908856405846947], "0.95": [0.09802235597592433, 0.11478933791917455, 0.10920034393809114], "0.975": [0.10791057609630267, 0.0997420464316423, 0.0997420464316423]}}, "neither and neither+just_main": {"careful-paint-tune": {"0.025": [0.31709646609360076, 0.28319006685768866, 0.2722063037249284], "0.05": [0.3099331423113658, 0.27889207258834764, 0.3022922636103152], "0.1": [0.2979942693409742, 0.3118433619866285, 0.2822349570200573], "0.2": [0.278414517669532, 0.23256924546322827, 0.24832855778414517], "0.4": [0.20009551098376313, 0.19484240687679083, 0.16571155682903535], "0.6": [0.12129894937917861, 0.0988538681948424, 0.09837631327602674], "0.8": [0.14231136580706782, 0.12750716332378223, 0.14231136580706782], "0.9": [0.13371537726838587, 0.15520534861509075, 0.11843361986628462], "0.95": [0.08022922636103152, 0.12320916905444126, 0.11127029608404966], "0.975": [0.09694364851957975, 0.12750716332378223, 0.10219675262655205]}, "careful-tune": {"0.025": [0.3600764087870105, 0.3744030563514804, 0.35291308500477553], "0.05": [0.3247373447946514, 0.2808022922636103, 0.31709646609360076], "0.1": [0.330945558739255, 0.3758357211079274, 0.3638968481375358], "0.2": [0.27602674307545366, 0.34622731614135627, 0.30706781279847184], "0.4": [0.14995224450811842, 0.14278892072588348, 0.18815663801337154], "0.6": [0.09980897803247374, 0.11127029608404966, 0.09121298949379178], "0.8": [0.11986628462273162, 0.13753581661891118, 0.12082139446036294], "0.9": [0.12034383954154727, 0.11318051575931232, 0.10458452722063037], "0.95": [0.06972301814708691, 0.09980897803247374, 0.1041069723018147], "0.975": [0.08787010506208214, 0.09216809933142311, 0.06972301814708691]}, "initial-transfer": {"0.025": [0.09407831900668577, 0.08930276981852914, 0.09503342884431709], "0.05": [0.08787010506208214, 0.09216809933142311, 0.08787010506208214], "0.1": [0.06255969436485195, 0.06494746895893028, 0.10076408787010506], "0.2": [0.07211079274116523, 0.06446991404011461, 0.07545367717287488], "0.4": [0.08643744030563515, 0.11461318051575932, 0.0673352435530086], "0.6": [0.08404966571155682, 0.0988538681948424, 0.06638013371537727],