{"just_main and just_main+just_spurious": {"initial-transfer": {"0.025": [0.24882629107981222, 0.23943661971830985, 0.15492957746478872, 0.22065727699530516], "0.05": [0.18779342723004694, 0.19718309859154928, 0.1784037558685446, 0.19718309859154928], "0.1": [0.1643192488262911, 0.1596244131455399, 0.18309859154929578, 0.1596244131455399], "0.2": [0.13145539906103287, 0.11267605633802817, 0.107981220657277, 0.17370892018779344], "0.4": [0.13615023474178403, 0.04225352112676056, 0.08450704225352113, 0.07042253521126761], "0.6": [0.07981220657276995, 0.07511737089201878, 0.051643192488262914, 0.06572769953051644], "0.8": [0.1596244131455399, 0.15492957746478872, 0.11737089201877934, 0.14553990610328638], "0.9": [0.18309859154929578, 0.20657276995305165, 0.20187793427230047, 0.2535211267605634], "0.95": [0.3004694835680751, 0.24882629107981222, 0.24882629107981222, 0.20657276995305165], "0.975": [0.29107981220657275, 0.3145539906103286, 0.30985915492957744, 0.2535211267605634]}}, "just_spurious and just_spurious+just_main": {"initial-transfer": {"0.025": [0.062, 0.06, 0.05, 0.06], "0.05": [0.082, 0.068, 0.054, 0.064], "0.1": [0.072, 0.09, 0.068, 0.066], "0.2": [0.072, 0.078, 0.074, 0.064], "0.4": [0.058, 0.112, 0.106, 0.088], "0.6": [0.11, 0.122, 0.114, 0.12], "0.8": [0.088, 0.118, 0.108, 0.112], "0.9": [0.088, 0.106, 0.088, 0.114], "0.95": [0.098, 0.1, 0.108, 0.114], "0.975": [0.11, 0.108, 0.074, 0.102]}}, "neither and neither+just_main": {"initial-transfer": {"0.025": [0.11, 0.098, 0.09, 0.11], "0.05": [0.1, 0.118, 0.11, 0.106], "0.1": [0.116, 0.106, 0.106, 0.124], "0.2": [0.108, 0.124, 0.082, 0.074], "0.4": [0.09, 0.114, 0.134, 0.094], "0.6": [0.088, 0.076, 0.092, 0.1], "0.8": [0.056, 0.062, 0.08, 0.078], "0.9": [0.068, 0.068, 0.07, 0.052], "0.95": [0.05, 0.058, 0.06, 0.094], "0.975": [0.046, 0.046, 0.034, 0.068]}}, "neither and neither+just_spurious": {"initial-transfer": {"0.025": [0.19, 0.222, 0.162, 0.194], "0.05": [0.184, 0.166, 0.174, 0.174], "0.1": [0.148, 0.15, 0.158, 0.134], "0.2": [0.134, 0.126, 0.104, 0.12], "0.4": [0.066, 0.106, 0.106, 0.1], "0.6": [0.134, 0.156, 0.116, 0.128], "0.8": [0.222, 0.172, 0.19, 0.194], "0.9": [0.252, 0.24, 0.278, 0.23], "0.95": [0.3, 0.272, 0.276, 0.298], "0.975": [0.296, 0.296, 0.294, 0.316]}}}