{"both and spurious-box": {"initial-transfer": {"0.025": [0.35967302452316074, 0.329700272479564, 0.34877384196185285, 0.2997275204359673, 0.3242506811989101, 0.34877384196185285, 0.28337874659400547, 0.3188010899182561], "0.05": [0.3188010899182561, 0.33787465940054495, 0.3569482288828338, 0.3188010899182561, 0.3079019073569482, 0.33242506811989103, 0.3923705722070845, 0.36239782016348776], "0.1": [0.26975476839237056, 0.3079019073569482, 0.3133514986376022, 0.2561307901907357, 0.3215258855585831, 0.30517711171662126, 0.33242506811989103, 0.3106267029972752], "0.2": [0.1907356948228883, 0.22070844686648503, 0.2125340599455041, 0.18528610354223432, 0.19618528610354224, 0.23160762942779292, 0.2098092643051771, 0.1989100817438692], "0.4": [0.16893732970027248, 0.18528610354223432, 0.14713896457765668, 0.1362397820163488, 0.16348773841961853, 0.17438692098092642, 0.11716621253405994, 0.14168937329700274], "0.6": [0.2125340599455041, 0.20708446866485014, 0.24795640326975477, 0.20435967302452315, 0.18528610354223432, 0.22343324250681199, 0.2016348773841962, 0.16893732970027248], "0.8": [0.23705722070844687, 0.3215258855585831, 0.3242506811989101, 0.23433242506811988, 0.3405994550408719, 0.29155313351498635, 0.2970027247956403, 0.329700272479564], "0.9": [0.3814713896457766, 0.3678474114441417, 0.24795640326975477, 0.2888283378746594, 0.37057220708446864, 0.3215258855585831, 0.4087193460490463, 0.29155313351498635], "0.95": [0.3024523160762943, 0.3978201634877384, 0.3569482288828338, 0.3787465940054496, 0.37329700272479566, 0.3760217983651226, 0.40054495912806537, 0.4032697547683924], "0.975": [0.3978201634877384, 0.40599455040871935, 0.31607629427792916, 0.3869209809264305, 0.3678474114441417, 0.3569482288828338, 0.3978201634877384, 0.3923705722070845]}, "initial-tune": {"0.025": [0.41689373297002724, 0.4332425068119891, 0.39509536784741145, 0.2888283378746594, 0.4223433242506812, 0.3569482288828338, 0.44686648501362397, 0.3978201634877384], "0.05": [0.3460490463215259, 0.3869209809264305, 0.4359673024523161, 0.3024523160762943, 0.4250681198910082, 0.5068119891008175, 0.3814713896457766, 0.38419618528610355], "0.1": [0.3569482288828338, 0.37329700272479566, 0.3405994550408719, 0.3215258855585831, 0.335149863760218, 0.3542234332425068, 0.3542234332425068, 0.4032697547683924], "0.2": [0.1989100817438692, 0.25340599455040874, 0.23433242506811988, 0.14986376021798364, 0.1989100817438692, 0.21798365122615804, 0.2098092643051771, 0.3024523160762943], "0.4": [0.19346049046321526, 0.1880108991825613, 0.2016348773841962, 0.1771117166212534, 0.19618528610354224, 0.1907356948228883, 0.17983651226158037, 0.15258855585831063], "0.6": [0.18256130790190736, 0.25885558583106266, 0.23160762942779292, 0.17166212534059946, 0.17983651226158037, 0.1989100817438692, 0.22615803814713897, 0.28610354223433243], "0.8": [0.35149863760217986, 0.3405994550408719, 0.335149863760218, 0.28610354223433243, 0.4359673024523161, 0.34332425068119893, 0.33787465940054495, 0.3569482288828338], "0.9": [0.3460490463215259, 0.32697547683923706, 0.4305177111716621, 0.45231607629427795, 0.31607629427792916, 0.4196185286103542, 0.4223433242506812, 0.43869209809264303], "0.95": [0.35967302452316074, 0.3923705722070845, 0.5395095367847411, 0.4713896457765668, 0.47956403269754766, 0.3760217983651226, 0.4114441416893733, 0.4986376021798365], "0.975": [0.5449591280653951, 0.4822888283378747, 0.36239782016348776, 0.47956403269754766, 0.41689373297002724, 0.4904632152588556, 0.5776566757493188, 0.43869209809264303]}, "minimal-tune": {"0.025": [0.4032697547683924, 0.3978201634877384, 0.40599455040871935, 0.35967302452316074, 0.4359673024523161, 0.3978201634877384, 0.40054495912806537, 0.33242506811989103], "0.05": [0.5367847411444142, 0.40054495912806537, 0.3978201634877384, 0.3569482288828338, 0.4305177111716621, 0.4114441416893733, 0.43869209809264303, 0.4223433242506812], "0.1": [0.4986376021798365, 0.5122615803814714, 0.5858310626702997, 0.5095367847411444, 0.49318801089918257, 0.47411444141689374, 0.44686648501362397, 0.553133514986376], "0.2": [0.5994550408719346, 0.5831062670299727, 0.6539509536784741, 0.6212534059945504, 0.55858310626703, 0.43869209809264303, 0.4822888283378747, 0.5258855585831063], "0.4": [0.6130790190735694, 0.49318801089918257, 0.5667574931880109, 0.55858310626703, 0.46321525885558584, 0.6103542234332425, 0.35967302452316074, 0.5258855585831063], "0.6": [0.23433242506811988, 0.19346049046321526, 0.2016348773841962, 0.25885558583106266, 0.22070844686648503, 0.2125340599455041, 0.1771117166212534, 0.2452316076294278], "0.8": [0.18528610354223432, 0.17166212534059946, 0.15258855585831063, 0.1226158038147139, 0.1553133514986376, 0.1880108991825613, 0.18256130790190736, 0.1362397820163488], "0.9": [0.16348773841961853, 0.15258855585831063, 0.12534059945504086, 0.1335149863760218, 0.16348773841961853, 0.11444141689373297, 0.14986376021798364, 0.11444141689373297], "0.95": [0.12806539509536785, 0.1335149863760218, 0.11716621253405994, 0.1362397820163488, 0.18528610354223432, 0.1226158038147139, 0.16076294277929154, 0.11444141689373297], "0.975": [0.15258855585831063, 0.12534059945504086, 0.11989100817438691, 0.21525885558583105, 0.1444141689373297, 0.18256130790190736, 0.1880108991825613, 0.1307901907356948]}}, "both and spurious-pixel-paint": {"initial-transfer": {"0.025": [0.3079019073569482, 0.3188010899182561, 0.3106267029972752, 0.30517711171662126, 0.2888283378746594, 0.32697547683923706, 0.2452316076294278, 0.31607629427792916], "0.05": [0.29155313351498635, 0.26975476839237056, 0.29427792915531337, 0.28065395095367845, 0.24250681198910082, 0.29155313351498635, 0.3079019073569482, 0.3106267029972752], "0.1": [0.24795640326975477, 0.28610354223433243, 0.2506811989100817, 0.24250681198910082, 0.2970027247956403, 0.2452316076294278, 0.2779291553133515, 0.2615803814713896], "0.2": [0.16076294277929154, 0.1907356948228883, 0.2452316076294278, 0.16076294277929154, 0.17438692098092642, 0.21525885558583105, 0.19618528610354224, 0.16076294277929154], "0.4": [0.10626702997275204, 0.12806539509536785, 0.09264305177111716, 0.08174386920980926, 0.11444141689373297, 0.11444141689373297, 0.07629427792915532, 0.10626702997275204], "0.6": [0.17166212534059946, 0.19346049046321526, 0.2016348773841962, 0.16076294277929154, 0.1771117166212534, 0.2016348773841962, 0.17983651226158037, 0.1553133514986376], "0.8": [0.1335149863760218, 0.2125340599455041, 0.25340599455040874, 0.17166212534059946, 0.25340599455040874, 0.16348773841961853, 0.2125340599455041, 0.19618528610354224], "0.9": [0.28610354223433243, 0.29427792915531337, 0.16621253405994552, 0.16621253405994552, 0.2615803814713896, 0.23160762942779292, 0.329700272479564, 0.1880108991825613], "0.95": [0.2506811989100817, 0.3133514986376022, 0.2452316076294278, 0.2615803814713896, 0.2670299727520436, 0.2506811989100817, 0.28337874659400547, 0.29155313351498635], "0.975": [0.2779291553133515, 0.26975476839237056, 0.17166212534059946, 0.24795640326975477, 0.23705722070844687, 0.28065395095367845, 0.2888283378746594, 0.25885558583106266]}, "initial-tune": {"0.025": [0.3978201634877384, 0.4223433242506812, 0.3787465940054496, 0.33787465940054495, 0.37329700272479566, 0.44959128065395093, 0.4250681198910082, 0.45776566757493187], "0.05": [0.37329700272479566, 0.3787465940054496, 0.38419618528610355, 0.34877384196185285, 0.4032697547683924, 0.4223433242506812, 0.3678474114441417, 0.35967302452316074], "0.1": [0.36239782016348776, 0.36239782016348776, 0.3079019073569482, 0.33787465940054495, 0.29427792915531337, 0.3188010899182561, 0.33242506811989103, 0.3405994550408719], "0.2": [0.2098092643051771, 0.2561307901907357, 0.23433242506811988, 0.22888283378746593, 0.23160762942779292, 0.21525885558583105, 0.23160762942779292, 0.31607629427792916], "0.4": [0.1771117166212534, 0.16621253405994552, 0.14986376021798364, 0.1553133514986376, 0.1989100817438692, 0.14168937329700274, 0.17983651226158037, 0.1362397820163488],