{"just_main and just_main+just_spurious": {"cdep-tt": {"0.025": [0.2347417840375587, 0.15492957746478872, 0.17370892018779344, 0.2300469483568075], "0.05": [0.2112676056338028, 0.18309859154929578, 0.2347417840375587, 0.2347417840375587], "0.1": [0.12206572769953052, 0.1596244131455399, 0.1643192488262911, 0.11737089201877934], "0.2": [0.107981220657277, 0.06572769953051644, 0.051643192488262914, 0.08450704225352113], "0.4": [0.028169014084507043, 0.107981220657277, 0.06572769953051644, 0.0892018779342723], "0.6": [0.06103286384976526, 0.056338028169014086, 0.06103286384976526, 0.08450704225352113], "0.8": [0.11267605633802817, 0.13615023474178403, 0.10328638497652583, 0.09389671361502347], "0.9": [0.11737089201877934, 0.15023474178403756, 0.17370892018779344, 0.1596244131455399], "0.95": [0.15492957746478872, 0.1643192488262911, 0.1643192488262911, 0.18309859154929578], "0.975": [0.15492957746478872, 0.19718309859154928, 0.20187793427230047, 0.1643192488262911]}, "fs-tune": {"0.025": [0.20187793427230047, 0.18779342723004694, 0.1596244131455399, 0.18309859154929578], "0.05": [0.1596244131455399, 0.19248826291079812, 0.1784037558685446, 0.17370892018779344], "0.1": [0.1267605633802817, 0.13145539906103287, 0.15492957746478872, 0.17370892018779344], "0.2": [0.0892018779342723, 0.09859154929577464, 0.1267605633802817, 0.051643192488262914], "0.4": [0.03755868544600939, 0.09389671361502347, 0.06103286384976526, 0.07981220657276995], "0.6": [0.09389671361502347, 0.07981220657276995, 0.051643192488262914, 0.06103286384976526], "0.8": [0.13145539906103287, 0.1643192488262911, 0.18309859154929578, 0.1643192488262911], "0.9": [0.15492957746478872, 0.16901408450704225, 0.215962441314554, 0.15492957746478872], "0.95": [0.18309859154929578, 0.19248826291079812, 0.20187793427230047, 0.19718309859154928], "0.975": [0.24882629107981222, 0.24413145539906103, 0.2300469483568075, 0.22535211267605634]}, "gs-tt": {"0.025": [0.16901408450704225, 0.2347417840375587, 0.19248826291079812, 0.2676056338028169], "0.05": [0.107981220657277, 0.2112676056338028, 0.1784037558685446, 0.06572769953051644], "0.1": [0.06572769953051644, 0.17370892018779344, 0.16901408450704225, 0.107981220657277], "0.2": [0.0892018779342723, 0.014084507042253521, 0.051643192488262914, 0.051643192488262914], "0.4": [0.023474178403755867, 0.07042253521126761, 0.03755868544600939, 0.08450704225352113], "0.6": [0.03755868544600939, 0.09389671361502347, 0.04225352112676056, 0.051643192488262914], "0.8": [0.06572769953051644, 0.107981220657277, 0.11737089201877934, 0.07042253521126761], "0.9": [0.08450704225352113, 0.12206572769953052, 0.1643192488262911, 0.13145539906103287], "0.95": [0.19718309859154928, 0.18779342723004694, 0.1643192488262911, 0.24882629107981222], "0.975": [0.24882629107981222, 0.2347417840375587, 0.24413145539906103, 0.25821596244131456]}, "initial-transfer": {"0.025": [0.17370892018779344, 0.14084507042253522, 0.14553990610328638, 0.17370892018779344], "0.05": [0.15492957746478872, 0.1596244131455399, 0.1784037558685446, 0.09859154929577464], "0.1": [0.14084507042253522, 0.15492957746478872, 0.13145539906103287, 0.12206572769953052], "0.2": [0.11737089201877934, 0.06103286384976526, 0.10328638497652583, 0.15492957746478872], "0.4": [0.06103286384976526, 0.07042253521126761, 0.056338028169014086, 0.06103286384976526], "0.6": [0.07981220657276995, 0.06572769953051644, 0.07511737089201878, 0.056338028169014086], "0.8": [0.09859154929577464, 0.08450704225352113, 0.0892018779342723, 0.10328638497652583], "0.9": [0.12206572769953052, 0.15023474178403756, 0.1784037558685446, 0.1643192488262911], "0.95": [0.2112676056338028, 0.19718309859154928, 0.22535211267605634, 0.19718309859154928], "0.975": [0.24882629107981222, 0.23943661971830985, 0.19718309859154928, 0.23943661971830985]}, "initial-tune": {"0.025": [0.24882629107981222, 0.2347417840375587, 0.2347417840375587, 0.23943661971830985], "0.05": [0.2112676056338028, 0.2112676056338028, 0.27699530516431925, 0.25821596244131456], "0.1": [0.1784037558685446, 0.24882629107981222, 0.18779342723004694, 0.16901408450704225], "0.2": [0.09859154929577464, 0.0892018779342723, 0.07511737089201878, 0.10328638497652583], "0.4": [0.023474178403755867, 0.09859154929577464, 0.07981220657276995, 0.07511737089201878], "0.6": [0.12206572769953052, 0.0892018779342723, 0.06103286384976526, 0.07511737089201878], "0.8": [0.10328638497652583, 0.15023474178403756, 0.13145539906103287, 0.13145539906103287], "0.9": [0.09859154929577464, 0.22535211267605634, 0.19248826291079812, 0.1643192488262911], "0.95": [0.2300469483568075, 0.23943661971830985, 0.22535211267605634, 0.2347417840375587], "0.975": [0.22065727699530516, 0.2863849765258216, 0.3051643192488263, 0.27230046948356806]}, "minimal-tune": {"0.025": [0.06572769953051644, 0.07042253521126761, 0.04225352112676056, 0.09859154929577464], "0.05": [0.08450704225352113, 0.056338028169014086, 0.08450704225352113, 0.12206572769953052], "0.1": [0.07042253521126761, 0.09389671361502347, 0.07981220657276995, 0.0892018779342723], "0.2": [0.09859154929577464, 0.03286384976525822, 0.13145539906103287, 0.07042253521126761], "0.4": [0.11737089201877934, 0.03755868544600939, 0.09859154929577464, 0.11737089201877934], "0.6": [0.09859154929577464, 0.09859154929577464, 0.11737089201877934, 0.13615023474178403], "0.8": [0.107981220657277, 0.15023474178403756, 0.14553990610328638, 0.1267605633802817], "0.9": [0.1643192488262911, 0.12206572769953052, 0.17370892018779344, 0.15023474178403756], "0.95": [0.16901408450704225, 0.19248826291079812, 0.19718309859154928, 0.16901408450704225], "0.975": [0.11267605633802817, 0.19248826291079812, 0.17370892018779344, 0.17370892018779344]}, "rrr-tune": {"0.025": [0.19718309859154928, 0.13615023474178403, 0.1643192488262911, 0.24413145539906103], "0.05": [0.16901408450704225, 0.15023474178403756, 0.18309859154929578, 0.17370892018779344], "0.1": [0.18779342723004694, 0.18309859154929578, 0.11267605633802817, 0.18309859154929578], "0.2": [0.19718309859154928, 0.19718309859154928, 0.1643192488262911, 0.19248826291079812], "0.4": [0.10328638497652583, 0.09859154929577464, 0.06572769953051644, 0.07042253521126761], "0.6": [0.07511737089201878, 0.0892018779342723, 0.06103286384976526, 0.07511737089201878], "0.8": [0.12206572769953052, 0.1267605633802817, 0.11737089201877934, 0.13145539906103287], "0.9": [0.13145539906103287, 0.215962441314554, 0.18309859154929578, 0.14553990610328638], "0.95": [0.13615023474178403, 0.15492957746478872, 0.18309859154929578, 0.13615023474178403], "0.975": [0.17370892018779344, 0.14084507042253522, 0.16901408450704225, 0.1596244131455399]}, "simple-tune": {"0.025": [0.22065727699530516, 0.25821596244131456, 0.2347417840375587, 0.2347417840375587], "0.05": [0.24413145539906103, 0.15023474178403756, 0.20657276995305165, 0.2300469483568075], "0.1": [0.20187793427230047, 0.13615023474178403, 0.17370892018779344, 0.14553990610328638], "0.2": [0.09859154929577464, 0.1267605633802817, 0.11737089201877934, 0.10328638497652583], "0.4": [0.06103286384976526, 0.09859154929577464, 0.09389671361502347, 0.0892018779342723], "0.6": [0.046948356807511735, 0.08450704225352113, 0.06103286384976526, 0.08450704225352113], "0.8": [0.14553990610328638, 0.1267605633802817, 0.14084507042253522, 0.12206572769953052], "0.9": [0.20187793427230047, 0.16901408450704225, 0.14553990610328638, 0.15023474178403756], "0.95": [0.19718309859154928, 0.18779342723004694, 0.20187793427230047, 0.215962441314554], "0.975": [0.23943661971830985, 0.2112676056338028, 0.22535211267605634, 0.19718309859154928]}}, "just_spurious and just_spurious+just_main": {"cdep-tt": {"0.025": [0.09, 0.092, 0.104, 0.09], "0.05": [0.082, 0.094, 0.084, 0.08], "0.1": [0.126, 0.114, 0.096, 0.108], "0.2": [0.108, 0.134, 0.122, 0.104], "0.4": [0.108, 0.098, 0.1, 0.108], "0.6": [0.078, 0.126, 0.084, 0.084], "0.8": [0.1, 0.13, 0.108, 0.112], "0.9": [0.102, 0.102, 0.098, 0.112], "0.95": [0.084, 0.1, 0.094, 0.114],