{"both and spurious-box": {"cdep-transfer": {"0.025": [0.32697547683923706, 0.44141689373297005, 0.5068119891008175, 0.4332425068119891], "0.05": [0.4114441416893733, 0.42779291553133514, 0.45776566757493187, 0.38419618528610355], "0.1": [0.3188010899182561, 0.4223433242506812, 0.35967302452316074, 0.39509536784741145], "0.2": [0.2506811989100817, 0.22888283378746593, 0.27520435967302453, 0.2970027247956403], "0.4": [0.22343324250681199, 0.23978201634877383, 0.2506811989100817, 0.20708446866485014], "0.6": [0.22615803814713897, 0.3460490463215259, 0.329700272479564, 0.16076294277929154], "0.8": [0.3542234332425068, 0.31607629427792916, 0.22070844686648503, 0.3106267029972752], "0.9": [0.3814713896457766, 0.4550408719346049, 0.4087193460490463, 0.4359673024523161], "0.95": [0.39509536784741145, 0.33242506811989103, 0.3460490463215259, 0.45776566757493187], "0.975": [0.4768392370572207, 0.4087193460490463, 0.45231607629427795, 0.4087193460490463]}, "initial-transfer": {"0.025": [0.3569482288828338, 0.3405994550408719, 0.3787465940054496, 0.37057220708446864], "0.05": [0.31607629427792916, 0.3242506811989101, 0.34332425068119893, 0.3024523160762943], "0.1": [0.3079019073569482, 0.28337874659400547, 0.33242506811989103, 0.28065395095367845], "0.2": [0.2779291553133515, 0.2098092643051771, 0.2452316076294278, 0.2452316076294278], "0.4": [0.16348773841961853, 0.17983651226158037, 0.17983651226158037, 0.17438692098092642], "0.6": [0.21525885558583105, 0.26430517711171664, 0.2016348773841962, 0.21798365122615804], "0.8": [0.4114441416893733, 0.35149863760217986, 0.4032697547683924, 0.26430517711171664], "0.9": [0.3542234332425068, 0.3079019073569482, 0.3869209809264305, 0.3978201634877384], "0.95": [0.45231607629427795, 0.33787465940054495, 0.4550408719346049, 0.3896457765667575], "0.975": [0.46866485013623976, 0.4904632152588556, 0.4032697547683924, 0.46321525885558584]}, "initial-tune": {"0.025": [0.3787465940054496, 0.444141689373297, 0.4822888283378747, 0.46866485013623976], "0.05": [0.40599455040871935, 0.4904632152588556, 0.47411444141689374, 0.44141689373297005], "0.1": [0.31607629427792916, 0.3760217983651226, 0.3651226158038147, 0.44686648501362397], "0.2": [0.2506811989100817, 0.2452316076294278, 0.2506811989100817, 0.25885558583106266], "0.4": [0.2670299727520436, 0.20708446866485014, 0.23705722070844687, 0.23978201634877383], "0.6": [0.335149863760218, 0.329700272479564, 0.3542234332425068, 0.22070844686648503], "0.8": [0.39509536784741145, 0.38419618528610355, 0.2779291553133515, 0.3760217983651226], "0.9": [0.33242506811989103, 0.45776566757493187, 0.4332425068119891, 0.4604904632152589], "0.95": [0.5122615803814714, 0.5149863760217984, 0.4141689373297003, 0.48501362397820164], "0.975": [0.49591280653950953, 0.5504087193460491, 0.4822888283378747, 0.6076294277929155]}, "minimal-tune": {"0.025": [0.5694822888283378, 0.3651226158038147, 0.4332425068119891, 0.4223433242506812], "0.05": [0.5640326975476839, 0.46321525885558584, 0.40054495912806537, 0.4550408719346049], "0.1": [0.3978201634877384, 0.44141689373297005, 0.5258855585831063, 0.5204359673024523], "0.2": [0.5749318801089919, 0.6130790190735694, 0.555858310626703, 0.6021798365122616], "0.4": [0.6021798365122616, 0.5694822888283378, 0.444141689373297, 0.5040871934604905], "0.6": [0.1880108991825613, 0.18528610354223432, 0.2724795640326976, 0.1226158038147139], "0.8": [0.22615803814713897, 0.1362397820163488, 0.2615803814713896, 0.16348773841961853], "0.9": [0.19618528610354224, 0.1553133514986376, 0.15258855585831063, 0.11171662125340599], "0.95": [0.08991825613079019, 0.1335149863760218, 0.1307901907356948, 0.12534059945504086], "0.975": [0.1362397820163488, 0.1335149863760218, 0.14168937329700274, 0.11989100817438691]}}, "both and spurious-pixel-paint": {"cdep-transfer": {"0.025": [0.3760217983651226, 0.3923705722070845, 0.4604904632152589, 0.4087193460490463], "0.05": [0.40599455040871935, 0.3978201634877384, 0.44686648501362397, 0.3678474114441417], "0.1": [0.36239782016348776, 0.3787465940054496, 0.36239782016348776, 0.3678474114441417], "0.2": [0.20435967302452315, 0.22070844686648503, 0.25885558583106266, 0.2506811989100817], "0.4": [0.15258855585831063, 0.19346049046321526, 0.19618528610354224, 0.16076294277929154], "0.6": [0.16893732970027248, 0.19346049046321526, 0.22615803814713897, 0.16076294277929154], "0.8": [0.2561307901907357, 0.2098092643051771, 0.21798365122615804, 0.23160762942779292], "0.9": [0.26975476839237056, 0.3106267029972752, 0.2561307901907357, 0.3651226158038147], "0.95": [0.16893732970027248, 0.24250681198910082, 0.23433242506811988, 0.32697547683923706], "0.975": [0.3651226158038147, 0.2724795640326976, 0.3215258855585831, 0.28337874659400547]}, "initial-transfer": {"0.025": [0.30517711171662126, 0.29155313351498635, 0.33242506811989103, 0.26430517711171664], "0.05": [0.27520435967302453, 0.3079019073569482, 0.27520435967302453, 0.3133514986376022], "0.1": [0.25885558583106266, 0.26975476839237056, 0.2670299727520436, 0.28610354223433243], "0.2": [0.20708446866485014, 0.19346049046321526, 0.1880108991825613, 0.1907356948228883], "0.4": [0.1362397820163488, 0.16076294277929154, 0.16076294277929154, 0.16348773841961853], "0.6": [0.2016348773841962, 0.2506811989100817, 0.23705722070844687, 0.2452316076294278], "0.8": [0.34332425068119893, 0.329700272479564, 0.34332425068119893, 0.3024523160762943], "0.9": [0.3215258855585831, 0.26975476839237056, 0.30517711171662126, 0.39509536784741145], "0.95": [0.34877384196185285, 0.2997275204359673, 0.3569482288828338, 0.3460490463215259], "0.975": [0.3923705722070845, 0.4305177111716621, 0.3460490463215259, 0.4250681198910082]}, "initial-tune": {"0.025": [0.31607629427792916, 0.41689373297002724, 0.4359673024523161, 0.3923705722070845], "0.05": [0.34877384196185285, 0.3896457765667575, 0.42779291553133514, 0.3814713896457766], "0.1": [0.31607629427792916, 0.3896457765667575, 0.34332425068119893, 0.37057220708446864], "0.2": [0.23160762942779292, 0.23705722070844687, 0.23978201634877383, 0.22888283378746593], "0.4": [0.20435967302452315, 0.16076294277929154, 0.2098092643051771, 0.16893732970027248], "0.6": [0.23705722070844687, 0.21798365122615804, 0.23160762942779292, 0.1989100817438692], "0.8": [0.2997275204359673, 0.2888283378746594, 0.2724795640326976, 0.31607629427792916], "0.9": [0.29155313351498635, 0.3569482288828338, 0.28337874659400547, 0.4223433242506812], "0.95": [0.3188010899182561, 0.5095367847411444, 0.3133514986376022, 0.4332425068119891], "0.975": [0.40599455040871935, 0.45231607629427795, 0.38419618528610355, 0.5258855585831063]}, "minimal-tune": {"0.025": [0.1880108991825613, 0.29155313351498635, 0.2452316076294278, 0.23978201634877383], "0.05": [0.1444141689373297, 0.23705722070844687, 0.28337874659400547, 0.21798365122615804], "0.1": [0.23160762942779292, 0.2615803814713896, 0.18256130790190736, 0.16621253405994552], "0.2": [0.17438692098092642, 0.1444141689373297, 0.16076294277929154, 0.16621253405994552], "0.4": [0.16621253405994552, 0.16076294277929154, 0.2016348773841962, 0.19346049046321526], "0.6": [0.1907356948228883, 0.16076294277929154, 0.17983651226158037, 0.1335149863760218], "0.8": [0.20435967302452315, 0.23705722070844687, 0.2452316076294278, 0.19346049046321526], "0.9": [0.28065395095367845, 0.1907356948228883, 0.2016348773841962, 0.21525885558583105], "0.95": [0.1771117166212534, 0.28610354223433243, 0.32697547683923706, 0.26430517711171664], "0.975": [0.2670299727520436, 0.3405994550408719, 0.4032697547683924, 0.3133514986376022]}}, "just_spurious and spurious-box": {"cdep-transfer": {"0.025": [0.216, 0.248, 0.372, 0.246], "0.05": [0.32, 0.302, 0.328, 0.284], "0.1": [0.19, 0.316, 0.252, 0.28], "0.2": [0.22, 0.168, 0.236, 0.238], "0.4": [0.206, 0.11, 0.152, 0.182], "0.6": [0.202, 0.2, 0.176, 0.148], "0.8": [0.3, 0.292, 0.24, 0.302], "0.9": [0.284, 0.338, 0.364, 0.308], "0.95": [0.434, 0.358, 0.398, 0.364], "0.975": [0.47, 0.442, 0.396, 0.464]},