{"both and main-box": {"both-paint-tune": {"0.8": [0.08053691275167785, 0.05901639344262295, 0.06930693069306931, 0.08088235294117647], "0.9": [0.08135593220338982, 0.07395498392282958, 0.040123456790123455, 0.06920415224913495], "0.95": [0.038338658146964855, 0.05, 0.025477707006369428, 0.03125], "0.975": [0.04375, 0.046583850931677016, 0.0594059405940594, 0.029411764705882353]}, "both-transfer": {"0.8": [], "0.9": [], "0.975": []}, "both-tune": {"0.8": [0.7830508474576271, 0.7491408934707904, 0.7971014492753623, 0.805111821086262], "0.9": [0.6597938144329897, 0.7234726688102894, 0.7875816993464052, 0.7884615384615384], "0.95": [0.7785467128027682, 0.7887788778877888, 0.8085808580858086, 0.765625], "0.975": [0.7603833865814696, 0.7685185185185185, 0.7269938650306749, 0.7682926829268293]}, "careful-paint-tune": {"0.6": [0.08934707903780069, 0.06944444444444445, 0.09259259259259259, 0.0975609756097561], "0.7": [0.08421052631578947, 0.07508532423208192, 0.08934707903780069, 0.0821917808219178], "0.8": [0.034375, 0.06, 0.06557377049180328, 0.050955414012738856], "0.9": [0.051118210862619806, 0.02857142857142857, 0.04792332268370607, 0.043209876543209874], "0.95": [0.05161290322580645, 0.04823151125401929, 0.02912621359223301, 0.03821656050955414], "0.975": [0.05396825396825397, 0.037383177570093455, 0.045871559633027525, 0.06441717791411043]}, "careful-tune": {"0.5": [0.02711864406779661, 0.05263157894736842, 0.06040268456375839, 0.040740740740740744], "0.6": [0.43508771929824563, 0.32558139534883723, 0.12786885245901639, 0.13261648745519714], "0.7": [0.48134328358208955, 0.5809859154929577, 0.6758620689655173, 0.6450381679389313], "0.8": [0.7156862745098039, 0.6204620462046204, 0.6877076411960132, 0.7553956834532374], "0.9": [0.7532894736842105, 0.8116883116883117, 0.7459807073954984, 0.7909407665505227], "0.95": [0.7421383647798742, 0.75625, 0.7516556291390728, 0.7508090614886731], "0.975": [0.7847682119205298, 0.76, 0.7298136645962733, 0.7315436241610739]}, "initial-transfer": {"0.5": [0.023333333333333334, 0.04013377926421405, 0.028169014084507043, 0.03202846975088968], "0.6": [0.044444444444444446, 0.03571428571428571, 0.05517241379310345, 0.06896551724137931], "0.7": [0.0182370820668693, 0.04220779220779221, 0.022364217252396165, 0.036544850498338874], "0.8": [0.025157232704402517, 0.021538461538461538, 0.029850746268656716, 0.03184713375796178], "0.9": [0.04, 0.02727272727272727, 0.03313253012048193, 0.018575851393188854], "0.95": [0.030395136778115502, 0.026627218934911243, 0.02727272727272727, 0.02735562310030395], "0.975": [0.030211480362537766, 0.020833333333333332, 0.01834862385321101, 0.0243161094224924]}, "initial-tune": {"0.5": [0.06296296296296296, 0.040268456375838924, 0.0673758865248227, 0.043478260869565216], "0.6": [0.040268456375838924, 0.05, 0.04067796610169491, 0.0165016501650165], "0.7": [0.006191950464396285, 0.02476780185758514, 0.03666666666666667, 0.02127659574468085], "0.8": [0.0391566265060241, 0.030120481927710843, 0.042042042042042045, 0.03987730061349693], "0.9": [0.015197568389057751, 0.014792899408284023, 0.020833333333333332, 0.017964071856287425], "0.95": [0.015015015015015015, 0.014749262536873156, 0.01744186046511628, 0.01466275659824047], "0.975": [0.014705882352941176, 0.008797653958944282, 0.02359882005899705, 0.020895522388059702]}, "main-paint-tune": {"0.8": [0.08712121212121213, 0.056140350877192984, 0.03741496598639456, 0.09923664122137404], "0.9": [0.03594771241830065, 0.07, 0.05863192182410423, 0.07581227436823104], "0.95": [0.06909090909090909, 0.031578947368421054, 0.07, 0.02], "0.975": [0.0462046204620462, 0.08333333333333333, 0.026936026936026935, 0.03666666666666667]}, "main-tune": {"0.8": [0.8198529411764706, 0.8464052287581699, 0.8647686832740213, 0.845360824742268], "0.9": [0.8263888888888888, 0.8348348348348348, 0.8503184713375797, 0.8079470198675497], "0.95": [0.8471337579617835, 0.7272727272727273, 0.8576051779935275, 0.8220064724919094], "0.975": [0.8454545454545455, 0.8717948717948718, 0.8679245283018868, 0.8251533742331288]}, "spurious-paint-tune": {"0.8": [0.03625377643504532, 0.011976047904191617, 0.024615384615384615, 0.031446540880503145], "0.9": [0.023323615160349854, 0.020710059171597635, 0.03353658536585366, 0.03927492447129909], "0.95": [0.02735562310030395, 0.011940298507462687, 0.026706231454005934, 0.011799410029498525], "0.975": [0.014970059880239521, 0.03550295857988166, 0.01483679525222552, 0.037900874635568516]}, "spurious-tune": {"0.8": [0.005970149253731343, 0.006172839506172839, 0.012345679012345678, 0.012658227848101266], "0.9": [0.005970149253731343, 0.0, 0.0, 0.002932551319648094], "0.95": [0.0, 0.002967359050445104, 0.005865102639296188, 0.0], "0.975": [0.0, 0.0, 0.0, 0.0]}}, "both and main-pixel-paint": {"both-paint-tune": {"0.8": [0.8691275167785235, 0.8852459016393442, 0.8877887788778878, 0.9007352941176471], "0.9": [0.864406779661017, 0.8231511254019293, 0.8981481481481481, 0.8961937716262975], "0.95": [0.865814696485623, 0.81, 0.8407643312101911, 0.878125], "0.975": [0.80625, 0.8043478260869565, 0.8646864686468647, 0.8856209150326797]}, "both-transfer": {"0.8": [], "0.9": [], "0.975": []}, "both-tune": {"0.8": [0.1016949152542373, 0.09278350515463918, 0.13768115942028986, 0.12460063897763578], "0.9": [0.08934707903780069, 0.07717041800643087, 0.06535947712418301, 0.07051282051282051], "0.95": [0.09688581314878893, 0.0924092409240924, 0.0627062706270627, 0.059375], "0.975": [0.07667731629392971, 0.08950617283950617, 0.06134969325153374, 0.04573170731707317]}, "careful-paint-tune": {"0.6": [0.7525773195876289, 0.7118055555555556, 0.48148148148148145, 0.7665505226480837], "0.7": [0.8842105263157894, 0.7815699658703071, 0.8556701030927835, 0.5924657534246576], "0.8": [0.7875, 0.82, 0.8688524590163934, 0.8121019108280255], "0.9": [0.8881789137380192, 0.834920634920635, 0.805111821086262, 0.8580246913580247], "0.95": [0.8451612903225807, 0.8295819935691319, 0.8705501618122977, 0.8630573248407644], "0.975": [0.8571428571428571, 0.8193146417445483, 0.8287461773700305, 0.8650306748466258]}, "careful-tune": {"0.5": [0.04745762711864407, 0.0456140350877193, 0.07046979865771812, 0.05185185185185185], "0.6": [0.07719298245614035, 0.059800664451827246, 0.08196721311475409, 0.08602150537634409], "0.7": [0.12686567164179105, 0.08450704225352113, 0.07931034482758621, 0.14122137404580154], "0.8": [0.0718954248366013, 0.10561056105610561, 0.11295681063122924, 0.08273381294964029], "0.9": [0.08223684210526316, 0.06493506493506493, 0.06430868167202572, 0.06620209059233449], "0.95": [0.05345911949685535, 0.0375, 0.07947019867549669, 0.07119741100323625], "0.975": [0.10264900662251655, 0.046153846153846156, 0.09937888198757763, 0.1174496644295302]}, "initial-transfer": {"0.5": [0.03666666666666667, 0.04013377926421405, 0.03873239436619718, 0.03558718861209965], "0.6": [0.025925925925925925, 0.03896103896103896, 0.02413793103448276, 0.03103448275862069], "0.7": [0.02127659574468085, 0.01948051948051948, 0.01597444089456869, 0.023255813953488372], "0.8": [0.025157232704402517, 0.012307692307692308, 0.020895522388059702, 0.01592356687898089], "0.9": [0.018461538461538463, 0.02727272727272727, 0.024096385542168676, 0.018575851393188854], "0.95": [0.0060790273556231, 0.011834319526627219, 0.01818181818181818, 0.0243161094224924], "0.975": [0.015105740181268883, 0.017857142857142856, 0.012232415902140673, 0.015197568389057751]}, "initial-tune": {"0.5": [0.09259259259259259, 0.050335570469798654, 0.0673758865248227, 0.06884057971014493], "0.6": [0.050335570469798654, 0.05333333333333334, 0.06779661016949153, 0.039603960396039604], "0.7": [0.015479876160990712, 0.021671826625386997, 0.06, 0.0243161094224924], "0.8": [0.03614457831325301, 0.04216867469879518, 0.03903903903903904, 0.049079754601226995], "0.9": [0.0182370820668693, 0.011834319526627219, 0.044642857142857144, 0.020958083832335328], "0.95": [0.03003003003003003, 0.02064896755162242, 0.03488372093023256, 0.008797653958944282],