{"both and both-inverse": {"both-paint-tune": {"0.8": [0.4798657718120805, 0.29508196721311475, 0.3696369636963696, 0.35294117647058826], "0.9": [0.34915254237288135, 0.33762057877813506, 0.2654320987654321, 0.356401384083045], "0.95": [0.3226837060702875, 0.15666666666666668, 0.20382165605095542, 0.240625], "0.975": [0.196875, 0.2888198757763975, 0.25742574257425743, 0.22875816993464052]}, "both-transfer": {"0.8": [], "0.9": [], "0.975": []}, "both-tune": {"0.8": [0.6576271186440678, 0.7079037800687286, 0.7101449275362319, 0.6421725239616614], "0.9": [0.7422680412371134, 0.6109324758842444, 0.8333333333333334, 0.6698717948717948], "0.95": [0.7612456747404844, 0.6765676567656765, 0.6798679867986799, 0.434375], "0.975": [0.5271565495207667, 0.6018518518518519, 0.745398773006135, 0.5274390243902439]}, "initial-transfer": {"0.8": [0.2169811320754717, 0.23384615384615384, 0.2298507462686567, 0.2898089171974522], "0.9": [0.24, 0.22727272727272727, 0.20481927710843373, 0.2260061919504644], "0.95": [0.2006079027355623, 0.17159763313609466, 0.21515151515151515, 0.23404255319148937], "0.975": [0.16314199395770393, 0.16071428571428573, 0.1926605504587156, 0.1702127659574468]}, "initial-tune": {"0.8": [0.3674698795180723, 0.3042168674698795, 0.3003003003003003, 0.254601226993865], "0.9": [0.3525835866261398, 0.21597633136094674, 0.24404761904761904, 0.17365269461077845], "0.95": [0.2672672672672673, 0.18584070796460178, 0.2005813953488372, 0.15835777126099707], "0.975": [0.17058823529411765, 0.20527859237536658, 0.15339233038348082, 0.14925373134328357]}, "main-paint-tune": {"0.8": [0.5189393939393939, 0.45964912280701753, 0.3435374149659864, 0.5267175572519084], "0.9": [0.2777777777777778, 0.43, 0.2964169381107492, 0.48736462093862815], "0.95": [0.43636363636363634, 0.312280701754386, 0.28, 0.24333333333333335], "0.975": [0.16831683168316833, 0.5266666666666666, 0.3063973063973064, 0.3333333333333333]}, "main-tune": {"0.8": [1.0, 1.0, 1.0, 1.0], "0.9": [1.0, 1.0, 1.0, 1.0], "0.95": [1.0, 1.0, 1.0, 1.0], "0.975": [1.0, 1.0, 1.0, 1.0]}, "spurious-paint-tune": {"0.8": [0.4622356495468278, 0.17065868263473055, 0.4430769230769231, 0.41823899371069184], "0.9": [0.2536443148688047, 0.21893491124260356, 0.2652439024390244, 0.24471299093655588], "0.95": [0.22492401215805471, 0.20597014925373133, 0.22551928783382788, 0.2153392330383481], "0.975": [0.16467065868263472, 0.23076923076923078, 0.18100890207715134, 0.17201166180758018]}, "spurious-tune": {"0.8": [0.08656716417910448, 0.1419753086419753, 0.15123456790123457, 0.1550632911392405], "0.9": [0.05970149253731343, 0.029239766081871343, 0.04776119402985075, 0.07917888563049853], "0.95": [0.08035714285714286, 0.06824925816023739, 0.04398826979472141, 0.026785714285714284], "0.975": [0.011594202898550725, 0.0, 0.002976190476190476, 0.0029498525073746312]}}, "both and main-inverse": {"both-paint-tune": {"0.8": [0.8993288590604027, 0.7475409836065574, 0.8415841584158416, 0.75], "0.9": [0.823728813559322, 0.7781350482315113, 0.8333333333333334, 0.8546712802768166], "0.95": [0.8402555910543131, 0.6433333333333333, 0.7579617834394905, 0.821875], "0.975": [0.878125, 0.906832298136646, 0.8382838283828383, 0.8758169934640523]}, "both-transfer": {"0.8": [], "0.9": [], "0.975": []}, "both-tune": {"0.8": [0.39322033898305087, 0.4329896907216495, 0.4782608695652174, 0.12779552715654952], "0.9": [0.6082474226804123, 0.2090032154340836, 0.6405228758169934, 0.1762820512820513], "0.95": [0.5294117647058824, 0.40594059405940597, 0.036303630363036306, 0.065625], "0.975": [0.11501597444089456, 0.006172839506172839, 0.07668711656441718, 0.03048780487804878]}, "initial-transfer": {"0.8": [0.9371069182389937, 0.9292307692307692, 0.9283582089552239, 0.9585987261146497], "0.9": [0.9692307692307692, 0.9636363636363636, 0.9427710843373494, 0.9752321981424149], "0.95": [0.9756838905775076, 0.9437869822485208, 0.9757575757575757, 0.9665653495440729], "0.975": [0.9697885196374623, 0.9523809523809523, 0.9724770642201835, 0.9756838905775076]}, "initial-tune": {"0.8": [0.9397590361445783, 0.9186746987951807, 0.9459459459459459, 0.9202453987730062], "0.9": [0.9848024316109423, 0.9792899408284024, 0.9494047619047619, 0.9550898203592815], "0.95": [1.0, 0.9616519174041298, 0.9563953488372093, 0.967741935483871], "0.975": [0.9735294117647059, 0.9941348973607038, 0.9882005899705014, 0.9850746268656716]}, "main-paint-tune": {"0.8": [0.9583333333333334, 0.9438596491228071, 0.9251700680272109, 0.9732824427480916], "0.9": [0.8790849673202614, 0.9666666666666667, 0.9413680781758957, 0.9602888086642599], "0.95": [0.9890909090909091, 0.9543859649122807, 0.9433333333333334, 0.9333333333333333], "0.975": [0.8415841584158416, 0.99, 0.9595959595959596, 0.99]}, "main-tune": {"0.8": [1.0, 1.0, 1.0, 1.0], "0.9": [1.0, 1.0, 1.0, 1.0], "0.95": [1.0, 1.0, 1.0, 1.0], "0.975": [1.0, 1.0, 1.0, 1.0]}, "spurious-paint-tune": {"0.8": [0.945619335347432, 0.8083832335329342, 0.9692307692307692, 0.9088050314465409], "0.9": [0.9620991253644315, 0.893491124260355, 0.9390243902439024, 0.9335347432024169], "0.95": [0.9209726443768997, 0.9552238805970149, 0.9317507418397626, 0.9646017699115044], "0.975": [0.8922155688622755, 0.8550295857988166, 0.9406528189910979, 0.9533527696793003]}, "spurious-tune": {"0.8": [0.5761194029850746, 0.7314814814814815, 0.7345679012345679, 0.5886075949367089], "0.9": [0.6, 0.4269005847953216, 0.3761194029850746, 0.6979472140762464], "0.95": [0.6934523809523809, 0.6498516320474778, 0.49560117302052786, 0.5297619047619048], "0.975": [0.26666666666666666, 0.040345821325648415, 0.041666666666666664, 0.2831858407079646]}}, "both and spurious-inverse": {"both-paint-tune": {"0.8": [0.7114093959731543, 0.4786885245901639, 0.594059405940594, 0.6029411764705882], "0.9": [0.5220338983050847, 0.5434083601286174, 0.41358024691358025, 0.5259515570934256], "0.95": [0.476038338658147, 0.26666666666666666, 0.3184713375796178, 0.371875], "0.975": [0.284375, 0.36645962732919257, 0.38283828382838286, 0.32679738562091504]}, "both-transfer": {"0.8": [], "0.9": [], "0.975": []}, "both-tune": {"0.8": [0.7457627118644068, 0.8556701030927835, 0.8876811594202898, 0.7348242811501597], "0.9": [0.8625429553264605, 0.6688102893890675, 0.9477124183006536, 0.6987179487179487], "0.95": [0.8615916955017301, 0.801980198019802, 0.7392739273927392, 0.471875], "0.975": [0.5303514376996805, 0.6203703703703703, 0.7944785276073619, 0.5670731707317073]}, "initial-transfer": {"0.8": [0.2830188679245283, 0.2953846153846154, 0.3044776119402985, 0.39171974522292996], "0.9": [0.2923076923076923, 0.2909090909090909, 0.2620481927710843, 0.2724458204334365], "0.95": [0.23404255319148937, 0.22485207100591717, 0.2545454545454545, 0.2735562310030395], "0.975": [0.2175226586102719, 0.21428571428571427, 0.23853211009174313, 0.23708206686930092]}, "initial-tune": {"0.8": [0.5271084337349398, 0.4397590361445783, 0.5015015015015015, 0.44171779141104295], "0.9": [0.49848024316109424, 0.33727810650887574, 0.36607142857142855, 0.2844311377245509], "0.95": [0.34534534534534533, 0.26253687315634217, 0.26744186046511625, 0.2434017595307918], "0.975": [0.25, 0.2668621700879765, 0.20353982300884957, 0.21492537313432836]}, "main-paint-tune": {"0.8": [0.7424242424242424, 0.6210526315789474, 0.5340136054421769, 0.767175572519084], "0.9": [0.43137254901960786, 0.5733333333333334, 0.42671009771986973, 0.6678700361010831], "0.95": [0.5563636363636364, 0.44912280701754387, 0.41, 0.39], "0.975": [0.28052805280528054, 0.65, 0.4208754208754209, 0.44333333333333336]}, "main-tune": {"0.8": [1.0, 1.0, 1.0, 1.0], "0.9": [1.0, 1.0, 1.0, 1.0], "0.95": [1.0, 1.0, 1.0, 1.0], "0.975": [1.0, 1.0, 1.0, 1.0]}, "spurious-paint-tune": {"0.8": [0.6676737160120846, 0.30538922155688625, 0.6307692307692307, 0.6540880503144654], "0.9": [0.3877551020408163, 0.363905325443787, 0.35060975609756095, 0.3806646525679758], "0.95": [0.2917933130699088, 0.2716417910447761, 0.314540059347181, 0.27728613569321536],