{"both and main-box": {"initial-transfer": {"0.025": [0.043596730245231606, 0.05722070844686648, 0.07629427792915532, 0.0681198910081744], "0.05": [0.08174386920980926, 0.0653950953678474, 0.07901907356948229, 0.07356948228882834], "0.1": [0.08719346049046321, 0.08991825613079019, 0.08446866485013624, 0.08174386920980926], "0.2": [0.10354223433242507, 0.09264305177111716, 0.0653950953678474, 0.0653950953678474], "0.4": [0.07629427792915532, 0.10354223433242507, 0.08446866485013624, 0.07356948228882834], "0.6": [0.06267029972752043, 0.051771117166212535, 0.09536784741144415, 0.07901907356948229], "0.8": [0.04087193460490463, 0.06267029972752043, 0.07084468664850137, 0.06267029972752043], "0.9": [0.05722070844686648, 0.04087193460490463, 0.043596730245231606, 0.051771117166212535], "0.95": [0.0326975476839237, 0.05449591280653951, 0.05994550408719346, 0.035422343324250684], "0.975": [0.04087193460490463, 0.03814713896457766, 0.05722070844686648, 0.04632152588555858]}}, "both and main-pixel-paint": {"initial-transfer": {"0.025": [0.0653950953678474, 0.0653950953678474, 0.08719346049046321, 0.05994550408719346], "0.05": [0.06267029972752043, 0.08719346049046321, 0.08174386920980926, 0.07084468664850137], "0.1": [0.09264305177111716, 0.07629427792915532, 0.08174386920980926, 0.08446866485013624], "0.2": [0.11171662125340599, 0.09536784741144415, 0.07084468664850137, 0.08991825613079019], "0.4": [0.08719346049046321, 0.10626702997275204, 0.09264305177111716, 0.0681198910081744], "0.6": [0.07084468664850137, 0.043596730245231606, 0.09809264305177112, 0.07901907356948229], "0.8": [0.03814713896457766, 0.05722070844686648, 0.05449591280653951, 0.043596730245231606], "0.9": [0.04904632152588556, 0.04632152588555858, 0.04087193460490463, 0.043596730245231606], "0.95": [0.021798365122615803, 0.03814713896457766, 0.04087193460490463, 0.027247956403269755], "0.975": [0.04087193460490463, 0.02997275204359673, 0.0326975476839237, 0.035422343324250684]}}, "just_main and main-box": {"initial-transfer": {"0.025": [0.12206572769953052, 0.0892018779342723, 0.07981220657276995, 0.0892018779342723], "0.05": [0.07981220657276995, 0.0892018779342723, 0.07042253521126761, 0.07981220657276995], "0.1": [0.07981220657276995, 0.07042253521126761, 0.09389671361502347, 0.08450704225352113], "0.2": [0.08450704225352113, 0.08450704225352113, 0.10328638497652583, 0.08450704225352113], "0.4": [0.10328638497652583, 0.09389671361502347, 0.10328638497652583, 0.09859154929577464], "0.6": [0.1267605633802817, 0.0892018779342723, 0.10328638497652583, 0.107981220657277], "0.8": [0.15492957746478872, 0.1784037558685446, 0.1643192488262911, 0.16901408450704225], "0.9": [0.15492957746478872, 0.2112676056338028, 0.19718309859154928, 0.20187793427230047], "0.95": [0.15492957746478872, 0.2112676056338028, 0.2535211267605634, 0.2112676056338028], "0.975": [0.18309859154929578, 0.14084507042253522, 0.15492957746478872, 0.215962441314554]}}, "just_main and main-pixel-paint": {"initial-transfer": {"0.025": [0.07981220657276995, 0.06103286384976526, 0.051643192488262914, 0.051643192488262914], "0.05": [0.056338028169014086, 0.056338028169014086, 0.046948356807511735, 0.046948356807511735], "0.1": [0.046948356807511735, 0.04225352112676056, 0.04225352112676056, 0.051643192488262914], "0.2": [0.051643192488262914, 0.06103286384976526, 0.07511737089201878, 0.07981220657276995], "0.4": [0.09389671361502347, 0.06103286384976526, 0.0892018779342723, 0.09389671361502347], "0.6": [0.1267605633802817, 0.07981220657276995, 0.11737089201877934, 0.13145539906103287], "0.8": [0.12206572769953052, 0.1784037558685446, 0.14553990610328638, 0.14084507042253522], "0.9": [0.14084507042253522, 0.20657276995305165, 0.11737089201877934, 0.2112676056338028], "0.95": [0.13145539906103287, 0.1643192488262911, 0.215962441314554, 0.16901408450704225], "0.975": [0.16901408450704225, 0.14553990610328638, 0.11267605633802817, 0.1643192488262911]}}}