{"both and spurious-box": {"initial-transfer": {"0.025": [0.34877384196185285, 0.3542234332425068, 0.3024523160762943, 0.3760217983651226], "0.05": [0.3896457765667575, 0.3460490463215259, 0.3569482288828338, 0.4114441416893733], "0.1": [0.2779291553133515, 0.36239782016348776, 0.26975476839237056, 0.30517711171662126], "0.2": [0.22070844686648503, 0.2016348773841962, 0.18528610354223432, 0.25340599455040874], "0.4": [0.1771117166212534, 0.22888283378746593, 0.22070844686648503, 0.19618528610354224], "0.6": [0.2997275204359673, 0.31607629427792916, 0.30517711171662126, 0.3024523160762943], "0.8": [0.4359673024523161, 0.45231607629427795, 0.44141689373297005, 0.40054495912806537], "0.9": [0.5149863760217984, 0.46321525885558584, 0.48501362397820164, 0.5258855585831063], "0.95": [0.5149863760217984, 0.5340599455040872, 0.4877384196185286, 0.4250681198910082], "0.975": [0.5040871934604905, 0.5613079019073569, 0.6049046321525886, 0.5258855585831063]}}, "both and spurious-pixel-paint": {"initial-transfer": {"0.025": [0.34332425068119893, 0.3405994550408719, 0.21798365122615804, 0.3460490463215259], "0.05": [0.37057220708446864, 0.36239782016348776, 0.32697547683923706, 0.3542234332425068], "0.1": [0.29155313351498635, 0.3106267029972752, 0.2452316076294278, 0.3106267029972752], "0.2": [0.22070844686648503, 0.20435967302452315, 0.16076294277929154, 0.18256130790190736], "0.4": [0.15803814713896458, 0.13896457765667575, 0.15258855585831063, 0.14713896457765668], "0.6": [0.1989100817438692, 0.16621253405994552, 0.22343324250681199, 0.1989100817438692], "0.8": [0.18256130790190736, 0.23978201634877383, 0.20708446866485014, 0.21525885558583105], "0.9": [0.2561307901907357, 0.21798365122615804, 0.2016348773841962, 0.26430517711171664], "0.95": [0.22888283378746593, 0.24795640326975477, 0.22070844686648503, 0.1907356948228883], "0.975": [0.22343324250681199, 0.25340599455040874, 0.2970027247956403, 0.22343324250681199]}}, "just_spurious and spurious-box": {"initial-transfer": {"0.025": [0.118, 0.18, 0.256, 0.216], "0.05": [0.244, 0.132, 0.218, 0.25], "0.1": [0.142, 0.23, 0.166, 0.17], "0.2": [0.12, 0.136, 0.164, 0.156], "0.4": [0.098, 0.156, 0.144, 0.124], "0.6": [0.19, 0.266, 0.204, 0.214], "0.8": [0.376, 0.3, 0.34, 0.304], "0.9": [0.438, 0.418, 0.46, 0.406], "0.95": [0.504, 0.468, 0.48, 0.458], "0.975": [0.488, 0.512, 0.52, 0.52]}}, "just_spurious and spurious-pixel-paint": {"initial-transfer": {"0.025": [0.112, 0.126, 0.114, 0.15], "0.05": [0.156, 0.138, 0.13, 0.134], "0.1": [0.12, 0.14, 0.104, 0.128], "0.2": [0.092, 0.1, 0.086, 0.096], "0.4": [0.076, 0.096, 0.118, 0.084], "0.6": [0.148, 0.178, 0.148, 0.154], "0.8": [0.298, 0.236, 0.254, 0.23], "0.9": [0.384, 0.36, 0.35, 0.344], "0.95": [0.412, 0.384, 0.388, 0.348], "0.975": [0.39, 0.424, 0.428, 0.428]}}}