{"both and main-box": {"careful-paint-tune": {"0.025": [0.10899182561307902, 0.10354223433242507, 0.1008174386920981], "0.05": [0.10899182561307902, 0.11716621253405994, 0.09809264305177112], "0.1": [0.10626702997275204, 0.11716621253405994, 0.1008174386920981], "0.2": [0.07901907356948229, 0.0653950953678474, 0.07356948228882834], "0.4": [0.05449591280653951, 0.08991825613079019, 0.0681198910081744], "0.6": [0.07901907356948229, 0.08991825613079019, 0.07901907356948229], "0.8": [0.035422343324250684, 0.07356948228882834, 0.05449591280653951], "0.9": [0.05722070844686648, 0.05994550408719346, 0.05449591280653951], "0.95": [0.08446866485013624, 0.04632152588555858, 0.05994550408719346], "0.975": [0.08446866485013624, 0.051771117166212535, 0.05994550408719346]}, "careful-tune": {"0.025": [0.42779291553133514, 0.4359673024523161, 0.38419618528610355], "0.05": [0.5068119891008175, 0.42779291553133514, 0.40599455040871935], "0.1": [0.4141689373297003, 0.444141689373297, 0.4250681198910082], "0.2": [0.4223433242506812, 0.48501362397820164, 0.5258855585831063], "0.4": [0.2125340599455041, 0.22343324250681199, 0.22888283378746593], "0.6": [0.2125340599455041, 0.4114441416893733, 0.06267029972752043], "0.8": [0.55858310626703, 0.6512261580381471, 0.5149863760217984], "0.9": [0.659400544959128, 0.6267029972752044, 0.6294277929155313], "0.95": [0.5940054495912807, 0.662125340599455, 0.6430517711171662], "0.975": [0.6866485013623979, 0.6730245231607629, 0.6457765667574932]}, "full-paint-tune": {"0.025": [0.10626702997275204, 0.10899182561307902, 0.10354223433242507], "0.05": [0.1008174386920981, 0.11716621253405994, 0.09264305177111716], "0.1": [0.09536784741144415, 0.11171662125340599, 0.09264305177111716], "0.2": [0.08991825613079019, 0.08719346049046321, 0.09264305177111716], "0.4": [0.09264305177111716, 0.07084468664850137, 0.07629427792915532], "0.6": [0.09809264305177112, 0.09264305177111716, 0.07901907356948229], "0.8": [0.043596730245231606, 0.08719346049046321, 0.05722070844686648], "0.9": [0.07629427792915532, 0.04904632152588556, 0.0681198910081744], "0.95": [0.05722070844686648, 0.04087193460490463, 0.05722070844686648], "0.975": [0.0681198910081744, 0.043596730245231606, 0.035422343324250684]}, "full-tune": {"0.025": [0.47956403269754766, 0.3787465940054496, 0.3760217983651226], "0.05": [0.41689373297002724, 0.31607629427792916, 0.3869209809264305], "0.1": [0.44686648501362397, 0.4332425068119891, 0.4250681198910082], "0.2": [0.4904632152588556, 0.4713896457765668, 0.47411444141689374], "0.4": [0.4659400544959128, 0.4223433242506812, 0.5095367847411444], "0.6": [0.5694822888283378, 0.5122615803814714, 0.5640326975476839], "0.8": [0.6457765667574932, 0.6485013623978202, 0.5667574931880109], "0.9": [0.6348773841961853, 0.6321525885558583, 0.6076294277929155], "0.95": [0.5776566757493188, 0.6757493188010899, 0.7220708446866485], "0.975": [0.662125340599455, 0.6430517711171662, 0.6730245231607629]}, "initial-transfer": {"0.025": [0.035422343324250684, 0.027247956403269755, 0.01634877384196185], "0.05": [0.03814713896457766, 0.027247956403269755, 0.043596730245231606], "0.1": [0.035422343324250684, 0.04632152588555858, 0.04087193460490463], "0.2": [0.04632152588555858, 0.04632152588555858, 0.04632152588555858], "0.4": [0.05722070844686648, 0.03814713896457766, 0.05994550408719346], "0.6": [0.043596730245231606, 0.03814713896457766, 0.05722070844686648], "0.8": [0.02997275204359673, 0.03814713896457766, 0.02997275204359673], "0.9": [0.027247956403269755, 0.035422343324250684, 0.035422343324250684], "0.95": [0.02997275204359673, 0.035422343324250684, 0.035422343324250684], "0.975": [0.021798365122615803, 0.027247956403269755, 0.0326975476839237]}, "initial-tune": {"0.025": [0.021798365122615803, 0.01634877384196185, 0.02997275204359673], "0.05": [0.035422343324250684, 0.03814713896457766, 0.01907356948228883], "0.1": [0.05994550408719346, 0.0653950953678474, 0.051771117166212535], "0.2": [0.06267029972752043, 0.06267029972752043, 0.04632152588555858], "0.4": [0.05449591280653951, 0.05994550408719346, 0.05722070844686648], "0.6": [0.03814713896457766, 0.04087193460490463, 0.05994550408719346], "0.8": [0.051771117166212535, 0.05449591280653951, 0.035422343324250684], "0.9": [0.02997275204359673, 0.0326975476839237, 0.027247956403269755], "0.95": [0.021798365122615803, 0.04087193460490463, 0.043596730245231606], "0.975": [0.013623978201634877, 0.027247956403269755, 0.01907356948228883]}}, "both and main-pixel-paint": {"careful-paint-tune": {"0.025": [0.37329700272479566, 0.5449591280653951, 0.4359673024523161], "0.05": [0.5367847411444142, 0.5013623978201635, 0.44959128065395093], "0.1": [0.5694822888283378, 0.5395095367847411, 0.5231607629427792], "0.2": [0.5177111716621253, 0.5940054495912807, 0.5722070844686649], "0.4": [0.29155313351498635, 0.3460490463215259, 0.4359673024523161], "0.6": [0.2098092643051771, 0.40599455040871935, 0.16621253405994552], "0.8": [0.7384196185286104, 0.6893732970027248, 0.7411444141689373], "0.9": [0.662125340599455, 0.7138964577656676, 0.7602179836512262], "0.95": [0.7057220708446866, 0.771117166212534, 0.7520435967302452], "0.975": [0.6839237057220708, 0.6975476839237057, 0.6485013623978202]}, "careful-tune": {"0.025": [0.13896457765667575, 0.14168937329700274, 0.14168937329700274], "0.05": [0.14168937329700274, 0.08719346049046321, 0.1008174386920981], "0.1": [0.16893732970027248, 0.15258855585831063, 0.11171662125340599], "0.2": [0.07901907356948229, 0.14168937329700274, 0.09809264305177112], "0.4": [0.0681198910081744, 0.08446866485013624, 0.10626702997275204], "0.6": [0.08991825613079019, 0.10626702997275204, 0.07901907356948229], "0.8": [0.10354223433242507, 0.07356948228882834, 0.11716621253405994], "0.9": [0.07901907356948229, 0.10899182561307902, 0.08719346049046321], "0.95": [0.07629427792915532, 0.07629427792915532, 0.0681198910081744], "0.975": [0.0681198910081744, 0.08174386920980926, 0.07356948228882834]}, "full-paint-tune": {"0.025": [0.49591280653950953, 0.4986376021798365, 0.44141689373297005], "0.05": [0.47411444141689374, 0.5122615803814714, 0.4904632152588556], "0.1": [0.4986376021798365, 0.5258855585831063, 0.5149863760217984], "0.2": [0.5885558583106267, 0.6239782016348774, 0.5640326975476839], "0.4": [0.6403269754768393, 0.5395095367847411, 0.5749318801089919], "0.6": [0.6348773841961853, 0.6975476839237057, 0.6430517711171662], "0.8": [0.7356948228882834, 0.6784741144414169, 0.6811989100817438], "0.9": [0.7166212534059946, 0.7193460490463215, 0.6866485013623979], "0.95": [0.7574931880108992, 0.7220708446866485, 0.7084468664850136], "0.975": [0.6920980926430518, 0.7138964577656676, 0.7220708446866485]}, "full-tune": {"0.025": [0.14168937329700274, 0.11989100817438691, 0.11716621253405994], "0.05": [0.11716621253405994, 0.1335149863760218, 0.1880108991825613], "0.1": [0.1362397820163488, 0.1226158038147139, 0.10899182561307902], "0.2": [0.10899182561307902, 0.1307901907356948, 0.16893732970027248], "0.4": [0.15803814713896458, 0.11171662125340599, 0.1226158038147139], "0.6": [0.11444141689373297, 0.14168937329700274, 0.10354223433242507], "0.8": [0.07356948228882834, 0.09264305177111716, 0.11171662125340599], "0.9": [0.08174386920980926, 0.06267029972752043, 0.08446866485013624], "0.95": [0.09809264305177112, 0.07084468664850137, 0.07084468664850137], "0.975": [0.07629427792915532, 0.07629427792915532, 0.07901907356948229]}, "initial-transfer": {"0.025": [0.04632152588555858, 0.035422343324250684, 0.043596730245231606], "0.05": [0.051771117166212535, 0.04087193460490463, 0.05449591280653951], "0.1": [0.02997275204359673, 0.043596730245231606, 0.0653950953678474], "0.2": [0.05449591280653951, 0.05449591280653951, 0.03814713896457766], "0.4": [0.07901907356948229, 0.05994550408719346, 0.0653950953678474], "0.6": [0.05722070844686648, 0.051771117166212535, 0.051771117166212535], "0.8": [0.02997275204359673, 0.04904632152588556, 0.043596730245231606],