{"just_main and just_main+just_spurious": {"initial-transfer": {"0.025": [0.20187793427230047, 0.18309859154929578, 0.1596244131455399, 0.14084507042253522, 0.215962441314554, 0.2347417840375587, 0.13145539906103287, 0.16901408450704225], "0.05": [0.18309859154929578, 0.1267605633802817, 0.1643192488262911, 0.11737089201877934, 0.13615023474178403, 0.16901408450704225, 0.1267605633802817, 0.18779342723004694], "0.1": [0.12206572769953052, 0.1596244131455399, 0.13145539906103287, 0.1643192488262911, 0.15023474178403756, 0.14553990610328638, 0.18779342723004694, 0.1643192488262911], "0.2": [0.107981220657277, 0.07042253521126761, 0.07511737089201878, 0.07042253521126761, 0.08450704225352113, 0.0892018779342723, 0.06572769953051644, 0.06103286384976526], "0.4": [0.0892018779342723, 0.06103286384976526, 0.056338028169014086, 0.08450704225352113, 0.03755868544600939, 0.08450704225352113, 0.07511737089201878, 0.07981220657276995], "0.6": [0.07042253521126761, 0.06572769953051644, 0.06572769953051644, 0.09389671361502347, 0.06572769953051644, 0.11267605633802817, 0.07981220657276995, 0.07981220657276995], "0.8": [0.15023474178403756, 0.15492957746478872, 0.13615023474178403, 0.09859154929577464, 0.1267605633802817, 0.14084507042253522, 0.11737089201877934, 0.0892018779342723], "0.9": [0.15023474178403756, 0.1596244131455399, 0.14553990610328638, 0.18779342723004694, 0.13145539906103287, 0.09389671361502347, 0.13145539906103287, 0.1267605633802817], "0.95": [0.15023474178403756, 0.22065727699530516, 0.18309859154929578, 0.2112676056338028, 0.28169014084507044, 0.24882629107981222, 0.2300469483568075, 0.1643192488262911], "0.975": [0.2347417840375587, 0.20187793427230047, 0.22065727699530516, 0.22065727699530516, 0.22065727699530516, 0.2535211267605634, 0.20657276995305165, 0.2676056338028169]}, "initial-tune": {"0.025": [0.18779342723004694, 0.22535211267605634, 0.20187793427230047, 0.27699530516431925, 0.23943661971830985, 0.2300469483568075, 0.19248826291079812, 0.20657276995305165], "0.05": [0.19718309859154928, 0.18309859154929578, 0.17370892018779344, 0.18309859154929578, 0.24413145539906103, 0.215962441314554, 0.20187793427230047, 0.2676056338028169], "0.1": [0.20187793427230047, 0.18779342723004694, 0.16901408450704225, 0.16901408450704225, 0.14084507042253522, 0.20187793427230047, 0.19248826291079812, 0.1596244131455399], "0.2": [0.14084507042253522, 0.09389671361502347, 0.07042253521126761, 0.09859154929577464, 0.1267605633802817, 0.11267605633802817, 0.09859154929577464, 0.13145539906103287], "0.4": [0.09859154929577464, 0.07511737089201878, 0.11737089201877934, 0.07511737089201878, 0.07511737089201878, 0.07511737089201878, 0.11737089201877934, 0.107981220657277], "0.6": [0.06103286384976526, 0.0892018779342723, 0.12206572769953052, 0.07511737089201878, 0.051643192488262914, 0.07511737089201878, 0.06572769953051644, 0.07981220657276995], "0.8": [0.11737089201877934, 0.11267605633802817, 0.12206572769953052, 0.10328638497652583, 0.15492957746478872, 0.11267605633802817, 0.10328638497652583, 0.09389671361502347], "0.9": [0.18309859154929578, 0.20187793427230047, 0.1643192488262911, 0.19718309859154928, 0.16901408450704225, 0.15492957746478872, 0.1643192488262911, 0.1596244131455399], "0.95": [0.22065727699530516, 0.22535211267605634, 0.14553990610328638, 0.23943661971830985, 0.22065727699530516, 0.20187793427230047, 0.2676056338028169, 0.22535211267605634], "0.975": [0.24882629107981222, 0.28169014084507044, 0.25821596244131456, 0.26291079812206575, 0.2863849765258216, 0.3051643192488263, 0.19248826291079812, 0.22535211267605634]}, "minimal-tune": {"0.025": [0.07981220657276995, 0.07981220657276995, 0.0892018779342723, 0.0892018779342723, 0.107981220657277, 0.051643192488262914, 0.06103286384976526, 0.1267605633802817], "0.05": [0.09389671361502347, 0.07511737089201878, 0.07511737089201878, 0.1267605633802817, 0.07511737089201878, 0.06103286384976526, 0.056338028169014086, 0.10328638497652583], "0.1": [0.10328638497652583, 0.07042253521126761, 0.09389671361502347, 0.13145539906103287, 0.1643192488262911, 0.06103286384976526, 0.07511737089201878, 0.09389671361502347], "0.2": [0.1267605633802817, 0.06103286384976526, 0.07042253521126761, 0.11267605633802817, 0.09389671361502347, 0.10328638497652583, 0.07042253521126761, 0.09859154929577464], "0.4": [0.1643192488262911, 0.051643192488262914, 0.1643192488262911, 0.10328638497652583, 0.12206572769953052, 0.0892018779342723, 0.107981220657277, 0.0892018779342723], "0.6": [0.09859154929577464, 0.13145539906103287, 0.08450704225352113, 0.11737089201877934, 0.09859154929577464, 0.0892018779342723, 0.10328638497652583, 0.09859154929577464], "0.8": [0.12206572769953052, 0.15023474178403756, 0.1267605633802817, 0.1643192488262911, 0.14084507042253522, 0.09859154929577464, 0.12206572769953052, 0.15023474178403756], "0.9": [0.18309859154929578, 0.14553990610328638, 0.17370892018779344, 0.1643192488262911, 0.1784037558685446, 0.1784037558685446, 0.1267605633802817, 0.1267605633802817], "0.95": [0.18779342723004694, 0.20657276995305165, 0.1596244131455399, 0.16901408450704225, 0.1596244131455399, 0.12206572769953052, 0.14084507042253522, 0.18779342723004694], "0.975": [0.15023474178403756, 0.12206572769953052, 0.16901408450704225, 0.1784037558685446, 0.18779342723004694, 0.16901408450704225, 0.19248826291079812, 0.15023474178403756]}}, "just_spurious and just_spurious+just_main": {"initial-transfer": {"0.025": [0.04, 0.058, 0.04, 0.084, 0.038, 0.04, 0.078, 0.044], "0.05": [0.05, 0.076, 0.064, 0.05, 0.076, 0.048, 0.054, 0.04], "0.1": [0.05, 0.054, 0.066, 0.052, 0.068, 0.054, 0.042, 0.05], "0.2": [0.044, 0.08, 0.07, 0.068, 0.064, 0.054, 0.084, 0.092], "0.4": [0.062, 0.072, 0.096, 0.06, 0.096, 0.066, 0.046, 0.076], "0.6": [0.056, 0.074, 0.096, 0.106, 0.084, 0.052, 0.082, 0.082], "0.8": [0.102, 0.08, 0.08, 0.074, 0.078, 0.078, 0.116, 0.09], "0.9": [0.094, 0.09, 0.094, 0.11, 0.076, 0.088, 0.092, 0.098], "0.95": [0.09, 0.1, 0.066, 0.088, 0.088, 0.092, 0.106, 0.084], "0.975": [0.106, 0.096, 0.104, 0.098, 0.082, 0.094, 0.112, 0.082]}, "initial-tune": {"0.025": [0.062, 0.062, 0.052, 0.048, 0.056, 0.046, 0.078, 0.058], "0.05": [0.078, 0.088, 0.058, 0.08, 0.062, 0.072, 0.072, 0.064], "0.1": [0.074, 0.058, 0.08, 0.076, 0.064, 0.058, 0.07, 0.076], "0.2": [0.07, 0.078, 0.084, 0.1, 0.07, 0.062, 0.074, 0.072], "0.4": [0.094, 0.072, 0.102, 0.108, 0.078, 0.112, 0.056, 0.09], "0.6": [0.122, 0.092, 0.09, 0.078, 0.086, 0.11, 0.114, 0.098], "0.8": [0.112, 0.094, 0.11, 0.1, 0.114, 0.13, 0.104, 0.108], "0.9": [0.098, 0.098, 0.11, 0.12, 0.106, 0.114, 0.098, 0.108], "0.95": [0.094, 0.102, 0.098, 0.092, 0.11, 0.096, 0.094, 0.11], "0.975": [0.09, 0.106, 0.084, 0.112, 0.08, 0.106, 0.114, 0.088]}, "minimal-tune": {"0.025": [0.286, 0.324, 0.354, 0.33, 0.418, 0.378, 0.38, 0.354], "0.05": [0.368, 0.364, 0.394, 0.35, 0.412, 0.42, 0.422, 0.29], "0.1": [0.29, 0.372, 0.372, 0.242, 0.36, 0.35, 0.346, 0.29], "0.2": [0.238, 0.368, 0.338, 0.314, 0.27, 0.23, 0.34, 0.322], "0.4": [0.2, 0.194, 0.164, 0.19, 0.2, 0.17, 0.134, 0.168], "0.6": [0.104, 0.104, 0.146, 0.104, 0.1, 0.12, 0.134, 0.064], "0.8": [0.128, 0.106, 0.118, 0.126, 0.108, 0.184, 0.132, 0.09], "0.9": [0.122, 0.132, 0.138, 0.116, 0.128, 0.116, 0.136, 0.134], "0.95": [0.136, 0.144, 0.134, 0.118, 0.148, 0.172, 0.12, 0.128], "0.975": [0.144, 0.142, 0.16, 0.166, 0.142, 0.144, 0.124, 0.148]}}, "neither and neither+just_main": {"initial-transfer": {"0.025": [0.08, 0.09, 0.044, 0.094, 0.056, 0.07, 0.084, 0.098], "0.05": [0.076, 0.106, 0.09, 0.08, 0.084, 0.074, 0.082, 0.06], "0.1": [0.062, 0.074, 0.076, 0.072, 0.086, 0.078, 0.076, 0.092], "0.2": [0.074, 0.104, 0.074, 0.076, 0.086, 0.07, 0.09, 0.092], "0.4": [0.074, 0.074, 0.086, 0.072, 0.076, 0.072, 0.08, 0.064], "0.6": [0.058, 0.038, 0.1, 0.124, 0.084, 0.054, 0.088, 0.07], "0.8": [0.07, 0.052, 0.062, 0.072, 0.046, 0.028, 0.084, 0.07], "0.9": [0.072, 0.068, 0.1, 0.052, 0.08, 0.088, 0.072, 0.068],