{"both": 0.8647342995169082, "just_main": 0.3430232558139535, "just_spurious": 0.562, "neither": 0.948, "average": 0.6794393888327155}