{"orig": 1.0, "tie-person-both-spurious-box": 0.4813496172428131, "tie-person-both-main-box": 0.23953281342983246, "tie-person-just_main-main-box": 0.005658349487930536, "tie-person-just_spurious-spurious-box": 0.01438392885029316, "tie-person-neither+main": 0.032337889075279236, "tie-person-neither+spurious": 0.03087044507265091}