{"s_p1": [0.002770577407115204, "just_main+spurious"], "s_p2": [2.4091977453175688e-05, "neither+spurious"]}