{"s_p1": [0.01385288703557602, "just_main+spurious"], "s_p2": [0.00012045988726587844, "neither+spurious"]}