{"both": 0.9227053140096618, "just_main": 0.48255813953488375, "just_spurious": 0.398, "neither": 0.88, "average": 0.6708158633861364}