{"B2M": 0.11259683966636658, "B2S": 0.05520480126142502, "M2N": 0.7776913642883301, "S2N": 0.13676822185516357, "N2M": 0.0026634696405380964, "N2S": 0.004933878779411316, "M2B": 0.0, "S2B": 0.0}