{"average": {"initial-tune": {"0.025": [0.512082679480335, 0.5531309407876115, 0.5743080286683329, 0.5684422846945285], "0.05": [0.5906379951355941, 0.5809849082115804, 0.6239943999024102, 0.6071326372988498], "0.1": [0.5906086329155391, 0.6337443072127941, 0.6210539991543144, 0.6453088712700568], "0.2": [0.6393827337577296, 0.6636241547426587, 0.6856975570375232, 0.6783858200992208], "0.4": [0.6706474165810586, 0.6968561590793676, 0.673192843059518, 0.7108479965679143], "0.6": [0.6890353580903129, 0.7018649716174459, 0.7002601466860292, 0.7049899024857265], "0.8": [0.6841350955439767, 0.685709612170198, 0.6852481097143515, 0.685822667459811], "0.9": [0.6516744069063872, 0.6631841233823863, 0.6924532326917133, 0.6621148994874486], "0.95": [0.6585266778191179, 0.6641471325156544, 0.6710663798142918, 0.6648218776277763], "0.975": [0.6832394328697596, 0.6507360967288961, 0.6746903371846068, 0.6659383437582025]}}, "both": {"initial-tune": {"0.025": [0.30412371134020616, 0.41237113402061853, 0.31958762886597936, 0.4381443298969072], "0.05": [0.422680412371134, 0.5412371134020618, 0.5876288659793815, 0.4793814432989691], "0.1": [0.5360824742268041, 0.6185567010309279, 0.5051546391752577, 0.6391752577319587], "0.2": [0.7577319587628866, 0.6443298969072165, 0.6391752577319587, 0.7731958762886598], "0.4": [0.6597938144329897, 0.7783505154639175, 0.7989690721649485, 0.8402061855670103], "0.6": [0.7731958762886598, 0.8711340206185567, 0.8814432989690721, 0.8350515463917526], "0.8": [0.9123711340206185, 0.8865979381443299, 0.8969072164948454, 0.8814432989690721], "0.9": [0.8350515463917526, 0.8711340206185567, 0.9329896907216495, 0.9072164948453608], "0.95": [0.8969072164948454, 0.8969072164948454, 0.9175257731958762, 0.8917525773195877], "0.975": [0.9381443298969072, 0.8350515463917526, 0.9123711340206185, 0.8917525773195877]}}, "just_main": {"initial-tune": {"0.025": [0.5867346938775511, 0.6071428571428571, 0.6071428571428571, 0.6377551020408163], "0.05": [0.5714285714285714, 0.7448979591836735, 0.7040816326530612, 0.6683673469387755], "0.1": [0.6887755102040817, 0.673469387755102, 0.6224489795918368, 0.6326530612244898], "0.2": [0.7857142857142857, 0.6122448979591837, 0.6530612244897959, 0.7602040816326531], "0.4": [0.5051020408163265, 0.6836734693877551, 0.7704081632653061, 0.7193877551020408], "0.6": [0.5357142857142857, 0.7193877551020408, 0.7244897959183674, 0.6683673469387755], "0.8": [0.7806122448979592, 0.6224489795918368, 0.6275510204081632, 0.6428571428571429], "0.9": [0.4897959183673469, 0.5306122448979592, 0.6989795918367347, 0.5255102040816326], "0.95": [0.5663265306122449, 0.6275510204081632, 0.673469387755102, 0.5816326530612245], "0.975": [0.7142857142857143, 0.42346938775510207, 0.6530612244897959, 0.5663265306122449]}}, "just_spurious": {"initial-tune": {"0.025": [0.7654723127035831, 0.6710097719869706, 0.7785016286644951, 0.7198697068403909], "0.05": [0.752442996742671, 0.5798045602605864, 0.6742671009771987, 0.6807817589576547], "0.1": [0.5895765472312704, 0.6449511400651465, 0.7166123778501629, 0.6254071661237784], "0.2": [0.4820846905537459, 0.6319218241042345, 0.6905537459283387, 0.50814332247557], "0.4": [0.6416938110749185, 0.511400651465798, 0.3973941368078176, 0.46579804560260585], "0.6": [0.5472312703583062, 0.4169381107491857, 0.3811074918566775, 0.46254071661237783], "0.8": [0.247557003257329, 0.3517915309446254, 0.3485342019543974, 0.3289902280130293], "0.9": [0.3778501628664495, 0.3289902280130293, 0.26384364820846906, 0.3257328990228013], "0.95": [0.2768729641693811, 0.28013029315960913, 0.23127035830618892, 0.2899022801302932], "0.975": [0.23452768729641693, 0.41042345276872966, 0.25732899022801303, 0.2996742671009772]}}, "neither": {"initial-tune": {"0.025": [0.392, 0.522, 0.592, 0.478], "0.05": [0.616, 0.458, 0.53, 0.6], "0.1": [0.548, 0.598, 0.64, 0.684], "0.2": [0.532, 0.766, 0.76, 0.672], "0.4": [0.876, 0.814, 0.726, 0.818], "0.6": [0.9, 0.8, 0.814, 0.854], "0.8": [0.796, 0.882, 0.868, 0.89], "0.9": [0.904, 0.922, 0.874, 0.89], "0.95": [0.894, 0.852, 0.862, 0.896], "0.975": [0.846, 0.934, 0.876, 0.906]}}}