{"average": {"initial-transfer": {"0.025": [0.5363905172868705, 0.5183811914436348, 0.5382368498962767, 0.5450658863834328], "0.05": [0.5446501845911137, 0.5591215693705536, 0.5425661896378149, 0.5501993042624888], "0.1": [0.562111620228198, 0.598323383277217, 0.5883736580565266, 0.6032612055064142], "0.2": [0.6572043931108829, 0.6429615332952752, 0.6658583826021762, 0.6651999642262627], "0.4": [0.6608359808411763, 0.671197251384519, 0.6610604706370946, 0.6799486653723243], "0.6": [0.6807533301443079, 0.6861444213872123, 0.6972971581123802, 0.6794397130288362], "0.8": [0.6747531430517739, 0.6461250055682303, 0.6691905904105824, 0.6749115603997063], "0.9": [0.642167564665142, 0.6607426555900577, 0.6524433976552441, 0.6581446728998863], "0.95": [0.6491763504757153, 0.6633155925522095, 0.6345041602389302, 0.6523140824481846], "0.975": [0.6554578212560419, 0.6592135500225813, 0.6434859773117749, 0.6521776039271614]}, "initial-tune": {"0.025": [0.512082679480335, 0.5531309407876115, 0.5743080286683329, 0.5684422846945285], "0.05": [0.5906379951355941, 0.5809849082115804, 0.6239943999024102, 0.6071326372988498], "0.1": [0.5906086329155391, 0.6337443072127941, 0.6210539991543144, 0.6453088712700568], "0.2": [0.6393827337577296, 0.6636241547426587, 0.6856975570375232, 0.6783858200992208], "0.4": [0.6706474165810586, 0.6968561590793676, 0.673192843059518, 0.7108479965679143], "0.6": [0.6890353580903129, 0.7018649716174459, 0.7002601466860292, 0.7049899024857265], "0.8": [0.6841350955439767, 0.685709612170198, 0.6852481097143515, 0.685822667459811], "0.9": [0.6516744069063872, 0.6631841233823863, 0.6924532326917133, 0.6621148994874486], "0.95": [0.6585266778191179, 0.6641471325156544, 0.6710663798142918, 0.6648218776277763], "0.975": [0.6832394328697596, 0.6507360967288961, 0.6746903371846068, 0.6659383437582025]}}, "both": {"initial-transfer": {"0.025": [0.4175257731958763, 0.4793814432989691, 0.4072164948453608, 0.29381443298969073], "0.05": [0.23711340206185566, 0.3711340206185567, 0.4948453608247423, 0.18556701030927836], "0.1": [0.33505154639175255, 0.7525773195876289, 0.29896907216494845, 0.39690721649484534], "0.2": [0.6030927835051546, 0.7474226804123711, 0.8608247422680413, 0.7010309278350515], "0.4": [0.6443298969072165, 0.6958762886597938, 0.6443298969072165, 0.7628865979381443], "0.6": [0.7474226804123711, 0.8505154639175257, 0.8608247422680413, 0.8350515463917526], "0.8": [0.8505154639175257, 0.865979381443299, 0.9175257731958762, 0.8350515463917526], "0.9": [0.8195876288659794, 0.8711340206185567, 0.8505154639175257, 0.8969072164948454], "0.95": [0.8556701030927835, 0.865979381443299, 0.7680412371134021, 0.9123711340206185], "0.975": [0.8917525773195877, 0.9072164948453608, 0.8092783505154639, 0.8865979381443299]}, "initial-tune": {"0.025": [0.30412371134020616, 0.41237113402061853, 0.31958762886597936, 0.4381443298969072], "0.05": [0.422680412371134, 0.5412371134020618, 0.5876288659793815, 0.4793814432989691], "0.1": [0.5360824742268041, 0.6185567010309279, 0.5051546391752577, 0.6391752577319587], "0.2": [0.7577319587628866, 0.6443298969072165, 0.6391752577319587, 0.7731958762886598], "0.4": [0.6597938144329897, 0.7783505154639175, 0.7989690721649485, 0.8402061855670103], "0.6": [0.7731958762886598, 0.8711340206185567, 0.8814432989690721, 0.8350515463917526], "0.8": [0.9123711340206185, 0.8865979381443299, 0.8969072164948454, 0.8814432989690721], "0.9": [0.8350515463917526, 0.8711340206185567, 0.9329896907216495, 0.9072164948453608], "0.95": [0.8969072164948454, 0.8969072164948454, 0.9175257731958762, 0.8917525773195877], "0.975": [0.9381443298969072, 0.8350515463917526, 0.9123711340206185, 0.8917525773195877]}}, "just_main": {"initial-transfer": {"0.025": [0.6428571428571429, 0.75, 0.7091836734693877, 0.5918367346938775], "0.05": [0.5408163265306123, 0.6428571428571429, 0.6836734693877551, 0.49489795918367346], "0.1": [0.5663265306122449, 0.8418367346938775, 0.4897959183673469, 0.5663265306122449], "0.2": [0.6173469387755102, 0.75, 0.826530612244898, 0.7040816326530612], "0.4": [0.5204081632653061, 0.5969387755102041, 0.5153061224489796, 0.6683673469387755], "0.6": [0.5051020408163265, 0.673469387755102, 0.7142857142857143, 0.6428571428571429], "0.8": [0.5408163265306123, 0.6224489795918368, 0.7755102040816326, 0.5714285714285714], "0.9": [0.4744897959183674, 0.6224489795918368, 0.5663265306122449, 0.6428571428571429], "0.95": [0.6224489795918368, 0.5918367346938775, 0.413265306122449, 0.6836734693877551], "0.975": [0.6275510204081632, 0.6683673469387755, 0.5051020408163265, 0.6020408163265306]}, "initial-tune": {"0.025": [0.5867346938775511, 0.6071428571428571, 0.6071428571428571, 0.6377551020408163], "0.05": [0.5714285714285714, 0.7448979591836735, 0.7040816326530612, 0.6683673469387755], "0.1": [0.6887755102040817, 0.673469387755102, 0.6224489795918368, 0.6326530612244898], "0.2": [0.7857142857142857, 0.6122448979591837, 0.6530612244897959, 0.7602040816326531], "0.4": [0.5051020408163265, 0.6836734693877551, 0.7704081632653061, 0.7193877551020408], "0.6": [0.5357142857142857, 0.7193877551020408, 0.7244897959183674, 0.6683673469387755], "0.8": [0.7806122448979592, 0.6224489795918368, 0.6275510204081632, 0.6428571428571429], "0.9": [0.4897959183673469, 0.5306122448979592, 0.6989795918367347, 0.5255102040816326], "0.95": [0.5663265306122449, 0.6275510204081632, 0.673469387755102, 0.5816326530612245], "0.975": [0.7142857142857143, 0.42346938775510207, 0.6530612244897959, 0.5663265306122449]}}, "just_spurious": {"initial-transfer": {"0.025": [0.6351791530944625, 0.50814332247557, 0.5765472312703583, 0.7166123778501629], "0.05": [0.742671009771987, 0.6644951140065146, 0.5537459283387622, 0.8143322475570033], "0.1": [0.6970684039087948, 0.39087947882736157, 0.7687296416938111, 0.6938110749185668], "0.2": [0.6123778501628665, 0.41042345276872966, 0.36807817589576547, 0.5276872964169381], "0.4": [0.6026058631921825, 0.5439739413680782, 0.6026058631921825, 0.46254071661237783], "0.6": [0.5504885993485342, 0.3745928338762215, 0.36807817589576547, 0.3778501628664495], "0.8": [0.41368078175895767, 0.254071661237785, 0.21172638436482086, 0.40716612377850164], "0.9": [0.3745928338762215, 0.28338762214983715, 0.30293159609120524, 0.250814332247557], "0.95": [0.26058631921824105, 0.30944625407166126, 0.42671009771986973, 0.20521172638436483], "0.975": [0.23452768729641693, 0.23127035830618892, 0.36156351791530944, 0.254071661237785]}, "initial-tune": {"0.025": [0.7654723127035831, 0.6710097719869706, 0.7785016286644951, 0.7198697068403909], "0.05": [0.752442996742671, 0.5798045602605864, 0.6742671009771987, 0.6807817589576547], "0.1": [0.5895765472312704, 0.6449511400651465, 0.7166123778501629, 0.6254071661237784], "0.2": [0.4820846905537459, 0.6319218241042345, 0.6905537459283387, 0.50814332247557], "0.4": [0.6416938110749185, 0.511400651465798, 0.3973941368078176, 0.46579804560260585], "0.6": [0.5472312703583062, 0.4169381107491857, 0.3811074918566775, 0.46254071661237783], "0.8": [0.247557003257329, 0.3517915309446254, 0.3485342019543974, 0.3289902280130293], "0.9": [0.3778501628664495, 0.3289902280130293, 0.26384364820846906, 0.3257328990228013], "0.95": [0.2768729641693811, 0.28013029315960913, 0.23127035830618892, 0.2899022801302932], "0.975": [0.23452768729641693, 0.41042345276872966, 0.25732899022801303, 0.2996742671009772]}}, "neither": {"initial-transfer": {"0.025": [0.45, 0.336, 0.46, 0.578], "0.05": [0.658, 0.558, 0.438, 0.706], "0.1": [0.65, 0.408, 0.796, 0.756], "0.2": [0.796, 0.664, 0.608, 0.728], "0.4": [0.876, 0.848, 0.882, 0.826], "0.6": [0.92, 0.846, 0.846, 0.862], "0.8": [0.894, 0.842, 0.772, 0.886], "0.9": [0.9, 0.866, 0.89, 0.842], "0.95": [0.858, 0.886, 0.93, 0.808], "0.975": [0.868, 0.83, 0.898, 0.866]}, "initial-tune": {"0.025": [0.392, 0.522, 0.592, 0.478], "0.05": [0.616, 0.458, 0.53, 0.6], "0.1": [0.548, 0.598, 0.64, 0.684], "0.2": [0.532, 0.766, 0.76, 0.672], "0.4": [0.876, 0.814, 0.726, 0.818], "0.6": [0.9, 0.8, 0.814, 0.854],