{"both and spurious-box": {"initial-transfer": {"0.025": [0.38144329896907214, 0.4072164948453608, 0.41237113402061853, 0.36082474226804123], "0.05": [0.32989690721649484, 0.4020618556701031, 0.36597938144329895, 0.36082474226804123], "0.1": [0.39690721649484534, 0.2422680412371134, 0.31958762886597936, 0.29896907216494845], "0.2": [0.23195876288659795, 0.20103092783505155, 0.22164948453608246, 0.23195876288659795], "0.4": [0.34536082474226804, 0.33505154639175255, 0.33505154639175255, 0.30412371134020616], "0.6": [0.4536082474226804, 0.35051546391752575, 0.4072164948453608, 0.3917525773195876], "0.8": [0.4690721649484536, 0.4587628865979381, 0.30412371134020616, 0.41237113402061853], "0.9": [0.4484536082474227, 0.37628865979381443, 0.4536082474226804, 0.4329896907216495], "0.95": [0.4587628865979381, 0.4381443298969072, 0.4896907216494845, 0.36597938144329895], "0.975": [0.38144329896907214, 0.41237113402061853, 0.4536082474226804, 0.4175257731958763]}, "initial-tune": {"0.025": [0.38144329896907214, 0.3402061855670103, 0.30927835051546393, 0.32989690721649484], "0.05": [0.31443298969072164, 0.3247422680412371, 0.34536082474226804, 0.35051546391752575], "0.1": [0.30412371134020616, 0.27319587628865977, 0.30412371134020616, 0.27835051546391754], "0.2": [0.23195876288659795, 0.30927835051546393, 0.28350515463917525, 0.16494845360824742], "0.4": [0.3247422680412371, 0.22164948453608246, 0.14948453608247422, 0.23711340206185566], "0.6": [0.32989690721649484, 0.17010309278350516, 0.31443298969072164, 0.26288659793814434], "0.8": [0.20618556701030927, 0.36082474226804123, 0.30927835051546393, 0.39690721649484534], "0.9": [0.38144329896907214, 0.4020618556701031, 0.37628865979381443, 0.35051546391752575], "0.95": [0.4793814432989691, 0.37628865979381443, 0.4587628865979381, 0.4484536082474227], "0.975": [0.2268041237113402, 0.4948453608247423, 0.34536082474226804, 0.4587628865979381]}}, "both and spurious-pixel-paint": {"initial-transfer": {"0.025": [0.2422680412371134, 0.29896907216494845, 0.27835051546391754, 0.21649484536082475], "0.05": [0.21649484536082475, 0.25257731958762886, 0.22164948453608246, 0.14948453608247422], "0.1": [0.24742268041237114, 0.18556701030927836, 0.211340206185567, 0.2268041237113402], "0.2": [0.2268041237113402, 0.18556701030927836, 0.12886597938144329, 0.23195876288659795], "0.4": [0.211340206185567, 0.27835051546391754, 0.2268041237113402, 0.21649484536082475], "0.6": [0.28350515463917525, 0.211340206185567, 0.21649484536082475, 0.2422680412371134], "0.8": [0.24742268041237114, 0.211340206185567, 0.14432989690721648, 0.20618556701030927], "0.9": [0.26288659793814434, 0.20618556701030927, 0.21649484536082475, 0.21649484536082475], "0.95": [0.2268041237113402, 0.22164948453608246, 0.27319587628865977, 0.18556701030927836], "0.975": [0.1958762886597938, 0.19072164948453607, 0.23195876288659795, 0.1958762886597938]}, "initial-tune": {"0.025": [0.17525773195876287, 0.20618556701030927, 0.14432989690721648, 0.20103092783505155], "0.05": [0.2422680412371134, 0.19072164948453607, 0.1958762886597938, 0.20618556701030927], "0.1": [0.23711340206185566, 0.20618556701030927, 0.2422680412371134, 0.18041237113402062], "0.2": [0.17525773195876287, 0.21649484536082475, 0.24742268041237114, 0.15979381443298968], "0.4": [0.24742268041237114, 0.17010309278350516, 0.12886597938144329, 0.20103092783505155], "0.6": [0.23195876288659795, 0.15463917525773196, 0.16494845360824742, 0.26804123711340205], "0.8": [0.16494845360824742, 0.18041237113402062, 0.25257731958762886, 0.18556701030927836], "0.9": [0.20103092783505155, 0.20103092783505155, 0.17525773195876287, 0.17010309278350516], "0.95": [0.21649484536082475, 0.17010309278350516, 0.20103092783505155, 0.18041237113402062], "0.975": [0.0979381443298969, 0.21649484536082475, 0.16494845360824742, 0.15463917525773196]}}, "just_spurious and spurious-box": {"initial-transfer": {"0.025": [0.3257328990228013, 0.3485342019543974, 0.2996742671009772, 0.28664495114006516], "0.05": [0.24104234527687296, 0.2768729641693811, 0.2964169381107492, 0.16938110749185667], "0.1": [0.34201954397394135, 0.26384364820846906, 0.2703583061889251, 0.1986970684039088], "0.2": [0.1758957654723127, 0.2247557003257329, 0.247557003257329, 0.21498371335504887], "0.4": [0.23778501628664495, 0.2280130293159609, 0.23452768729641693, 0.2671009771986971], "0.6": [0.30944625407166126, 0.2931596091205212, 0.3485342019543974, 0.33876221498371334], "0.8": [0.36807817589576547, 0.4169381107491857, 0.3973941368078176, 0.34527687296416937], "0.9": [0.42996742671009774, 0.38762214983713356, 0.42996742671009774, 0.42996742671009774], "0.95": [0.43322475570032576, 0.36807817589576547, 0.40390879478827363, 0.4006514657980456], "0.975": [0.4201954397394137, 0.44299674267100975, 0.3973941368078176, 0.40716612377850164]}, "initial-tune": {"0.025": [0.31596091205211724, 0.1498371335504886, 0.21498371335504887, 0.34201954397394135], "0.05": [0.2671009771986971, 0.247557003257329, 0.36482084690553745, 0.250814332247557], "0.1": [0.24429967426710097, 0.2247557003257329, 0.22149837133550487, 0.250814332247557], "0.2": [0.23778501628664495, 0.19543973941368079, 0.18566775244299674, 0.24429967426710097], "0.4": [0.22149837133550487, 0.22149837133550487, 0.22149837133550487, 0.1758957654723127], "0.6": [0.2247557003257329, 0.19543973941368079, 0.28013029315960913, 0.23127035830618892], "0.8": [0.2964169381107492, 0.32247557003257327, 0.31921824104234525, 0.3745928338762215], "0.9": [0.3355048859934853, 0.3583061889250814, 0.38762214983713356, 0.3322475570032573], "0.95": [0.4527687296416938, 0.4169381107491857, 0.44625407166123776, 0.4201954397394137], "0.975": [0.32247557003257327, 0.3713355048859935, 0.41042345276872966, 0.4364820846905538]}}, "just_spurious and spurious-pixel-paint": {"initial-transfer": {"0.025": [0.2703583061889251, 0.247557003257329, 0.20846905537459284, 0.24429967426710097], "0.05": [0.20521172638436483, 0.20521172638436483, 0.250814332247557, 0.17263843648208468], "0.1": [0.20521172638436483, 0.2247557003257329, 0.21172638436482086, 0.21172638436482086], "0.2": [0.18566775244299674, 0.18892508143322476, 0.19218241042345277, 0.18892508143322476], "0.4": [0.18892508143322476, 0.1758957654723127, 0.16938110749185667, 0.19543973941368079], "0.6": [0.19218241042345277, 0.1986970684039088, 0.2247557003257329, 0.23127035830618892], "0.8": [0.23452768729641693, 0.25732899022801303, 0.2182410423452769, 0.22149837133550487], "0.9": [0.25732899022801303, 0.2280130293159609, 0.26058631921824105, 0.23778501628664495], "0.95": [0.23127035830618892, 0.23127035830618892, 0.23127035830618892, 0.24429967426710097], "0.975": [0.250814332247557, 0.21172638436482086, 0.2703583061889251, 0.24429967426710097]}, "initial-tune": {"0.025": [0.17263843648208468, 0.15960912052117263, 0.1498371335504886, 0.23127035830618892], "0.05": [0.1986970684039088, 0.18241042345276873, 0.26058631921824105, 0.18241042345276873], "0.1": [0.2671009771986971, 0.24104234527687296, 0.23452768729641693, 0.23127035830618892], "0.2": [0.19218241042345277, 0.19218241042345277, 0.18566775244299674, 0.20195439739413681], "0.4": [0.16938110749185667, 0.16938110749185667, 0.18566775244299674, 0.1563517915309446], "0.6": [0.18892508143322476, 0.19543973941368079, 0.19218241042345277, 0.1758957654723127], "0.8": [0.18892508143322476, 0.19218241042345277, 0.2182410423452769, 0.19218241042345277], "0.9": [0.18566775244299674, 0.20195439739413681, 0.18892508143322476, 0.16612377850162866], "0.95": [0.2182410423452769, 0.19543973941368079, 0.21172638436482086, 0.2280130293159609], "0.975": [0.18566775244299674, 0.19218241042345277, 0.20846905537459284, 0.21498371335504887]}}}