{"both and main-box": {"initial-tune": {"0.025": [0.05670103092783505, 0.0979381443298969, 0.0979381443298969, 0.07731958762886598], "0.05": [0.1134020618556701, 0.09278350515463918, 0.17010309278350516, 0.09278350515463918], "0.1": [0.12886597938144329, 0.11855670103092783, 0.13917525773195877, 0.09278350515463918], "0.2": [0.08247422680412371, 0.16494845360824742, 0.16494845360824742, 0.09278350515463918], "0.4": [0.1134020618556701, 0.08247422680412371, 0.04639175257731959, 0.08247422680412371], "0.6": [0.07731958762886598, 0.061855670103092786, 0.07216494845360824, 0.061855670103092786], "0.8": [0.010309278350515464, 0.04639175257731959, 0.010309278350515464, 0.041237113402061855], "0.9": [0.041237113402061855, 0.04639175257731959, 0.030927835051546393, 0.020618556701030927], "0.95": [0.041237113402061855, 0.030927835051546393, 0.030927835051546393, 0.041237113402061855], "0.975": [0.02577319587628866, 0.07216494845360824, 0.030927835051546393, 0.041237113402061855]}}, "both and main-pixel-paint": {"initial-tune": {"0.025": [0.1134020618556701, 0.11855670103092783, 0.08762886597938144, 0.11855670103092783], "0.05": [0.13917525773195877, 0.12371134020618557, 0.12886597938144329, 0.0979381443298969], "0.1": [0.12371134020618557, 0.11855670103092783, 0.12886597938144329, 0.11855670103092783], "0.2": [0.08247422680412371, 0.18556701030927836, 0.15979381443298968, 0.07731958762886598], "0.4": [0.11855670103092783, 0.0979381443298969, 0.07731958762886598, 0.12371134020618557], "0.6": [0.08762886597938144, 0.07731958762886598, 0.07216494845360824, 0.10309278350515463], "0.8": [0.02577319587628866, 0.05154639175257732, 0.061855670103092786, 0.030927835051546393], "0.9": [0.06701030927835051, 0.02577319587628866, 0.015463917525773196, 0.010309278350515464], "0.95": [0.030927835051546393, 0.05154639175257732, 0.030927835051546393, 0.04639175257731959], "0.975": [0.03608247422680412, 0.041237113402061855, 0.03608247422680412, 0.020618556701030927]}}, "just_main and main-box": {"initial-tune": {"0.025": [0.04081632653061224, 0.061224489795918366, 0.061224489795918366, 0.05612244897959184], "0.05": [0.0663265306122449, 0.04081632653061224, 0.04591836734693878, 0.10204081632653061], "0.1": [0.04081632653061224, 0.05612244897959184, 0.0663265306122449, 0.08673469387755102], "0.2": [0.08163265306122448, 0.05102040816326531, 0.09183673469387756, 0.04591836734693878], "0.4": [0.0663265306122449, 0.10714285714285714, 0.05612244897959184, 0.025510204081632654], "0.6": [0.07142857142857142, 0.05102040816326531, 0.07653061224489796, 0.0663265306122449], "0.8": [0.061224489795918366, 0.0663265306122449, 0.061224489795918366, 0.0663265306122449], "0.9": [0.05612244897959184, 0.07653061224489796, 0.08163265306122448, 0.061224489795918366], "0.95": [0.03571428571428571, 0.07142857142857142, 0.04591836734693878, 0.04591836734693878], "0.975": [0.061224489795918366, 0.05102040816326531, 0.07142857142857142, 0.0663265306122449]}}, "just_main and main-pixel-paint": {"initial-tune": {"0.025": [0.07142857142857142, 0.10714285714285714, 0.04591836734693878, 0.08163265306122448], "0.05": [0.09693877551020408, 0.0663265306122449, 0.061224489795918366, 0.12244897959183673], "0.1": [0.09183673469387756, 0.061224489795918366, 0.09183673469387756, 0.11224489795918367], "0.2": [0.0663265306122449, 0.10714285714285714, 0.09183673469387756, 0.09693877551020408], "0.4": [0.10204081632653061, 0.09183673469387756, 0.03571428571428571, 0.0663265306122449], "0.6": [0.14285714285714285, 0.10204081632653061, 0.07142857142857142, 0.09183673469387756], "0.8": [0.061224489795918366, 0.09183673469387756, 0.08163265306122448, 0.08673469387755102], "0.9": [0.07653061224489796, 0.07653061224489796, 0.0663265306122449, 0.07142857142857142], "0.95": [0.05102040816326531, 0.11224489795918367, 0.05612244897959184, 0.061224489795918366], "0.975": [0.07653061224489796, 0.07653061224489796, 0.11224489795918367, 0.09183673469387756]}}}