{"just_main and just_main+just_spurious": {"initial-transfer": {"0.025": [0.21428571428571427, 0.15816326530612246, 0.16326530612244897, 0.1836734693877551], "0.05": [0.21428571428571427, 0.20408163265306123, 0.15306122448979592, 0.21428571428571427], "0.1": [0.22448979591836735, 0.1377551020408163, 0.19387755102040816, 0.19387755102040816], "0.2": [0.1989795918367347, 0.14285714285714285, 0.14285714285714285, 0.16326530612244897], "0.4": [0.14795918367346939, 0.1683673469387755, 0.17346938775510204, 0.1377551020408163], "0.6": [0.1989795918367347, 0.12755102040816327, 0.17857142857142858, 0.1683673469387755], "0.8": [0.1836734693877551, 0.15306122448979592, 0.12244897959183673, 0.1836734693877551], "0.9": [0.17346938775510204, 0.16326530612244897, 0.1683673469387755, 0.14285714285714285], "0.95": [0.16326530612244897, 0.16326530612244897, 0.15306122448979592, 0.1326530612244898], "0.975": [0.17346938775510204, 0.17857142857142858, 0.14285714285714285, 0.1683673469387755]}, "initial-tune": {"0.025": [0.17857142857142858, 0.14285714285714285, 0.20918367346938777, 0.17857142857142858], "0.05": [0.15816326530612246, 0.10714285714285714, 0.1377551020408163, 0.18877551020408162], "0.1": [0.1683673469387755, 0.1377551020408163, 0.17857142857142858, 0.1683673469387755], "0.2": [0.15306122448979592, 0.1989795918367347, 0.1836734693877551, 0.10204081632653061], "0.4": [0.14795918367346939, 0.12244897959183673, 0.1377551020408163, 0.11224489795918367], "0.6": [0.2193877551020408, 0.09693877551020408, 0.1326530612244898, 0.15816326530612246], "0.8": [0.1326530612244898, 0.11734693877551021, 0.14795918367346939, 0.1836734693877551], "0.9": [0.15816326530612246, 0.1836734693877551, 0.1326530612244898, 0.14795918367346939], "0.95": [0.15816326530612246, 0.14795918367346939, 0.17346938775510204, 0.15816326530612246], "0.975": [0.1326530612244898, 0.15816326530612246, 0.15816326530612246, 0.15816326530612246]}}, "just_spurious and just_spurious+just_main": {"initial-transfer": {"0.025": [0.06514657980456026, 0.08143322475570032, 0.04560260586319218, 0.09120521172638436], "0.05": [0.06840390879478828, 0.05211726384364821, 0.08794788273615635, 0.05863192182410423], "0.1": [0.05537459283387622, 0.06514657980456026, 0.08794788273615635, 0.0781758957654723], "0.2": [0.09120521172638436, 0.06188925081433225, 0.06188925081433225, 0.06188925081433225], "0.4": [0.09446254071661238, 0.0781758957654723, 0.08143322475570032, 0.08469055374592833], "0.6": [0.06514657980456026, 0.03257328990228013, 0.06840390879478828, 0.05211726384364821], "0.8": [0.06188925081433225, 0.048859934853420196, 0.04234527687296417, 0.04234527687296417], "0.9": [0.03257328990228013, 0.035830618892508145, 0.06188925081433225, 0.029315960912052116], "0.95": [0.013029315960912053, 0.05537459283387622, 0.04234527687296417, 0.03908794788273615], "0.975": [0.048859934853420196, 0.04560260586319218, 0.03908794788273615, 0.035830618892508145]}, "initial-tune": {"0.025": [0.03257328990228013, 0.0749185667752443, 0.05537459283387622, 0.0781758957654723], "0.05": [0.07166123778501629, 0.08143322475570032, 0.0781758957654723, 0.05863192182410423], "0.1": [0.08143322475570032, 0.08469055374592833, 0.06514657980456026, 0.08794788273615635], "0.2": [0.06840390879478828, 0.08143322475570032, 0.08143322475570032, 0.06840390879478828], "0.4": [0.05537459283387622, 0.08469055374592833, 0.035830618892508145, 0.048859934853420196], "0.6": [0.06840390879478828, 0.05211726384364821, 0.05537459283387622, 0.05537459283387622], "0.8": [0.03908794788273615, 0.05211726384364821, 0.05211726384364821, 0.029315960912052116], "0.9": [0.04560260586319218, 0.04234527687296417, 0.04560260586319218, 0.04234527687296417], "0.95": [0.035830618892508145, 0.04234527687296417, 0.04560260586319218, 0.029315960912052116], "0.975": [0.05537459283387622, 0.05863192182410423, 0.035830618892508145, 0.048859934853420196]}}, "neither and neither+just_main": {"initial-transfer": {"0.025": [0.072, 0.066, 0.07, 0.07], "0.05": [0.09, 0.086, 0.084, 0.068], "0.1": [0.078, 0.07, 0.048, 0.054], "0.2": [0.05, 0.048, 0.054, 0.076], "0.4": [0.024, 0.034, 0.034, 0.03], "0.6": [0.03, 0.028, 0.038, 0.032], "0.8": [0.026, 0.044, 0.034, 0.03], "0.9": [0.024, 0.038, 0.02, 0.028], "0.95": [0.034, 0.02, 0.02, 0.052], "0.975": [0.028, 0.024, 0.024, 0.02]}, "initial-tune": {"0.025": [0.08, 0.054, 0.052, 0.088], "0.05": [0.06, 0.066, 0.066, 0.078], "0.1": [0.062, 0.062, 0.076, 0.048], "0.2": [0.088, 0.06, 0.044, 0.044], "0.4": [0.03, 0.036, 0.05, 0.064], "0.6": [0.032, 0.038, 0.042, 0.026], "0.8": [0.042, 0.026, 0.028, 0.032], "0.9": [0.028, 0.02, 0.042, 0.024], "0.95": [0.032, 0.034, 0.02, 0.018], "0.975": [0.034, 0.016, 0.03, 0.018]}}, "neither and neither+just_spurious": {"initial-transfer": {"0.025": [0.216, 0.196, 0.23, 0.178], "0.05": [0.158, 0.192, 0.2, 0.148], "0.1": [0.186, 0.206, 0.114, 0.14], "0.2": [0.102, 0.13, 0.158, 0.122], "0.4": [0.078, 0.11, 0.086, 0.116], "0.6": [0.074, 0.112, 0.112, 0.09], "0.8": [0.1, 0.134, 0.15, 0.1], "0.9": [0.112, 0.13, 0.11, 0.144], "0.95": [0.148, 0.142, 0.094, 0.152], "0.975": [0.14, 0.15, 0.1, 0.142]}, "initial-tune": {"0.025": [0.212, 0.194, 0.182, 0.21], "0.05": [0.16, 0.172, 0.158, 0.178], "0.1": [0.16, 0.156, 0.164, 0.126], "0.2": [0.152, 0.124, 0.14, 0.142], "0.4": [0.094, 0.118, 0.14, 0.156], "0.6": [0.12, 0.132, 0.15, 0.106], "0.8": [0.188, 0.122, 0.158, 0.136], "0.9": [0.154, 0.134, 0.184, 0.124], "0.95": [0.186, 0.224, 0.22, 0.194], "0.975": [0.224, 0.098, 0.228, 0.178]}}}