{"B2M": 0.26770055294036865, "B2S": 0.7839029431343079, "M2N": 0.5776582360267639, "S2N": 0.376476526260376, "N2M": 0.008991992101073265, "N2S": 0.25317874550819397, "M2B": 0.0, "S2B": 0.0}