{"both": 0.8067632850241546, "just_main": 0.313953488372093, "just_spurious": 0.47, "neither": 0.884, "average": 0.618679193349062}