{"both": 0.8454106280193237, "just_main": 0.6686046511627907, "just_spurious": 0.476, "neither": 0.714, "average": 0.6760038197955286}