{"both": 0.6956521739130435, "just_main": 0.6046511627906976, "just_spurious": 0.48, "neither": 0.496, "average": 0.5690758341759352}