{"both": 0.8454106280193237, "just_main": 0.22093023255813954, "just_spurious": 0.472, "neither": 0.95, "average": 0.6220852151443658}