{"both and both-inverse": {"careful-tune": {"0.5": [0.6643835616438356, 0.8288590604026845, 0.7557755775577558, 0.7101910828025477], "0.6": [0.3563636363636364, 0.426056338028169, 0.6153846153846154, 0.7306273062730627], "0.7": [0.3971631205673759, 0.30855018587360594, 0.44, 0.4397163120567376], "0.8": [0.312280701754386, 0.3333333333333333, 0.22340425531914893, 0.4312267657992565], "0.9": [0.5206896551724138, 0.4103448275862069, 0.5423076923076923, 0.34558823529411764], "0.95": [0.4208754208754209, 0.39403973509933776, 0.31785714285714284, 0.44981412639405205], "0.975": [0.4117647058823529, 0.46062992125984253, 0.49466192170818507, 0.3903225806451613]}, "initial-tune": {"0.5": [0.7290969899665551, 0.8450704225352113, 0.7842465753424658, 0.7854785478547854], "0.6": [0.8398692810457516, 0.8006535947712419, 0.8025889967637541, 0.7350993377483444], "0.7": [0.8263665594855305, 0.7566666666666667, 0.729903536977492, 0.7859531772575251], "0.8": [0.8006329113924051, 0.845679012345679, 0.7073170731707317, 0.7948717948717948], "0.9": [0.8047337278106509, 0.8061538461538461, 0.7636363636363637, 0.915625], "0.95": [0.5253731343283582, 0.7581120943952803, 0.5076923076923077, 0.5259938837920489], "0.975": [0.5696969696969697, 0.5975975975975976, 0.4940828402366864, 0.6697819314641744]}}, "both and main-inverse": {"careful-tune": {"0.5": [0.6438356164383562, 0.8154362416107382, 0.759075907590759, 0.6560509554140127], "0.6": [0.29818181818181816, 0.4014084507042254, 0.5641025641025641, 0.7269372693726938], "0.7": [0.36524822695035464, 0.26765799256505574, 0.4036363636363636, 0.4397163120567376], "0.8": [0.3508771929824561, 0.38372093023255816, 0.26595744680851063, 0.4646840148698885], "0.9": [0.6068965517241379, 0.4241379310344828, 0.5653846153846154, 0.36764705882352944], "0.95": [0.4781144781144781, 0.4139072847682119, 0.3357142857142857, 0.5241635687732342], "0.975": [0.47058823529411764, 0.4448818897637795, 0.5729537366548043, 0.46774193548387094]}, "initial-tune": {"0.5": [0.725752508361204, 0.8274647887323944, 0.7671232876712328, 0.768976897689769], "0.6": [0.8235294117647058, 0.8071895424836601, 0.8187702265372169, 0.7682119205298014], "0.7": [0.8681672025723473, 0.8133333333333334, 0.7813504823151125, 0.8561872909698997], "0.8": [0.8386075949367089, 0.8827160493827161, 0.725609756097561, 0.8589743589743589], "0.9": [0.9023668639053254, 0.92, 0.9424242424242424, 0.971875], "0.95": [0.8238805970149253, 0.9262536873156342, 0.8461538461538461, 0.8226299694189603], "0.975": [0.9181818181818182, 0.9159159159159159, 0.878698224852071, 0.9626168224299065]}}, "both and spurious-inverse": {"careful-tune": {"0.5": [0.9931506849315068, 1.0, 0.9966996699669967, 0.9936305732484076], "0.6": [0.9418181818181818, 0.8943661971830986, 0.9743589743589743, 0.992619926199262], "0.7": [0.8617021276595744, 0.828996282527881, 0.9454545454545454, 0.8829787234042553], "0.8": [0.7859649122807018, 0.8875968992248062, 0.6773049645390071, 0.9553903345724907], "0.9": [0.9172413793103448, 0.8482758620689655, 0.9653846153846154, 0.7794117647058824], "0.95": [0.7744107744107744, 0.8807947019867549, 0.8, 0.9256505576208178], "0.975": [0.9215686274509803, 0.8779527559055118, 0.9039145907473309, 0.8096774193548387]}, "initial-tune": {"0.5": [0.9966555183946488, 1.0, 0.9965753424657534, 1.0], "0.6": [0.9967320261437909, 1.0, 1.0, 0.9966887417218543], "0.7": [0.9967845659163987, 0.9933333333333333, 0.9935691318327974, 1.0], "0.8": [0.9968354430379747, 0.9969135802469136, 0.9786585365853658, 0.9839743589743589], "0.9": [0.9822485207100592, 0.963076923076923, 0.9212121212121213, 0.99375], "0.95": [0.808955223880597, 0.9262536873156342, 0.7723076923076924, 0.8287461773700305], "0.975": [0.7484848484848485, 0.7987987987987988, 0.7071005917159763, 0.8193146417445483]}}, "just_main and main-inverse": {"careful-tune": {"0.5": [0.7133333333333334, 0.8344370860927153, 0.8163265306122449, 0.7482993197278912], "0.6": [0.3695652173913043, 0.47183098591549294, 0.6165413533834586, 0.803030303030303], "0.7": [0.436241610738255, 0.3597122302158273, 0.4928571428571429, 0.5285714285714286], "0.8": [0.4375, 0.5118110236220472, 0.31851851851851853, 0.6171875], "0.9": [0.6451612903225806, 0.4645669291338583, 0.7083333333333334, 0.39166666666666666], "0.95": [0.5271317829457365, 0.4566929133858268, 0.3969465648854962, 0.6349206349206349], "0.975": [0.5585585585585585, 0.46296296296296297, 0.6347826086956522, 0.5182481751824818]}, "initial-tune": {"0.5": [0.7651006711409396, 0.8639455782312925, 0.8040540540540541, 0.8145695364238411], "0.6": [0.8561643835616438, 0.8194444444444444, 0.8431372549019608, 0.8428571428571429], "0.7": [0.8928571428571429, 0.875, 0.8175182481751825, 0.8625954198473282], "0.8": [0.8671328671328671, 0.9183673469387755, 0.7777777777777778, 0.8805970149253731], "0.9": [0.8979591836734694, 0.9076923076923077, 0.9147286821705426, 0.9615384615384616], "0.95": [0.8098591549295775, 0.9051094890510949, 0.8615384615384616, 0.8560606060606061], "0.975": [0.8943089430894309, 0.904, 0.8560606060606061, 0.9322033898305084]}}, "just_spurious and spurious-inverse": {"careful-tune": {"0.5": [0.9857904085257548, 0.9979959919839679, 0.9944341372912802, 0.988673139158576], "0.6": [0.9045226130653267, 0.8950617283950617, 0.9653465346534653, 0.9706546275395034], "0.7": [0.8784810126582279, 0.8255528255528255, 0.9187817258883249, 0.8652173913043478], "0.8": [0.7978533094812165, 0.8325, 0.7555970149253731, 0.9355608591885441], "0.9": [0.8358620689655173, 0.8292682926829268, 0.930672268907563, 0.7951807228915663], "0.95": [0.6670716889428918, 0.8378378378378378, 0.7839416058394161, 0.8597560975609756], "0.975": [0.8991769547325102, 0.8674911660777385, 0.8387622149837134, 0.7281449893390192]}, "initial-tune": {"0.5": [0.9897260273972602, 0.9978632478632479, 0.998, 0.9981167608286252], "0.6": [0.9982758620689656, 0.9908675799086758, 0.9941089837997055, 0.973293768545994], "0.7": [0.9970717423133236, 0.9825119236883942, 0.97953216374269, 0.9916317991631799], "0.8": [0.9733163913595934, 0.9790055248618784, 0.9537856440511308, 0.96], "0.9": [0.9302120141342756, 0.8941176470588236, 0.8513761467889909, 0.9636363636363636], "0.95": [0.6094808126410836, 0.8285714285714286, 0.6033123028391167, 0.7098360655737705], "0.975": [0.5338809034907598, 0.5496872828353023, 0.40258064516129033, 0.540641312453393]}}}