{"both": 0.9130434782608695, "just_main": 0.6162790697674418, "just_spurious": 0.364, "neither": 0.626, "average": 0.6298306370070778}