{"both": 0.8840579710144928, "just_main": 0.47093023255813954, "just_spurious": 0.436, "neither": 0.892, "average": 0.6707470508931581}