{"both": 0.4975845410628019, "just_main": 0.3023255813953488, "just_spurious": 0.702, "neither": 0.92, "average": 0.6054775306145377}