{"both": 0.6714975845410628, "just_main": 0.21511627906976744, "just_spurious": 0.614, "neither": 0.944, "average": 0.6111534659027076}