{"both": 0.855072463768116, "just_main": 0.313953488372093, "just_spurious": 0.424, "neither": 0.932, "average": 0.6312564880350522}