{"both": 0.6570048309178744, "just_main": 0.046511627906976744, "just_spurious": 0.7, "neither": 0.982, "average": 0.5963791147062127}