{"both": 0.9082125603864735, "just_main": 0.5755813953488372, "just_spurious": 0.378, "neither": 0.814, "average": 0.6689484889338277}