{"both": 0.927536231884058, "just_main": 0.36046511627906974, "just_spurious": 0.364, "neither": 0.924, "average": 0.6440003370407819}