{"both": 0.9565217391304348, "just_main": 0.6046511627906976, "just_spurious": 0.278, "neither": 0.818, "average": 0.6642932254802831}