{"both": 0.8164251207729468, "just_main": 0.5058139534883721, "just_spurious": 0.444, "neither": 0.844, "average": 0.6525597685653297}