{"both": 0.8888888888888888, "just_main": 0.27325581395348836, "just_spurious": 0.468, "neither": 0.944, "average": 0.6435361757105943}