{"both": 0.9082125603864735, "just_main": 0.32558139534883723, "just_spurious": 0.462, "neither": 0.928, "average": 0.6559484889338277}