{"both": 0.7729468599033816, "just_main": 0.5232558139534884, "just_spurious": 0.462, "neither": 0.692, "average": 0.6125506684642175}