{"both": 0.8502415458937198, "just_main": 0.6395348837209303, "just_spurious": 0.182, "neither": 0.328, "average": 0.4999441074036625}