{"both": 0.5603864734299517, "just_main": 0.36627906976744184, "just_spurious": 0.652, "neither": 0.858, "average": 0.6091663857993485}