{"s_p1": [0.16767443649829689, "both-main/box"], "s_p2": [0.16767443649829689, "both-spurious/box"]}