{"both": 0.8792270531400966, "just_main": 0.46511627906976744, "just_spurious": 0.462, "neither": 0.892, "average": 0.674585833052466}