{"both": 0.8164251207729468, "just_main": 0.22674418604651161, "just_spurious": 0.638, "neither": 0.962, "average": 0.6607923267048645}