{"B2M": 0.47340884804725647, "B2S": 0.47340884804725647, "M2N": 0.0, "S2N": 0.0, "N2M": 0.47340884804725647, "N2S": 0.47340884804725647, "M2B": 0.0, "S2B": 0.0}