{"s_p1": [0.0035809638570129, "both-main/box"], "s_p2": [0.0035809638570129, "both-spurious/box"]}