{"both": 0.7439613526570048, "just_main": 0.313953488372093, "just_spurious": 0.666, "neither": 0.928, "average": 0.6629787102572744}