{"orig": 1.0, "hair+drier-person/neither+spurious": 0.00018001336576354207, "hair+drier-person/just_main+spurious": 0.10698134982261669}