{"orig": 1.0, "hair+drier-person/just_main-main/box": 0.3131534159183502, "hair+drier-person/just_spurious-spurious/box": 0.06768513470888138}