{"orig": 1.0, "sandwich-dining+table/both-spurious/box": 0.14880409836769104, "sandwich-dining+table/both-main/box": 0.7319193482398987, "sandwich-dining+table/neither+main": 0.0018927616765722632, "sandwich-dining+table/neither+spurious": 0.1380322128534317}