{"both": 0.8743961352657005, "just_main": 0.32558139534883723, "just_spurious": 0.542, "neither": 0.95, "average": 0.6729943826536344}