{"orig": 1.0, "sports+ball-person/both-spurious/box": 0.4924650490283966, "sports+ball-person/both-main/box": 0.9452840089797974, "sports+ball-person/just_main-main/box": 0.17761991918087006, "sports+ball-person/just_spurious-spurious/box": 0.9257442355155945, "sports+ball-person/neither+main": 0.03489557281136513, "sports+ball-person/neither+spurious": 0.8477250337600708}