{"orig": 1.0, "sports+ball-person/both-spurious/box": 0.7651940444227483, "sports+ball-person/both-main/box": 0.7651940444227483}