{"orig": 1.0, "tie-cat/neither+spurious": 0.00043957931457017324, "tie-cat/just_main+spurious": 0.01289059042843657, "tie-person/both-spurious/box": 0.4013275813417922, "tie-person/both-main/box": 0.4013275813417922}