{"orig": 1.0, "tie-cat/both-spurious/box": 0.002550263423472643, "tie-cat/both-main/box": 0.23835855722427368, "tie-cat/just_main-main/box": 0.1810876429080963, "tie-cat/just_spurious-spurious/box": 0.16755837202072144, "tie-cat/neither+main": 1.116716930482653e-06, "tie-cat/neither+spurious": 0.4938705265522003, "tie-cat/just_main+spurious": 0.2462683767080307, "tie-cat/just_spurious+main": 0.22786937654018402, "tie-person/both-spurious/box": 0.24691598117351532, "tie-person/both-main/box": 0.45794567465782166, "tie-person/just_main-main/box": 0.107821024954319, "tie-person/just_spurious-spurious/box": 0.45543935894966125, "tie-person/neither+main": 0.015407067723572254, "tie-person/neither+spurious": 0.4194493591785431}