{"both": 0.8792270531400966, "just_main": 0.3488372093023256, "just_spurious": 0.514, "neither": 0.932, "average": 0.6685160656106056}