{"both": 0.8502415458937198, "just_main": 0.3081395348837209, "just_spurious": 0.488, "neither": 0.94, "average": 0.6465952701943601}