{"both": 0.9710144927536232, "just_main": 0.8895348837209303, "just_spurious": 0.246, "neither": 0.436, "average": 0.6356373441186384}