{"both": 0.8260869565217391, "just_main": 0.27906976744186046, "just_spurious": 0.602, "neither": 0.958, "average": 0.6662891809909}