{"both": 0.9130434782608695, "just_main": 0.38372093023255816, "just_spurious": 0.452, "neither": 0.932, "average": 0.6701911021233569}