{"orig": 1.0, "fork-dining+table-both-spurious-box": 0.41647055745124817, "fork-dining+table-both-main-box": 0.14447765052318573, "fork-dining+table-just_main-main-box": 0.4479306638240814, "fork-dining+table-just_spurious-spurious-box": 0.042447905987501144, "fork-dining+table-neither+main": 0.010523049160838127, "fork-dining+table-neither+spurious": 0.014499397948384285, "fork-dining+table-just_main+spurious": 0.2783304750919342, "fork-dining+table-just_spurious+main": 0.02637583389878273}