{"both": 0.8888888888888888, "just_main": 0.25, "just_spurious": 0.44, "neither": 0.954, "average": 0.6332222222222221}