{"both": 0.8019323671497585, "just_main": 0.20930232558139536, "just_spurious": 0.63, "neither": 0.97, "average": 0.6528086731827885}