{"both": 0.8454106280193237, "just_main": 0.25, "just_spurious": 0.494, "neither": 0.964, "average": 0.6383526570048309}