{"B2M": 0.0, "B2S": 0.633130669593811, "M2N": 0.0, "S2N": 0.0, "N2M": 0.0, "N2S": 0.8031190633773804, "M2B": 0.5857568979263306, "S2B": 0.7278156280517578}