{"both": 0.34782608695652173, "just_main": 0.18604651162790697, "just_spurious": 0.862, "neither": 0.92, "average": 0.5789681496461072}