{"both": 0.9178743961352657, "just_main": 0.3430232558139535, "just_spurious": 0.472, "neither": 0.926, "average": 0.6647244129873048}