{"both": 0.8309178743961353, "just_main": 0.1686046511627907, "just_spurious": 0.592, "neither": 0.972, "average": 0.6408806313897315}