{"both": 0.8599033816425121, "just_main": 0.27906976744186046, "just_spurious": 0.462, "neither": 0.956, "average": 0.6392432872710931}