{"orig": 1.0, "toothbrush-person-both-spurious-box": 0.15230250358581543, "toothbrush-person-both-main-box": 0.04908571019768715, "toothbrush-person-just_main-main-box": 0.056758634746074677, "toothbrush-person-just_spurious-spurious-box": 0.00041692936792969704, "toothbrush-person-neither+main": 0.0014892378821969032, "toothbrush-person-neither+spurious": 0.001388113247230649, "toothbrush-person-just_main+spurious": 0.014836405403912067, "toothbrush-person-just_spurious+main": 0.00010898312029894441}