{"both": 0.8792270531400966, "just_main": 0.38953488372093026, "just_spurious": 0.488, "neither": 0.91, "average": 0.6666904842152568}