{"both": 0.9420289855072463, "just_main": 0.5058139534883721, "just_spurious": 0.442, "neither": 0.824, "average": 0.6784607347489046}