{"both": 0.8502415458937198, "just_main": 0.2616279069767442, "just_spurious": 0.534, "neither": 0.95, "average": 0.6489673632176161}