{"B2M": 0.16813895106315613, "B2S": 0.16813895106315613, "M2N": 0.0, "S2N": 0.0, "N2M": 0.16813895106315613, "N2S": 0.16813895106315613, "M2B": 0.0, "S2B": 0.0}