{"both": 0.8840579710144928, "just_main": 0.3953488372093023, "just_spurious": 0.468, "neither": 0.88, "average": 0.6568517020559488}