{"both": 0.927536231884058, "just_main": 0.47674418604651164, "just_spurious": 0.32, "neither": 0.736, "average": 0.6150701044826424}