{"surfboard-person": {"s_given_m": 0.965, "s_given_not_m": 0.529, "both": 0.7063893016344726, "just_main": 0.2396694214876033, "just_spurious": 0.9922304526748971, "neither": 0.9982424006956393, "cf_score": 0.3060921248142645}, "knife-person": {"s_given_m": 0.546, "s_given_not_m": 0.542, "both": 0.38008474576271184, "just_main": 0.19938962360122076, "just_spurious": 0.9852805440854991, "neither": 0.9910929778186416, "cf_score": 0.2860169491525424}, "tennis+racket-person": {"s_given_m": 0.99, "s_given_not_m": 0.529, "both": 0.8119607259744124, "just_main": 0.30303030303030304, "just_spurious": 0.9926918392204629, "neither": 0.9996121095698111, "cf_score": 0.48497470990776553}, "fork-dining+table": {"s_given_m": 0.756, "s_given_not_m": 0.08, "both": 0.35193452380952384, "just_main": 0.17301038062283736, "just_spurious": 0.9231610012023171, "neither": 0.9977742629021717, "cf_score": 0.2890625}, "skateboard-person": {"s_given_m": 0.983, "s_given_not_m": 0.529, "both": 0.31723734269827336, "just_main": 0.01694915254237288, "just_spurious": 0.997396948828627, "neither": 0.9999076007613698, "cf_score": 0.29909277143693297}, "baseball+glove-person": {"s_given_m": 0.99, "s_given_not_m": 0.532, "both": 0.6521906225980015, "just_main": 0.0, "just_spurious": 0.9957082242777949, "neither": 0.9999445932219041, "cf_score": 0.649500384319754}, "baseball+bat-person": {"s_given_m": 0.988, "s_given_not_m": 0.532, "both": 0.679047234557933, "just_main": 0.034482758620689655, "just_spurious": 0.990606444076706, "neither": 0.9998337735256635, "cf_score": 0.6596689543802987}, "knife-dining+table": {"s_given_m": 0.632, "s_given_not_m": 0.08, "both": 0.364766081871345, "just_main": 0.1830188679245283, "just_spurious": 0.9022085485111526, "neither": 0.9953843219530802, "cf_score": 0.2730263157894737}, "sports+ball-person": {"s_given_m": 0.961, "s_given_not_m": 0.526, "both": 0.6538930925067122, "just_main": 0.030303030303030304, "just_spurious": 0.96234462994435, "neither": 0.9997037421075046, "cf_score": 0.5401513302416402}, "cup-dining+table": {"s_given_m": 0.509, "s_given_not_m": 0.066, "both": 0.5248984825817482, "just_main": 0.1984478935698448, "just_spurious": 0.8375244481698798, "neither": 0.9865509123013537, "cf_score": 0.284676212865997}, "person-airplane": {"s_given_m": 0.016, "s_given_not_m": 0.036, "both": 0.634858812074002, "just_main": 0.8966205934567588, "just_spurious": 0.6467585502807555, "neither": 0.8119816903836209, "cf_score": 0.2609542356377799}, "skis-person": {"s_given_m": 0.988, "s_given_not_m": 0.53, "both": 0.7841655716162943, "just_main": 0.2894736842105263, "just_spurious": 0.9883905618051121, "neither": 0.9993719289171316, "cf_score": 0.6021681997371879}, "broccoli-dining+table": {"s_given_m": 0.381, "s_given_not_m": 0.095, "both": 0.5555555555555556, "just_main": 0.6644462947543713, "just_spurious": 0.9821605550049554, "neither": 0.9982327623065302, "cf_score": 0.27235772357723576}, "tie-person": {"s_given_m": 0.953, "s_given_not_m": 0.528, "both": 0.4149229074889868, "just_main": 0.10112359550561797, "just_spurious": 0.9927582957194584, "neither": 0.9998703559654777, "cf_score": 0.4121696035242291}, "toothbrush-person": {"s_given_m": 0.536, "s_given_not_m": 0.542, "both": 0.4740740740740741, "just_main": 0.3169164882226981, "just_spurious": 0.9938340542666142, "neither": 0.9916581323899079, "cf_score": 0.4425925925925926}}