{"toilet-cat": {"s_given_m": 0.046, "s_given_not_m": 0.034, "both": 0.4444444444444444, "just_main": 0.64875, "just_spurious": 0.9954556930068165, "neither": 0.9954853883377037, "cf_score": 0.2222222222222222}, "surfboard-person": {"s_given_m": 0.965, "s_given_not_m": 0.529, "both": 0.5994056463595839, "just_main": 0.0743801652892562, "just_spurious": 0.9936954732510288, "neither": 0.9987974320549111, "cf_score": 0.31857355126300146}, "cake-dining+table": {"s_given_m": 0.585, "s_given_not_m": 0.088, "both": 0.2807017543859649, "just_main": 0.1588477366255144, "just_spurious": 0.9487508640268589, "neither": 0.9971302323371501, "cf_score": 0.20350877192982456}, "dining+table-pizza": {"s_given_m": 0.144, "s_given_not_m": 0.014, "both": 0.7908611599297012, "just_main": 0.48035538005923, "just_spurious": 0.5298149417409185, "neither": 0.9631111238106124, "cf_score": 0.21558289396602226}, "knife-person": {"s_given_m": 0.546, "s_given_not_m": 0.542, "both": 0.298728813559322, "just_main": 0.16276703967446593, "just_spurious": 0.9862845113755971, "neither": 0.9876450982645673, "cf_score": 0.2059322033898305}, "tennis+racket-person": {"s_given_m": 0.99, "s_given_not_m": 0.529, "both": 0.6786670633739958, "just_main": 0.24242424242424243, "just_spurious": 0.9937781874444481, "neither": 0.9999445870814015, "cf_score": 0.5572746206486164}, "fork-dining+table": {"s_given_m": 0.756, "s_given_not_m": 0.08, "both": 0.42485119047619047, "just_main": 0.2825836216839677, "just_spurious": 0.8585637774620177, "neither": 0.991428544367938, "cf_score": 0.32626488095238093}, "chair-bed": {"s_given_m": 0.064, "s_given_not_m": 0.027, "both": 0.402187120291616, "just_main": 0.24943519370763953, "just_spurious": 0.8593913955928646, "neither": 0.9798643988544041, "cf_score": 0.21628189550425272}, "skateboard-person": {"s_given_m": 0.983, "s_given_not_m": 0.529, "both": 0.21012584138132864, "just_main": 0.0, "just_spurious": 0.9968203235691456, "neither": 0.9997228022841091, "cf_score": 0.20515071700321919}, "cat-umbrella": {"s_given_m": 0.014, "s_given_not_m": 0.034, "both": 0.3275862068965517, "just_main": 0.5288461538461539, "just_spurious": 0.9994884910485934, "neither": 0.9929894887677644, "cf_score": 0.22413793103448276}, "person-bear": {"s_given_m": 0.001, "s_given_not_m": 0.016, "both": 0.575, "just_main": 0.8082611072069962, "just_spurious": 0.9818181818181818, "neither": 0.8897020190647752, "cf_score": 0.2875}, "person-zebra": {"s_given_m": 0.002, "s_given_not_m": 0.033, "both": 0.3425925925925926, "just_main": 0.8087552923898949, "just_spurious": 0.9817477876106194, "neither": 0.8880719578336261, "cf_score": 0.2037037037037037}, "baseball+glove-person": {"s_given_m": 0.99, "s_given_not_m": 0.532, "both": 0.7036894696387395, "just_main": 0.0, "just_spurious": 0.9906848958756685, "neither": 0.9998891864438083, "cf_score": 0.6794773251345119}, "baseball+bat-person": {"s_given_m": 0.988, "s_given_not_m": 0.532, "both": 0.5094872830036334, "just_main": 0.0, "just_spurious": 0.9917907784159122, "neither": 0.9997783647008847, "cf_score": 0.5050464271295922}, "knife-dining+table": {"s_given_m": 0.632, "s_given_not_m": 0.08, "both": 0.2978801169590643, "just_main": 0.1320754716981132, "just_spurious": 0.9033073288649599, "neither": 0.9941636467671181, "cf_score": 0.22514619883040934}, "pizza-person": {"s_given_m": 0.505, "s_given_not_m": 0.543, "both": 0.5078173858661663, "just_main": 0.6917677089980855, "just_spurious": 0.9916021498496385, "neither": 0.9948483984412129, "cf_score": 0.20825515947467166}, "fork-pizza": {"s_given_m": 0.212, "s_given_not_m": 0.021, "both": 0.5602649006622517, "just_main": 0.3442857142857143, "just_spurious": 0.7125673994193281, "neither": 0.9865919997151023, "cf_score": 0.25165562913907286}, "pizza-dog": {"s_given_m": 0.009, "s_given_not_m": 0.038, "both": 0.07142857142857142, "just_main": 0.6035691523263225, "just_spurious": 0.999770484278173, "neither": 0.9928225777328373, "cf_score": 0.2857142857142857}, "bowl-dining+table": {"s_given_m": 0.478, "s_given_not_m": 0.076, "both": 0.4128386336866902, "just_main": 0.2697173620457604, "just_spurious": 0.8407771591043716, "neither": 0.9884168005061567, "cf_score": 0.2579505300353357}, "sports+ball-person": {"s_given_m": 0.961, "s_given_not_m": 0.526, "both": 0.27947278496460826, "just_main": 0.006060606060606061, "just_spurious": 0.9849045286414075, "neither": 0.9999074194085952, "cf_score": 0.27263851598730776}, "car-bus": {"s_given_m": 0.173, "s_given_not_m": 0.017, "both": 0.5195294117647059, "just_main": 0.28007110408848507, "just_spurious": 0.7318007662835249, "neither": 0.9834179389496108, "cf_score": 0.256}, "cup-dining+table": {"s_given_m": 0.509, "s_given_not_m": 0.066, "both": 0.35050224406924557, "just_main": 0.09711751662971176, "just_spurious": 0.8892148644872869, "neither": 0.9922012948793408, "cf_score": 0.23445180594144047}, "toilet-dog": {"s_given_m": 0.007, "s_given_not_m": 0.038, "both": 0.25, "just_main": 0.6422349053769901, "just_spurious": 0.9990827791790874, "neither": 0.995342443453646, "cf_score": 0.20833333333333334}, "person-airplane": {"s_given_m": 0.016, "s_given_not_m": 0.036, "both": 0.5209347614410905, "just_main": 0.8126426578747147, "just_spurious": 0.7376212353241449, "neither": 0.8969605270718021, "cf_score": 0.25413826679649465}, "skis-person": {"s_given_m": 0.988, "s_given_not_m": 0.53, "both": 0.6629434954007885, "just_main": 0.18421052631578946, "just_spurious": 0.9892911529203714, "neither": 0.9989840026600658, "cf_score": 0.459592641261498}, "broccoli-dining+table": {"s_given_m": 0.381, "s_given_not_m": 0.095, "both": 0.43360433604336046, "just_main": 0.5453788509575354, "just_spurious": 0.9836922245247319, "neither": 0.9981567520831551, "cf_score": 0.22357723577235772}, "tie-person": {"s_given_m": 0.953, "s_given_not_m": 0.528, "both": 0.3345264317180617, "just_main": 0.07865168539325842, "just_spurious": 0.9920638857199544, "neither": 0.9999073971181983, "cf_score": 0.3339757709251101}}