{"B2M": 0.4732028543949127, "B2S": 0.23974335193634033, "M2N": 0.009025788865983486, "S2N": 0.01636556349694729, "N2M": 0.035827018320560455, "N2S": 0.03719191998243332, "M2B": 0.0, "S2B": 0.0}