{"B2M": 0.49383196234703064, "B2S": 0.9158913493156433, "M2N": 0.215642049908638, "S2N": 0.9108787178993225, "N2M": 0.03081413544714451, "N2S": 0.8388987183570862, "M2B": 0.0, "S2B": 0.0}