{"B2M": 0.8026551626835844, "B2S": 0.8026551626835844}