{"both and spurious-box": {"initial-tune": {"0.025": [0.07751937984496124, 0.06201550387596899, 0.07751937984496124, 0.06201550387596899], "0.05": [0.06201550387596899, 0.07751937984496124, 0.046511627906976744, 0.046511627906976744], "0.1": [0.05426356589147287, 0.06976744186046512, 0.06976744186046512, 0.08527131782945736], "0.2": [0.06976744186046512, 0.08527131782945736, 0.046511627906976744, 0.046511627906976744], "0.4": [0.06976744186046512, 0.06201550387596899, 0.05426356589147287, 0.12403100775193798], "0.6": [0.046511627906976744, 0.05426356589147287, 0.031007751937984496, 0.03875968992248062], "0.8": [0.031007751937984496, 0.023255813953488372, 0.03875968992248062, 0.03875968992248062], "0.9": [0.015503875968992248, 0.023255813953488372, 0.015503875968992248, 0.023255813953488372], "0.95": [0.046511627906976744, 0.023255813953488372, 0.007751937984496124, 0.031007751937984496], "0.975": [0.015503875968992248, 0.007751937984496124, 0.023255813953488372, 0.03875968992248062]}}, "both and spurious-pixel-paint": {"initial-tune": {"0.025": [0.06201550387596899, 0.05426356589147287, 0.07751937984496124, 0.06976744186046512], "0.05": [0.046511627906976744, 0.07751937984496124, 0.09302325581395349, 0.03875968992248062], "0.1": [0.08527131782945736, 0.09302325581395349, 0.046511627906976744, 0.10852713178294573], "0.2": [0.10077519379844961, 0.10077519379844961, 0.09302325581395349, 0.06201550387596899], "0.4": [0.10077519379844961, 0.03875968992248062, 0.06201550387596899, 0.08527131782945736], "0.6": [0.07751937984496124, 0.03875968992248062, 0.13178294573643412, 0.05426356589147287], "0.8": [0.06201550387596899, 0.07751937984496124, 0.08527131782945736, 0.09302325581395349], "0.9": [0.031007751937984496, 0.07751937984496124, 0.06976744186046512, 0.08527131782945736], "0.95": [0.05426356589147287, 0.05426356589147287, 0.031007751937984496, 0.10852713178294573], "0.975": [0.08527131782945736, 0.06201550387596899, 0.10077519379844961, 0.03875968992248062]}}, "just_spurious and spurious-box": {"initial-tune": {"0.025": [0.10344827586206896, 0.07662835249042145, 0.06896551724137931, 0.10344827586206896], "0.05": [0.09578544061302682, 0.0842911877394636, 0.05747126436781609, 0.07279693486590039], "0.1": [0.06513409961685823, 0.0842911877394636, 0.08812260536398467, 0.11494252873563218], "0.2": [0.05363984674329502, 0.07662835249042145, 0.06896551724137931, 0.09961685823754789], "0.4": [0.06130268199233716, 0.04597701149425287, 0.09961685823754789, 0.07279693486590039], "0.6": [0.06130268199233716, 0.07662835249042145, 0.06513409961685823, 0.08045977011494253], "0.8": [0.04980842911877394, 0.10344827586206896, 0.0842911877394636, 0.07279693486590039], "0.9": [0.04597701149425287, 0.06130268199233716, 0.10344827586206896, 0.07279693486590039], "0.95": [0.05747126436781609, 0.08045977011494253, 0.05363984674329502, 0.05747126436781609], "0.975": [0.08045977011494253, 0.08045977011494253, 0.06130268199233716, 0.07279693486590039]}}, "just_spurious and spurious-pixel-paint": {"initial-tune": {"0.025": [0.06130268199233716, 0.07279693486590039, 0.07279693486590039, 0.07279693486590039], "0.05": [0.07279693486590039, 0.038314176245210725, 0.06130268199233716, 0.0842911877394636], "0.1": [0.05363984674329502, 0.07279693486590039, 0.07662835249042145, 0.0842911877394636], "0.2": [0.04980842911877394, 0.05747126436781609, 0.04597701149425287, 0.09195402298850575], "0.4": [0.04980842911877394, 0.10727969348659004, 0.07662835249042145, 0.07662835249042145], "0.6": [0.06513409961685823, 0.09195402298850575, 0.08812260536398467, 0.07662835249042145], "0.8": [0.0421455938697318, 0.09578544061302682, 0.06513409961685823, 0.08812260536398467], "0.9": [0.10727969348659004, 0.09961685823754789, 0.10344827586206896, 0.12260536398467432], "0.95": [0.11877394636015326, 0.13409961685823754, 0.10727969348659004, 0.07279693486590039], "0.975": [0.09195402298850575, 0.13409961685823754, 0.13409961685823754, 0.07662835249042145]}}}