{"both": 0.8405797101449275, "just_main": 0.23255813953488372, "just_spurious": 0.492, "neither": 0.966, "average": 0.6327844624199528}