{"both": 0.8599033816425121, "just_main": 0.29069767441860467, "just_spurious": 0.48, "neither": 0.958, "average": 0.6471502640152792}