{"both": 0.8309178743961353, "just_main": 0.27906976744186046, "just_spurious": 0.546, "neither": 0.954, "average": 0.6524969104594989}