{"cell+phone-person/both-spurious/box": [0.5962055701889083, 77], "cell+phone-person/both-main/box": [0.5962055701889083, 77], "handbag-person/both-spurious/box": [0.7560339460905762, 31], "handbag-person/both-main/box": [0.7560339460905762, 31], "bench-elephant/both-spurious/box": [1.0, 15], "bench-elephant/both-main/box": [1.0, 15], "truck-airplane/both-spurious/box": [1.0, 8], "truck-airplane/both-main/box": [1.0, 8], "sandwich-dining+table/both-spurious/box": [1.0, 54], "sandwich-dining+table/both-main/box": [1.0, 54], "dog-sheep/both-spurious/box": [1.0, 18], "dog-sheep/both-main/box": [1.0, 18], "donut-person/both-spurious/box": [0.02100961113534825, 60], "donut-person/both-main/box": [0.02100961113534825, 60], "tie-cat/neither+spurious": [0.00043957931457017324, 32], "tie-cat/just_main+spurious": [0.01289059042843657, 32], "tie-person/both-spurious/box": [0.4013275813417922, 32], "tie-person/both-main/box": [0.4013275813417922, 32], "couch-person/neither+spurious": [0.00737457079800432, 63], "couch-person/just_main+spurious": [0.17529358158859376, 63], "hair+drier-person/neither+spurious": [0.00018001336576354207, 89], "hair+drier-person/just_main+spurious": [0.10698134982261669, 89], "hot+dog-person/both-spurious/box": [0.07915570983982798, 58], "hot+dog-person/both-main/box": [0.07915570983982798, 58], "knife-person/both-spurious/box": [0.0059682730950215, 49], "knife-person/both-main/box": [0.0059682730950215, 49], "knife-dining+table/both-spurious/box": [0.5, 49], "knife-dining+table/both-main/box": [0.5, 49], "tennis+racket-person/both-spurious/box": [0.18655162154120797, 43], "tennis+racket-person/both-main/box": [0.18655162154120797, 43], "fork-dining+table/both-spurious/box": [1.0, 48], "fork-dining+table/both-main/box": [1.0, 48], "frisbee-person/both-spurious/box": [0.32419124963716417, 34], "frisbee-person/both-main/box": [0.32419124963716417, 34], "frisbee-dog/both-spurious/box": [0.5, 34], "frisbee-dog/both-main/box": [0.5, 34], "spoon-dining+table/both-spurious/box": [1.0, 50], "spoon-dining+table/both-main/box": [1.0, 50], "skateboard-person/both-spurious/box": [0.32806555458004105, 41], "skateboard-person/both-main/box": [0.32806555458004105, 41], "baseball+glove-person/both-spurious/box": [0.19715603382013835, 40], "baseball+glove-person/both-main/box": [0.19715603382013835, 40], "baseball+bat-person/both-spurious/box": [0.22244650787242637, 39], "baseball+bat-person/both-main/box": [0.22244650787242637, 39], "bird-sheep/both-spurious/box": [0.09491826489774449, 16], "bird-sheep/both-main/box": [0.09491826489774449, 16], "snowboard-person/both-spurious/box": [0.374845869297164, 36], "snowboard-person/both-main/box": [0.374845869297164, 36], "bowl-dining+table/both-spurious/box": [1.0, 51], "bowl-dining+table/both-main/box": [1.0, 51], "remote-person/both-spurious/box": [0.3519968993075288, 75], "remote-person/both-main/box": [0.3519968993075288, 75], "sports+ball-person/both-spurious/box": [0.7651940444227483, 37], "sports+ball-person/both-main/box": [0.7651940444227483, 37], "skis-person/both-spurious/box": [0.23718791064388964, 35], "skis-person/both-main/box": [0.23718791064388964, 35], "toothbrush-person/neither+spurious": [0.00024091977453175688, 90], "toothbrush-person/just_main+spurious": [0.02770577407115204, 90]}