{"pair": ["cell+phone-person", "handbag-person", "bench-elephant", "truck-airplane", "sandwich-dining+table", "dog-sheep", "donut-person", "tie-cat", "tie-person", "couch-person", "hair+drier-person", "hot+dog-person", "knife-person", "knife-dining+table", "tennis+racket-person", "fork-dining+table", "frisbee-person", "frisbee-dog", "spoon-dining+table", "skateboard-person", "baseball+glove-person", "baseball+bat-person", "bird-sheep", "snowboard-person", "bowl-dining+table", "remote-person", "sports+ball-person", "skis-person", "toothbrush-person"], "B": [0.032378875108845434, 0.05260087752669355, 0.0009468496115380389, 0.0054443852663437235, 0.011336833295290269, 0.0009806656690929689, 0.0070591020145916285, 0.00038043064749296204, 0.0307049802598764, 0.018903176173205846, 0.000828493410095784, 0.005850177957002883, 0.019951473957408674, 0.023130183367572093, 0.0284139423605299, 0.022724390676912933, 0.015394760201881864, 0.004404541496529627, 0.017677344086839637, 0.028887367166298916, 0.02199734543948194, 0.020940593640890376, 0.00035506860432676457, 0.013712411338524098, 0.028709832864135535, 0.017398361612011463, 0.03463609695063701, 0.025734019799301698, 0.004565167769915545], "M": [0.008225756000236712, 0.005233034906625411, 0.04614201053370193, 0.046353360893420244, 0.00865691073406207, 0.036090187425499, 0.005816361899447953, 0.031829364173577825, 0.0015048145611943832, 0.018488929468157955, 0.0007693153093746566, 0.00448062762602822, 0.016620592288248075, 0.01344188287808466, 0.00027898247482817216, 0.0073296304750310685, 0.0030688072231098936, 0.01405902592846213, 0.01215687269099732, 0.0004987868489352169, 0.00022825838849577722, 0.0002451664172732422, 0.027010575972000305, 0.0002705284604394397, 0.0314066634541412, 0.008606186647729674, 0.0013949123741408608, 0.00032125254677183463, 0.003948024719538073], "S": [0.5096502574247381, 0.48942825500689, 0.017170103223515688, 0.01979930169841149, 0.08873333502413622, 0.011945522331279008, 0.534970030518992, 0.0343993845477525, 0.5113241522737072, 0.5231259563603777, 0.5412006391234878, 0.5361789545765807, 0.5220776585761749, 0.07693998495185439, 0.5136151901730537, 0.07734577764251355, 0.5266343723317017, 0.03266631159806234, 0.08239282423258684, 0.5131417653672846, 0.5200317870941016, 0.5210885388926932, 0.012571119396045213, 0.5283167211950595, 0.07136033545529094, 0.5246307709215721, 0.5073930355829466, 0.5162951127342819, 0.537463964763668], "N": [0.44974511146617974, 0.452737832559791, 0.9357410366312443, 0.9284029521418246, 0.8912729209465114, 0.950983624574129, 0.45215450556696846, 0.9333908206311767, 0.456466052905222, 0.43948193799825847, 0.4572015521570418, 0.4534902398403882, 0.4413502751781683, 0.8864879488024888, 0.45769188499158825, 0.8926002012055424, 0.45490206024330654, 0.9488701209769459, 0.8877729589895762, 0.45747208061748124, 0.45774260907792064, 0.4577257010491432, 0.9600632360276277, 0.457700339005977, 0.8685231682264323, 0.44936468081868675, 0.45657595509227555, 0.4576496149196446, 0.4540228427468784], "original diff": [0.26619802011674043, 0.3900448391480398, 0.002089142428785558, 0.08422765153746414, 0.4764753860700894, 0.01404841870605644, 0.006312152489997613, -0.023733234176462503, 0.42493890221320785, -0.03790734106615112, -0.02354823959762231, 0.024508842605172054, 0.003642692031744943, 0.5525942696336452, 0.46148930473964445, 0.676375787360484, 0.2972503786662335, 0.205272319775175, 0.5075925861624782, 0.4543489014652079, 0.4578774045994566, 0.45606063193044377, 5.016153270186001e-05, 0.4448440576597138, 0.4016453020320959, 0.13041291153262435, 0.4349275265546312, 0.45756314372418716, -0.00583250974420535], "delta": [0.01930446569634464, 0.03976804900433323, 0.0009468496115380389, 0.0054443852663437235, 0.011336833295290269, 0.0009806656690929689, 0.00014830898829132355, 0.0008205985943182883, 0.02464551092568734, 0.003240990666212302, 8.230239023610471e-05, 0.00046307498887587784, 0.00023815169045204865, 0.023130183367572093, 0.005300667021735271, 0.022724390676912933, 0.009981693095425126, 0.004404541496529627, 0.017677344086839637, 0.009476950129769122, 0.004336909381419767, 0.004658161928191603, 3.3702495842360264e-05, 0.005140040748349354, 0.028709832864135535, 0.0061241693404591735, 0.026503335108676356, 0.006103798388664858, 0.00010938308090684525], "aug_prob": [0.5962055701889083, 0.7560339460905762, 1.0, 1.0, 1.0, 1.0, 0.02100961113534825, 0.02578118085687314, 0.8026551626835844, 0.17529358158859376, 0.10698134982261669, 0.07915570983982798, 0.011936546190043, 1.0, 0.18655162154120797, 1.0, 0.6483824992743283, 1.0, 1.0, 0.32806555458004105, 0.19715603382013835, 0.22244650787242637, 0.09491826489774449, 0.374845869297164, 1.0, 0.3519968993075288, 0.7651940444227483, 0.23718791064388964, 0.02770577407115204], "aug_ratio": [2.346831792213277, 7.5994236067456615, 0.055145248645987195, 0.27497865072587535, 1.3095703125, 0.08209483368719038, 0.025498583281999693, 2.1570254650250527, 16.37777275767853, 0.1714521748364287, 0.09933982483528693, 0.10335047397954898, 0.014328712618769826, 1.7207547169811321, 19.0, 3.1003460207612457, 3.2526295624753496, 0.3132892363199038, 1.454102920723227, 19.0, 19.0, 19.0, 0.002680946284939656, 19.0, 0.9141318977119784, 0.7116008042975386, 19.0, 19.0, 0.02396036387264445], "new diff": [-2.220446049250313e-16, 3.3306690738754696e-16, 0.0007180253263740152, 0.06864081241893678, 0.26090162390168575, 0.012361887347861979, -4.440892098500626e-16, 0.0, 0.0, 0.0, 0.0, 0.0, 1.1102230246251565e-16, 0.2859920311967826, 0.3045165043321729, 0.3297531682085878, -2.220446049250313e-16, 0.15500681971085997, 0.2707623769935887, 0.21007585507788806, 0.29421512080890055, 0.27568944976730725, -3.469446951953614e-18, 0.17884839159849175, 0.21989814997109794, -1.1102230246251565e-16, 0.014841098970068578, 0.2671765854462764, 0.0]}