{"both": 0.5797101449275363, "just_main": 0.023255813953488372, "just_spurious": 0.834, "neither": 1.0, "average": 0.6092414897202562}