{"both": 0.893719806763285, "just_main": 0.3081395348837209, "just_spurious": 0.438, "neither": 0.936, "average": 0.6439648354117515}