{"both": 0.8888888888888888, "just_main": 0.4476744186046512, "just_spurious": 0.454, "neither": 0.914, "average": 0.676140826873385}