{"both": 0.9323671497584541, "just_main": 0.5058139534883721, "just_spurious": 0.362, "neither": 0.87, "average": 0.6675452758117066}