{"s_p1": [0.17886167105667247, "both-main/box"], "s_p2": [0.17886167105667247, "both-spurious/box"]}