{"both": 0.9033816425120773, "just_main": 0.29651162790697677, "just_spurious": 0.4, "neither": 0.938, "average": 0.6344733176047634}