{"B2M": 0.22244650787242637, "B2S": 0.22244650787242637}