{"B2M": 0.5286144018173218, "B2S": 0.8839772343635559, "M2N": 0.0, "S2N": 0.978131115436554, "N2M": 0.021908439695835114, "N2S": 0.9348110556602478, "M2B": 0.0, "S2B": 0.0}