{"both": 0.855072463768116, "just_main": 0.4127906976744186, "just_spurious": 0.544, "neither": 0.876, "average": 0.6719657903606336}