{"both": 0.8840579710144928, "just_main": 0.3488372093023256, "just_spurious": 0.52, "neither": 0.948, "average": 0.6752237950792046}