{"average": {"initial-transfer": {"0.025": [0.571287976671835, 0.5568025922435371, 0.5814115743977949, 0.5889510559490874], "0.05": [0.599653629444968, 0.6000009652509651, 0.5822174449477598, 0.5770459621601354], "0.1": [0.6192910193658225, 0.6301632211514101, 0.6464040778686447, 0.629263475511507], "0.2": [0.6544190151906688, 0.6641610297023683, 0.6284560671470121, 0.6576593398798123], "0.4": [0.6969087419815766, 0.6707410416603329, 0.7003961050476799, 0.7017197225346832], "0.6": [0.7167058315345717, 0.6915116184801224, 0.6762304467009191, 0.7156013336170817], "0.8": [0.6977746886368934, 0.7023510270675625, 0.7083384332026065, 0.6923852440742204], "0.9": [0.6739013695923144, 0.6439314038447898, 0.6715898164756433, 0.657074947557231], "0.95": [0.640993666332249, 0.6631917049220198, 0.6414082682232288, 0.6389463538341491], "0.975": [0.6493765213469938, 0.6354451960396842, 0.6429350317696775, 0.6373755307613576]}, "initial-tune": {"0.025": [0.6055663464364252, 0.592602504078882, 0.5783564968230323, 0.6351874436303571], "0.05": [0.6251290168120877, 0.6086613362518875, 0.6022454093576141, 0.6455528025213064], "0.1": [0.6531780900698224, 0.6445074711944789, 0.6667979027959342, 0.6568701648780388], "0.2": [0.69902591483497, 0.6757979737330131, 0.6801713333130656, 0.6946390544087394], "0.4": [0.7072917464708803, 0.7122763353905086, 0.7295009804517678, 0.7061158098480933], "0.6": [0.7188755839641666, 0.709035757354655, 0.7066620228214716, 0.7270939333596814], "0.8": [0.6983293735242554, 0.7112527969476788, 0.7174400556349375, 0.6770113423322084], "0.9": [0.6836131598415063, 0.6908371081993129, 0.689336325357979, 0.672421419450947], "0.95": [0.6777082205940473, 0.662890607424072, 0.6734921462519888, 0.66356929539213], "0.975": [0.6565958081253357, 0.6622827855977462, 0.6621882847414343, 0.6785512292382371]}}, "both": {"initial-transfer": {"0.025": [0.39166666666666666, 0.55, 0.30833333333333335, 0.39166666666666666], "0.05": [0.48333333333333334, 0.5083333333333333, 0.49166666666666664, 0.4], "0.1": [0.55, 0.4, 0.4166666666666667, 0.43333333333333335], "0.2": [0.5333333333333333, 0.525, 0.575, 0.55], "0.4": [0.625, 0.6083333333333333, 0.775, 0.7166666666666667], "0.6": [0.8416666666666667, 0.8833333333333333, 0.6416666666666667, 0.8166666666666667], "0.8": [0.8833333333333333, 0.9, 0.9083333333333333, 0.9], "0.9": [0.9416666666666667, 0.8, 0.8666666666666667, 0.9083333333333333], "0.95": [0.9166666666666666, 0.9083333333333333, 0.8833333333333333, 0.875], "0.975": [0.9083333333333333, 0.85, 0.85, 0.8666666666666667]}, "initial-tune": {"0.025": [0.31666666666666665, 0.36666666666666664, 0.4083333333333333, 0.4083333333333333], "0.05": [0.30833333333333335, 0.36666666666666664, 0.39166666666666666, 0.5666666666666667], "0.1": [0.4083333333333333, 0.5083333333333333, 0.525, 0.48333333333333334], "0.2": [0.525, 0.4583333333333333, 0.43333333333333335, 0.5583333333333333], "0.4": [0.7083333333333334, 0.6666666666666666, 0.775, 0.7333333333333333], "0.6": [0.825, 0.8, 0.725, 0.825], "0.8": [0.8416666666666667, 0.8583333333333333, 0.8583333333333333, 0.8416666666666667], "0.9": [0.9, 0.85, 0.925, 0.8416666666666667], "0.95": [0.9333333333333333, 0.9416666666666667, 0.9, 0.9166666666666666], "0.975": [0.8583333333333333, 0.9333333333333333, 0.925, 0.925]}}, "just_main": {"initial-transfer": {"0.025": [0.806949806949807, 0.9227799227799228, 0.749034749034749, 0.7644787644787645], "0.05": [0.8301158301158301, 0.861003861003861, 0.8532818532818532, 0.8223938223938224], "0.1": [0.8648648648648649, 0.7953667953667953, 0.7104247104247104, 0.7760617760617761], "0.2": [0.7799227799227799, 0.7644787644787645, 0.8223938223938224, 0.803088803088803], "0.4": [0.6293436293436293, 0.667953667953668, 0.7876447876447876, 0.7142857142857143], "0.6": [0.6988416988416989, 0.7915057915057915, 0.5637065637065637, 0.6756756756756757], "0.8": [0.6023166023166023, 0.6332046332046332, 0.7065637065637066, 0.7374517374517374], "0.9": [0.6988416988416989, 0.40540540540540543, 0.6254826254826255, 0.6563706563706564], "0.95": [0.667953667953668, 0.5598455598455598, 0.5637065637065637, 0.5675675675675675], "0.975": [0.528957528957529, 0.4980694980694981, 0.5444015444015444, 0.4826254826254826]}, "initial-tune": {"0.025": [0.7374517374517374, 0.8378378378378378, 0.8455598455598455, 0.7876447876447876], "0.05": [0.7837837837837838, 0.806949806949807, 0.8185328185328186, 0.861003861003861], "0.1": [0.7644787644787645, 0.8532818532818532, 0.8185328185328186, 0.8301158301158301], "0.2": [0.7722007722007722, 0.7374517374517374, 0.7374517374517374, 0.8108108108108109], "0.4": [0.7837837837837838, 0.6486486486486487, 0.7722007722007722, 0.7722007722007722], "0.6": [0.6718146718146718, 0.7722007722007722, 0.6293436293436293, 0.7413127413127413], "0.8": [0.6332046332046332, 0.6602316602316602, 0.694980694980695, 0.5714285714285714], "0.9": [0.5868725868725869, 0.6138996138996139, 0.6872586872586872, 0.5675675675675675], "0.95": [0.5752895752895753, 0.5714285714285714, 0.5482625482625483, 0.5096525096525096], "0.975": [0.4555984555984556, 0.6332046332046332, 0.5405405405405406, 0.5521235521235521]}}, "just_spurious": {"initial-transfer": {"0.025": [0.7165354330708661, 0.5564304461942258, 0.7742782152230971, 0.7296587926509186], "0.05": [0.6771653543307087, 0.6666666666666666, 0.6299212598425197, 0.6797900262467191], "0.1": [0.6062992125984252, 0.7112860892388452, 0.800524934383202, 0.7296587926509186], "0.2": [0.6404199475065617, 0.6771653543307087, 0.5564304461942258, 0.6115485564304461], "0.4": [0.6692913385826772, 0.5826771653543307, 0.48293963254593175, 0.5879265091863517], "0.6": [0.48031496062992124, 0.34120734908136485, 0.6115485564304461, 0.49606299212598426], "0.8": [0.4094488188976378, 0.4041994750656168, 0.3464566929133858, 0.28608923884514437], "0.9": [0.2230971128608924, 0.43832020997375326, 0.32020997375328086, 0.2335958005249344], "0.95": [0.16535433070866143, 0.29658792650918636, 0.2545931758530184, 0.2572178477690289], "0.975": [0.2782152230971129, 0.30971128608923887, 0.29133858267716534, 0.32020997375328086]}, "initial-tune": {"0.025": [0.8241469816272966, 0.7559055118110236, 0.7375328083989501, 0.8267716535433071], "0.05": [0.8083989501312336, 0.7690288713910761, 0.7427821522309711, 0.6745406824146981], "0.1": [0.7979002624671916, 0.6824146981627297, 0.7296587926509186, 0.7480314960629921], "0.2": [0.7769028871391076, 0.7454068241469817, 0.7979002624671916, 0.7034120734908137], "0.4": [0.6010498687664042, 0.6797900262467191, 0.5748031496062992, 0.5669291338582677], "0.6": [0.49868766404199477, 0.46194225721784776, 0.5643044619422573, 0.49606299212598426], "0.8": [0.4304461942257218, 0.4304461942257218, 0.4304461942257218, 0.3989501312335958], "0.9": [0.35958005249343833, 0.4094488188976378, 0.30708661417322836, 0.3884514435695538], "0.95": [0.32020997375328086, 0.26246719160104987, 0.35170603674540685, 0.3359580052493438], "0.975": [0.3884514435695538, 0.2545931758530184, 0.2992125984251969, 0.34908136482939633]}}, "neither": {"initial-transfer": {"0.025": [0.37, 0.198, 0.494, 0.47], "0.05": [0.408, 0.364, 0.354, 0.406], "0.1": [0.456, 0.614, 0.658, 0.578], "0.2": [0.664, 0.69, 0.56, 0.666], "0.4": [0.864, 0.824, 0.756, 0.788], "0.6": [0.846, 0.75, 0.888, 0.874], "0.8": [0.896, 0.872, 0.872, 0.846], "0.9": [0.832, 0.932, 0.874, 0.83], "0.95": [0.814, 0.888, 0.864, 0.856], "0.975": [0.882, 0.884, 0.886, 0.88]}, "initial-tune": {"0.025": [0.544, 0.41, 0.322, 0.518], "0.05": [0.6, 0.492, 0.456, 0.48], "0.1": [0.642, 0.534, 0.594, 0.566], "0.2": [0.722, 0.762, 0.752, 0.706], "0.4": [0.736, 0.854, 0.796, 0.752], "0.6": [0.88, 0.802, 0.908, 0.846], "0.8": [0.888, 0.896, 0.886, 0.896], "0.9": [0.888, 0.89, 0.838, 0.892], "0.95": [0.882, 0.876, 0.894, 0.892], "0.975": [0.924, 0.828, 0.884, 0.888]}}}