{"average": {"initial-tune": {"0.025": [0.5862934210926337, 0.6055663464364252, 0.6027875713170988, 0.592602504078882, 0.5783564968230323, 0.6049655195127637, 0.5857900845164625, 0.6351874436303571], "0.05": [0.5942747697078405, 0.6251290168120877, 0.6073579358323453, 0.6086613362518875, 0.6022454093576141, 0.6166160885294744, 0.6303448403409033, 0.6455528025213064], "0.1": [0.6642623303843777, 0.6531780900698224, 0.6616300910021382, 0.6445074711944789, 0.6667979027959342, 0.6568206735982327, 0.6382163834250448, 0.6568701648780388], "0.2": [0.7178662836064411, 0.69902591483497, 0.7097845564912493, 0.6757979737330131, 0.6801713333130656, 0.698249138621186, 0.7101873042896665, 0.6946390544087394], "0.4": [0.7229047619047618, 0.7072917464708803, 0.7181533102281135, 0.7122763353905086, 0.7295009804517678, 0.7053055690673802, 0.7264628948408476, 0.7061158098480933], "0.6": [0.7195150817296486, 0.7188755839641666, 0.7158951853991224, 0.709035757354655, 0.7066620228214716, 0.7110830571854194, 0.7228062252353591, 0.7270939333596814], "0.8": [0.6865574565003698, 0.6983293735242554, 0.6980228037373707, 0.7112527969476788, 0.7174400556349375, 0.6914143840128093, 0.6947434433871441, 0.6770113423322084], "0.9": [0.6874565865077676, 0.6836131598415063, 0.6771299972638556, 0.6908371081993129, 0.689336325357979, 0.6836470018950335, 0.6835938928242078, 0.672421419450947], "0.95": [0.6599681340508112, 0.6777082205940473, 0.6734736190070836, 0.662890607424072, 0.6734921462519888, 0.6685778661113307, 0.6601812062343558, 0.66356929539213], "0.975": [0.6614720431905472, 0.6565958081253357, 0.6637795326259893, 0.6622827855977462, 0.6621882847414343, 0.6583632713140587, 0.672638388106892, 0.6785512292382371]}}, "both": {"initial-tune": {"0.025": [0.36666666666666664, 0.31666666666666665, 0.44166666666666665, 0.36666666666666664, 0.4083333333333333, 0.3, 0.375, 0.4083333333333333], "0.05": [0.3333333333333333, 0.30833333333333335, 0.30833333333333335, 0.36666666666666664, 0.39166666666666666, 0.35, 0.36666666666666664, 0.5666666666666667], "0.1": [0.4666666666666667, 0.4083333333333333, 0.49166666666666664, 0.5083333333333333, 0.525, 0.475, 0.6166666666666667, 0.48333333333333334], "0.2": [0.6833333333333333, 0.525, 0.6083333333333333, 0.4583333333333333, 0.43333333333333335, 0.525, 0.6, 0.5583333333333333], "0.4": [0.6666666666666666, 0.7083333333333334, 0.7333333333333333, 0.6666666666666666, 0.775, 0.7083333333333334, 0.7833333333333333, 0.7333333333333333], "0.6": [0.825, 0.825, 0.7666666666666667, 0.8, 0.725, 0.8833333333333333, 0.7333333333333333, 0.825], "0.8": [0.825, 0.8416666666666667, 0.825, 0.8583333333333333, 0.8583333333333333, 0.8166666666666667, 0.8583333333333333, 0.8416666666666667], "0.9": [0.9, 0.9, 0.8833333333333333, 0.85, 0.925, 0.9, 0.925, 0.8416666666666667], "0.95": [0.8833333333333333, 0.9333333333333333, 0.9416666666666667, 0.9416666666666667, 0.9, 0.9416666666666667, 0.8916666666666667, 0.9166666666666666], "0.975": [0.9083333333333333, 0.8583333333333333, 0.9333333333333333, 0.9333333333333333, 0.925, 0.9416666666666667, 0.9166666666666666, 0.925]}}, "just_main": {"initial-tune": {"0.025": [0.833976833976834, 0.7374517374517374, 0.8416988416988417, 0.8378378378378378, 0.8455598455598455, 0.7683397683397684, 0.8262548262548263, 0.7876447876447876], "0.05": [0.7953667953667953, 0.7837837837837838, 0.7722007722007722, 0.806949806949807, 0.8185328185328186, 0.8108108108108109, 0.7760617760617761, 0.861003861003861], "0.1": [0.7992277992277992, 0.7644787644787645, 0.8416988416988417, 0.8532818532818532, 0.8185328185328186, 0.7915057915057915, 0.888030888030888, 0.8301158301158301], "0.2": [0.8378378378378378, 0.7722007722007722, 0.7876447876447876, 0.7374517374517374, 0.7374517374517374, 0.6988416988416989, 0.7683397683397684, 0.8108108108108109], "0.4": [0.7142857142857143, 0.7837837837837838, 0.694980694980695, 0.6486486486486487, 0.7722007722007722, 0.6988416988416989, 0.7683397683397684, 0.7722007722007722], "0.6": [0.7258687258687259, 0.6718146718146718, 0.6602316602316602, 0.7722007722007722, 0.6293436293436293, 0.7799227799227799, 0.6988416988416989, 0.7413127413127413], "0.8": [0.5057915057915058, 0.6332046332046332, 0.6138996138996139, 0.6602316602316602, 0.694980694980695, 0.5019305019305019, 0.637065637065637, 0.5714285714285714], "0.9": [0.6216216216216216, 0.5868725868725869, 0.555984555984556, 0.6138996138996139, 0.6872586872586872, 0.5482625482625483, 0.6447876447876448, 0.5675675675675675], "0.95": [0.4942084942084942, 0.5752895752895753, 0.6177606177606177, 0.5714285714285714, 0.5482625482625483, 0.6061776061776062, 0.5598455598455598, 0.5096525096525096], "0.975": [0.49034749034749037, 0.4555984555984556, 0.637065637065637, 0.6332046332046332, 0.5405405405405406, 0.6023166023166023, 0.5366795366795367, 0.5521235521235521]}}, "just_spurious": {"initial-tune": {"0.025": [0.7585301837270341, 0.8241469816272966, 0.7217847769028871, 0.7559055118110236, 0.7375328083989501, 0.821522309711286, 0.7559055118110236, 0.8267716535433071], "0.05": [0.8083989501312336, 0.8083989501312336, 0.8188976377952756, 0.7690288713910761, 0.7427821522309711, 0.7716535433070866, 0.7926509186351706, 0.6745406824146981], "0.1": [0.7611548556430446, 0.7979002624671916, 0.7611548556430446, 0.6824146981627297, 0.7296587926509186, 0.7847769028871391, 0.6561679790026247, 0.7480314960629921], "0.2": [0.6482939632545932, 0.7769028871391076, 0.7191601049868767, 0.7454068241469817, 0.7979002624671916, 0.7611548556430446, 0.7244094488188977, 0.7034120734908137], "0.4": [0.6666666666666666, 0.6010498687664042, 0.6062992125984252, 0.6797900262467191, 0.5748031496062992, 0.6220472440944882, 0.5721784776902887, 0.5669291338582677], "0.6": [0.4671916010498688, 0.49868766404199477, 0.5406824146981627, 0.46194225721784776, 0.5643044619422573, 0.3910761154855643, 0.6010498687664042, 0.49606299212598426], "0.8": [0.49343832020997375, 0.4304461942257218, 0.4671916010498688, 0.4304461942257218, 0.4304461942257218, 0.5170603674540682, 0.4015748031496063, 0.3989501312335958], "0.9": [0.36220472440944884, 0.35958005249343833, 0.38320209973753283, 0.4094488188976378, 0.30708661417322836, 0.3963254593175853, 0.29658792650918636, 0.3884514435695538], "0.95": [0.3543307086614173, 0.32020997375328086, 0.26246719160104987, 0.26246719160104987, 0.35170603674540685, 0.26246719160104987, 0.2992125984251969, 0.3359580052493438], "0.975": [0.34120734908136485, 0.3884514435695538, 0.24671916010498687, 0.2545931758530184, 0.2992125984251969, 0.24146981627296588, 0.34120734908136485, 0.34908136482939633]}}, "neither": {"initial-tune": {"0.025": [0.386, 0.544, 0.406, 0.41, 0.322, 0.53, 0.386, 0.518], "0.05": [0.44, 0.6, 0.53, 0.492, 0.456, 0.534, 0.586, 0.48], "0.1": [0.63, 0.642, 0.552, 0.534, 0.594, 0.576, 0.392, 0.566], "0.2": [0.702, 0.722, 0.724, 0.762, 0.752, 0.808, 0.748, 0.706], "0.4": [0.844, 0.736, 0.838, 0.854, 0.796, 0.792, 0.782, 0.752], "0.6": [0.86, 0.88, 0.896, 0.802, 0.908, 0.79, 0.858, 0.846], "0.8": [0.922, 0.888, 0.886, 0.896, 0.886, 0.93, 0.882, 0.896], "0.9": [0.866, 0.888, 0.886, 0.89, 0.838, 0.89, 0.868, 0.892], "0.95": [0.908, 0.882, 0.872, 0.876, 0.894, 0.864, 0.89, 0.892], "0.975": [0.906, 0.924, 0.838, 0.828, 0.884, 0.848, 0.896, 0.888]}}}