{"both and main-box": {"initial-transfer": {"0.025": [0.025, 0.025, 0.03333333333333333, 0.05], "0.05": [0.1, 0.058333333333333334, 0.08333333333333333, 0.05], "0.1": [0.058333333333333334, 0.041666666666666664, 0.075, 0.058333333333333334], "0.2": [0.06666666666666667, 0.058333333333333334, 0.025, 0.06666666666666667], "0.4": [0.11666666666666667, 0.058333333333333334, 0.08333333333333333, 0.11666666666666667], "0.6": [0.11666666666666667, 0.025, 0.1, 0.06666666666666667], "0.8": [0.058333333333333334, 0.041666666666666664, 0.016666666666666666, 0.008333333333333333], "0.9": [0.0, 0.041666666666666664, 0.025, 0.008333333333333333], "0.95": [0.008333333333333333, 0.008333333333333333, 0.008333333333333333, 0.008333333333333333], "0.975": [0.008333333333333333, 0.016666666666666666, 0.016666666666666666, 0.016666666666666666]}, "initial-tune": {"0.025": [0.075, 0.075, 0.06666666666666667, 0.10833333333333334], "0.05": [0.058333333333333334, 0.06666666666666667, 0.06666666666666667, 0.058333333333333334], "0.1": [0.10833333333333334, 0.1, 0.10833333333333334, 0.14166666666666666], "0.2": [0.11666666666666667, 0.1, 0.11666666666666667, 0.06666666666666667], "0.4": [0.14166666666666666, 0.125, 0.09166666666666666, 0.11666666666666667], "0.6": [0.1, 0.058333333333333334, 0.075, 0.075], "0.8": [0.06666666666666667, 0.03333333333333333, 0.05, 0.05], "0.9": [0.058333333333333334, 0.025, 0.06666666666666667, 0.05], "0.95": [0.025, 0.03333333333333333, 0.041666666666666664, 0.041666666666666664], "0.975": [0.05, 0.03333333333333333, 0.041666666666666664, 0.025]}}, "both and main-pixel-paint": {"initial-transfer": {"0.025": [0.058333333333333334, 0.06666666666666667, 0.10833333333333334, 0.05], "0.05": [0.09166666666666666, 0.10833333333333334, 0.08333333333333333, 0.08333333333333333], "0.1": [0.125, 0.09166666666666666, 0.06666666666666667, 0.06666666666666667], "0.2": [0.125, 0.06666666666666667, 0.09166666666666666, 0.1], "0.4": [0.11666666666666667, 0.09166666666666666, 0.08333333333333333, 0.08333333333333333], "0.6": [0.075, 0.03333333333333333, 0.14166666666666666, 0.075], "0.8": [0.075, 0.05, 0.03333333333333333, 0.03333333333333333], "0.9": [0.025, 0.025, 0.03333333333333333, 0.0], "0.95": [0.041666666666666664, 0.058333333333333334, 0.05, 0.05], "0.975": [0.03333333333333333, 0.05, 0.025, 0.041666666666666664]}, "initial-tune": {"0.025": [0.1, 0.08333333333333333, 0.1, 0.11666666666666667], "0.05": [0.11666666666666667, 0.1, 0.09166666666666666, 0.11666666666666667], "0.1": [0.10833333333333334, 0.11666666666666667, 0.09166666666666666, 0.125], "0.2": [0.11666666666666667, 0.10833333333333334, 0.125, 0.1], "0.4": [0.10833333333333334, 0.18333333333333332, 0.125, 0.14166666666666666], "0.6": [0.11666666666666667, 0.10833333333333334, 0.10833333333333334, 0.10833333333333334], "0.8": [0.058333333333333334, 0.06666666666666667, 0.08333333333333333, 0.06666666666666667], "0.9": [0.041666666666666664, 0.058333333333333334, 0.05, 0.05], "0.95": [0.075, 0.05, 0.03333333333333333, 0.06666666666666667], "0.975": [0.041666666666666664, 0.025, 0.058333333333333334, 0.05]}}, "just_main and main-box": {"initial-transfer": {"0.025": [0.02702702702702703, 0.04247104247104247, 0.03474903474903475, 0.03474903474903475], "0.05": [0.04633204633204633, 0.05405405405405406, 0.02702702702702703, 0.03088803088803089], "0.1": [0.04247104247104247, 0.05405405405405406, 0.06177606177606178, 0.06177606177606178], "0.2": [0.04247104247104247, 0.03861003861003861, 0.023166023166023165, 0.05405405405405406], "0.4": [0.07335907335907337, 0.05791505791505792, 0.06177606177606178, 0.05405405405405406], "0.6": [0.06563706563706563, 0.04247104247104247, 0.06563706563706563, 0.06563706563706563], "0.8": [0.05791505791505792, 0.07335907335907337, 0.07722007722007722, 0.05019305019305019], "0.9": [0.0888030888030888, 0.05791505791505792, 0.05791505791505792, 0.06177606177606178], "0.95": [0.08108108108108109, 0.06177606177606178, 0.06177606177606178, 0.05405405405405406], "0.975": [0.07722007722007722, 0.03861003861003861, 0.06177606177606178, 0.05405405405405406]}, "initial-tune": {"0.025": [0.05019305019305019, 0.05791505791505792, 0.023166023166023165, 0.05405405405405406], "0.05": [0.05405405405405406, 0.07335907335907337, 0.05019305019305019, 0.04247104247104247], "0.1": [0.08108108108108109, 0.03474903474903475, 0.06177606177606178, 0.05791505791505792], "0.2": [0.06177606177606178, 0.06563706563706563, 0.07335907335907337, 0.04633204633204633], "0.4": [0.07722007722007722, 0.08494208494208494, 0.07722007722007722, 0.06563706563706563], "0.6": [0.08494208494208494, 0.04633204633204633, 0.08108108108108109, 0.07722007722007722], "0.8": [0.10810810810810811, 0.10038610038610038, 0.09266409266409266, 0.08494208494208494], "0.9": [0.07335907335907337, 0.07722007722007722, 0.09266409266409266, 0.11196911196911197], "0.95": [0.08108108108108109, 0.08494208494208494, 0.0694980694980695, 0.07335907335907337], "0.975": [0.06563706563706563, 0.05405405405405406, 0.08108108108108109, 0.06177606177606178]}}, "just_main and main-pixel-paint": {"initial-transfer": {"0.025": [0.08494208494208494, 0.023166023166023165, 0.07335907335907337, 0.07335907335907337], "0.05": [0.05791505791505792, 0.03088803088803089, 0.05405405405405406, 0.04247104247104247], "0.1": [0.05405405405405406, 0.09652509652509653, 0.08108108108108109, 0.08494208494208494], "0.2": [0.06177606177606178, 0.08108108108108109, 0.05019305019305019, 0.0694980694980695], "0.4": [0.10810810810810811, 0.0694980694980695, 0.06177606177606178, 0.06563706563706563], "0.6": [0.06563706563706563, 0.05019305019305019, 0.08494208494208494, 0.06177606177606178], "0.8": [0.05019305019305019, 0.05019305019305019, 0.08108108108108109, 0.07335907335907337], "0.9": [0.0694980694980695, 0.06563706563706563, 0.08108108108108109, 0.08108108108108109], "0.95": [0.05405405405405406, 0.11196911196911197, 0.07722007722007722, 0.05791505791505792], "0.975": [0.0888030888030888, 0.08494208494208494, 0.09652509652509653, 0.0694980694980695]}, "initial-tune": {"0.025": [0.11969111969111969, 0.06563706563706563, 0.06177606177606178, 0.09652509652509653], "0.05": [0.08108108108108109, 0.08108108108108109, 0.07335907335907337, 0.07722007722007722], "0.1": [0.10038610038610038, 0.06177606177606178, 0.07722007722007722, 0.10424710424710425], "0.2": [0.0694980694980695, 0.09652509652509653, 0.07335907335907337, 0.11583011583011583], "0.4": [0.10810810810810811, 0.15057915057915058, 0.10424710424710425, 0.06563706563706563], "0.6": [0.0888030888030888, 0.08108108108108109, 0.13127413127413126, 0.11196911196911197], "0.8": [0.11196911196911197, 0.09652509652509653, 0.10810810810810811, 0.0888030888030888], "0.9": [0.10810810810810811, 0.10038610038610038, 0.11583011583011583, 0.11969111969111969], "0.95": [0.09266409266409266, 0.08108108108108109, 0.07335907335907337, 0.05791505791505792], "0.975": [0.07722007722007722, 0.07335907335907337, 0.11196911196911197, 0.0888030888030888]}}}