{"both and spurious-box": {"initial-tune": {"0.025": [0.49166666666666664, 0.4666666666666667, 0.4666666666666667, 0.48333333333333334, 0.45, 0.4083333333333333, 0.49166666666666664, 0.35833333333333334], "0.05": [0.375, 0.44166666666666665, 0.48333333333333334, 0.4, 0.5166666666666667, 0.475, 0.38333333333333336, 0.3], "0.1": [0.38333333333333336, 0.38333333333333336, 0.35833333333333334, 0.35833333333333334, 0.3, 0.3416666666666667, 0.3, 0.36666666666666664], "0.2": [0.15, 0.25, 0.23333333333333334, 0.2833333333333333, 0.3, 0.19166666666666668, 0.175, 0.18333333333333332], "0.4": [0.125, 0.14166666666666666, 0.125, 0.16666666666666666, 0.15833333333333333, 0.20833333333333334, 0.15, 0.15833333333333333], "0.6": [0.19166666666666668, 0.13333333333333333, 0.16666666666666666, 0.075, 0.125, 0.225, 0.11666666666666667, 0.13333333333333333], "0.8": [0.19166666666666668, 0.15833333333333333, 0.24166666666666667, 0.175, 0.2, 0.3416666666666667, 0.175, 0.175], "0.9": [0.10833333333333334, 0.18333333333333332, 0.23333333333333334, 0.2, 0.19166666666666668, 0.24166666666666667, 0.175, 0.21666666666666667], "0.95": [0.16666666666666666, 0.26666666666666666, 0.20833333333333334, 0.25833333333333336, 0.2833333333333333, 0.26666666666666666, 0.20833333333333334, 0.20833333333333334], "0.975": [0.25, 0.3333333333333333, 0.24166666666666667, 0.24166666666666667, 0.26666666666666666, 0.175, 0.275, 0.275]}}, "both and spurious-pixel-paint": {"initial-tune": {"0.025": [0.15833333333333333, 0.15833333333333333, 0.11666666666666667, 0.16666666666666666, 0.19166666666666668, 0.1, 0.19166666666666668, 0.13333333333333333], "0.05": [0.16666666666666666, 0.2, 0.16666666666666666, 0.16666666666666666, 0.175, 0.15, 0.14166666666666666, 0.175], "0.1": [0.10833333333333334, 0.2, 0.14166666666666666, 0.11666666666666667, 0.13333333333333333, 0.15833333333333333, 0.2, 0.20833333333333334], "0.2": [0.15, 0.23333333333333334, 0.24166666666666667, 0.15, 0.18333333333333332, 0.15833333333333333, 0.14166666666666666, 0.16666666666666666], "0.4": [0.15, 0.15, 0.14166666666666666, 0.15, 0.18333333333333332, 0.18333333333333332, 0.2, 0.19166666666666668], "0.6": [0.13333333333333333, 0.15833333333333333, 0.14166666666666666, 0.1, 0.15, 0.16666666666666666, 0.14166666666666666, 0.11666666666666667], "0.8": [0.15833333333333333, 0.19166666666666668, 0.15833333333333333, 0.14166666666666666, 0.14166666666666666, 0.2, 0.13333333333333333, 0.15], "0.9": [0.075, 0.14166666666666666, 0.11666666666666667, 0.125, 0.1, 0.14166666666666666, 0.125, 0.125], "0.95": [0.1, 0.18333333333333332, 0.09166666666666666, 0.2, 0.125, 0.125, 0.175, 0.13333333333333333], "0.975": [0.14166666666666666, 0.15, 0.10833333333333334, 0.10833333333333334, 0.11666666666666667, 0.125, 0.15, 0.15]}}, "just_spurious and spurious-box": {"initial-tune": {"0.025": [0.43832020997375326, 0.44881889763779526, 0.3884514435695538, 0.4409448818897638, 0.4461942257217848, 0.34120734908136485, 0.4330708661417323, 0.2283464566929134], "0.05": [0.29396325459317585, 0.30446194225721784, 0.33858267716535434, 0.27034120734908135, 0.38320209973753283, 0.43832020997375326, 0.30708661417322836, 0.23097112860892388], "0.1": [0.35958005249343833, 0.26246719160104987, 0.29658792650918636, 0.28083989501312334, 0.28083989501312334, 0.29658792650918636, 0.3910761154855643, 0.3858267716535433], "0.2": [0.12335958005249344, 0.14173228346456693, 0.19160104986876642, 0.14173228346456693, 0.17585301837270342, 0.13385826771653545, 0.15485564304461943, 0.13648293963254593], "0.4": [0.11286089238845144, 0.15223097112860892, 0.15748031496062992, 0.11023622047244094, 0.12860892388451445, 0.13123359580052493, 0.15223097112860892, 0.14960629921259844], "0.6": [0.2178477690288714, 0.19160104986876642, 0.2047244094488189, 0.15748031496062992, 0.1837270341207349, 0.2230971128608924, 0.15748031496062992, 0.17060367454068243], "0.8": [0.24671916010498687, 0.23097112860892388, 0.1968503937007874, 0.25196850393700787, 0.23622047244094488, 0.27296587926509186, 0.2335958005249344, 0.23622047244094488], "0.9": [0.2178477690288714, 0.25984251968503935, 0.25196850393700787, 0.2099737532808399, 0.28083989501312334, 0.25196850393700787, 0.28083989501312334, 0.2388451443569554], "0.95": [0.2572178477690289, 0.28083989501312334, 0.3228346456692913, 0.3674540682414698, 0.28608923884514437, 0.32808398950131235, 0.30708661417322836, 0.2572178477690289], "0.975": [0.29133858267716534, 0.28608923884514437, 0.32808398950131235, 0.3464566929133858, 0.32545931758530183, 0.30446194225721784, 0.29133858267716534, 0.28083989501312334]}}, "just_spurious and spurious-pixel-paint": {"initial-tune": {"0.025": [0.16010498687664043, 0.10236220472440945, 0.15485564304461943, 0.11811023622047244, 0.1837270341207349, 0.09711286089238845, 0.17585301837270342, 0.06299212598425197], "0.05": [0.14173228346456693, 0.14173228346456693, 0.11548556430446194, 0.09973753280839895, 0.13910761154855644, 0.13648293963254593, 0.12073490813648294, 0.10498687664041995], "0.1": [0.10236220472440945, 0.11811023622047244, 0.08136482939632546, 0.17585301837270342, 0.13123359580052493, 0.10498687664041995, 0.11811023622047244, 0.12073490813648294], "0.2": [0.13123359580052493, 0.13123359580052493, 0.12073490813648294, 0.12335958005249344, 0.13385826771653545, 0.09973753280839895, 0.14960629921259844, 0.08923884514435695], "0.4": [0.12335958005249344, 0.15748031496062992, 0.11286089238845144, 0.11286089238845144, 0.13123359580052493, 0.15485564304461943, 0.12073490813648294, 0.14173228346456693], "0.6": [0.14698162729658792, 0.13123359580052493, 0.13385826771653545, 0.10498687664041995, 0.12073490813648294, 0.12335958005249344, 0.13123359580052493, 0.10498687664041995], "0.8": [0.1968503937007874, 0.1784776902887139, 0.10498687664041995, 0.15485564304461943, 0.1679790026246719, 0.1679790026246719, 0.13910761154855644, 0.1968503937007874], "0.9": [0.11548556430446194, 0.1837270341207349, 0.15748031496062992, 0.14698162729658792, 0.1784776902887139, 0.16535433070866143, 0.18635170603674542, 0.1679790026246719], "0.95": [0.16272965879265092, 0.18635170603674542, 0.1889763779527559, 0.2440944881889764, 0.17585301837270342, 0.2020997375328084, 0.2178477690288714, 0.17060367454068243], "0.975": [0.1889763779527559, 0.1889763779527559, 0.17585301837270342, 0.18110236220472442, 0.18110236220472442, 0.18635170603674542, 0.2125984251968504, 0.16535433070866143]}}}