{"just_main and just_main+just_spurious": {"initial-transfer": {"0.025": [0.25096525096525096, 0.20463320463320464, 0.2277992277992278, 0.24324324324324326], "0.05": [0.23938223938223938, 0.20077220077220076, 0.25096525096525096, 0.23166023166023167], "0.1": [0.1891891891891892, 0.23552123552123552, 0.2084942084942085, 0.21621621621621623], "0.2": [0.14671814671814673, 0.15444015444015444, 0.20077220077220076, 0.1583011583011583], "0.4": [0.18146718146718147, 0.14285714285714285, 0.11583011583011583, 0.138996138996139], "0.6": [0.138996138996139, 0.06563706563706563, 0.18146718146718147, 0.15057915057915058], "0.8": [0.13513513513513514, 0.13513513513513514, 0.11583011583011583, 0.06563706563706563], "0.9": [0.10810810810810811, 0.1776061776061776, 0.14671814671814673, 0.1274131274131274], "0.95": [0.14285714285714285, 0.14285714285714285, 0.17374517374517376, 0.16602316602316602], "0.975": [0.2084942084942085, 0.2084942084942085, 0.1776061776061776, 0.2084942084942085]}, "initial-tune": {"0.025": [0.24324324324324326, 0.20463320463320464, 0.18532818532818532, 0.25096525096525096], "0.05": [0.2084942084942085, 0.1891891891891892, 0.23552123552123552, 0.14671814671814673], "0.1": [0.23938223938223938, 0.1274131274131274, 0.20463320463320464, 0.1969111969111969], "0.2": [0.17374517374517376, 0.138996138996139, 0.20463320463320464, 0.18532818532818532], "0.4": [0.16216216216216217, 0.17374517374517376, 0.138996138996139, 0.10038610038610038], "0.6": [0.11969111969111969, 0.12355212355212356, 0.15444015444015444, 0.11969111969111969], "0.8": [0.138996138996139, 0.1274131274131274, 0.11969111969111969, 0.18146718146718147], "0.9": [0.15057915057915058, 0.13127413127413126, 0.1583011583011583, 0.20077220077220076], "0.95": [0.16988416988416988, 0.16988416988416988, 0.17374517374517376, 0.1776061776061776], "0.975": [0.23166023166023167, 0.1583011583011583, 0.14285714285714285, 0.16988416988416988]}}, "just_spurious and just_spurious+just_main": {"initial-transfer": {"0.025": [0.05511811023622047, 0.03674540682414698, 0.05249343832020997, 0.047244094488188976], "0.05": [0.05511811023622047, 0.05774278215223097, 0.031496062992125984, 0.028871391076115485], "0.1": [0.03412073490813648, 0.03412073490813648, 0.03937007874015748, 0.06299212598425197], "0.2": [0.06561679790026247, 0.05511811023622047, 0.03937007874015748, 0.04199475065616798], "0.4": [0.03937007874015748, 0.047244094488188976, 0.05249343832020997, 0.047244094488188976], "0.6": [0.05774278215223097, 0.03937007874015748, 0.04199475065616798, 0.049868766404199474], "0.8": [0.06036745406824147, 0.028871391076115485, 0.04199475065616798, 0.03412073490813648], "0.9": [0.03937007874015748, 0.04461942257217848, 0.031496062992125984, 0.031496062992125984], "0.95": [0.03412073490813648, 0.04199475065616798, 0.04199475065616798, 0.04461942257217848], "0.975": [0.04199475065616798, 0.026246719160104987, 0.047244094488188976, 0.031496062992125984]}, "initial-tune": {"0.025": [0.04199475065616798, 0.04199475065616798, 0.07086614173228346, 0.05249343832020997], "0.05": [0.06824146981627296, 0.049868766404199474, 0.04461942257217848, 0.06824146981627296], "0.1": [0.05249343832020997, 0.08923884514435695, 0.06299212598425197, 0.06561679790026247], "0.2": [0.049868766404199474, 0.05249343832020997, 0.06036745406824147, 0.07086614173228346], "0.4": [0.05774278215223097, 0.049868766404199474, 0.05249343832020997, 0.09186351706036745], "0.6": [0.05774278215223097, 0.026246719160104987, 0.06299212598425197, 0.05774278215223097], "0.8": [0.04461942257217848, 0.03937007874015748, 0.047244094488188976, 0.05249343832020997], "0.9": [0.05774278215223097, 0.04199475065616798, 0.049868766404199474, 0.026246719160104987], "0.95": [0.04461942257217848, 0.031496062992125984, 0.028871391076115485, 0.04199475065616798], "0.975": [0.028871391076115485, 0.04461942257217848, 0.028871391076115485, 0.03937007874015748]}}, "neither and neither+just_main": {"initial-transfer": {"0.025": [0.078, 0.032, 0.058, 0.076], "0.05": [0.058, 0.088, 0.05, 0.074], "0.1": [0.08, 0.064, 0.072, 0.082], "0.2": [0.062, 0.054, 0.082, 0.064], "0.4": [0.028, 0.032, 0.048, 0.036], "0.6": [0.048, 0.054, 0.032, 0.034], "0.8": [0.014, 0.03, 0.03, 0.034], "0.9": [0.034, 0.016, 0.03, 0.032], "0.95": [0.022, 0.02, 0.024, 0.03], "0.975": [0.024, 0.022, 0.024, 0.028]}, "initial-tune": {"0.025": [0.07, 0.074, 0.062, 0.064], "0.05": [0.06, 0.09, 0.08, 0.072], "0.1": [0.06, 0.08, 0.07, 0.072], "0.2": [0.076, 0.082, 0.058, 0.054], "0.4": [0.062, 0.046, 0.05, 0.062], "0.6": [0.044, 0.04, 0.032, 0.044], "0.8": [0.034, 0.042, 0.038, 0.024], "0.9": [0.034, 0.034, 0.032, 0.034], "0.95": [0.042, 0.024, 0.022, 0.022], "0.975": [0.024, 0.024, 0.02, 0.036]}}, "neither and neither+just_spurious": {"initial-transfer": {"0.025": [0.24, 0.238, 0.224, 0.21], "0.05": [0.238, 0.228, 0.212, 0.214], "0.1": [0.21, 0.172, 0.172, 0.2], "0.2": [0.152, 0.152, 0.188, 0.172], "0.4": [0.084, 0.12, 0.132, 0.116], "0.6": [0.112, 0.126, 0.072, 0.114], "0.8": [0.11, 0.114, 0.148, 0.128], "0.9": [0.16, 0.082, 0.13, 0.178], "0.95": [0.194, 0.146, 0.158, 0.156], "0.975": [0.166, 0.16, 0.142, 0.134]}, "initial-tune": {"0.025": [0.21, 0.258, 0.228, 0.204], "0.05": [0.18, 0.198, 0.226, 0.184], "0.1": [0.19, 0.168, 0.176, 0.206], "0.2": [0.14, 0.122, 0.134, 0.136], "0.4": [0.14, 0.102, 0.098, 0.114], "0.6": [0.128, 0.094, 0.102, 0.13], "0.8": [0.112, 0.118, 0.108, 0.108], "0.9": [0.16, 0.092, 0.196, 0.122], "0.95": [0.17, 0.188, 0.176, 0.18], "0.975": [0.148, 0.222, 0.168, 0.178]}}}