{"both": 0.9323671497584541, "just_main": 0.5581395348837209, "just_spurious": 0.406, "neither": 0.87, "average": 0.6916266711605438}