{"both": 0.9033816425120773, "just_main": 0.46511627906976744, "just_spurious": 0.492, "neither": 0.904, "average": 0.6911244803954611}