{"both": 0.8115942028985508, "just_main": 0.27325581395348836, "just_spurious": 0.554, "neither": 0.924, "average": 0.6407125042130098}