{"both": 0.7971014492753623, "just_main": 0.19186046511627908, "just_spurious": 0.594, "neither": 0.954, "average": 0.6342404785979103}