{"B2M": 0.0, "B2S": 0.0, "M2N": 0.44460880756378174, "S2N": 0.44460880756378174, "N2M": 0.0, "N2S": 0.0, "M2B": 0.44460880756378174, "S2B": 0.44460880756378174}