{"both": 0.782608695652174, "just_main": 0.46511627906976744, "just_spurious": 0.668, "neither": 0.89, "average": 0.7014312436804854}