{"both": 0.8888888888888888, "just_main": 0.4127906976744186, "just_spurious": 0.51, "neither": 0.91, "average": 0.6804198966408269}