{"both": 0.8454106280193237, "just_main": 0.27325581395348836, "just_spurious": 0.512, "neither": 0.94, "average": 0.6426666104932031}