{"both": 0.9710144927536232, "just_main": 0.9883720930232558, "just_spurious": 0.202, "neither": 0.178, "average": 0.5848466464442197}