{"both": 0.8502415458937198, "just_main": 0.1744186046511628, "just_spurious": 0.552, "neither": 0.932, "average": 0.6271650376362207}