{"both": 0.8985507246376812, "just_main": 0.3953488372093023, "just_spurious": 0.508, "neither": 0.918, "average": 0.6799748904617459}