{"average": {"initial-tune": {"0.025": [0.6678750889770184, 0.6715908201138906, 0.6629194122432377, 0.6477220357941834], "0.05": [0.6856062639821028, 0.6885869686800895, 0.7035037497457799, 0.6765903370957901], "0.1": [0.7019500711816148, 0.7055281930038642, 0.715480908074029, 0.6817959502745576], "0.2": [0.7166648489932886, 0.7146076749033964, 0.709410946715477, 0.7244195901972746], "0.4": [0.7350640507423225, 0.7412056258897702, 0.7375992093756355, 0.7117766549725443], "0.6": [0.7336292708968883, 0.748508351128737, 0.736733259609518, 0.7250632753711613], "0.8": [0.7201318130974171, 0.7199324155989424, 0.7260395439292252, 0.7358883211307707], "0.9": [0.7199532489322757, 0.7104656802928615, 0.7146830638600773, 0.7064456731747001], "0.95": [0.7104031167378483, 0.6972133668903803, 0.7118970790115924, 0.7104491051454139], "0.975": [0.6989565029489526, 0.7014372076469392, 0.7095126093146227, 0.7049900599959324]}}, "both": {"initial-tune": {"0.025": [0.4966442953020134, 0.5033557046979866, 0.610738255033557, 0.48322147651006714], "0.05": [0.5637583892617449, 0.5771812080536913, 0.6442953020134228, 0.6644295302013423], "0.1": [0.5973154362416108, 0.6510067114093959, 0.5771812080536913, 0.6241610738255033], "0.2": [0.7114093959731543, 0.7248322147651006, 0.6442953020134228, 0.6040268456375839], "0.4": [0.7986577181208053, 0.7449664429530202, 0.7583892617449665, 0.6375838926174496], "0.6": [0.8389261744966443, 0.8993288590604027, 0.8456375838926175, 0.8993288590604027], "0.8": [0.8859060402684564, 0.9060402684563759, 0.8657718120805369, 0.9261744966442953], "0.9": [0.9060402684563759, 0.8657718120805369, 0.9530201342281879, 0.9060402684563759], "0.95": [0.9395973154362416, 0.9530201342281879, 0.9530201342281879, 0.9194630872483222], "0.975": [0.9261744966442953, 0.9395973154362416, 0.9530201342281879, 0.9463087248322147]}}, "just_main": {"initial-tune": {"0.025": [0.696969696969697, 0.7212121212121212, 0.793939393939394, 0.703030303030303], "0.05": [0.7393939393939394, 0.7575757575757576, 0.7696969696969697, 0.8181818181818182], "0.1": [0.7212121212121212, 0.7696969696969697, 0.696969696969697, 0.7818181818181819], "0.2": [0.7818181818181819, 0.7757575757575758, 0.7212121212121212, 0.7333333333333333], "0.4": [0.8121212121212121, 0.696969696969697, 0.7212121212121212, 0.6545454545454545], "0.6": [0.7272727272727273, 0.7636363636363637, 0.7090909090909091, 0.7515151515151515], "0.8": [0.6484848484848484, 0.7212121212121212, 0.7090909090909091, 0.7333333333333333], "0.9": [0.7090909090909091, 0.7090909090909091, 0.7212121212121212, 0.6424242424242425], "0.95": [0.6787878787878788, 0.7515151515151515, 0.6909090909090909, 0.7515151515151515], "0.975": [0.6424242424242425, 0.6606060606060606, 0.6848484848484848, 0.6424242424242425]}}, "just_spurious": {"initial-tune": {"0.025": [0.7698863636363636, 0.7357954545454546, 0.625, 0.7386363636363636], "0.05": [0.7272727272727273, 0.7215909090909091, 0.6960227272727273, 0.59375], "0.1": [0.7272727272727273, 0.6534090909090909, 0.7897727272727273, 0.6392045454545454], "0.2": [0.5994318181818182, 0.6278409090909091, 0.6761363636363636, 0.7443181818181818], "0.4": [0.4914772727272727, 0.6448863636363636, 0.6107954545454546, 0.6789772727272727], "0.6": [0.4943181818181818, 0.4630681818181818, 0.5142045454545454, 0.4034090909090909], "0.8": [0.42613636363636365, 0.3664772727272727, 0.42329545454545453, 0.39204545454545453], "0.9": [0.3806818181818182, 0.375, 0.3125, 0.3693181818181818], "0.95": [0.3352272727272727, 0.24431818181818182, 0.3096590909090909, 0.3068181818181818], "0.975": [0.3352272727272727, 0.32954545454545453, 0.3181818181818182, 0.3352272727272727]}}, "neither": {"initial-tune": {"0.025": [0.708, 0.726, 0.622, 0.666], "0.05": [0.712, 0.698, 0.704, 0.63], "0.1": [0.762, 0.748, 0.798, 0.682], "0.2": [0.774, 0.73, 0.796, 0.816], "0.4": [0.838, 0.878, 0.86, 0.876], "0.6": [0.874, 0.868, 0.878, 0.846], "0.8": [0.92, 0.886, 0.906, 0.892], "0.9": [0.884, 0.892, 0.872, 0.908], "0.95": [0.888, 0.84, 0.894, 0.864], "0.975": [0.892, 0.876, 0.882, 0.896]}}}