{"just_main and just_main+just_spurious": {"initial-transfer": {"0.025": [0.1696969696969697, 0.15757575757575756, 0.15757575757575756, 0.1393939393939394], "0.05": [0.12121212121212122, 0.16363636363636364, 0.18181818181818182, 0.2], "0.1": [0.1696969696969697, 0.14545454545454545, 0.14545454545454545, 0.1393939393939394], "0.2": [0.07878787878787878, 0.11515151515151516, 0.09696969696969697, 0.15151515151515152], "0.4": [0.15151515151515152, 0.12121212121212122, 0.18787878787878787, 0.16363636363636364], "0.6": [0.1393939393939394, 0.18787878787878787, 0.14545454545454545, 0.10909090909090909], "0.8": [0.14545454545454545, 0.10909090909090909, 0.13333333333333333, 0.13333333333333333], "0.9": [0.09090909090909091, 0.07878787878787878, 0.12727272727272726, 0.10909090909090909], "0.95": [0.08484848484848485, 0.09696969696969697, 0.15151515151515152, 0.11515151515151516], "0.975": [0.12727272727272726, 0.07878787878787878, 0.1393939393939394, 0.15151515151515152]}, "initial-tune": {"0.025": [0.10303030303030303, 0.14545454545454545, 0.07272727272727272, 0.10303030303030303], "0.05": [0.1393939393939394, 0.15151515151515152, 0.12727272727272726, 0.10909090909090909], "0.1": [0.12121212121212122, 0.12121212121212122, 0.1696969696969697, 0.09696969696969697], "0.2": [0.10303030303030303, 0.09696969696969697, 0.09696969696969697, 0.14545454545454545], "0.4": [0.09090909090909091, 0.15757575757575756, 0.14545454545454545, 0.15151515151515152], "0.6": [0.10303030303030303, 0.09090909090909091, 0.12727272727272726, 0.11515151515151516], "0.8": [0.1696969696969697, 0.09090909090909091, 0.12121212121212122, 0.10303030303030303], "0.9": [0.07272727272727272, 0.12727272727272726, 0.11515151515151516, 0.16363636363636364], "0.95": [0.1393939393939394, 0.07878787878787878, 0.11515151515151516, 0.07878787878787878], "0.975": [0.1393939393939394, 0.12121212121212122, 0.14545454545454545, 0.1393939393939394]}}, "just_spurious and just_spurious+just_main": {"initial-transfer": {"0.025": [0.1534090909090909, 0.1278409090909091, 0.13352272727272727, 0.1278409090909091], "0.05": [0.15625, 0.13352272727272727, 0.16193181818181818, 0.13068181818181818], "0.1": [0.14772727272727273, 0.125, 0.1846590909090909, 0.13920454545454544], "0.2": [0.13920454545454544, 0.1534090909090909, 0.13636363636363635, 0.17045454545454544], "0.4": [0.16193181818181818, 0.13352272727272727, 0.15056818181818182, 0.17045454545454544], "0.6": [0.10795454545454546, 0.15056818181818182, 0.1278409090909091, 0.1534090909090909], "0.8": [0.10795454545454546, 0.09090909090909091, 0.08522727272727272, 0.08806818181818182], "0.9": [0.09943181818181818, 0.09943181818181818, 0.09090909090909091, 0.09659090909090909], "0.95": [0.09375, 0.08806818181818182, 0.09375, 0.09659090909090909], "0.975": [0.10227272727272728, 0.10795454545454546, 0.08806818181818182, 0.06818181818181818]}, "initial-tune": {"0.025": [0.14204545454545456, 0.15056818181818182, 0.17045454545454544, 0.13920454545454544], "0.05": [0.17329545454545456, 0.15625, 0.17897727272727273, 0.1590909090909091], "0.1": [0.14204545454545456, 0.1875, 0.16761363636363635, 0.14772727272727273], "0.2": [0.19886363636363635, 0.17613636363636365, 0.18181818181818182, 0.1590909090909091], "0.4": [0.14772727272727273, 0.19318181818181818, 0.20170454545454544, 0.1534090909090909], "0.6": [0.16193181818181818, 0.17897727272727273, 0.16477272727272727, 0.15625], "0.8": [0.13068181818181818, 0.12215909090909091, 0.13352272727272727, 0.125], "0.9": [0.11931818181818182, 0.11079545454545454, 0.07670454545454546, 0.11647727272727272], "0.95": [0.08806818181818182, 0.09659090909090909, 0.08238636363636363, 0.10795454545454546], "0.975": [0.07670454545454546, 0.09943181818181818, 0.09659090909090909, 0.09090909090909091]}}, "neither and neither+just_main": {"initial-transfer": {"0.025": [0.146, 0.134, 0.122, 0.126], "0.05": [0.096, 0.142, 0.148, 0.104], "0.1": [0.114, 0.118, 0.118, 0.1], "0.2": [0.128, 0.112, 0.098, 0.118], "0.4": [0.082, 0.1, 0.084, 0.098], "0.6": [0.098, 0.092, 0.082, 0.098], "0.8": [0.088, 0.092, 0.132, 0.11], "0.9": [0.124, 0.138, 0.108, 0.106], "0.95": [0.122, 0.128, 0.114, 0.11], "0.975": [0.112, 0.126, 0.11, 0.122]}, "initial-tune": {"0.025": [0.128, 0.156, 0.152, 0.142], "0.05": [0.118, 0.102, 0.15, 0.146], "0.1": [0.124, 0.148, 0.124, 0.122], "0.2": [0.156, 0.14, 0.116, 0.136], "0.4": [0.128, 0.114, 0.128, 0.074], "0.6": [0.132, 0.158, 0.126, 0.138], "0.8": [0.136, 0.14, 0.156, 0.146], "0.9": [0.144, 0.152, 0.134, 0.14], "0.95": [0.126, 0.168, 0.144, 0.18], "0.975": [0.124, 0.14, 0.13, 0.11]}}, "neither and neither+just_spurious": {"initial-transfer": {"0.025": [0.146, 0.168, 0.126, 0.124], "0.05": [0.132, 0.194, 0.15, 0.098], "0.1": [0.12, 0.092, 0.114, 0.096], "0.2": [0.156, 0.106, 0.12, 0.114], "0.4": [0.12, 0.144, 0.146, 0.124], "0.6": [0.132, 0.102, 0.116, 0.124], "0.8": [0.13, 0.176, 0.18, 0.176], "0.9": [0.174, 0.186, 0.184, 0.158], "0.95": [0.182, 0.174, 0.17, 0.194], "0.975": [0.162, 0.196, 0.164, 0.178]}, "initial-tune": {"0.025": [0.14, 0.128, 0.154, 0.15], "0.05": [0.118, 0.13, 0.128, 0.17], "0.1": [0.122, 0.142, 0.142, 0.158], "0.2": [0.146, 0.15, 0.13, 0.126], "0.4": [0.136, 0.116, 0.13, 0.084], "0.6": [0.15, 0.168, 0.128, 0.15], "0.8": [0.146, 0.182, 0.16, 0.182], "0.9": [0.162, 0.196, 0.188, 0.19], "0.95": [0.202, 0.236, 0.206, 0.222], "0.975": [0.168, 0.204, 0.206, 0.186]}}}