{"both and main-box": {"initial-tune": {"0.025": [0.2214765100671141, 0.1610738255033557, 0.20134228187919462, 0.2080536912751678], "0.05": [0.2348993288590604, 0.24161073825503357, 0.2953020134228188, 0.21476510067114093], "0.1": [0.26174496644295303, 0.22818791946308725, 0.2550335570469799, 0.21476510067114093], "0.2": [0.18120805369127516, 0.24161073825503357, 0.2214765100671141, 0.24161073825503357], "0.4": [0.2080536912751678, 0.26174496644295303, 0.2684563758389262, 0.2550335570469799], "0.6": [0.2550335570469799, 0.2684563758389262, 0.2550335570469799, 0.2483221476510067], "0.8": [0.22818791946308725, 0.21476510067114093, 0.22818791946308725, 0.24161073825503357], "0.9": [0.24161073825503357, 0.22818791946308725, 0.22818791946308725, 0.24161073825503357], "0.95": [0.18791946308724833, 0.1610738255033557, 0.20134228187919462, 0.18791946308724833], "0.975": [0.21476510067114093, 0.18791946308724833, 0.18791946308724833, 0.2080536912751678]}}, "both and main-pixel-paint": {"initial-tune": {"0.025": [0.14093959731543623, 0.14093959731543623, 0.12751677852348994, 0.09395973154362416], "0.05": [0.1476510067114094, 0.09395973154362416, 0.18791946308724833, 0.14093959731543623], "0.1": [0.16778523489932887, 0.1610738255033557, 0.1610738255033557, 0.12751677852348994], "0.2": [0.15436241610738255, 0.16778523489932887, 0.18120805369127516, 0.1342281879194631], "0.4": [0.1342281879194631, 0.1610738255033557, 0.16778523489932887, 0.14093959731543623], "0.6": [0.16778523489932887, 0.174496644295302, 0.20134228187919462, 0.15436241610738255], "0.8": [0.19463087248322147, 0.15436241610738255, 0.1476510067114094, 0.1610738255033557], "0.9": [0.174496644295302, 0.1342281879194631, 0.1476510067114094, 0.174496644295302], "0.95": [0.1342281879194631, 0.0738255033557047, 0.12751677852348994, 0.10067114093959731], "0.975": [0.1610738255033557, 0.12751677852348994, 0.11409395973154363, 0.12080536912751678]}}, "just_main and main-box": {"initial-tune": {"0.025": [0.16363636363636364, 0.16363636363636364, 0.12727272727272726, 0.21818181818181817], "0.05": [0.19393939393939394, 0.2, 0.22424242424242424, 0.16363636363636364], "0.1": [0.2, 0.2, 0.24848484848484848, 0.21818181818181817], "0.2": [0.2, 0.18181818181818182, 0.20606060606060606, 0.24242424242424243], "0.4": [0.23030303030303031, 0.2606060606060606, 0.2727272727272727, 0.18787878787878787], "0.6": [0.2545454545454545, 0.2787878787878788, 0.2787878787878788, 0.23030303030303031], "0.8": [0.24848484848484848, 0.23030303030303031, 0.2606060606060606, 0.23636363636363636], "0.9": [0.24848484848484848, 0.24242424242424243, 0.24242424242424243, 0.21212121212121213], "0.95": [0.23030303030303031, 0.2, 0.20606060606060606, 0.23030303030303031], "0.975": [0.21818181818181817, 0.21818181818181817, 0.1696969696969697, 0.23030303030303031]}}, "just_main and main-pixel-paint": {"initial-tune": {"0.025": [0.17575757575757575, 0.17575757575757575, 0.06666666666666667, 0.15757575757575756], "0.05": [0.15151515151515152, 0.11515151515151516, 0.15757575757575756, 0.13333333333333333], "0.1": [0.15757575757575756, 0.12727272727272726, 0.19393939393939394, 0.11515151515151516], "0.2": [0.13333333333333333, 0.14545454545454545, 0.13333333333333333, 0.1696969696969697], "0.4": [0.17575757575757575, 0.19393939393939394, 0.18181818181818182, 0.13333333333333333], "0.6": [0.24848484848484848, 0.22424242424242424, 0.23030303030303031, 0.16363636363636364], "0.8": [0.21818181818181817, 0.20606060606060606, 0.2606060606060606, 0.21212121212121213], "0.9": [0.18181818181818182, 0.2, 0.21212121212121213, 0.19393939393939394], "0.95": [0.19393939393939394, 0.15757575757575756, 0.18787878787878787, 0.18787878787878787], "0.975": [0.20606060606060606, 0.18787878787878787, 0.19393939393939394, 0.19393939393939394]}}}