{"both and spurious-box": {"initial-transfer": {"0.025": [0.18791946308724833, 0.21476510067114093, 0.21476510067114093, 0.21476510067114093], "0.05": [0.24161073825503357, 0.24161073825503357, 0.2348993288590604, 0.2348993288590604], "0.1": [0.2348993288590604, 0.2550335570469799, 0.2550335570469799, 0.21476510067114093], "0.2": [0.2953020134228188, 0.3221476510067114, 0.30201342281879195, 0.2684563758389262], "0.4": [0.3288590604026846, 0.3087248322147651, 0.3422818791946309, 0.33557046979865773], "0.6": [0.28859060402684567, 0.35570469798657717, 0.3288590604026846, 0.31543624161073824], "0.8": [0.40268456375838924, 0.3087248322147651, 0.3087248322147651, 0.3422818791946309], "0.9": [0.3288590604026846, 0.3087248322147651, 0.3221476510067114, 0.31543624161073824], "0.95": [0.28859060402684567, 0.3221476510067114, 0.3691275167785235, 0.35570469798657717], "0.975": [0.35570469798657717, 0.3691275167785235, 0.31543624161073824, 0.3221476510067114]}, "initial-tune": {"0.025": [0.26174496644295303, 0.20134228187919462, 0.2080536912751678, 0.2214765100671141], "0.05": [0.20134228187919462, 0.2751677852348993, 0.26174496644295303, 0.22818791946308725], "0.1": [0.2483221476510067, 0.2684563758389262, 0.2953020134228188, 0.26174496644295303], "0.2": [0.2684563758389262, 0.31543624161073824, 0.2953020134228188, 0.2483221476510067], "0.4": [0.3691275167785235, 0.3288590604026846, 0.40939597315436244, 0.30201342281879195], "0.6": [0.42953020134228187, 0.37583892617449666, 0.3624161073825503, 0.40939597315436244], "0.8": [0.4429530201342282, 0.37583892617449666, 0.35570469798657717, 0.35570469798657717], "0.9": [0.33557046979865773, 0.348993288590604, 0.3825503355704698, 0.38926174496644295], "0.95": [0.348993288590604, 0.3087248322147651, 0.3288590604026846, 0.3087248322147651], "0.975": [0.3959731543624161, 0.3422818791946309, 0.26174496644295303, 0.2953020134228188]}}, "both and spurious-pixel-paint": {"initial-transfer": {"0.025": [0.18120805369127516, 0.19463087248322147, 0.15436241610738255, 0.18120805369127516], "0.05": [0.2080536912751678, 0.19463087248322147, 0.18791946308724833, 0.1610738255033557], "0.1": [0.2080536912751678, 0.174496644295302, 0.2214765100671141, 0.20134228187919462], "0.2": [0.18791946308724833, 0.24161073825503357, 0.22818791946308725, 0.2483221476510067], "0.4": [0.2684563758389262, 0.2080536912751678, 0.19463087248322147, 0.2483221476510067], "0.6": [0.22818791946308725, 0.24161073825503357, 0.2550335570469799, 0.20134228187919462], "0.8": [0.2751677852348993, 0.21476510067114093, 0.21476510067114093, 0.19463087248322147], "0.9": [0.16778523489932887, 0.1476510067114094, 0.16778523489932887, 0.19463087248322147], "0.95": [0.174496644295302, 0.1610738255033557, 0.16778523489932887, 0.18791946308724833], "0.975": [0.21476510067114093, 0.18791946308724833, 0.18791946308724833, 0.15436241610738255]}, "initial-tune": {"0.025": [0.174496644295302, 0.1610738255033557, 0.1342281879194631, 0.16778523489932887], "0.05": [0.1610738255033557, 0.18791946308724833, 0.1610738255033557, 0.2080536912751678], "0.1": [0.18120805369127516, 0.16778523489932887, 0.18120805369127516, 0.1610738255033557], "0.2": [0.1610738255033557, 0.174496644295302, 0.18791946308724833, 0.21476510067114093], "0.4": [0.18791946308724833, 0.21476510067114093, 0.18120805369127516, 0.1476510067114094], "0.6": [0.2214765100671141, 0.16778523489932887, 0.18120805369127516, 0.18791946308724833], "0.8": [0.2080536912751678, 0.174496644295302, 0.2214765100671141, 0.15436241610738255], "0.9": [0.1610738255033557, 0.14093959731543623, 0.18791946308724833, 0.19463087248322147], "0.95": [0.18120805369127516, 0.1342281879194631, 0.1476510067114094, 0.14093959731543623], "0.975": [0.2080536912751678, 0.174496644295302, 0.14093959731543623, 0.16778523489932887]}}, "just_spurious and spurious-box": {"initial-transfer": {"0.025": [0.2215909090909091, 0.2159090909090909, 0.17613636363636365, 0.20738636363636365], "0.05": [0.20170454545454544, 0.2556818181818182, 0.2215909090909091, 0.2159090909090909], "0.1": [0.2159090909090909, 0.17329545454545456, 0.24431818181818182, 0.17329545454545456], "0.2": [0.30113636363636365, 0.22727272727272727, 0.3039772727272727, 0.21875], "0.4": [0.3778409090909091, 0.34375, 0.3352272727272727, 0.28125], "0.6": [0.3778409090909091, 0.3210227272727273, 0.3409090909090909, 0.36079545454545453], "0.8": [0.39488636363636365, 0.4034090909090909, 0.38636363636363635, 0.36363636363636365], "0.9": [0.39204545454545453, 0.4147727272727273, 0.3778409090909091, 0.4090909090909091], "0.95": [0.3806818181818182, 0.39488636363636365, 0.4005681818181818, 0.375], "0.975": [0.4289772727272727, 0.4289772727272727, 0.36363636363636365, 0.3465909090909091]}, "initial-tune": {"0.025": [0.2755681818181818, 0.24147727272727273, 0.21022727272727273, 0.17613636363636365], "0.05": [0.1846590909090909, 0.2471590909090909, 0.22443181818181818, 0.2585227272727273], "0.1": [0.17613636363636365, 0.21022727272727273, 0.15056818181818182, 0.23863636363636365], "0.2": [0.24431818181818182, 0.19886363636363635, 0.20454545454545456, 0.16193181818181818], "0.4": [0.32954545454545453, 0.23295454545454544, 0.2755681818181818, 0.21875], "0.6": [0.35795454545454547, 0.3778409090909091, 0.32670454545454547, 0.4090909090909091], "0.8": [0.38636363636363635, 0.4119318181818182, 0.4034090909090909, 0.38636363636363635], "0.9": [0.39204545454545453, 0.39488636363636365, 0.4289772727272727, 0.4034090909090909], "0.95": [0.4119318181818182, 0.4005681818181818, 0.40625, 0.4119318181818182], "0.975": [0.3778409090909091, 0.3664772727272727, 0.34375, 0.35795454545454547]}}, "just_spurious and spurious-pixel-paint": {"initial-transfer": {"0.025": [0.1534090909090909, 0.1875, 0.15625, 0.13068181818181818], "0.05": [0.14204545454545456, 0.20170454545454544, 0.19886363636363635, 0.15625], "0.1": [0.15056818181818182, 0.15056818181818182, 0.1534090909090909, 0.12215909090909091], "0.2": [0.2159090909090909, 0.1903409090909091, 0.23579545454545456, 0.18181818181818182], "0.4": [0.2528409090909091, 0.2585227272727273, 0.22443181818181818, 0.20454545454545456], "0.6": [0.2585227272727273, 0.22727272727272727, 0.2471590909090909, 0.26988636363636365], "0.8": [0.2727272727272727, 0.2869318181818182, 0.26136363636363635, 0.23863636363636365], "0.9": [0.26988636363636365, 0.2528409090909091, 0.24431818181818182, 0.28125], "0.95": [0.2471590909090909, 0.23863636363636365, 0.26704545454545453, 0.2471590909090909], "0.975": [0.2528409090909091, 0.2471590909090909, 0.25, 0.24147727272727273]}, "initial-tune": {"0.025": [0.14772727272727273, 0.15056818181818182, 0.15625, 0.16193181818181818], "0.05": [0.13920454545454544, 0.17897727272727273, 0.20454545454545456, 0.1903409090909091], "0.1": [0.14204545454545456, 0.20170454545454544, 0.13920454545454544, 0.19602272727272727], "0.2": [0.20170454545454544, 0.21306818181818182, 0.1590909090909091, 0.13920454545454544], "0.4": [0.23011363636363635, 0.17329545454545456, 0.1846590909090909, 0.14488636363636365], "0.6": [0.21875, 0.26136363636363635, 0.2159090909090909, 0.2727272727272727], "0.8": [0.2556818181818182, 0.26704545454545453, 0.24147727272727273, 0.22727272727272727], "0.9": [0.24431818181818182, 0.2528409090909091, 0.2471590909090909, 0.26420454545454547], "0.95": [0.26136363636363635, 0.21875, 0.22443181818181818, 0.23295454545454544], "0.975": [0.21875, 0.23011363636363635, 0.22727272727272727, 0.2556818181818182]}}}