{"average": {"initial-tune": {"0.025": [0.7256776556776556, 0.7333742923742923, 0.7188539793539793, 0.7256515151515152, 0.7301873126873126, 0.7151370296370296, 0.7129249084249085, 0.7062685647685648], "0.05": [0.7428846153846155, 0.7529097569097569, 0.7505206460206459, 0.7586928071928072, 0.7553846153846154, 0.7371621711621711, 0.7432479187479187, 0.7456924741924742], "0.1": [0.7906366966366966, 0.7525061605061605, 0.7627334332334332, 0.7452743922743923, 0.7712888777888778, 0.7887479187479187, 0.7945058275058275, 0.7773394938394939], "0.2": [0.8193543123543123, 0.8279352314352315, 0.8223346653346653, 0.8374152514152514, 0.8313643023643023, 0.8239400599400599, 0.818460372960373, 0.8127279387279387], "0.4": [0.8454761904761905, 0.8464761904761905, 0.8551783216783218, 0.8395284715284715, 0.8505264735264735, 0.8399958374958375, 0.8482389277389277, 0.8475932400932401], "0.6": [0.8621090576090576, 0.8608672993672993, 0.8467612387612388, 0.8628563103563104, 0.8393992673992674, 0.8616645021645021, 0.8580084915084915, 0.8540739260739261], "0.8": [0.8178864468864468, 0.7932820512820513, 0.8063551448551448, 0.82245670995671, 0.8177842157842158, 0.8063809523809524, 0.8129105894105894, 0.8259495504495504], "0.9": [0.774489676989677, 0.7827314352314353, 0.7998265068265068, 0.7739600399600399, 0.7695715950715951, 0.7947407592407593, 0.7815957375957376, 0.7864342324342325], "0.95": [0.730461704961705, 0.7437495837495838, 0.7452017982017982, 0.7398446553446554, 0.7322089577089578, 0.7530919080919081, 0.7335677655677655, 0.750430402930403], "0.975": [0.7312440892440892, 0.7028852813852814, 0.6856668331668332, 0.6979578754578755, 0.7031122211122212, 0.6568831168831168, 0.6987870462870462, 0.697471028971029]}, "minimal-tune": {"0.025": [0.787960705960706, 0.8079455544455544, 0.7525377955377955, 0.7903088578088578, 0.790501332001332, 0.7852276057276057, 0.7667937062937064, 0.765581585081585], "0.05": [0.7639520479520481, 0.7787995337995338, 0.8077785547785548, 0.7891280386280386, 0.7917286047286047, 0.7933291708291709, 0.7763091908091908, 0.8232131202131202], "0.1": [0.8195867465867466, 0.7952698967698968, 0.8002833832833832, 0.815061938061938, 0.8092382617382617, 0.8276273726273726, 0.7883153513153512, 0.8106928071928071], "0.2": [0.8283443223443223, 0.8307840492840493, 0.8372647352647352, 0.8138256743256743, 0.8225471195471195, 0.8192357642357642, 0.830450382950383, 0.8312392607392607], "0.4": [0.8442750582750582, 0.8472086247086248, 0.8403349983349984, 0.8454655344655344, 0.8658156843156843, 0.8543008658008658, 0.8477554112554112, 0.8654100899100898], "0.6": [0.8423504828504829, 0.838004662004662, 0.869043623043623, 0.8404878454878455, 0.8156923076923077, 0.8589623709623709, 0.8463679653679653, 0.8187780552780553], "0.8": [0.8066536796536796, 0.8081988011988012, 0.8161526806526807, 0.8100069930069931, 0.8123864468864469, 0.8144405594405595, 0.8425646020646022, 0.8141223776223776], "0.9": [0.7689135864135864, 0.7816804861804861, 0.7634087579087578, 0.8060321345321345, 0.7867504162504163, 0.7967156177156177, 0.7380071595071594, 0.7851949716949717], "0.95": [0.7601366966366966, 0.7521318681318682, 0.771940392940393, 0.7670944055944056, 0.7759483849483849, 0.7523746253746253, 0.7768677988677988, 0.7700299700299701], "0.975": [0.7588036963036964, 0.7770947385947385, 0.7480464535464535, 0.7833216783216783, 0.7434613719613721, 0.7526063936063936, 0.7602024642024642, 0.7675651015651016]}, "simple-tune": {"0.025": [0.7165261405261405, 0.7283742923742924, 0.7165357975357975, 0.7289249084249084, 0.7311270396270396, 0.6987131202131202, 0.7208288378288379, 0.7018591408591408], "0.05": [0.7531366966366966, 0.7348088578088579, 0.731091908091908, 0.7457582417582418, 0.7434858474858475, 0.7363291708291708, 0.7326122211122211, 0.7364655344655344], "0.1": [0.7639097569097569, 0.7727179487179487, 0.7969452214452214, 0.779581585081585, 0.7792733932733933, 0.7742733932733933, 0.7651373626373625, 0.7593143523143522], "0.2": [0.8142482517482518, 0.8229300699300699, 0.8284510489510489, 0.8195158175158175, 0.8230516150516151, 0.8078095238095238, 0.8088195138195138, 0.8170361305361306], "0.4": [0.8558701298701299, 0.847622211122211, 0.8537695637695637, 0.8453711288711288, 0.8467757242757242, 0.8568553113553113, 0.8490471195471195, 0.8503201798201798], "0.6": [0.8492057942057941, 0.8430442890442891, 0.8519968364968364, 0.8657347652347652, 0.8538414918414918, 0.836626207126207, 0.8431255411255411, 0.8497963702963702], "0.8": [0.8248183483183483, 0.8157600732600733, 0.8164347319347319, 0.8077397602397602, 0.8272077922077923, 0.8260969030969031, 0.8195727605727605, 0.8115073260073259], "0.9": [0.7750606060606061, 0.7798429903429904, 0.7843061938061938, 0.7824232434232433, 0.721458374958375, 0.7784342324342325, 0.7866704961704961, 0.7808023643023643], "0.95": [0.7667407592407594, 0.7582221112221111, 0.7388726273726274, 0.7525715950715951, 0.7557424242424243, 0.7485815850815851, 0.7486776556776557, 0.7330622710622711], "0.975": [0.7363040293040293, 0.7213556443556444, 0.71296003996004, 0.7190974025974026, 0.7330974025974026, 0.7041232101232101, 0.7304265734265734, 0.7347182817182818]}}, "both": {"initial-tune": {"0.025": [0.4166666666666667, 0.44696969696969696, 0.4393939393939394, 0.5606060606060606, 0.5227272727272727, 0.4015151515151515, 0.4166666666666667, 0.30303030303030304], "0.05": [0.5, 0.5606060606060606, 0.6060606060606061, 0.5227272727272727, 0.5, 0.4621212121212121, 0.44696969696969696, 0.42424242424242425], "0.1": [0.803030303030303, 0.44696969696969696, 0.5378787878787878, 0.4015151515151515, 0.5606060606060606, 0.696969696969697, 0.5984848484848485, 0.5303030303030303], "0.2": [0.7878787878787878, 0.7196969696969697, 0.7272727272727273, 0.8106060606060606, 0.7424242424242424, 0.7727272727272727, 0.7803030303030303, 0.7878787878787878], "0.4": [0.8333333333333334, 0.8333333333333334, 0.8636363636363636, 0.7954545454545454, 0.9545454545454546, 0.8939393939393939, 0.7878787878787878, 0.8257575757575758], "0.6": [0.8787878787878788, 0.8787878787878788, 0.8863636363636364, 0.8787878787878788, 0.8333333333333334, 0.9015151515151515, 0.8863636363636364, 0.8636363636363636], "0.8": [0.9166666666666666, 0.9166666666666666, 0.9090909090909091, 0.946969696969697, 0.9318181818181818, 0.9166666666666666, 0.9318181818181818, 0.9545454545454546], "0.9": [0.946969696969697, 0.946969696969697, 0.9393939393939394, 0.9318181818181818, 0.9242424242424242, 0.9545454545454546, 0.9393939393939394, 0.9242424242424242], "0.95": [0.9242424242424242, 0.9393939393939394, 0.9318181818181818, 0.9318181818181818, 0.9242424242424242, 0.9318181818181818, 0.9166666666666666, 0.9166666666666666], "0.975": [0.9393939393939394, 0.946969696969697, 0.8409090909090909, 0.9166666666666666, 0.9393939393939394, 0.9318181818181818, 0.8939393939393939, 0.9318181818181818]}, "minimal-tune": {"0.025": [0.6287878787878788, 0.7727272727272727, 0.553030303030303, 0.7196969696969697, 0.6439393939393939, 0.6893939393939394, 0.6136363636363636, 0.6287878787878788], "0.05": [0.5681818181818182, 0.7121212121212122, 0.7575757575757576, 0.7424242424242424, 0.7348484848484849, 0.7272727272727273, 0.5681818181818182, 0.7803030303030303], "0.1": [0.7803030303030303, 0.696969696969697, 0.8106060606060606, 0.8181818181818182, 0.8409090909090909, 0.7954545454545454, 0.7651515151515151, 0.7727272727272727], "0.2": [0.8333333333333334, 0.7575757575757576, 0.7954545454545454, 0.8181818181818182, 0.8106060606060606, 0.7272727272727273, 0.8257575757575758, 0.8863636363636364], "0.4": [0.8484848484848485, 0.8257575757575758, 0.8257575757575758, 0.9318181818181818, 0.8636363636363636, 0.8560606060606061, 0.7878787878787878, 0.9090909090909091], "0.6": [0.7803030303030303, 0.8787878787878788, 0.9015151515151515, 0.7803030303030303, 0.75, 0.8712121212121212, 0.8257575757575758, 0.7348484848484849],