{"just_main and just_main+just_spurious": {"initial-tune": {"0.025": [0.1978021978021978, 0.13736263736263737, 0.16483516483516483, 0.10989010989010989, 0.14285714285714285, 0.1813186813186813, 0.2032967032967033, 0.21978021978021978], "0.05": [0.15384615384615385, 0.0989010989010989, 0.12087912087912088, 0.13736263736263737, 0.12637362637362637, 0.14835164835164835, 0.11538461538461539, 0.17032967032967034], "0.1": [0.054945054945054944, 0.15384615384615385, 0.15384615384615385, 0.16483516483516483, 0.12637362637362637, 0.08791208791208792, 0.1043956043956044, 0.1043956043956044], "0.2": [0.038461538461538464, 0.08241758241758242, 0.08791208791208792, 0.054945054945054944, 0.06043956043956044, 0.04395604395604396, 0.06043956043956044, 0.06043956043956044], "0.4": [0.03296703296703297, 0.03296703296703297, 0.03296703296703297, 0.08241758241758242, 0.016483516483516484, 0.038461538461538464, 0.054945054945054944, 0.04395604395604396], "0.6": [0.04945054945054945, 0.0989010989010989, 0.07692307692307693, 0.04945054945054945, 0.09340659340659341, 0.06043956043956044, 0.08241758241758242, 0.04945054945054945], "0.8": [0.17032967032967034, 0.1813186813186813, 0.15934065934065933, 0.14835164835164835, 0.13186813186813187, 0.12087912087912088, 0.16483516483516483, 0.13736263736263737], "0.9": [0.19230769230769232, 0.14285714285714285, 0.13736263736263737, 0.2087912087912088, 0.19230769230769232, 0.16483516483516483, 0.1813186813186813, 0.2087912087912088], "0.95": [0.2692307692307692, 0.24725274725274726, 0.21978021978021978, 0.22527472527472528, 0.2967032967032967, 0.25274725274725274, 0.24175824175824176, 0.23076923076923078], "0.975": [0.21428571428571427, 0.25274725274725274, 0.22527472527472528, 0.27472527472527475, 0.22527472527472528, 0.2857142857142857, 0.26373626373626374, 0.29120879120879123]}, "minimal-tune": {"0.025": [0.04945054945054945, 0.04395604395604396, 0.08241758241758242, 0.038461538461538464, 0.08241758241758242, 0.038461538461538464, 0.06593406593406594, 0.06593406593406594], "0.05": [0.1043956043956044, 0.04395604395604396, 0.038461538461538464, 0.07692307692307693, 0.06043956043956044, 0.03296703296703297, 0.07692307692307693, 0.07692307692307693], "0.1": [0.02197802197802198, 0.07142857142857142, 0.01098901098901099, 0.07142857142857142, 0.03296703296703297, 0.038461538461538464, 0.07142857142857142, 0.04945054945054945], "0.2": [0.038461538461538464, 0.054945054945054944, 0.04945054945054945, 0.06593406593406594, 0.07142857142857142, 0.10989010989010989, 0.027472527472527472, 0.06043956043956044], "0.4": [0.04945054945054945, 0.054945054945054944, 0.038461538461538464, 0.016483516483516484, 0.08241758241758242, 0.04945054945054945, 0.06593406593406594, 0.04395604395604396], "0.6": [0.09340659340659341, 0.054945054945054944, 0.0989010989010989, 0.08791208791208792, 0.13736263736263737, 0.09340659340659341, 0.12637362637362637, 0.14835164835164835], "0.8": [0.15934065934065933, 0.12637362637362637, 0.12087912087912088, 0.13186813186813187, 0.1043956043956044, 0.10989010989010989, 0.12637362637362637, 0.0989010989010989], "0.9": [0.09340659340659341, 0.15934065934065933, 0.15934065934065933, 0.13186813186813187, 0.12637362637362637, 0.15384615384615385, 0.12637362637362637, 0.12087912087912088], "0.95": [0.13186813186813187, 0.14285714285714285, 0.15934065934065933, 0.13186813186813187, 0.0989010989010989, 0.15934065934065933, 0.13736263736263737, 0.13186813186813187], "0.975": [0.18681318681318682, 0.13186813186813187, 0.1813186813186813, 0.14835164835164835, 0.17582417582417584, 0.19230769230769232, 0.14835164835164835, 0.2087912087912088]}, "simple-tune": {"0.025": [0.2087912087912088, 0.14285714285714285, 0.16483516483516483, 0.17032967032967034, 0.17582417582417584, 0.2087912087912088, 0.2032967032967033, 0.18681318681318682], "0.05": [0.10989010989010989, 0.10989010989010989, 0.14835164835164835, 0.13186813186813187, 0.13736263736263737, 0.12087912087912088, 0.13186813186813187, 0.15384615384615385], "0.1": [0.1043956043956044, 0.12637362637362637, 0.0989010989010989, 0.1043956043956044, 0.1043956043956044, 0.0989010989010989, 0.12087912087912088, 0.14285714285714285], "0.2": [0.038461538461538464, 0.04945054945054945, 0.0989010989010989, 0.04945054945054945, 0.06043956043956044, 0.12087912087912088, 0.12087912087912088, 0.06043956043956044], "0.4": [0.06043956043956044, 0.054945054945054944, 0.07142857142857142, 0.07142857142857142, 0.08791208791208792, 0.054945054945054944, 0.06593406593406594, 0.038461538461538464], "0.6": [0.07142857142857142, 0.07692307692307693, 0.04395604395604396, 0.06043956043956044, 0.08791208791208792, 0.06043956043956044, 0.0989010989010989, 0.08791208791208792], "0.8": [0.13736263736263737, 0.13186813186813187, 0.13736263736263737, 0.14835164835164835, 0.14285714285714285, 0.07142857142857142, 0.16483516483516483, 0.14285714285714285], "0.9": [0.1813186813186813, 0.1978021978021978, 0.15384615384615385, 0.15934065934065933, 0.19230769230769232, 0.1978021978021978, 0.18681318681318682, 0.21978021978021978], "0.95": [0.19230769230769232, 0.22527472527472528, 0.2032967032967033, 0.25274725274725274, 0.23076923076923078, 0.2032967032967033, 0.1978021978021978, 0.25824175824175827], "0.975": [0.21978021978021978, 0.26373626373626374, 0.2087912087912088, 0.24725274725274726, 0.23626373626373626, 0.27472527472527475, 0.24725274725274726, 0.23626373626373626]}}, "just_spurious and just_spurious+just_main": {"initial-tune": {"0.025": [0.206, 0.24, 0.218, 0.292, 0.226, 0.238, 0.248, 0.22], "0.05": [0.196, 0.254, 0.234, 0.234, 0.23, 0.27, 0.21, 0.23], "0.1": [0.292, 0.194, 0.228, 0.164, 0.248, 0.236, 0.218, 0.206], "0.2": [0.232, 0.222, 0.208, 0.182, 0.234, 0.248, 0.266, 0.262], "0.4": [0.232, 0.236, 0.278, 0.172, 0.276, 0.284, 0.212, 0.232], "0.6": [0.2, 0.19, 0.224, 0.214, 0.158, 0.212, 0.242, 0.22], "0.8": [0.14, 0.128, 0.166, 0.2, 0.182, 0.158, 0.21, 0.176], "0.9": [0.14, 0.126, 0.166, 0.138, 0.134, 0.128, 0.106, 0.154], "0.95": [0.13, 0.114, 0.146, 0.114, 0.112, 0.108, 0.14, 0.142], "0.975": [0.108, 0.116, 0.098, 0.13, 0.13, 0.132, 0.122, 0.138]}, "minimal-tune": {"0.025": [0.51, 0.476, 0.476, 0.524, 0.48, 0.474, 0.522, 0.518], "0.05": [0.484, 0.482, 0.502, 0.524, 0.508, 0.512, 0.478, 0.506], "0.1": [0.47, 0.492, 0.506, 0.514, 0.57, 0.484, 0.47, 0.498], "0.2": [0.434, 0.442, 0.352, 0.426, 0.442, 0.414, 0.452, 0.362], "0.4": [0.318, 0.338, 0.308, 0.334, 0.362, 0.356, 0.308, 0.354], "0.6": [0.244, 0.19, 0.226, 0.216, 0.184, 0.238, 0.216, 0.176], "0.8": [0.168, 0.214, 0.16, 0.144, 0.188, 0.202, 0.192, 0.206], "0.9": [0.144, 0.16, 0.116, 0.134, 0.14, 0.15, 0.106, 0.112], "0.95": [0.104, 0.112, 0.118, 0.136, 0.164, 0.126, 0.122, 0.172], "0.975": [0.118, 0.126, 0.128, 0.148, 0.116, 0.158, 0.108, 0.152]}, "simple-tune": {"0.025": [0.202, 0.228, 0.268, 0.23, 0.222, 0.184, 0.222, 0.204], "0.05": [0.292, 0.252, 0.212, 0.226, 0.21, 0.238, 0.232, 0.22], "0.1": [0.23, 0.268, 0.242, 0.234, 0.246, 0.23, 0.228, 0.202], "0.2": [0.252, 0.204, 0.226, 0.23, 0.21, 0.21, 0.218, 0.264], "0.4": [0.254, 0.272, 0.248, 0.198, 0.22, 0.232, 0.216, 0.212], "0.6": [0.208, 0.206, 0.192, 0.244, 0.214, 0.156, 0.202, 0.21], "0.8": [0.148, 0.146, 0.188, 0.182, 0.158, 0.146, 0.18, 0.148], "0.9": [0.14, 0.134, 0.15, 0.152, 0.158, 0.12, 0.132, 0.128], "0.95": [0.152, 0.144, 0.162, 0.144, 0.136, 0.128, 0.12, 0.126], "0.975": [0.144, 0.122, 0.132, 0.13, 0.14, 0.136, 0.142, 0.128]}}, "neither and neither+just_main": {"initial-tune": {"0.025": [0.188, 0.212, 0.18, 0.172, 0.182, 0.194, 0.208, 0.184], "0.05": [0.182, 0.198, 0.176, 0.196, 0.198, 0.218, 0.194, 0.2], "0.1": [0.184, 0.182, 0.192, 0.148, 0.188, 0.204, 0.204, 0.186], "0.2": [0.188, 0.212, 0.19, 0.182, 0.236, 0.208, 0.214, 0.214], "0.4": [0.204, 0.216, 0.238, 0.186, 0.238, 0.218, 0.208, 0.234], "0.6": [0.182, 0.198, 0.2, 0.212, 0.13, 0.206, 0.214, 0.2], "0.8": [0.134, 0.106, 0.188, 0.164, 0.186, 0.154, 0.172, 0.156], "0.9": [0.104, 0.11, 0.114, 0.106, 0.092, 0.134, 0.092, 0.122],