{"both and spurious-box": {"initial-tune": {"0.025": [0.3787878787878788, 0.29545454545454547, 0.3939393939393939, 0.3106060606060606, 0.30303030303030304, 0.3787878787878788, 0.4166666666666667, 0.4318181818181818], "0.05": [0.3787878787878788, 0.22727272727272727, 0.21212121212121213, 0.2803030303030303, 0.2727272727272727, 0.29545454545454547, 0.25757575757575757, 0.36363636363636365], "0.1": [0.15151515151515152, 0.25, 0.2196969696969697, 0.2878787878787879, 0.22727272727272727, 0.1893939393939394, 0.11363636363636363, 0.18181818181818182], "0.2": [0.11363636363636363, 0.12121212121212122, 0.11363636363636363, 0.1590909090909091, 0.10606060606060606, 0.10606060606060606, 0.10606060606060606, 0.10606060606060606], "0.4": [0.16666666666666666, 0.17424242424242425, 0.13636363636363635, 0.25757575757575757, 0.26515151515151514, 0.1590909090909091, 0.14393939393939395, 0.22727272727272727], "0.6": [0.25757575757575757, 0.2727272727272727, 0.2878787878787879, 0.19696969696969696, 0.25757575757575757, 0.3333333333333333, 0.3106060606060606, 0.32575757575757575], "0.8": [0.4015151515151515, 0.3939393939393939, 0.26515151515151514, 0.4318181818181818, 0.4393939393939394, 0.4318181818181818, 0.38636363636363635, 0.3712121212121212], "0.9": [0.49242424242424243, 0.4318181818181818, 0.4090909090909091, 0.4772727272727273, 0.49242424242424243, 0.45454545454545453, 0.4621212121212121, 0.45454545454545453], "0.95": [0.48484848484848486, 0.5454545454545454, 0.49242424242424243, 0.4772727272727273, 0.45454545454545453, 0.5681818181818182, 0.4393939393939394, 0.45454545454545453], "0.975": [0.5681818181818182, 0.4772727272727273, 0.6287878787878788, 0.5075757575757576, 0.3939393939393939, 0.4696969696969697, 0.5681818181818182, 0.5151515151515151]}, "minimal-tune": {"0.025": [0.5303030303030303, 0.7045454545454546, 0.5, 0.5303030303030303, 0.48484848484848486, 0.553030303030303, 0.4772727272727273, 0.5227272727272727], "0.05": [0.4696969696969697, 0.5303030303030303, 0.6060606060606061, 0.5833333333333334, 0.5151515151515151, 0.5303030303030303, 0.45454545454545453, 0.6363636363636364], "0.1": [0.49242424242424243, 0.49242424242424243, 0.6060606060606061, 0.6136363636363636, 0.5454545454545454, 0.5681818181818182, 0.4621212121212121, 0.5454545454545454], "0.2": [0.5454545454545454, 0.5303030303030303, 0.5227272727272727, 0.5909090909090909, 0.5454545454545454, 0.5378787878787878, 0.4621212121212121, 0.6893939393939394], "0.4": [0.5075757575757576, 0.3484848484848485, 0.3560606060606061, 0.3560606060606061, 0.4621212121212121, 0.36363636363636365, 0.4696969696969697, 0.5378787878787878], "0.6": [0.18181818181818182, 0.08333333333333333, 0.11363636363636363, 0.16666666666666666, 0.20454545454545456, 0.09090909090909091, 0.15151515151515152, 0.20454545454545456], "0.8": [0.16666666666666666, 0.1893939393939394, 0.23484848484848486, 0.13636363636363635, 0.07575757575757576, 0.19696969696969696, 0.17424242424242425, 0.1590909090909091], "0.9": [0.1590909090909091, 0.16666666666666666, 0.1893939393939394, 0.12878787878787878, 0.16666666666666666, 0.14393939393939395, 0.1893939393939394, 0.16666666666666666], "0.95": [0.17424242424242425, 0.25757575757575757, 0.10606060606060606, 0.15151515151515152, 0.2803030303030303, 0.20454545454545456, 0.10606060606060606, 0.09090909090909091], "0.975": [0.1590909090909091, 0.12878787878787878, 0.12121212121212122, 0.14393939393939395, 0.16666666666666666, 0.14393939393939395, 0.10606060606060606, 0.11363636363636363]}, "simple-tune": {"0.025": [0.5075757575757576, 0.45454545454545453, 0.4772727272727273, 0.3939393939393939, 0.4090909090909091, 0.5833333333333334, 0.5227272727272727, 0.553030303030303], "0.05": [0.3939393939393939, 0.44696969696969696, 0.44696969696969696, 0.4318181818181818, 0.4621212121212121, 0.4166666666666667, 0.44696969696969696, 0.4621212121212121], "0.1": [0.3712121212121212, 0.3712121212121212, 0.2727272727272727, 0.32575757575757575, 0.3560606060606061, 0.3484848484848485, 0.4166666666666667, 0.45454545454545453], "0.2": [0.16666666666666666, 0.15151515151515152, 0.19696969696969696, 0.1590909090909091, 0.17424242424242425, 0.2878787878787879, 0.3333333333333333, 0.1590909090909091], "0.4": [0.12121212121212122, 0.09090909090909091, 0.11363636363636363, 0.08333333333333333, 0.16666666666666666, 0.12121212121212122, 0.15151515151515152, 0.12878787878787878], "0.6": [0.09090909090909091, 0.10606060606060606, 0.045454545454545456, 0.03787878787878788, 0.09090909090909091, 0.12878787878787878, 0.08333333333333333, 0.06818181818181818], "0.8": [0.05303030303030303, 0.05303030303030303, 0.015151515151515152, 0.03787878787878788, 0.015151515151515152, 0.030303030303030304, 0.06060606060606061, 0.045454545454545456], "0.9": [0.022727272727272728, 0.007575757575757576, 0.022727272727272728, 0.022727272727272728, 0.007575757575757576, 0.015151515151515152, 0.03787878787878788, 0.030303030303030304], "0.95": [0.015151515151515152, 0.030303030303030304, 0.007575757575757576, 0.015151515151515152, 0.007575757575757576, 0.03787878787878788, 0.015151515151515152, 0.022727272727272728], "0.975": [0.030303030303030304, 0.0, 0.015151515151515152, 0.0, 0.007575757575757576, 0.007575757575757576, 0.015151515151515152, 0.007575757575757576]}}, "both and spurious-pixel-paint": {"initial-tune": {"0.025": [0.3560606060606061, 0.3409090909090909, 0.4318181818181818, 0.30303030303030304, 0.3409090909090909, 0.3787878787878788, 0.4090909090909091, 0.4318181818181818], "0.05": [0.3484848484848485, 0.2878787878787879, 0.2878787878787879, 0.2803030303030303, 0.29545454545454547, 0.3333333333333333, 0.3181818181818182, 0.36363636363636365], "0.1": [0.09848484848484848, 0.26515151515151514, 0.24242424242424243, 0.3409090909090909, 0.30303030303030304, 0.19696969696969696, 0.23484848484848486, 0.23484848484848486], "0.2": [0.09090909090909091, 0.12121212121212122, 0.09848484848484848, 0.09090909090909091, 0.13636363636363635, 0.09090909090909091, 0.09848484848484848, 0.12878787878787878], "0.4": [0.06060606060606061, 0.11363636363636363, 0.05303030303030303, 0.16666666666666666, 0.030303030303030304, 0.06060606060606061, 0.10606060606060606, 0.03787878787878788], "0.6": [0.09090909090909091, 0.10606060606060606, 0.11363636363636363, 0.03787878787878788, 0.13636363636363635, 0.10606060606060606, 0.10606060606060606, 0.07575757575757576], "0.8": [0.1893939393939394, 0.1590909090909091, 0.09090909090909091, 0.12121212121212122, 0.21212121212121213, 0.16666666666666666, 0.18181818181818182, 0.12121212121212122], "0.9": [0.17424242424242425, 0.10606060606060606, 0.15151515151515152, 0.25757575757575757, 0.22727272727272727, 0.16666666666666666, 0.20454545454545456, 0.1590909090909091], "0.95": [0.1893939393939394, 0.3106060606060606, 0.22727272727272727, 0.14393939393939395, 0.1590909090909091, 0.22727272727272727, 0.1893939393939394, 0.22727272727272727], "0.975": [0.24242424242424243, 0.20454545454545456, 0.3106060606060606, 0.2727272727272727, 0.1590909090909091, 0.1893939393939394, 0.3409090909090909, 0.2196969696969697]}, "minimal-tune": {"0.025": [0.23484848484848486, 0.12121212121212122, 0.2727272727272727, 0.18181818181818182, 0.1893939393939394, 0.17424242424242425, 0.2727272727272727, 0.24242424242424243], "0.05": [0.22727272727272727, 0.12121212121212122, 0.10606060606060606, 0.14393939393939395, 0.09848484848484848, 0.15151515151515152, 0.25, 0.12121212121212122], "0.1": [0.12121212121212122, 0.16666666666666666, 0.09090909090909091, 0.09848484848484848, 0.10606060606060606, 0.09090909090909091, 0.06818181818181818, 0.08333333333333333], "0.2": [0.09090909090909091, 0.12121212121212122, 0.09090909090909091, 0.07575757575757576, 0.10606060606060606, 0.12878787878787878, 0.06818181818181818, 0.09848484848484848], "0.4": [0.14393939393939395, 0.06818181818181818, 0.10606060606060606, 0.09848484848484848, 0.16666666666666666, 0.09848484848484848, 0.10606060606060606, 0.06818181818181818],