{"orig": 1.0, "bird-sheep/both-spurious/box": 0.09491826489774449, "bird-sheep/both-main/box": 0.09491826489774449}