{"orig": 1.0, "bird-sheep/both-main/box": 0.496574729681015, "bird-sheep/neither+spurious": 0.9867735505104065, "bird-sheep/just_main+spurious": 0.7096325159072876, "bird-sheep/just_spurious+main": 0.6120660305023193}