{"B2M": 0.4644608199596405, "B2S": 0.9562217593193054, "M2N": 0.6392128467559814, "S2N": 0.8189774751663208, "N2M": 0.051347143948078156, "N2S": 0.6991387605667114, "M2B": 0.0, "S2B": 0.0}