{"B2M": 0.7560339460905762, "B2S": 0.7560339460905762}