{"both": 0.6473429951690821, "just_main": 0.18023255813953487, "just_spurious": 0.656, "neither": 0.944, "average": 0.6068938883271542}