{"both": 0.927536231884058, "just_main": 0.47093023255813954, "just_spurious": 0.396, "neither": 0.834, "average": 0.6571166161105494}