{"s_given_m": 0.344, "s_given_not_m": 0.547, "both": 0.5267770204479065, "just_main": 0.6401225114854517, "just_spurious": 0.9990647983768705, "neither": 0.9986976423496065, "cf_score": 0.05063291139240506}