{"s_given_m": 0.002, "s_given_not_m": 0.08, "both": -1, "just_main": 0.6025511916750588, "just_spurious": 1.0, "neither": 0.9988032303357551, "cf_score": -1}