{"s_given_m": 0.0, "s_given_not_m": 0.019, "both": -1, "just_main": 0.601138647019424, "just_spurious": 0.9995541685242978, "neither": 0.9988855277822003, "cf_score": -1}