{"s_given_m": 0.0, "s_given_not_m": 0.022, "both": -1, "just_main": 0.6013400335008375, "just_spurious": 1.0, "neither": 0.998873674128206, "cf_score": -1}