{"s_given_m": 0.002, "s_given_not_m": 0.08, "both": -1, "just_main": 0.6888217522658611, "just_spurious": 1.0, "neither": 0.9984828353075321, "cf_score": -1}