{"s_given_m": 0.001, "s_given_not_m": 0.025, "both": -1, "just_main": 0.6016096579476862, "just_spurious": 0.9993190330268982, "neither": 0.9988875440532555, "cf_score": -1}