{"s_given_m": 0.001, "s_given_not_m": 0.027, "both": -1, "just_main": 0.6876675603217158, "just_spurious": 0.9980519480519481, "neither": 0.9986187968383814, "cf_score": -1}