{"s_given_m": 0.002, "s_given_not_m": 0.039, "both": -1, "just_main": 0.6888217522658611, "just_spurious": 0.9995608256477821, "neither": 0.9985642951953552, "cf_score": -1}