{"s_given_m": 0.0, "s_given_not_m": 0.021, "both": -1, "just_main": 0.6872069658405894, "just_spurious": 1.0, "neither": 0.9985744138273004, "cf_score": -1}