{"s_given_m": 0.001, "s_given_not_m": 0.037, "both": -1, "just_main": 0.6017432115320147, "just_spurious": 0.9997686791579922, "neither": 0.9988646398385266, "cf_score": -1}