{"s_given_m": 0.002, "s_given_not_m": 0.038, "both": -1, "just_main": 0.688255033557047, "just_spurious": 0.9990865494405116, "neither": 0.9985845909738374, "cf_score": -1}