{"s_given_m": 0.002, "s_given_not_m": 0.015, "both": -1, "just_main": 0.6014760147601476, "just_spurious": 0.9982648930017352, "neither": 0.9989081815940549, "cf_score": -1}