{"s_given_m": 0.12, "s_given_not_m": 0.103, "both": 0.6050420168067226, "just_main": 0.698364397109167, "just_spurious": 0.997729947872877, "neither": 0.998704149622366, "cf_score": 0.022408963585434174}