{"s_given_m": 0.002, "s_given_not_m": 0.015, "both": -1, "just_main": 0.6876886950687688, "just_spurious": 0.9994216310005783, "neither": 0.998591202056845, "cf_score": -1}