{"s_given_m": 0.001, "s_given_not_m": 0.027, "both": -1, "just_main": 0.6015415549597856, "just_spurious": 0.9977272727272727, "neither": 0.998930681423263, "cf_score": -1}