{"s_given_m": 0.003, "s_given_not_m": 0.046, "both": -1, "just_main": 0.6890530557421088, "just_spurious": 1.0, "neither": 0.9985360575393036, "cf_score": -1}