{"s_given_m": 0.004, "s_given_not_m": 0.103, "both": -1, "just_main": 0.6896435776731674, "just_spurious": 0.999830866807611, "neither": 0.9984634118056361, "cf_score": -1}