{"s_given_m": 0.005, "s_given_not_m": 0.019, "both": -1, "just_main": 0.689666778862336, "just_spurious": 0.98753339269813, "neither": 0.9988235814426607, "cf_score": -1}