{"s_given_m": 0.216, "s_given_not_m": 0.048, "both": 0.7158385093167702, "just_main": 0.67933390264731, "just_spurious": 0.9976290351997081, "neither": 0.9986523156495293, "cf_score": 0.05434782608695652}