{"s_given_m": 0.004, "s_given_not_m": 0.04, "both": -1, "just_main": 0.6026890756302521, "just_spurious": 0.9995697074010327, "neither": 0.9988703424218051, "cf_score": -1}