{"s_given_m": 0.003, "s_given_not_m": 0.046, "both": -1, "just_main": 0.6027535258562794, "just_spurious": 1.0, "neither": 0.9988452130900097, "cf_score": -1}