{"s_given_m": 0.014, "s_given_not_m": 0.033, "both": 0.23809523809523808, "just_main": 0.6063179347826086, "just_spurious": 1.0, "neither": 0.9988613235544637, "cf_score": 0.0}