{"s_given_m": 0.008, "s_given_not_m": 0.048, "both": 0.20833333333333334, "just_main": 0.6043214044564483, "just_spurious": 0.9994590695997115, "neither": 0.9988702109243315, "cf_score": 0.08333333333333333}