{"s_given_m": 0.007, "s_given_not_m": 0.036, "both": -1, "just_main": 0.6899460188933874, "just_spurious": 0.9978139421909157, "neither": 0.9986328968196863, "cf_score": 0.0}