{"s_given_m": 0.001, "s_given_not_m": 0.019, "both": -1, "just_main": 0.6873324396782842, "just_spurious": 0.999532273152479, "neither": 0.9985861103010701, "cf_score": -1}