{"s_given_m": 0.032, "s_given_not_m": 0.059, "both": 0.5473684210526316, "just_main": 0.6918021445866482, "just_spurious": 0.997924696116217, "neither": 0.9986458477269586, "cf_score": 0.06315789473684211}