{"s_given_m": 0.001, "s_given_not_m": 0.03, "both": -1, "just_main": 0.6878980891719745, "just_spurious": 0.9982773471145564, "neither": 0.9986138188842584, "cf_score": -1}