{"s_given_m": 0.344, "s_given_not_m": 0.547, "both": 0.6241480038948394, "just_main": 0.7202654415518122, "just_spurious": 0.9987002282525995, "neither": 0.9984869668473368, "cf_score": 0.04868549172346641}