{"s_given_m": 0.12, "s_given_not_m": 0.103, "both": 0.5266106442577031, "just_main": 0.6112590338531761, "just_spurious": 0.9986547839246679, "neither": 0.9989265717021092, "cf_score": 0.03081232492997199}