{"s_given_m": 0.026, "s_given_not_m": 0.02, "both": 0.5064935064935064, "just_main": 0.603643863870746, "just_spurious": 0.9991397849462366, "neither": 0.9988935703158193, "cf_score": 0.05194805194805195}