{"s_given_m": 0.0, "s_given_not_m": 0.017, "both": -1, "just_main": 0.601138647019424, "just_spurious": 0.9989561586638831, "neither": 0.9988975614058297, "cf_score": -1}