{"s_given_m": 0.001, "s_given_not_m": 0.036, "both": -1, "just_main": 0.6017432115320147, "just_spurious": 1.0, "neither": 0.9988578109542225, "cf_score": -1}