{"s_given_m": 0.004, "s_given_not_m": 0.042, "both": -1, "just_main": 0.6879623402824478, "just_spurious": 0.9995825506157379, "neither": 0.9985612161795313, "cf_score": -1}