{"s_given_m": 0.002, "s_given_not_m": 0.039, "both": -1, "just_main": 0.6025511916750588, "just_spurious": 0.9997804128238911, "neither": 0.9988622716642437, "cf_score": -1}