{"s_given_m": 0.002, "s_given_not_m": 0.015, "both": -1, "just_main": 0.6018114726601812, "just_spurious": 1.0, "neither": 0.9988819930454685, "cf_score": -1}