{"s_given_m": 0.0, "s_given_not_m": 0.016, "both": -1, "just_main": 0.601138647019424, "just_spurious": 1.0, "neither": 0.998880317390346, "cf_score": -1}