{"s_given_m": 0.032, "s_given_not_m": 0.059, "both": 0.4105263157894737, "just_main": 0.6074022829470771, "just_spurious": 0.9988141120664097, "neither": 0.9989037814932523, "cf_score": 0.010526315789473684}