{"s_given_m": 0.008, "s_given_not_m": 0.048, "both": -1, "just_main": 0.6900742741390952, "just_spurious": 0.9983772087991345, "neither": 0.9986150972620838, "cf_score": 0.0}