{"s_given_m": 0.001, "s_given_not_m": 0.037, "both": -1, "just_main": 0.6876675603217158, "just_spurious": 0.9997652582159624, "neither": 0.9985590907862861, "cf_score": -1}