{"s_given_m": 0.024, "s_given_not_m": 0.034, "both": 0.5277777777777778, "just_main": 0.6029512697323267, "just_spurious": 0.9989690721649485, "neither": 0.9988960788361261, "cf_score": 0.041666666666666664}