{"s_given_m": 0.002, "s_given_not_m": 0.038, "both": -1, "just_main": 0.602013422818792, "just_spurious": 0.9995432747202557, "neither": 0.9988730819855394, "cf_score": -1}