{"s_given_m": 0.001, "s_given_not_m": 0.037, "both": -1, "just_main": 0.6878980891719745, "just_spurious": 0.9997686791579922, "neither": 0.9985582728108273, "cf_score": -1}