{"s_given_m": 0.001, "s_given_not_m": 0.022, "both": -1, "just_main": 0.6876675603217158, "just_spurious": 0.9996006389776357, "neither": 0.9985815225582241, "cf_score": -1}