{"s_given_m": 0.001, "s_given_not_m": 0.013, "both": -1, "just_main": 0.6873324396782842, "just_spurious": 0.9980353634577603, "neither": 0.9986112820152232, "cf_score": -1}