{"s_given_m": 0.004, "s_given_not_m": 0.103, "both": -1, "just_main": 0.6035642232683255, "just_spurious": 1.0, "neither": 0.9987726622598477, "cf_score": -1}