{"s_given_m": 0.005, "s_given_not_m": 0.03, "both": -1, "just_main": 0.6024907438572871, "just_spurious": 0.9994264410668197, "neither": 0.9988820720124493, "cf_score": -1}