{"s_given_m": 0.0, "s_given_not_m": 0.014, "both": -1, "just_main": 0.601138647019424, "just_spurious": 0.9963724304715841, "neither": 0.9989352996559522, "cf_score": -1}