{"s_given_m": 0.001, "s_given_not_m": 0.023, "both": -1, "just_main": 0.6015415549597856, "just_spurious": 1.0, "neither": 0.9988728544295934, "cf_score": -1}