{"s_given_m": 0.008, "s_given_not_m": 0.028, "both": 0.48, "just_main": 0.6889564336372846, "just_spurious": 0.9934620174346201, "neither": 0.9987509925148765, "cf_score": 0.0}