{"s_given_m": 0.001, "s_given_not_m": 0.019, "both": -1, "just_main": 0.6017432115320147, "just_spurious": 0.9995414947271893, "neither": 0.9988861386138614, "cf_score": -1}