{"s_given_m": 0.002, "s_given_not_m": 0.031, "both": -1, "just_main": 0.688359610868836, "just_spurious": 0.9997158283603297, "neither": 0.9985686425363655, "cf_score": -1}