{"s_given_m": 0.001, "s_given_not_m": 0.006, "both": -1, "just_main": 0.6876675603217158, "just_spurious": 1.0, "neither": 0.9985950889195274, "cf_score": -1}