{"s_given_m": 0.033, "s_given_not_m": 0.039, "both": 0.0, "just_main": 0.2646675358539765, "just_spurious": 1.0, "neither": 0.9979838349956287, "cf_score": 0.0}