{"s_given_m": 0.001, "s_given_not_m": 0.023, "both": -1, "just_main": 0.2561514195583596, "just_spurious": 1.0, "neither": 0.9980188125147932, "cf_score": -1}