{"s_given_m": 0.008, "s_given_not_m": 0.008, "both": -1, "just_main": 0.20012706480304956, "just_spurious": 0.9989304812834224, "neither": 0.9971407839953008, "cf_score": -1}