{"s_given_m": 0.067, "s_given_not_m": 0.039, "both": 0.02830188679245283, "just_main": 0.2114864864864865, "just_spurious": 0.9982502187226596, "neither": 0.9971104709753944, "cf_score": 0.0}