{"s_given_m": 0.002, "s_given_not_m": 0.036, "both": -1, "just_main": 0.25647504737839544, "just_spurious": 0.9995304061986382, "neither": 0.9980078618309884, "cf_score": -1}