{"s_given_m": 0.044, "s_given_not_m": 0.02, "both": 0.07246376811594203, "just_main": 0.2643375082399473, "just_spurious": 0.9991289198606271, "neither": 0.9980420436169748, "cf_score": 0.043478260869565216}