{"s_given_m": 0.035, "s_given_not_m": 0.025, "both": 0.03571428571428571, "just_main": 0.20522875816993463, "just_spurious": 0.9972115719762984, "neither": 0.9971537001897534, "cf_score": 0.017857142857142856}