{"s_given_m": 0.132, "s_given_not_m": 0.108, "both": 0.06190476190476191, "just_main": 0.2856104651162791, "just_spurious": 0.9992836676217765, "neither": 0.9979162065356213, "cf_score": 0.0}