{"s_given_m": 0.026, "s_given_not_m": 0.03, "both": 0.024390243902439025, "just_main": 0.2621359223300971, "just_spurious": 1.0, "neither": 0.9980038509777597, "cf_score": 0.04878048780487805}