{"s_given_m": 0.011, "s_given_not_m": 0.026, "both": -1, "just_main": 0.25892857142857145, "just_spurious": 1.0, "neither": 0.9980122082079969, "cf_score": -1}