{"s_given_m": 0.0, "s_given_not_m": 0.03, "both": -1, "just_main": 0.19924337957124844, "just_spurious": 0.9997131382673551, "neither": 0.99707635913969, "cf_score": -1}