{"s_given_m": 0.057, "s_given_not_m": 0.037, "both": 0.02197802197802198, "just_main": 0.21003344481605352, "just_spurious": 0.9979362531529465, "neither": 0.9971247997151504, "cf_score": 0.02197802197802198}