{"s_given_m": 0.03, "s_given_not_m": 0.027, "both": 0.10416666666666667, "just_main": 0.2607282184655397, "just_spurious": 0.9990592662276576, "neither": 0.9980354499964762, "cf_score": 0.020833333333333332}