{"s_given_m": 0.016, "s_given_not_m": 0.034, "both": 0.04, "just_main": 0.25944907110826393, "just_spurious": 0.9992391580015216, "neither": 0.9980223132726724, "cf_score": 0.0}