{"s_given_m": 0.004, "s_given_not_m": 0.021, "both": -1, "just_main": 0.20012666244458518, "just_spurious": 1.0, "neither": 0.9970955155459906, "cf_score": -1}