{"s_given_m": 0.318, "s_given_not_m": 0.015, "both": 0.31547619047619047, "just_main": 0.22828096118299446, "just_spurious": 0.9597469810235768, "neither": 0.9986430298707399, "cf_score": 0.08928571428571429}