{"s_given_m": 0.009, "s_given_not_m": 0.002, "both": -1, "just_main": 0.25779758115849777, "just_spurious": 1.0, "neither": 0.9980600691851432, "cf_score": -1}