{"s_given_m": 0.006, "s_given_not_m": 0.03, "both": -1, "just_main": 0.20050761421319796, "just_spurious": 0.9997136311569301, "neither": 0.9970762041887129, "cf_score": -1}