{"s_given_m": 0.337, "s_given_not_m": 0.056, "both": 0.20037453183520598, "just_main": 0.28422053231939165, "just_spurious": 0.9901170746540976, "neither": 0.9985380116959064, "cf_score": 0.05805243445692884}