{"s_given_m": 0.05, "s_given_not_m": 0.03, "both": 0.0375, "just_main": 0.20783532536520585, "just_spurious": 0.9980074010816966, "neither": 0.9971286708838393, "cf_score": 0.0}