{"s_given_m": 0.015, "s_given_not_m": 0.041, "both": -1, "just_main": 0.2592829705505762, "just_spurious": 0.9995815024063611, "neither": 0.9979986061721556, "cf_score": 0.0}