{"s_given_m": 0.085, "s_given_not_m": 0.013, "both": 0.23703703703703705, "just_main": 0.25775327360441075, "just_spurious": 0.977390180878553, "neither": 0.9983413371774943, "cf_score": 0.02962962962962963}