{"s_given_m": 0.001, "s_given_not_m": 0.008, "both": -1, "just_main": 0.1994949494949495, "just_spurious": 0.9989561586638831, "neither": 0.9971402158229872, "cf_score": -1}