{"s_given_m": 0.031, "s_given_not_m": 0.039, "both": 0.02040816326530612, "just_main": 0.20494469746258945, "just_spurious": 0.9993351063829787, "neither": 0.9970674486803519, "cf_score": 0.0}