{"s_given_m": 0.05, "s_given_not_m": 0.03, "both": 0.05, "just_main": 0.26693227091633465, "just_spurious": 0.9980074010816966, "neither": 0.9980651659186486, "cf_score": 0.0125}