{"s_given_m": 0.318, "s_given_not_m": 0.015, "both": 0.26587301587301587, "just_main": 0.16820702402957485, "just_spurious": 0.9470960322024152, "neither": 0.9979123536472921, "cf_score": 0.08134920634920635}