{"s_given_m": 0.003, "s_given_not_m": 0.017, "both": -1, "just_main": 0.2567994939911448, "just_spurious": 1.0, "neither": 0.9980302951071136, "cf_score": -1}