{"s_given_m": 0.011, "s_given_not_m": 0.026, "both": -1, "just_main": 0.20153061224489796, "just_spurious": 1.0, "neither": 0.997079881084314, "cf_score": -1}