{"s_given_m": 0.273, "s_given_not_m": 0.098, "both": 0.15473441108545036, "just_main": 0.2940156114483955, "just_spurious": 0.9962293931953701, "neither": 0.9982620587481125, "cf_score": 0.08314087759815242}