{"s_given_m": 0.037, "s_given_not_m": 0.021, "both": 0.06779661016949153, "just_main": 0.2632612966601179, "just_spurious": 0.9975747776879548, "neither": 0.9980740105229061, "cf_score": 0.03389830508474576}