{"s_given_m": 0.003, "s_given_not_m": 0.035, "both": -1, "just_main": 0.2553729456384324, "just_spurious": 0.999758162031439, "neither": 0.9980011726453814, "cf_score": -1}