{"s_given_m": 0.015, "s_given_not_m": 0.041, "both": 0.0, "just_main": 0.2023047375160051, "just_spurious": 0.9993722536095417, "neither": 0.9970604528153536, "cf_score": 0.0}