{"s_given_m": 0.002, "s_given_not_m": 0.036, "both": -1, "just_main": 0.1996209728363866, "just_spurious": 0.9992956092979572, "neither": 0.9970740470642643, "cf_score": -1}