{"s_given_m": 0.009, "s_given_not_m": 0.002, "both": -1, "just_main": 0.2011457670273711, "just_spurious": 1.0, "neither": 0.9971501901303874, "cf_score": -1}