{"s_given_m": 0.011, "s_given_not_m": 0.048, "both": -1, "just_main": 0.2582908163265306, "just_spurious": 0.9998198847262247, "neither": 0.9979756902896112, "cf_score": -1}