{"s_given_m": 0.002, "s_given_not_m": 0.025, "both": -1, "just_main": 0.25647504737839544, "just_spurious": 0.9996596324029953, "neither": 0.9980222040558002, "cf_score": -1}