{"s_given_m": 0.02, "s_given_not_m": 0.047, "both": 0.0967741935483871, "just_main": 0.25916398713826366, "just_spurious": 1.0, "neither": 0.9979676990036329, "cf_score": 0.0}