{"s_given_m": 0.004, "s_given_not_m": 0.021, "both": -1, "just_main": 0.2571247625079164, "just_spurious": 0.9995824634655532, "neither": 0.9980315993911081, "cf_score": -1}