{"s_given_m": 0.01, "s_given_not_m": 0.018, "both": -1, "just_main": 0.2585987261146497, "just_spurious": 1.0, "neither": 0.9980279576272666, "cf_score": -1}