{"s_given_m": 0.003, "s_given_not_m": 0.031, "both": -1, "just_main": 0.25600505689001263, "just_spurious": 1.0, "neither": 0.9980020686545789, "cf_score": -1}