{"s_given_m": 0.0, "s_given_not_m": 0.026, "both": -1, "just_main": 0.19924337957124844, "just_spurious": 0.9996651038178165, "neither": 0.9970892142637295, "cf_score": -1}