{"s_given_m": 0.0, "s_given_not_m": 0.022, "both": -1, "just_main": 0.19924337957124844, "just_spurious": 1.0, "neither": 0.9970916736016819, "cf_score": -1}