{"s_given_m": 0.067, "s_given_not_m": 0.039, "both": 0.05660377358490566, "just_main": 0.2702702702702703, "just_spurious": 0.9989063867016623, "neither": 0.9980290558196363, "cf_score": 0.018867924528301886}