{"s_given_m": 0.02, "s_given_not_m": 0.105, "both": 0.125, "just_main": 0.20077220077220076, "just_spurious": 0.999754480726737, "neither": 0.9968511322524454, "cf_score": 0.0}