{"s_given_m": 0.052, "s_given_not_m": 0.058, "both": 0.13414634146341464, "just_main": 0.20279255319148937, "just_spurious": 0.9992602455984613, "neither": 0.9970257044623528, "cf_score": 0.012195121951219513}