{"s_given_m": 0.031, "s_given_not_m": 0.039, "both": 0.02040816326530612, "just_main": 0.2635003253090436, "just_spurious": 1.0, "neither": 0.9979855422545882, "cf_score": 0.02040816326530612}