{"s_given_m": 0.052, "s_given_not_m": 0.058, "both": 0.14634146341463414, "just_main": 0.261968085106383, "just_spurious": 0.9992602455984613, "neither": 0.997989849193211, "cf_score": 0.036585365853658534}