{"s_given_m": 0.044, "s_given_not_m": 0.02, "both": 0.07246376811594203, "just_main": 0.2050098879367172, "just_spurious": 0.9960801393728222, "neither": 0.9971766968226913, "cf_score": 0.014492753623188406}