{"s_given_m": 0.008, "s_given_not_m": 0.026, "both": -1, "just_main": 0.20089001907183726, "just_spurious": 1.0, "neither": 0.9970784420704342, "cf_score": -1}