{"s_given_m": 0.026, "s_given_not_m": 0.03, "both": 0.0, "just_main": 0.2045307443365696, "just_spurious": 1.0, "neither": 0.9970676040912222, "cf_score": 0.0}