{"s_given_m": 0.057, "s_given_not_m": 0.037, "both": 0.054945054945054944, "just_main": 0.2682274247491639, "just_spurious": 0.9990827791790874, "neither": 0.9980238561509702, "cf_score": 0.03296703296703297}