{"s_given_m": 0.318, "s_given_not_m": 0.545, "both": 0.16435643564356436, "just_main": 0.29879740980573544, "just_spurious": 0.9993711680553372, "neither": 0.9964965813414703, "cf_score": 0.05148514851485148}