{"s_given_m": 0.01, "s_given_not_m": 0.031, "both": -1, "just_main": 0.25796178343949044, "just_spurious": 1.0, "neither": 0.9980006192772151, "cf_score": -1}