{"s_given_m": 0.053, "s_given_not_m": 0.045, "both": 0.047619047619047616, "just_main": 0.26764314247669774, "just_spurious": 0.9994283536585366, "neither": 0.9979991565951567, "cf_score": 0.023809523809523808}