{"s_given_m": 0.053, "s_given_not_m": 0.045, "both": 0.03571428571428571, "just_main": 0.20838881491344874, "just_spurious": 0.9984756097560976, "neither": 0.9970929450082098, "cf_score": 0.0}