{"s_given_m": 0.149, "s_given_not_m": 0.077, "both": 0.06329113924050633, "just_main": 0.28984432913269087, "just_spurious": 0.9985478105451295, "neither": 0.9980231835098238, "cf_score": 0.016877637130801686}