{"s_given_m": 0.01, "s_given_not_m": 0.018, "both": -1, "just_main": 0.20127388535031848, "just_spurious": 1.0, "neither": 0.9971030173993473, "cf_score": -1}