{"s_given_m": 0.045, "s_given_not_m": 0.013, "both": 0.05555555555555555, "just_main": 0.2655217965653897, "just_spurious": 0.9993220338983051, "neither": 0.998047315709996, "cf_score": 0.027777777777777776}