{"s_given_m": 0.074, "s_given_not_m": 0.019, "both": 0.017094017094017096, "just_main": 0.2137508509189925, "just_spurious": 0.9950958537672759, "neither": 0.9971954778171905, "cf_score": 0.008547008547008548}