{"s_given_m": 0.0, "s_given_not_m": 0.029, "both": -1, "just_main": 0.19924337957124844, "just_spurious": 0.9994107248084856, "neither": 0.9970875585797877, "cf_score": -1}