{"s_given_m": 0.02, "s_given_not_m": 0.105, "both": 0.28125, "just_main": 0.2554697554697555, "just_spurious": 0.9992634421802111, "neither": 0.9979230872303363, "cf_score": 0.09375}