{"s_given_m": 0.038, "s_given_not_m": 0.037, "both": 0.03333333333333333, "just_main": 0.26474442988204455, "just_spurious": 1.0, "neither": 0.9979882141394719, "cf_score": 0.016666666666666666}