{"s_given_m": 0.318, "s_given_not_m": 0.545, "both": 0.13861386138613863, "just_main": 0.22756706753006475, "just_spurious": 0.9989309856940732, "neither": 0.9950274057749902, "cf_score": 0.03564356435643564}