{"s_given_m": 0.129, "s_given_not_m": 0.035, "both": 0.09268292682926829, "just_main": 0.280231716147719, "just_spurious": 0.9975734045134677, "neither": 0.9980813643631196, "cf_score": 0.05365853658536585}