{"s_given_m": 0.017, "s_given_not_m": 0.014, "both": 0.0851063829787234, "just_main": 0.0610967979389032, "just_spurious": 0.9907235621521335, "neither": 0.9925950585737165, "cf_score": 0.02127659574468085}