{"s_given_m": 0.187, "s_given_not_m": 0.099, "both": 0.02516940948693127, "just_main": 0.024916573971078975, "just_spurious": 0.9965234444642539, "neither": 0.9990742655676033, "cf_score": 0.007744433688286544}