{"s_given_m": 0.017, "s_given_not_m": 0.014, "both": 0.0425531914893617, "just_main": 0.02465955097534045, "just_spurious": 0.9993815708101422, "neither": 0.9988123301722122, "cf_score": 0.0}