{"s_given_m": 0.038, "s_given_not_m": 0.039, "both": 0.023923444976076555, "just_main": 0.025004700131603684, "just_spurious": 0.9995404411764706, "neither": 0.998791590948924, "cf_score": 0.004784688995215311}