{"s_given_m": 0.06, "s_given_not_m": 0.028, "both": 0.03293413173652695, "just_main": 0.02445128994994224, "just_spurious": 0.9889520202020202, "neither": 0.999105765984433, "cf_score": 0.041916167664670656}