{"s_given_m": 0.03, "s_given_not_m": 0.038, "both": 0.005988023952095809, "just_main": 0.025554933781011004, "just_spurious": 0.9997650375939849, "neither": 0.9987834437757481, "cf_score": 0.011976047904191617}