{"s_given_m": 0.126, "s_given_not_m": 0.107, "both": 0.017191977077363897, "just_main": 0.02608695652173913, "just_spurious": 0.9992547201059954, "neither": 0.9987684117477628, "cf_score": 0.0057306590257879654}