{"s_given_m": 0.006, "s_given_not_m": 0.015, "both": 0.0, "just_main": 0.02510460251046025, "just_spurious": 0.999400479616307, "neither": 0.9988117849330729, "cf_score": 0.0}