{"s_given_m": 0.01, "s_given_not_m": 0.031, "both": 0.01818181818181818, "just_main": 0.061940434862050066, "just_spurious": 0.998304126625212, "neither": 0.9923824173007022, "cf_score": 0.0}