{"s_given_m": 0.013, "s_given_not_m": 0.018, "both": 0.02857142857142857, "just_main": 0.06192744595089777, "just_spurious": 0.9942112879884226, "neither": 0.9925374482771082, "cf_score": 0.02857142857142857}