{"s_given_m": 0.016, "s_given_not_m": 0.036, "both": 0.0, "just_main": 0.025376976829716808, "just_spurious": 1.0, "neither": 0.9987768427829126, "cf_score": 0.0}