{"s_given_m": 0.003, "s_given_not_m": 0.014, "both": -1, "just_main": 0.06170598911070781, "just_spurious": 1.0, "neither": 0.9924660613143936, "cf_score": -1}