{"s_given_m": 0.049, "s_given_not_m": 0.045, "both": 0.02197802197802198, "just_main": 0.025118934348239773, "just_spurious": 0.9992093299070962, "neither": 0.9988022284122563, "cf_score": 0.003663003663003663}