{"s_given_m": 0.033, "s_given_not_m": 0.032, "both": 0.08743169398907104, "just_main": 0.060617399438727786, "just_spurious": 0.9873173421560518, "neither": 0.9927427335703551, "cf_score": 0.0}