{"s_given_m": 0.009, "s_given_not_m": 0.038, "both": 0.0, "just_main": 0.025182481751824817, "just_spurious": 0.9997662459093034, "neither": 0.9987831970575493, "cf_score": 0.0}