{"s_given_m": 0.016, "s_given_not_m": 0.015, "both": 0.022988505747126436, "just_main": 0.024995405256386695, "just_spurious": 0.9993928354584092, "neither": 0.998812009503924, "cf_score": 0.0}