{"s_given_m": 0.017, "s_given_not_m": 0.025, "both": 0.0, "just_main": 0.025386313465783666, "just_spurious": 0.9985959985959986, "neither": 0.9988263124374488, "cf_score": 0.010869565217391304}