{"s_given_m": 0.009, "s_given_not_m": 0.021, "both": 0.0, "just_main": 0.062032475825579275, "just_spurious": 0.9991353220925205, "neither": 0.9924306901110045, "cf_score": 0.0}