{"s_given_m": 0.002, "s_given_not_m": 0.015, "both": -1, "just_main": 0.025004529806124297, "just_spurious": 1.0, "neither": 0.9988027186388801, "cf_score": -1}