{"s_given_m": 0.007, "s_given_not_m": 0.031, "both": 0.04878048780487805, "just_main": 0.024785857481319482, "just_spurious": 0.9997133027522935, "neither": 0.9987919942162148, "cf_score": 0.0}