{"s_given_m": 0.911, "s_given_not_m": 0.524, "both": 0.026618990862137464, "just_main": 0.008097165991902834, "just_spurious": 0.9977657791845094, "neither": 0.9999813703938298, "cf_score": 0.026221692491060787}