{"s_given_m": 0.001, "s_given_not_m": 0.017, "both": -1, "just_main": 0.02497737556561086, "just_spurious": 1.0, "neither": 0.9987998881098689, "cf_score": -1}