{"s_given_m": 0.006, "s_given_not_m": 0.025, "both": 0.0, "just_main": 0.06187443130118289, "just_spurious": 0.9992967651195499, "neither": 0.9923941227312014, "cf_score": 0.0}