{"s_given_m": 0.032, "s_given_not_m": 0.038, "both": 0.02247191011235955, "just_main": 0.025046728971962615, "just_spurious": 1.0, "neither": 0.9987740240586256, "cf_score": 0.0056179775280898875}