{"s_given_m": 0.009, "s_given_not_m": 0.021, "both": 0.0, "just_main": 0.025177887246852763, "just_spurious": 1.0, "neither": 0.9987957916085689, "cf_score": 0.0}