{"s_given_m": 0.01, "s_given_not_m": 0.023, "both": 0.0, "just_main": 0.025205479452054796, "just_spurious": 0.999611801242236, "neither": 0.9988019930479294, "cf_score": 0.0}