{"s_given_m": 0.03, "s_given_not_m": 0.038, "both": 0.011976047904191617, "just_main": 0.06304793881738481, "just_spurious": 0.9983552631578947, "neither": 0.9923412255882326, "cf_score": 0.011976047904191617}