{"s_given_m": 0.049, "s_given_not_m": 0.079, "both": 0.02952029520295203, "just_main": 0.06315389005136009, "just_spurious": 0.9951782910966585, "neither": 0.9923440644832002, "cf_score": 0.0}