{"s_given_m": 0.008, "s_given_not_m": 0.022, "both": 0.022222222222222223, "just_main": 0.06182746671530184, "just_spurious": 0.9951768488745981, "neither": 0.9925093632958801, "cf_score": 0.0}