{"s_given_m": 0.002, "s_given_not_m": 0.03, "both": -1, "just_main": 0.06163886874546773, "just_spurious": 1.0, "neither": 0.9923412966787915, "cf_score": -1}