{"s_given_m": 0.033, "s_given_not_m": 0.032, "both": 0.0273224043715847, "just_main": 0.024883068288119738, "just_spurious": 0.9977943203749655, "neither": 0.9988545981013818, "cf_score": 0.0}