{"s_given_m": 0.015, "s_given_not_m": 0.03, "both": 0.024390243902439025, "just_main": 0.062063900110172605, "just_spurious": 0.9970622796709753, "neither": 0.992428329751726, "cf_score": 0.0}