{"s_given_m": 0.001, "s_given_not_m": 0.009, "both": -1, "just_main": 0.06159420289855073, "just_spurious": 0.998998998998999, "neither": 0.9925107372942018, "cf_score": -1}