{"s_given_m": 0.03, "s_given_not_m": 0.019, "both": 0.0, "just_main": 0.025727069351230425, "just_spurious": 0.9995231282784931, "neither": 0.9988071786159657, "cf_score": 0.0}