{"s_given_m": 0.012, "s_given_not_m": 0.026, "both": 0.014492753623188406, "just_main": 0.025096171459974354, "just_spurious": 0.9996571820363387, "neither": 0.9987982738843065, "cf_score": 0.014492753623188406}