{"s_given_m": 0.04, "s_given_not_m": 0.029, "both": 0.013452914798206279, "just_main": 0.06352497643732329, "just_spurious": 0.9954559224477431, "neither": 0.9924811343163588, "cf_score": 0.004484304932735426}