{"s_given_m": 0.911, "s_given_not_m": 0.524, "both": 0.06714342471195868, "just_main": 0.004048582995951417, "just_spurious": 0.9864423418696366, "neither": 0.9993107045717053, "cf_score": 0.06396503774334525}