{"s_given_m": 0.006, "s_given_not_m": 0.025, "both": 0.0, "just_main": 0.02511373976342129, "just_spurious": 1.0, "neither": 0.998789974070873, "cf_score": 0.0}