{"s_given_m": 0.06, "s_given_not_m": 0.028, "both": 0.1317365269461078, "just_main": 0.05698883326915672, "just_spurious": 0.9226641414141414, "neither": 0.9945889717221305, "cf_score": 0.09880239520958084}