{"s_given_m": 0.011, "s_given_not_m": 0.016, "both": 0.01639344262295082, "just_main": 0.025059447594658862, "just_spurious": 1.0, "neither": 0.9988011970002885, "cf_score": 0.0}