{"s_given_m": 0.305, "s_given_not_m": 0.046, "both": 0.09382422802850356, "just_main": 0.04734651404786681, "just_spurious": 0.9612177622648826, "neither": 0.9940707421795134, "cf_score": 0.020783847980997625}