{"s_given_m": 0.118, "s_given_not_m": 0.022, "both": 0.10599078341013825, "just_main": 0.05556694689358212, "just_spurious": 0.9448786507610037, "neither": 0.9936190269016025, "cf_score": 0.05683563748079877}