{"s_given_m": 0.049, "s_given_not_m": 0.079, "both": 0.01845018450184502, "just_main": 0.02529960053262317, "just_spurious": 0.9992150706436421, "neither": 0.998786606446394, "cf_score": 0.0}