{"s_given_m": 0.017, "s_given_not_m": 0.062, "both": 0.042105263157894736, "just_main": 0.06184428492545555, "just_spurious": 0.9977194982896237, "neither": 0.9922264357924402, "cf_score": 0.010526315789473684}