{"s_given_m": 0.049, "s_given_not_m": 0.045, "both": 0.02564102564102564, "just_main": 0.06336822074215033, "just_spurious": 0.9972326546748369, "neither": 0.9923491179201486, "cf_score": 0.0}