{"s_given_m": 0.086, "s_given_not_m": 0.031, "both": 0.029288702928870293, "just_main": 0.024554455445544555, "just_spurious": 0.9979850316637882, "neither": 0.998847051287917, "cf_score": 0.016736401673640166}