{"s_given_m": 0.009, "s_given_not_m": 0.019, "both": 0.061224489795918366, "just_main": 0.02463953276145282, "just_spurious": 0.9995217599234816, "neither": 0.9988072432862255, "cf_score": 0.0}