{"s_given_m": 0.01, "s_given_not_m": 0.031, "both": 0.0, "just_main": 0.02521469029782569, "just_spurious": 1.0, "neither": 0.9987822854579248, "cf_score": 0.0}