{"s_given_m": 0.02, "s_given_not_m": 0.026, "both": 0.008849557522123894, "just_main": 0.025300092336103416, "just_spurious": 0.9996625042186973, "neither": 0.9987977704105796, "cf_score": 0.0}