{"s_given_m": 0.126, "s_given_not_m": 0.015, "both": 0.040345821325648415, "just_main": 0.022755482002482418, "just_spurious": 0.9976580796252927, "neither": 0.9988383715590134, "cf_score": 0.024495677233429394}