{"s_given_m": 0.052, "s_given_not_m": 0.102, "both": 0.006920415224913495, "just_main": 0.025959152510020997, "just_spurious": 0.9998268098372013, "neither": 0.9987056742844157, "cf_score": 0.0}