{"s_given_m": 0.008, "s_given_not_m": 0.041, "both": 0.0, "just_main": 0.06198723792160438, "just_spurious": 0.9997842502696872, "neither": 0.9922588879434723, "cf_score": 0.0}