{"s_given_m": 0.006, "s_given_not_m": 0.017, "both": 0.0, "just_main": 0.025109170305676855, "just_spurious": 1.0, "neither": 0.9987998881098689, "cf_score": 0.0}