{"s_given_m": 0.057, "s_given_not_m": 0.028, "both": 0.015822784810126583, "just_main": 0.025518035303146586, "just_spurious": 0.9977848101265823, "neither": 0.9988503544740371, "cf_score": 0.012658227848101266}