{"s_given_m": 0.057, "s_given_not_m": 0.028, "both": 0.0949367088607595, "just_main": 0.05947812739831159, "just_spurious": 0.9813291139240506, "neither": 0.9928922709148806, "cf_score": 0.03481012658227848}