{"s_given_m": 0.015, "s_given_not_m": 0.03, "both": 0.024390243902439025, "just_main": 0.024972456849063532, "just_spurious": 0.9997062279670975, "neither": 0.9987929221343331, "cf_score": 0.0}