{"s_given_m": 0.187, "s_given_not_m": 0.099, "both": 0.07841239109390126, "just_main": 0.05761957730812013, "just_spurious": 0.977714387591371, "neither": 0.994209235678199, "cf_score": 0.027105517909002903}