{"s_given_m": 0.005, "s_given_not_m": 0.026, "both": 0.0, "just_main": 0.0618069441919651, "just_spurious": 0.9986197377501725, "neither": 0.9924085890352354, "cf_score": 0.0}