{"s_given_m": 0.01, "s_given_not_m": 0.018, "both": 0.018867924528301886, "just_main": 0.06191780821917808, "just_spurious": 0.997090203685742, "neither": 0.9924839878226149, "cf_score": 0.0}