{"s_given_m": 0.044, "s_given_not_m": 0.03, "both": 0.03305785123966942, "just_main": 0.06280741581536133, "just_spurious": 0.9970113568439928, "neither": 0.9924323435057991, "cf_score": 0.03305785123966942}