{"s_given_m": 0.007, "s_given_not_m": 0.006, "both": 0.04878048780487805, "just_main": 0.061600145799161656, "just_spurious": 0.9924698795180723, "neither": 0.9925688032472456, "cf_score": 0.0}