{"s_given_m": 0.008, "s_given_not_m": 0.041, "both": 0.0, "just_main": 0.025159525979945304, "just_spurious": 1.0, "neither": 0.9987699308201694, "cf_score": 0.0}