{"s_given_m": 0.007, "s_given_not_m": 0.006, "both": 0.0, "just_main": 0.025150355385456534, "just_spurious": 0.9984939759036144, "neither": 0.9988224274053258, "cf_score": 0.0}