{"s_given_m": 0.005, "s_given_not_m": 0.013, "both": 0.0, "just_main": 0.025077230601490096, "just_spurious": 1.0, "neither": 0.9988045481101973, "cf_score": 0.0}