{"s_given_m": 0.009, "s_given_not_m": 0.019, "both": 0.08163265306122448, "just_main": 0.06132505931739368, "just_spurious": 0.99179580674567, "neither": 0.9925835481391037, "cf_score": 0.02040816326530612}