{"s_given_m": 0.009, "s_given_not_m": 0.019, "both": 0.02040816326530612, "just_main": 0.025004562876437306, "just_spurious": 0.9995442114858706, "neither": 0.9988061321394655, "cf_score": 0.0}