{"s_given_m": 0.006, "s_given_not_m": 0.014, "both": 0.03225806451612903, "just_main": 0.02492268510096416, "just_spurious": 0.9993569131832798, "neither": 0.9988129923384051, "cf_score": 0.0}