{"s_given_m": 0.011, "s_given_not_m": 0.016, "both": 0.0, "just_main": 0.0621913297969636, "just_spurious": 0.9972451790633609, "neither": 0.9924917075281223, "cf_score": 0.0}