{"s_given_m": 0.003, "s_given_not_m": 0.013, "both": -1, "just_main": 0.06171719005264113, "just_spurious": 0.9993351063829787, "neither": 0.9924767426183093, "cf_score": -1}