{"s_given_m": 0.005, "s_given_not_m": 0.011, "both": 0.038461538461538464, "just_main": 0.061613958560523444, "just_spurious": 0.9983277591973244, "neither": 0.9925064761614514, "cf_score": 0.0}