{"s_given_m": 0.005, "s_given_not_m": 0.022, "both": 0.0, "just_main": 0.06181818181818182, "just_spurious": 0.9996028594122319, "neither": 0.9924075434729366, "cf_score": 0.0}