{"s_given_m": 0.005, "s_given_not_m": 0.011, "both": 0.0, "just_main": 0.025081788440567066, "just_spurious": 1.0, "neither": 0.9988078484802309, "cf_score": 0.0}