{"s_given_m": 0.038, "s_given_not_m": 0.039, "both": 0.07655502392344497, "just_main": 0.06091370558375635, "just_spurious": 0.9967830882352942, "neither": 0.992399014823766, "cf_score": 0.004784688995215311}