{"s_given_m": 0.078, "s_given_not_m": 0.051, "both": 0.025522041763341066, "just_main": 0.02491661761820679, "just_spurious": 0.9973665730337079, "neither": 0.9988978451939512, "cf_score": 0.018561484918793503}