{"s_given_m": 0.021, "s_given_not_m": 0.026, "both": 0.0, "just_main": 0.025489471739933506, "just_spurious": 1.0, "neither": 0.9987892360352487, "cf_score": 0.0}