{"s_given_m": 0.006, "s_given_not_m": 0.015, "both": 0.06451612903225806, "just_main": 0.061488084409678005, "just_spurious": 0.9970023980815348, "neither": 0.9925016427973463, "cf_score": 0.0}