{"s_given_m": 0.017, "s_given_not_m": 0.025, "both": 0.06521739130434782, "just_main": 0.06144223693892568, "just_spurious": 0.9810459810459811, "neither": 0.9928668910927122, "cf_score": 0.03260869565217391}