{"s_given_m": 0.023, "s_given_not_m": 0.018, "both": 0.007936507936507936, "just_main": 0.06275453535727508, "just_spurious": 0.9990281827016521, "neither": 0.9924481260331885, "cf_score": 0.007936507936507936}