{"s_given_m": 0.003, "s_given_not_m": 0.014, "both": -1, "just_main": 0.025045372050816698, "just_spurious": 1.0, "neither": 0.9988042794210195, "cf_score": -1}