{"s_given_m": 0.087, "s_given_not_m": 0.038, "both": 0.020833333333333332, "just_main": 0.025356576862123614, "just_spurious": 0.9979181124219292, "neither": 0.9988564683315504, "cf_score": 0.0}