{"s_given_m": 0.01, "s_given_not_m": 0.018, "both": 0.018867924528301886, "just_main": 0.02502283105022831, "just_spurious": 1.0, "neither": 0.9987985220918363, "cf_score": 0.0}