{"s_given_m": 0.039, "s_given_not_m": 0.037, "both": 0.027649769585253458, "just_main": 0.0628883449444549, "just_spurious": 0.9928023032629558, "neither": 0.992559236032452, "cf_score": 0.013824884792626729}