{"s_given_m": 0.118, "s_given_not_m": 0.022, "both": 0.07834101382488479, "just_main": 0.017838835349600166, "just_spurious": 0.9806663924310983, "neither": 0.9992205061271844, "cf_score": 0.0445468509984639}