{"s_given_m": 0.006, "s_given_not_m": 0.017, "both": 0.03125, "just_main": 0.06168122270742358, "just_spurious": 0.9948347107438017, "neither": 0.9925286267291086, "cf_score": 0.03125}