{"s_given_m": 0.014, "s_given_not_m": 0.039, "both": 0.0967741935483871, "just_main": 0.3996383363471971, "just_spurious": 0.9993377483443708, "neither": 0.9963950714708467, "cf_score": 0.0}