{"s_given_m": 0.03, "s_given_not_m": 0.02, "both": 0.07352941176470588, "just_main": 0.2560919540229885, "just_spurious": 0.9743143230300392, "neither": 0.9981186317001767, "cf_score": 0.04411764705882353}