{"s_given_m": 0.033, "s_given_not_m": 0.105, "both": 0.12162162162162163, "just_main": 0.2549562010142923, "just_spurious": 0.9997536338999754, "neither": 0.9974005218211751, "cf_score": 0.0}