{"s_given_m": 0.048, "s_given_not_m": 0.024, "both": 0.07476635514018691, "just_main": 0.41151685393258425, "just_spurious": 0.9963898916967509, "neither": 0.9965128802726133, "cf_score": 0.009345794392523364}