{"s_given_m": 0.0, "s_given_not_m": 0.022, "both": -1, "just_main": 0.39545251894783773, "just_spurious": 1.0, "neither": 0.996432912328912, "cf_score": -1}