{"s_given_m": 0.012, "s_given_not_m": 0.048, "both": 0.21428571428571427, "just_main": 0.3977426636568849, "just_spurious": 0.9992782389029231, "neither": 0.9963711064053139, "cf_score": 0.07142857142857142}