{"s_given_m": 0.02, "s_given_not_m": 0.016, "both": 0.2222222222222222, "just_main": 0.3989990900818926, "just_spurious": 0.9730728616684267, "neither": 0.9968988173455979, "cf_score": 0.022222222222222223}