{"s_given_m": 0.03, "s_given_not_m": 0.02, "both": 0.19117647058823528, "just_main": 0.4018390804597701, "just_spurious": 0.9882455376578145, "neither": 0.9966768354330224, "cf_score": 0.11764705882352941}