{"s_given_m": 0.1, "s_given_not_m": 0.108, "both": 0.07111111111111111, "just_main": 0.2705649157581764, "just_spurious": 0.9982468722607379, "neither": 0.9975747620658003, "cf_score": 0.04}