{"s_given_m": 0.029, "s_given_not_m": 0.034, "both": 0.078125, "just_main": 0.25562184488297385, "just_spurious": 0.9989754098360656, "neither": 0.9976012127697521, "cf_score": 0.03125}