{"s_given_m": 0.0, "s_given_not_m": 0.006, "both": -1, "just_main": 0.2502230151650312, "just_spurious": 1.0, "neither": 0.9976330847927866, "cf_score": -1}