{"s_given_m": 0.0, "s_given_not_m": 0.006, "both": -1, "just_main": 0.3951828724353256, "just_spurious": 0.9985795454545454, "neither": 0.996497312294087, "cf_score": -1}