{"s_given_m": 0.01, "s_given_not_m": 0.026, "both": -1, "just_main": 0.3990990990990991, "just_spurious": 0.9993337774816788, "neither": 0.9964349533801596, "cf_score": 0.08695652173913043}