{"s_given_m": 0.037, "s_given_not_m": 0.045, "both": 0.21686746987951808, "just_main": 0.4023148148148148, "just_spurious": 0.9984759001714613, "neither": 0.9964168058125367, "cf_score": 0.04819277108433735}