{"s_given_m": 0.414, "s_given_not_m": 0.545, "both": 0.17780172413793102, "just_main": 0.30190114068441065, "just_spurious": 0.9987180907465143, "neither": 0.9963675577501561, "cf_score": 0.08620689655172414}