{"s_given_m": 0.023, "s_given_not_m": 0.052, "both": 0.1568627450980392, "just_main": 0.4010036496350365, "just_spurious": 0.9973666886109283, "neither": 0.996462607303943, "cf_score": 0.0784313725490196}