{"s_given_m": 0.043, "s_given_not_m": 0.039, "both": 0.07216494845360824, "just_main": 0.41006523765144454, "just_spurious": 0.9986902423051736, "neither": 0.9964203367933754, "cf_score": 0.020618556701030927}