{"s_given_m": 0.012, "s_given_not_m": 0.041, "both": 0.07407407407407407, "just_main": 0.2527075812274368, "just_spurious": 0.9991624790619765, "neither": 0.9975824136319517, "cf_score": 0.0}