{"s_given_m": 0.007, "s_given_not_m": 0.002, "both": -1, "just_main": 0.25224416517055653, "just_spurious": 1.0, "neither": 0.9976433417931321, "cf_score": -1}