{"s_given_m": 0.019, "s_given_not_m": 0.038, "both": 0.047619047619047616, "just_main": 0.4020899591094957, "just_spurious": 0.9990869664460169, "neither": 0.9964088373051055, "cf_score": 0.047619047619047616}