{"s_given_m": 0.047, "s_given_not_m": 0.058, "both": 0.2857142857142857, "just_main": 0.4008419083255379, "just_spurious": 0.9967339667458432, "neither": 0.9964961393493614, "cf_score": 0.02857142857142857}