{"s_given_m": 0.008, "s_given_not_m": 0.016, "both": -1, "just_main": 0.39622641509433965, "just_spurious": 0.9989241527703067, "neither": 0.9964706397512808, "cf_score": -1}