{"s_given_m": 0.13, "s_given_not_m": 0.071, "both": 0.17465753424657535, "just_main": 0.2619169656586366, "just_spurious": 0.9965891095139481, "neither": 0.9977280103862383, "cf_score": 0.04452054794520548}