{"s_given_m": 0.034, "s_given_not_m": 0.025, "both": 0.11688311688311688, "just_main": 0.4053554939981533, "just_spurious": 0.9898174157303371, "neither": 0.996678327856108, "cf_score": 0.03896103896103896}