{"s_given_m": 0.004, "s_given_not_m": 0.018, "both": -1, "just_main": 0.39704565801253355, "just_spurious": 0.9995313964386129, "neither": 0.9964533403564217, "cf_score": -1}