{"s_given_m": 0.003, "s_given_not_m": 0.036, "both": -1, "just_main": 0.39606616003576217, "just_spurious": 1.0, "neither": 0.9963810528008864, "cf_score": -1}