{"s_given_m": 0.047, "s_given_not_m": 0.058, "both": 0.1619047619047619, "just_main": 0.254911131898971, "just_spurious": 0.998812351543943, "neither": 0.9975756577743623, "cf_score": 0.0}