{"s_given_m": 0.001, "s_given_not_m": 0.03, "both": -1, "just_main": 0.25089285714285714, "just_spurious": 0.9991386735572783, "neither": 0.9976013006281039, "cf_score": -1}