{"s_given_m": 0.03, "s_given_not_m": 0.013, "both": 0.029850746268656716, "just_main": 0.25735294117647056, "just_spurious": 0.9993243243243243, "neither": 0.9976257812227227, "cf_score": 0.0}