{"s_given_m": 0.001, "s_given_not_m": 0.015, "both": -1, "just_main": 0.39598214285714284, "just_spurious": 1.0, "neither": 0.9964570958683614, "cf_score": -1}