{"s_given_m": 0.07, "s_given_not_m": 0.036, "both": 0.1464968152866242, "just_main": 0.41418983700862894, "just_spurious": 0.9932837610937875, "neither": 0.9966301675977653, "cf_score": 0.01910828025477707}