{"s_given_m": 0.014, "s_given_not_m": 0.04, "both": 0.0967741935483871, "just_main": 0.3996383363471971, "just_spurious": 0.999351771823682, "neither": 0.9963919006246859, "cf_score": 0.03225806451612903}