{"s_given_m": 0.005, "s_given_not_m": 0.008, "both": -1, "just_main": 0.3951612903225806, "just_spurious": 0.9957264957264957, "neither": 0.9965163151127636, "cf_score": -1}