{"s_given_m": 0.003, "s_given_not_m": 0.01, "both": -1, "just_main": 0.3962432915921288, "just_spurious": 0.980246913580247, "neither": 0.9966820228339531, "cf_score": -1}