{"s_given_m": 0.019, "s_given_not_m": 0.021, "both": 0.046511627906976744, "just_main": 0.2545454545454545, "just_spurious": 0.9975903614457832, "neither": 0.9976486957746975, "cf_score": 0.023255813953488372}