{"s_given_m": 0.133, "s_given_not_m": 0.077, "both": 0.1912751677852349, "just_main": 0.4267352185089974, "just_spurious": 0.9944888089078844, "neither": 0.9966776478493369, "cf_score": 0.030201342281879196}