{"s_given_m": 0.0, "s_given_not_m": 0.037, "both": -1, "just_main": 0.39562890276538804, "just_spurious": 0.9992959399202065, "neither": 0.9964037465446446, "cf_score": -1}