{"s_given_m": 0.0, "s_given_not_m": 0.019, "both": -1, "just_main": 0.25066904549509367, "just_spurious": 1.0, "neither": 0.9976007171482809, "cf_score": -1}