{"s_given_m": 0.034, "s_given_not_m": 0.038, "both": 0.16883116883116883, "just_main": 0.40350877192982454, "just_spurious": 0.9929142857142857, "neither": 0.9966508162516007, "cf_score": 0.03896103896103896}