{"s_given_m": 0.017, "s_given_not_m": 0.035, "both": 0.15384615384615385, "just_main": 0.3997277676950998, "just_spurious": 0.9995092024539878, "neither": 0.9964007895042378, "cf_score": 0.0}