{"s_given_m": 0.034, "s_given_not_m": 0.038, "both": 0.11688311688311688, "just_main": 0.25530932594644506, "just_spurious": 0.9988571428571429, "neither": 0.9976000501482059, "cf_score": 0.0}