{"s_given_m": 0.005, "s_given_not_m": 0.034, "both": -1, "just_main": 0.39623487225459436, "just_spurious": 0.999746192893401, "neither": 0.9963962035252979, "cf_score": -1}