{"s_given_m": 0.23, "s_given_not_m": 0.057, "both": 0.2862669245647969, "just_main": 0.4281575898030128, "just_spurious": 0.98650288140734, "neither": 0.9971128369118318, "cf_score": 0.07543520309477757}