{"s_given_m": 0.0, "s_given_not_m": 0.008, "both": -1, "just_main": 0.25066904549509367, "just_spurious": 0.9989572471324296, "neither": 0.9976365295216579, "cf_score": -1}