{"s_given_m": 0.01, "s_given_not_m": 0.032, "both": -1, "just_main": 0.3984691580369203, "just_spurious": 0.9997267759562841, "neither": 0.9964051822323462, "cf_score": 0.0}