{"s_given_m": 0.042, "s_given_not_m": 0.02, "both": 0.010638297872340425, "just_main": 0.2610516519311308, "just_spurious": 0.999117387466902, "neither": 0.9976181687145143, "cf_score": 0.010638297872340425}