{"s_given_m": 0.009, "s_given_not_m": 0.013, "both": 0.1, "just_main": 0.25191183085919927, "just_spurious": 0.9880239520958084, "neither": 0.9977737229463686, "cf_score": 0.05}