{"s_given_m": 0.01, "s_given_not_m": 0.026, "both": 0.0, "just_main": 0.2531531531531532, "just_spurious": 1.0, "neither": 0.9975849684188178, "cf_score": 0.0}