{"s_given_m": 0.022, "s_given_not_m": 0.047, "both": 0.04081632653061224, "just_main": 0.2552415679124886, "just_spurious": 0.9990874247125388, "neither": 0.9975760864649753, "cf_score": 0.02040816326530612}