{"s_given_m": 0.001, "s_given_not_m": 0.019, "both": -1, "just_main": 0.25089285714285714, "just_spurious": 1.0, "neither": 0.9976023818097187, "cf_score": -1}