{"s_given_m": 0.002, "s_given_not_m": 0.025, "both": -1, "just_main": 0.3963360142984808, "just_spurious": 0.9993188010899182, "neither": 0.9964370336315733, "cf_score": -1}