{"s_given_m": 0.004, "s_given_not_m": 0.026, "both": -1, "just_main": 0.39659803043867503, "just_spurious": 0.9996739484838605, "neither": 0.9964240509130177, "cf_score": -1}