{"s_given_m": 0.0, "s_given_not_m": 0.008, "both": -1, "just_main": 0.39562890276538804, "just_spurious": 0.9979144942648592, "neither": 0.9964982404309858, "cf_score": -1}