{"s_given_m": 0.0, "s_given_not_m": 0.03, "both": -1, "just_main": 0.39545251894783773, "just_spurious": 0.9991369390103567, "neither": 0.9964288252434085, "cf_score": -1}