{"s_given_m": 0.001, "s_given_not_m": 0.019, "both": -1, "just_main": 0.39553571428571427, "just_spurious": 0.9990829894543787, "neither": 0.9964606588619657, "cf_score": -1}