{"s_given_m": 0.012, "s_given_not_m": 0.048, "both": 0.10714285714285714, "just_main": 0.25237020316027087, "just_spurious": 0.9994586791771923, "neither": 0.9975566053103111, "cf_score": 0.07142857142857142}