{"s_given_m": 0.0, "s_given_not_m": 0.009, "both": -1, "just_main": 0.25055728934462773, "just_spurious": 0.9990069513406157, "neither": 0.9976355433469232, "cf_score": -1}