{"s_given_m": 0.023, "s_given_not_m": 0.052, "both": 0.09803921568627451, "just_main": 0.2541058394160584, "just_spurious": 0.999670836076366, "neither": 0.9975356467335952, "cf_score": 0.0392156862745098}