{"s_given_m": 0.02, "s_given_not_m": 0.03, "both": 0.06666666666666667, "just_main": 0.2543221110100091, "just_spurious": 1.0, "neither": 0.9975752085054225, "cf_score": 0.0}