{"s_given_m": 0.003, "s_given_not_m": 0.021, "both": -1, "just_main": 0.25, "just_spurious": 0.9995824634655532, "neither": 0.9976066661387254, "cf_score": -1}