{"s_given_m": 0.414, "s_given_not_m": 0.545, "both": 0.33189655172413796, "just_main": 0.4403041825095057, "just_spurious": 0.9974045294126956, "neither": 0.9954405282176438, "cf_score": 0.10237068965517242}