{"s_given_m": 0.01, "s_given_not_m": 0.038, "both": -1, "just_main": 0.3980189104007204, "just_spurious": 0.99977079990832, "neither": 0.9963825538811436, "cf_score": 0.0}