{"s_given_m": 0.032, "s_given_not_m": 0.014, "both": 0.2535211267605634, "just_main": 0.40009208103130756, "just_spurious": 0.96712158808933, "neither": 0.9969239373601789, "cf_score": 0.09859154929577464}