{"s_given_m": 0.017, "s_given_not_m": 0.035, "both": 0.05128205128205128, "just_main": 0.2540834845735027, "just_spurious": 0.9992638036809816, "neither": 0.9975886182782735, "cf_score": 0.07692307692307693}