{"s_given_m": 0.009, "s_given_not_m": 0.018, "both": -1, "just_main": 0.39766081871345027, "just_spurious": 0.9990453460620525, "neither": 0.9964633300862666, "cf_score": 0.05}