{"s_given_m": 0.004, "s_given_not_m": 0.017, "both": -1, "just_main": 0.3959731543624161, "just_spurious": 1.0, "neither": 0.9964499842221521, "cf_score": -1}