{"s_given_m": 0.012, "s_given_not_m": 0.041, "both": 0.25925925925925924, "just_main": 0.3971119133574007, "just_spurious": 0.998324958123953, "neither": 0.9964320379623971, "cf_score": 0.07407407407407407}