{"s_given_m": 0.02, "s_given_not_m": 0.03, "both": 0.2222222222222222, "just_main": 0.3989990900818926, "just_spurious": 0.9997107318484235, "neither": 0.9964116638688303, "cf_score": 0.044444444444444446}