{"s_given_m": 0.005, "s_given_not_m": 0.008, "both": -1, "just_main": 0.25089605734767023, "just_spurious": 0.9967948717948718, "neither": 0.9976543767592174, "cf_score": -1}