{"s_given_m": 0.003, "s_given_not_m": 0.021, "both": -1, "just_main": 0.3957960644007156, "just_spurious": 0.9979123173277662, "neither": 0.9964803913804785, "cf_score": -1}