{"s_given_m": 0.009, "s_given_not_m": 0.013, "both": -1, "just_main": 0.39721097615834455, "just_spurious": 0.9893546240851631, "neither": 0.9966038361809308, "cf_score": 0.0}