{"s_given_m": 0.004, "s_given_not_m": 0.018, "both": -1, "just_main": 0.25156669650850494, "just_spurious": 1.0, "neither": 0.9976033710824335, "cf_score": -1}