{"s_given_m": 0.002, "s_given_not_m": 0.025, "both": -1, "just_main": 0.2511170688114388, "just_spurious": 0.9996594005449592, "neither": 0.9975952187290024, "cf_score": -1}