{"s_given_m": 0.1, "s_given_not_m": 0.108, "both": 0.1511111111111111, "just_main": 0.4226957383548067, "just_spurious": 0.9972906207665949, "neither": 0.9964152857625972, "cf_score": 0.017777777777777778}