{"s_given_m": 0.07, "s_given_not_m": 0.036, "both": 0.08280254777070063, "just_main": 0.26318312559923296, "just_spurious": 0.9935236267690094, "neither": 0.9978011173184358, "cf_score": 0.012738853503184714}