{"s_given_m": 0.009, "s_given_not_m": 0.018, "both": 0.1, "just_main": 0.25191183085919927, "just_spurious": 0.9995226730310263, "neither": 0.9976129672046267, "cf_score": 0.05}