{"s_given_m": 0.0, "s_given_not_m": 0.013, "both": -1, "just_main": 0.39562890276538804, "just_spurious": 1.0, "neither": 0.9964633762967621, "cf_score": -1}