{"s_given_m": 0.035, "s_given_not_m": 0.03, "both": 0.1282051282051282, "just_main": 0.405080831408776, "just_spurious": 0.9942479148691401, "neither": 0.9965798146881413, "cf_score": 0.0}