{"s_given_m": 0.01, "s_given_not_m": 0.038, "both": 0.045454545454545456, "just_main": 0.25258892390814947, "just_spurious": 0.99977079990832, "neither": 0.997564491721958, "cf_score": 0.0}