{"s_given_m": 0.001, "s_given_not_m": 0.008, "both": -1, "just_main": 0.6721246006389776, "just_spurious": 0.9978835978835979, "neither": 0.9948970706050367, "cf_score": -1}