{"s_given_m": 0.134, "s_given_not_m": 0.107, "both": 0.7592067988668555, "just_main": 0.6867311072056239, "just_spurious": 0.9922711536913292, "neither": 0.9953214448308262, "cf_score": 0.042492917847025496}