{"s_given_m": 0.002, "s_given_not_m": 0.015, "both": -1, "just_main": 0.6464761904761904, "just_spurious": 0.999421965317919, "neither": 0.99766519205112, "cf_score": -1}