{"s_given_m": 0.001, "s_given_not_m": 0.026, "both": -1, "just_main": 0.6969927674153026, "just_spurious": 0.9996648793565683, "neither": 0.9948701563803539, "cf_score": -1}