{"s_given_m": 0.007, "s_given_not_m": 0.034, "both": -1, "just_main": 0.672427652733119, "just_spurious": 0.9984810126582279, "neither": 0.994795718539582, "cf_score": -1}