{"s_given_m": 0.024, "s_given_not_m": 0.073, "both": 0.671875, "just_main": 0.6970760233918128, "just_spurious": 0.9972739125281498, "neither": 0.9948144486621091, "cf_score": 0.046875}