{"s_given_m": 0.006, "s_given_not_m": 0.034, "both": -1, "just_main": 0.6457536342769702, "just_spurious": 0.9994940551479888, "neither": 0.997627680050132, "cf_score": -1}