{"s_given_m": 0.134, "s_given_not_m": 0.107, "both": 0.7308781869688386, "just_main": 0.6322495606326889, "just_spurious": 0.9963771032928106, "neither": 0.9978496081831126, "cf_score": 0.05099150141643059}