{"s_given_m": 0.99, "s_given_not_m": 0.532, "both": 0.7036894696387395, "just_main": 0.0, "just_spurious": 0.9906848958756685, "neither": 0.9998891864438083, "cf_score": 0.6794773251345119}