{"s_given_m": 0.148, "s_given_not_m": 0.107, "both": 0.77088948787062, "just_main": 0.6543325526932084, "just_spurious": 0.9947593324195759, "neither": 0.9949408965156996, "cf_score": 0.07816711590296496}