{"s_given_m": 0.002, "s_given_not_m": 0.015, "both": -1, "just_main": 0.6967619047619048, "just_spurious": 0.999421965317919, "neither": 0.9949266203216066, "cf_score": -1}