{"s_given_m": 0.0, "s_given_not_m": 0.014, "both": -1, "just_main": 0.5037924151696607, "just_spurious": 1.0, "neither": 0.995463939192266, "cf_score": -1}