{"s_given_m": 0.0, "s_given_not_m": 0.031, "both": -1, "just_main": 0.5035913806863528, "just_spurious": 0.99943741209564, "neither": 0.9954021349776344, "cf_score": -1}