{"s_given_m": 0.0, "s_given_not_m": 0.025, "both": -1, "just_main": 0.6718562874251497, "just_spurious": 1.0, "neither": 0.9947920818387139, "cf_score": -1}