{"s_given_m": 0.002, "s_given_not_m": 0.034, "both": -1, "just_main": 0.6462066336256195, "just_spurious": 1.0, "neither": 0.9976099255227728, "cf_score": -1}