{"s_given_m": 0.0, "s_given_not_m": 0.017, "both": -1, "just_main": 0.6715881883479649, "just_spurious": 1.0, "neither": 0.994834946680487, "cf_score": -1}