{"s_given_m": 0.0, "s_given_not_m": 0.04, "both": -1, "just_main": 0.6454925827310765, "just_spurious": 1.0, "neither": 0.9975941611101099, "cf_score": -1}