{"s_given_m": 0.0, "s_given_not_m": 0.061, "both": -1, "just_main": 0.645738203957382, "just_spurious": 1.0, "neither": 0.9975402586874009, "cf_score": -1}