{"s_given_m": 0.002, "s_given_not_m": 0.038, "both": -1, "just_main": 0.6726618705035972, "just_spurious": 1.0, "neither": 0.9947199224151865, "cf_score": -1}