{"s_given_m": 0.0, "s_given_not_m": 0.025, "both": -1, "just_main": 0.6715881883479649, "just_spurious": 0.9982998979938796, "neither": 0.9948333924140376, "cf_score": -1}