{"s_given_m": 0.0, "s_given_not_m": 0.009, "both": -1, "just_main": 0.6715881883479649, "just_spurious": 0.9990069513406157, "neither": 0.9948856012685799, "cf_score": -1}