{"s_given_m": 0.012, "s_given_not_m": 0.033, "both": 0.36666666666666664, "just_main": 0.5052504038772213, "just_spurious": 0.9981481481481481, "neither": 0.9954375407362435, "cf_score": 0.0}