{"s_given_m": 0.001, "s_given_not_m": 0.013, "both": -1, "just_main": 0.5039936102236422, "just_spurious": 1.0, "neither": 0.9954664799579905, "cf_score": -1}