{"s_given_m": 0.633, "s_given_not_m": 0.007, "both": 0.6960960960960961, "just_main": 0.558091286307054, "just_spurious": 0.7455410225921522, "neither": 0.9995383958821429, "cf_score": 0.04864864864864865}