{"s_given_m": 0.032, "s_given_not_m": 0.073, "both": 0.675, "just_main": 0.6714756801319044, "just_spurious": 0.997387483671773, "neither": 0.9947280178837556, "cf_score": 0.0125}