{"s_given_m": 0.144, "s_given_not_m": 0.045, "both": 0.7354497354497355, "just_main": 0.6899155930697468, "just_spurious": 0.9828582434514638, "neither": 0.9955642460123477, "cf_score": 0.0291005291005291}