{"s_given_m": 0.0, "s_given_not_m": 0.03, "both": -1, "just_main": 0.5037924151696607, "just_spurious": 0.9988489208633093, "neither": 0.9954232187060353, "cf_score": -1}