{"s_given_m": 0.005, "s_given_not_m": 0.028, "both": -1, "just_main": 0.698394495412844, "just_spurious": 0.9996912627354122, "neither": 0.9948585203568792, "cf_score": -1}