{"s_given_m": 0.018, "s_given_not_m": 0.079, "both": 0.6521739130434783, "just_main": 0.5008130081300813, "just_spurious": 0.9994531335447884, "neither": 0.9951893321330108, "cf_score": 0.021739130434782608}