{"s_given_m": 0.053, "s_given_not_m": 0.105, "both": 0.3358208955223881, "just_main": 0.5130691399662732, "just_spurious": 0.9971114962449451, "neither": 0.9953407161599013, "cf_score": 0.03731343283582089}