{"s_given_m": 0.053, "s_given_not_m": 0.105, "both": 0.5149253731343284, "just_main": 0.6804384485666105, "just_spurious": 0.9962862094577866, "neither": 0.9947619231362864, "cf_score": 0.07462686567164178}