{"s_given_m": 0.0, "s_given_not_m": 0.025, "both": -1, "just_main": 0.5035913806863528, "just_spurious": 0.9982998979938796, "neither": 0.9954537398085785, "cf_score": -1}