{"s_given_m": 0.0, "s_given_not_m": 0.02, "both": -1, "just_main": 0.5033932135728543, "just_spurious": 1.0, "neither": 0.9954327834451625, "cf_score": -1}