{"s_given_m": 0.012, "s_given_not_m": 0.053, "both": 0.375, "just_main": 0.6488255679630343, "just_spurious": 0.9998359310910583, "neither": 0.9975721730876299, "cf_score": 0.0}