{"s_given_m": 0.988, "s_given_not_m": 0.532, "both": 0.5094872830036334, "just_main": 0.0, "just_spurious": 0.9917907784159122, "neither": 0.9997783647008847, "cf_score": 0.5050464271295922}