{"s_given_m": 0.006, "s_given_not_m": 0.041, "both": -1, "just_main": 0.6964012251148545, "just_spurious": 0.9977016297534476, "neither": 0.9948769752507396, "cf_score": -1}