{"s_given_m": 0.002, "s_given_not_m": 0.061, "both": -1, "just_main": 0.6718625099920064, "just_spurious": 1.0, "neither": 0.9945893221929808, "cf_score": -1}