{"s_given_m": 0.004, "s_given_not_m": 0.038, "both": -1, "just_main": 0.672676282051282, "just_spurious": 0.9979428571428571, "neither": 0.9948027933863526, "cf_score": -1}