{"s_given_m": 0.0, "s_given_not_m": 0.022, "both": -1, "just_main": 0.5035913806863528, "just_spurious": 1.0, "neither": 0.9954254426634874, "cf_score": -1}