{"s_given_m": 0.002, "s_given_not_m": 0.038, "both": -1, "just_main": 0.6975238095238095, "just_spurious": 0.9993255395683454, "neither": 0.9948206096574049, "cf_score": -1}