{"s_given_m": 0.006, "s_given_not_m": 0.041, "both": -1, "just_main": 0.6450995405819295, "just_spurious": 0.9991642290012537, "neither": 0.9976278952305361, "cf_score": -1}