{"s_given_m": 0.002, "s_given_not_m": 0.061, "both": -1, "just_main": 0.504396482813749, "just_spurious": 1.0, "neither": 0.9952334505033402, "cf_score": -1}