{"s_given_m": 0.99, "s_given_not_m": 0.532, "both": 0.6521906225980015, "just_main": 0.0, "just_spurious": 0.9957082242777949, "neither": 0.9999445932219041, "cf_score": 0.649500384319754}