{"s_given_m": 0.172, "s_given_not_m": 0.044, "both": 0.6148491879350348, "just_main": 0.48048192771084336, "just_spurious": 0.9910488421871959, "neither": 0.9957339889011406, "cf_score": 0.058004640371229696}