{"s_given_m": 0.0, "s_given_not_m": 0.02, "both": -1, "just_main": 0.6715881883479649, "just_spurious": 0.994250331711632, "neither": 0.9949348132487668, "cf_score": -1}