{"s_given_m": 0.002, "s_given_not_m": 0.036, "both": -1, "just_main": 0.6459603658536586, "just_spurious": 1.0, "neither": 0.9976058964886482, "cf_score": -1}