{"s_given_m": 0.002, "s_given_not_m": 0.034, "both": -1, "just_main": 0.5039968025579536, "just_spurious": 0.9994934143870314, "neither": 0.9953859773054465, "cf_score": -1}