{"s_given_m": 0.001, "s_given_not_m": 0.019, "both": -1, "just_main": 0.6723931282461046, "just_spurious": 0.9871618523613022, "neither": 0.9950704225352113, "cf_score": -1}