{"s_given_m": 0.001, "s_given_not_m": 0.03, "both": -1, "just_main": 0.6969927674153026, "just_spurious": 0.9965457685664939, "neither": 0.994945803323112, "cf_score": -1}