{"s_given_m": 0.0, "s_given_not_m": 0.013, "both": -1, "just_main": 0.5035913806863528, "just_spurious": 0.9986919555264879, "neither": 0.9954836676819662, "cf_score": -1}