{"s_given_m": 0.0, "s_given_not_m": 0.02, "both": -1, "just_main": 0.696462533282617, "just_spurious": 1.0, "neither": 0.9948893576831754, "cf_score": -1}