{"s_given_m": 0.018, "s_given_not_m": 0.079, "both": 0.7391304347826086, "just_main": 0.6703252032520325, "just_spurious": 0.999343760253746, "neither": 0.9945422832386204, "cf_score": 0.0}