{"s_given_m": 0.004, "s_given_not_m": 0.039, "both": -1, "just_main": 0.6972126765941199, "just_spurious": 0.999780268072951, "neither": 0.9947978075188783, "cf_score": -1}