{"s_given_m": 0.0, "s_given_not_m": 0.03, "both": -1, "just_main": 0.6718562874251497, "just_spurious": 0.9971223021582734, "neither": 0.9948533471052303, "cf_score": -1}