{"s_given_m": 0.0, "s_given_not_m": 0.015, "both": -1, "just_main": 0.6715881883479649, "just_spurious": 0.9994114184814596, "neither": 0.9948545782857944, "cf_score": -1}