{"s_given_m": 0.002, "s_given_not_m": 0.034, "both": -1, "just_main": 0.6722621902478018, "just_spurious": 0.9992401215805471, "neither": 0.9947689858986167, "cf_score": -1}