{"s_given_m": 0.0, "s_given_not_m": 0.025, "both": -1, "just_main": 0.645738203957382, "just_spurious": 0.9993197278911564, "neither": 0.9976490001596906, "cf_score": -1}