{"s_given_m": 0.0, "s_given_not_m": 0.029, "both": -1, "just_main": 0.6715881883479649, "just_spurious": 1.0, "neither": 0.994769986124453, "cf_score": -1}