{"s_given_m": 0.001, "s_given_not_m": 0.021, "both": -1, "just_main": 0.6715940870954854, "just_spurious": 0.9983326385994165, "neither": 0.9948492706073274, "cf_score": -1}