{"s_given_m": 0.001, "s_given_not_m": 0.028, "both": -1, "just_main": 0.6717252396166135, "just_spurious": 0.9987635239567233, "neither": 0.9948110106089955, "cf_score": -1}