{"s_given_m": 0.001, "s_given_not_m": 0.038, "both": -1, "just_main": 0.5041949660407511, "just_spurious": 0.9991009215554058, "neither": 0.9953831782416556, "cf_score": -1}