{"s_given_m": 0.004, "s_given_not_m": 0.038, "both": -1, "just_main": 0.6466768525592055, "just_spurious": 0.9993141289437586, "neither": 0.997627691312318, "cf_score": -1}