{"s_given_m": 0.664, "s_given_not_m": 0.008, "both": 0.6018018018018018, "just_main": 0.3091557669441142, "just_spurious": 0.6296680497925311, "neither": 0.9985977686231133, "cf_score": 0.02702702702702703}