{"s_given_m": 0.439, "s_given_not_m": 0.027, "both": 0.7016478751084129, "just_main": 0.6924119241192412, "just_spurious": 0.9221614667095529, "neither": 0.9970057486072733, "cf_score": 0.013009540329575022}