{"s_given_m": 0.003, "s_given_not_m": 0.015, "both": -1, "just_main": 0.6722689075630253, "just_spurious": 0.9988262910798122, "neither": 0.9948631187706549, "cf_score": -1}