{"s_given_m": 0.007, "s_given_not_m": 0.028, "both": -1, "just_main": 0.5050220972278023, "just_spurious": 0.9990726429675425, "neither": 0.995424093259645, "cf_score": -1}