{"s_given_m": 0.0, "s_given_not_m": 0.02, "both": -1, "just_main": 0.6967275494672754, "just_spurious": 0.9986725663716814, "neither": 0.9949205453358966, "cf_score": -1}