{"s_given_m": 0.172, "s_given_not_m": 0.044, "both": 0.765661252900232, "just_main": 0.6520481927710844, "just_spurious": 0.9883245767659078, "neither": 0.9952278519911064, "cf_score": 0.04640371229698376}