{"s_given_m": 0.0, "s_given_not_m": 0.014, "both": -1, "just_main": 0.6718562874251497, "just_spurious": 0.9993690851735015, "neither": 0.9948597148761777, "cf_score": -1}