{"s_given_m": 0.439, "s_given_not_m": 0.027, "both": 0.6444058976582827, "just_main": 0.6463414634146342, "just_spurious": 0.9691219041492442, "neither": 0.9984806617562129, "cf_score": 0.02515177797051171}