{"s_given_m": 0.052, "s_given_not_m": 0.105, "both": 0.42028985507246375, "just_main": 0.6579686872741871, "just_spurious": 0.9989267728886321, "neither": 0.9975469602588246, "cf_score": 0.043478260869565216}