{"s_given_m": 0.001, "s_given_not_m": 0.025, "both": -1, "just_main": 0.6462300076161462, "just_spurious": 1.0, "neither": 0.9976316349701958, "cf_score": -1}