{"s_given_m": 0.148, "s_given_not_m": 0.107, "both": 0.5795148247978437, "just_main": 0.49039812646370023, "just_spurious": 0.9958880915907442, "neither": 0.9954825978448025, "cf_score": 0.05121293800539083}