{"s_given_m": 0.0, "s_given_not_m": 0.03, "both": -1, "just_main": 0.696462533282617, "just_spurious": 0.9994288977727013, "neither": 0.9948553800064196, "cf_score": -1}