{"s_given_m": 0.01, "s_given_not_m": 0.033, "both": 0.6153846153846154, "just_main": 0.6972723780253554, "just_spurious": 0.9952431289640592, "neither": 0.9949854300373635, "cf_score": 0.0}