{"s_given_m": 0.001, "s_given_not_m": 0.025, "both": -1, "just_main": 0.6972581873571972, "just_spurious": 1.0, "neither": 0.9948641072949191, "cf_score": -1}