{"s_given_m": 0.003, "s_given_not_m": 0.04, "both": -1, "just_main": 0.6465648854961832, "just_spurious": 1.0, "neither": 0.9975947679446526, "cf_score": -1}