{"s_given_m": 0.001, "s_given_not_m": 0.03, "both": -1, "just_main": 0.5039936102236422, "just_spurious": 0.9988571428571429, "neither": 0.9954221996597822, "cf_score": -1}