{"s_given_m": 0.0, "s_given_not_m": 0.011, "both": -1, "just_main": 0.6967275494672754, "just_spurious": 1.0, "neither": 0.9949404475825127, "cf_score": -1}