{"s_given_m": 0.004, "s_given_not_m": 0.038, "both": -1, "just_main": 0.5044070512820513, "just_spurious": 0.9986285714285714, "neither": 0.9954041972604707, "cf_score": -1}