{"s_given_m": 0.004, "s_given_not_m": 0.04, "both": -1, "just_main": 0.5052083333333334, "just_spurious": 1.0, "neither": 0.9953388762912573, "cf_score": -1}