{"s_given_m": 0.052, "s_given_not_m": 0.105, "both": 0.5072463768115942, "just_main": 0.706945002007226, "just_spurious": 0.9971105423924709, "neither": 0.9947462455937032, "cf_score": 0.021739130434782608}