{"s_given_m": 0.144, "s_given_not_m": 0.045, "both": 0.7063492063492064, "just_main": 0.6352732119058196, "just_spurious": 0.9922958397534669, "neither": 0.9979450690710264, "cf_score": 0.026455026455026454}