{"s_given_m": 0.02, "s_given_not_m": 0.047, "both": 0.5471698113207547, "just_main": 0.6995341614906833, "just_spurious": 0.9963470319634703, "neither": 0.9949266220741857, "cf_score": 0.03773584905660377}