{"s_given_m": 0.026, "s_given_not_m": 0.047, "both": 0.5909090909090909, "just_main": 0.6737704918032786, "just_spurious": 0.9963383376052728, "neither": 0.9948512948812082, "cf_score": 0.06060606060606061}