{"s_given_m": 0.006, "s_given_not_m": 0.034, "both": -1, "just_main": 0.6970160673297628, "just_spurious": 0.9967113584619276, "neither": 0.9949330826731122, "cf_score": -1}