{"s_given_m": 0.004, "s_given_not_m": 0.039, "both": -1, "just_main": 0.6460481099656358, "just_spurious": 0.999780268072951, "neither": 0.9976059114187225, "cf_score": -1}