{"s_given_m": 0.006, "s_given_not_m": 0.039, "both": -1, "just_main": 0.6741573033707865, "just_spurious": 1.0, "neither": 0.9947138464857868, "cf_score": -1}