{"s_given_m": 0.003, "s_given_not_m": 0.04, "both": -1, "just_main": 0.6980916030534351, "just_spurious": 0.9997849462365591, "neither": 0.9947931680599597, "cf_score": -1}