{"s_given_m": 0.004, "s_given_not_m": 0.04, "both": -1, "just_main": 0.6734775641025641, "just_spurious": 0.99978489997849, "neither": 0.9947179930173128, "cf_score": -1}