{"s_given_m": 0.002, "s_given_not_m": 0.039, "both": -1, "just_main": 0.5427974947807933, "just_spurious": 1.0, "neither": 0.9989713393870602, "cf_score": -1}