{"s_given_m": 0.001, "s_given_not_m": 0.018, "both": -1, "just_main": 0.7434827945776851, "just_spurious": 1.0, "neither": 0.9990105283257966, "cf_score": -1}