{"s_given_m": 0.001, "s_given_not_m": 0.019, "both": -1, "just_main": 0.7434827945776851, "just_spurious": 0.9991079393398751, "neither": 0.9990268062736238, "cf_score": -1}