{"s_given_m": 0.0, "s_given_not_m": 0.002, "both": -1, "just_main": 0.7427083333333333, "just_spurious": 1.0, "neither": 0.9990265562291862, "cf_score": -1}