{"s_given_m": 0.005, "s_given_not_m": 0.061, "both": -1, "just_main": 0.743455497382199, "just_spurious": 1.0, "neither": 0.9989657143375582, "cf_score": -1}