{"s_given_m": 0.0, "s_given_not_m": 0.03, "both": -1, "just_main": 0.7427083333333333, "just_spurious": 0.9997131382673551, "neither": 0.9990073874965961, "cf_score": -1}