{"s_given_m": 0.008, "s_given_not_m": 0.104, "both": -1, "just_main": 0.7457983193277311, "just_spurious": 0.9999183206730377, "neither": 0.9989246697879791, "cf_score": -1}