{"s_given_m": 0.0, "s_given_not_m": 0.031, "both": -1, "just_main": 0.5416666666666666, "just_spurious": 0.9991852254209669, "neither": 0.9990056755686568, "cf_score": -1}