{"s_given_m": 0.001, "s_given_not_m": 0.028, "both": -1, "just_main": 0.7434827945776851, "just_spurious": 0.9996924023377423, "neither": 0.9990094323082856, "cf_score": -1}