{"s_given_m": 0.001, "s_given_not_m": 0.026, "both": -1, "just_main": 0.5422314911366006, "just_spurious": 0.9996747967479674, "neither": 0.9989934530686553, "cf_score": -1}