{"s_given_m": 0.004, "s_given_not_m": 0.018, "both": -1, "just_main": 0.7437238493723849, "just_spurious": 0.9883122954651706, "neither": 0.999227350071188, "cf_score": -1}