{"s_given_m": 0.0, "s_given_not_m": 0.013, "both": -1, "just_main": 0.5416666666666666, "just_spurious": 0.9993434011818779, "neither": 0.9990069427653622, "cf_score": -1}