{"s_given_m": 0.003, "s_given_not_m": 0.022, "both": -1, "just_main": 0.7450365726227796, "just_spurious": 0.9992135273299253, "neither": 0.9990242542514636, "cf_score": -1}