{"s_given_m": 0.001, "s_given_not_m": 0.017, "both": -1, "just_main": 0.5411887382690302, "just_spurious": 0.9938993390950687, "neither": 0.9990984743411928, "cf_score": -1}