{"s_given_m": 0.008, "s_given_not_m": 0.047, "both": -1, "just_main": 0.5462184873949579, "just_spurious": 1.0, "neither": 0.9989624978758038, "cf_score": -1}