{"s_given_m": 0.003, "s_given_not_m": 0.016, "both": -1, "just_main": 0.7450365726227796, "just_spurious": 1.0, "neither": 0.9990122515466061, "cf_score": -1}