{"s_given_m": 0.002, "s_given_not_m": 0.039, "both": -1, "just_main": 0.744258872651357, "just_spurious": 1.0, "neither": 0.9989890749148694, "cf_score": -1}