{"s_given_m": 0.004, "s_given_not_m": 0.078, "both": -1, "just_main": 0.74581589958159, "just_spurious": 0.9997822536744693, "neither": 0.9989643246842115, "cf_score": -1}