{"s_given_m": 0.006, "s_given_not_m": 0.058, "both": -1, "just_main": 0.5450733752620545, "just_spurious": 1.0, "neither": 0.9989501502371212, "cf_score": -1}