{"s_given_m": 0.0, "s_given_not_m": 0.035, "both": -1, "just_main": 0.7427083333333333, "just_spurious": 1.0, "neither": 0.998992826094639, "cf_score": -1}