{"s_given_m": 0.004, "s_given_not_m": 0.038, "both": -1, "just_main": 0.74581589958159, "just_spurious": 0.9997737044580222, "neither": 0.9989991851773125, "cf_score": -1}