{"s_given_m": 0.003, "s_given_not_m": 0.019, "both": -1, "just_main": 0.7429467084639498, "just_spurious": 0.9995414947271893, "neither": 0.9990186372084137, "cf_score": -1}