{"s_given_m": 0.005, "s_given_not_m": 0.072, "both": -1, "just_main": 0.543455497382199, "just_spurious": 0.9997645951035782, "neither": 0.9989525043415939, "cf_score": -1}