{"s_given_m": 0.001, "s_given_not_m": 0.032, "both": -1, "just_main": 0.5422314911366006, "just_spurious": 1.0, "neither": 0.9989781356260681, "cf_score": -1}