{"s_given_m": 0.001, "s_given_not_m": 0.028, "both": -1, "just_main": 0.5422314911366006, "just_spurious": 1.0, "neither": 0.9989831340509836, "cf_score": -1}