{"s_given_m": 0.0, "s_given_not_m": 0.013, "both": -1, "just_main": 0.7427083333333333, "just_spurious": 0.9993434011818779, "neither": 0.9990242133259646, "cf_score": -1}