{"s_given_m": 0.017, "s_given_not_m": 0.018, "both": -1, "just_main": 0.7542372881355932, "just_spurious": 0.9971751412429378, "neither": 0.9990625244134267, "cf_score": -1}