{"s_given_m": 0.0, "s_given_not_m": 0.02, "both": -1, "just_main": 0.7427083333333333, "just_spurious": 0.9995771670190274, "neither": 0.9990170665089334, "cf_score": -1}