{"s_given_m": 0.007, "s_given_not_m": 0.052, "both": -1, "just_main": 0.7471143756558237, "just_spurious": 0.9996732026143791, "neither": 0.9989928691539202, "cf_score": -1}