{"s_given_m": 0.003, "s_given_not_m": 0.035, "both": -1, "just_main": 0.5433646812957158, "just_spurious": 0.9958647531014352, "neither": 0.999125565291125, "cf_score": -1}