{"s_given_m": 0.0, "s_given_not_m": 0.006, "both": -1, "just_main": 0.5416666666666666, "just_spurious": 1.0, "neither": 0.9990053334705287, "cf_score": -1}