{"s_given_m": 0.002, "s_given_not_m": 0.034, "both": -1, "just_main": 0.744258872651357, "just_spurious": 0.9994957135653051, "neither": 0.9990120058926791, "cf_score": -1}