{"s_given_m": 0.004, "s_given_not_m": 0.025, "both": -1, "just_main": 0.7437238493723849, "just_spurious": 1.0, "neither": 0.9990035487649249, "cf_score": -1}