{"s_given_m": 0.083, "s_given_not_m": 0.546, "both": 0.0625, "just_main": 0.5852272727272727, "just_spurious": 0.9998594518622628, "neither": 0.9979921939503115, "cf_score": 0.05}