{"s_given_m": 0.016, "s_given_not_m": 0.109, "both": -1, "just_main": 0.5502645502645502, "just_spurious": 1.0, "neither": 0.9988906740111697, "cf_score": -1}