{"s_given_m": 0.004, "s_given_not_m": 0.078, "both": -1, "just_main": 0.5439330543933054, "just_spurious": 0.9998911268372346, "neither": 0.99893658338111, "cf_score": -1}