{"s_given_m": 0.001, "s_given_not_m": 0.03, "both": -1, "just_main": 0.7434827945776851, "just_spurious": 1.0, "neither": 0.9989980047990297, "cf_score": -1}