{"s_given_m": 0.004, "s_given_not_m": 0.018, "both": -1, "just_main": 0.5418410041841004, "just_spurious": 0.9850397381954185, "neither": 0.9992707573705595, "cf_score": -1}