{"s_given_m": 0.004, "s_given_not_m": 0.041, "both": -1, "just_main": 0.7447698744769874, "just_spurious": 0.9997916232548447, "neither": 0.9989958054884118, "cf_score": -1}