{"s_given_m": 0.0, "s_given_not_m": 0.03, "both": -1, "just_main": 0.7427083333333333, "just_spurious": 0.9997162315550511, "neither": 0.9990070560530039, "cf_score": -1}