{"s_given_m": 0.0, "s_given_not_m": 0.025, "both": -1, "just_main": 0.5416666666666666, "just_spurious": 0.999659979598776, "neither": 0.9989946322102355, "cf_score": -1}