{"s_given_m": 0.057, "s_given_not_m": 0.039, "both": 0.6587677725118484, "just_main": 0.5108038029386344, "just_spurious": 0.9937050359712231, "neither": 0.9932369254790889, "cf_score": 0.023696682464454975}