{"s_given_m": 0.001, "s_given_not_m": 0.002, "both": -1, "just_main": 0.35535617183251766, "just_spurious": 1.0, "neither": 0.9962147702636548, "cf_score": -1}