{"s_given_m": 0.001, "s_given_not_m": 0.019, "both": -1, "just_main": 0.5197171607288551, "just_spurious": 0.9995410738871042, "neither": 0.9931332609894509, "cf_score": -1}