{"s_given_m": 0.006, "s_given_not_m": 0.028, "both": -1, "just_main": 0.5184375853591915, "just_spurious": 0.9981343283582089, "neither": 0.9931142213324475, "cf_score": 0.14285714285714285}