{"s_given_m": 0.224, "s_given_not_m": 0.104, "both": 0.47509113001215064, "just_main": 0.5320041972717734, "just_spurious": 0.9815078236130867, "neither": 0.9946227131918873, "cf_score": 0.08140947752126367}