{"s_given_m": 0.002, "s_given_not_m": 0.015, "both": -1, "just_main": 0.35537414965986397, "just_spurious": 1.0, "neither": 0.9961657324513632, "cf_score": -1}