{"s_given_m": 0.002, "s_given_not_m": 0.015, "both": -1, "just_main": 0.52, "just_spurious": 0.9982100238663485, "neither": 0.9931815565532326, "cf_score": -1}