{"s_given_m": 0.026, "s_given_not_m": 0.018, "both": 0.20212765957446807, "just_main": 0.358974358974359, "just_spurious": 0.9945571499257794, "neither": 0.9962516876287927, "cf_score": 0.0}