{"s_given_m": 0.057, "s_given_not_m": 0.039, "both": 0.46919431279620855, "just_main": 0.3480265053298761, "just_spurious": 0.9957284172661871, "neither": 0.9962417277158964, "cf_score": 0.05687203791469194}