{"s_given_m": 0.01, "s_given_not_m": 0.008, "both": 0.18421052631578946, "just_main": 0.3567508232711306, "just_spurious": 0.9917440660474717, "neither": 0.9962599880319617, "cf_score": 0.07894736842105263}