{"s_given_m": 0.013, "s_given_not_m": 0.033, "both": 0.20833333333333334, "just_main": 0.523390203632361, "just_spurious": 0.9933545986177565, "neither": 0.9932517163916531, "cf_score": 0.041666666666666664}