{"s_given_m": 0.001, "s_given_not_m": 0.026, "both": -1, "just_main": 0.5197171607288551, "just_spurious": 0.9996688741721854, "neither": 0.9930815073710624, "cf_score": -1}