{"s_given_m": 0.007, "s_given_not_m": 0.048, "both": 0.4444444444444444, "just_main": 0.5198358413132695, "just_spurious": 0.9983763305069457, "neither": 0.9929948102913939, "cf_score": 0.07407407407407407}