{"s_given_m": 0.007, "s_given_not_m": 0.025, "both": -1, "just_main": 0.5215965008201203, "just_spurious": 0.9961444093936207, "neither": 0.9931813300880521, "cf_score": 0.0}