{"s_given_m": 0.347, "s_given_not_m": 0.548, "both": 0.310641627543036, "just_main": 0.3785357737104825, "just_spurious": 0.9975651288253736, "neither": 0.994591253283882, "cf_score": 0.13771517996870108}