{"s_given_m": 0.043, "s_given_not_m": 0.058, "both": 0.29936305732484075, "just_main": 0.3574468085106383, "just_spurious": 0.9980550568521843, "neither": 0.9961082643785732, "cf_score": 0.03184713375796178}