{"s_given_m": 0.001, "s_given_not_m": 0.031, "both": -1, "just_main": 0.5192934782608696, "just_spurious": 0.9997211377579476, "neither": 0.9930462353290879, "cf_score": -1}