{"s_given_m": 0.005, "s_given_not_m": 0.015, "both": -1, "just_main": 0.3564410480349345, "just_spurious": 0.9958358120166567, "neither": 0.9962275512734229, "cf_score": -1}