{"s_given_m": 0.147, "s_given_not_m": 0.031, "both": 0.5239852398523985, "just_main": 0.5184713375796178, "just_spurious": 0.9448488241881299, "neither": 0.9948123530842182, "cf_score": 0.15313653136531366}