{"s_given_m": 0.003, "s_given_not_m": 0.031, "both": -1, "just_main": 0.35548896758376464, "just_spurious": 0.9994356659142212, "neither": 0.9961192497816516, "cf_score": -1}