{"s_given_m": 0.0, "s_given_not_m": 0.017, "both": -1, "just_main": 0.5192829983704509, "just_spurious": 0.9994780793319415, "neither": 0.9931492869756586, "cf_score": -1}