{"s_given_m": 0.096, "s_given_not_m": 0.035, "both": 0.3126760563380282, "just_main": 0.359483017733694, "just_spurious": 0.9838709677419355, "neither": 0.9966719421207325, "cf_score": 0.16619718309859155}