{"s_given_m": 0.067, "s_given_not_m": 0.025, "both": 0.44715447154471544, "just_main": 0.5244470314318975, "just_spurious": 0.949469964664311, "neither": 0.9943636770297473, "cf_score": 0.036585365853658534}