{"s_given_m": 0.045, "s_given_not_m": 0.102, "both": 0.23636363636363636, "just_main": 0.3605345464884845, "just_spurious": 0.9950308430431802, "neither": 0.9963568534872198, "cf_score": 0.04242424242424243}