{"s_given_m": 0.024, "s_given_not_m": 0.016, "both": 0.26436781609195403, "just_main": 0.525452016689847, "just_spurious": 0.9882615986584684, "neither": 0.9933342788256985, "cf_score": 0.022988505747126436}