{"s_given_m": 0.004, "s_given_not_m": 0.021, "both": -1, "just_main": 0.35568274734260014, "just_spurious": 0.9995748299319728, "neither": 0.9961515505153538, "cf_score": -1}