{"s_given_m": 0.001, "s_given_not_m": 0.03, "both": -1, "just_main": 0.3551808539570302, "just_spurious": 1.0, "neither": 0.996103802616661, "cf_score": -1}