{"s_given_m": 0.022, "s_given_not_m": 0.061, "both": 0.2073170731707317, "just_main": 0.35833333333333334, "just_spurious": 0.9953051643192489, "neither": 0.996281698520116, "cf_score": 0.036585365853658534}