{"s_given_m": 0.003, "s_given_not_m": 0.013, "both": -1, "just_main": 0.35576137292290927, "just_spurious": 0.998015873015873, "neither": 0.996197819493691, "cf_score": -1}