{"s_given_m": 0.026, "s_given_not_m": 0.018, "both": 0.2872340425531915, "just_main": 0.5253623188405797, "just_spurious": 0.9901039089559623, "neither": 0.993311660626732, "cf_score": 0.05319148936170213}