{"s_given_m": 0.347, "s_given_not_m": 0.548, "both": 0.48278560250391234, "just_main": 0.5386855241264559, "just_spurious": 0.9950029441252765, "neither": 0.9911335187760779, "cf_score": 0.18231611893583724}