{"s_given_m": 0.007, "s_given_not_m": 0.048, "both": 0.37037037037037035, "just_main": 0.3548563611491108, "just_spurious": 0.9998195922785496, "neither": 0.9960389503218353, "cf_score": 0.0}