{"s_given_m": 0.046, "s_given_not_m": 0.037, "both": 0.2781065088757396, "just_main": 0.35866780529462, "just_spurious": 0.9871585337380341, "neither": 0.9965736661771905, "cf_score": 0.05917159763313609}