{"s_given_m": 0.001, "s_given_not_m": 0.013, "both": -1, "just_main": 0.3551630434782609, "just_spurious": 0.9973804846103471, "neither": 0.9962061585808026, "cf_score": -1}