{"s_given_m": 0.002, "s_given_not_m": 0.002, "both": -1, "just_main": 0.5200108902804247, "just_spurious": 0.9833333333333333, "neither": 0.9932707013327507, "cf_score": -1}