{"s_given_m": 0.114, "s_given_not_m": 0.036, "both": 0.27684964200477324, "just_main": 0.3650015323322096, "just_spurious": 0.9802028005794302, "neither": 0.9968224654409169, "cf_score": 0.059665871121718374}