{"s_given_m": 0.006, "s_given_not_m": 0.019, "both": 0.045454545454545456, "just_main": 0.35683060109289616, "just_spurious": 0.9972985141828006, "neither": 0.9962005267653758, "cf_score": 0.0}