{"s_given_m": 0.01, "s_given_not_m": 0.008, "both": 0.3684210526315789, "just_main": 0.5208562019758507, "just_spurious": 0.9855521155830753, "neither": 0.9933207786264916, "cf_score": 0.02631578947368421}