{"s_given_m": 0.006, "s_given_not_m": 0.019, "both": -1, "just_main": 0.5210382513661203, "just_spurious": 0.9954975236380009, "neither": 0.993210777334852, "cf_score": 0.09090909090909091}