{"s_given_m": 0.055, "s_given_not_m": 0.019, "both": 0.45098039215686275, "just_main": 0.523289246693502, "just_spurious": 0.978161965423112, "neither": 0.9935502237405144, "cf_score": 0.13725490196078433}