{"s_given_m": 0.004, "s_given_not_m": 0.028, "both": -1, "just_main": 0.5200327064595257, "just_spurious": 0.9984142086901364, "neither": 0.9931091411549366, "cf_score": -1}