{"s_given_m": 0.06, "s_given_not_m": 0.078, "both": 0.2895927601809955, "just_main": 0.35914475585091016, "just_spurious": 0.995985727029438, "neither": 0.996241847080095, "cf_score": 0.013574660633484163}