{"s_given_m": 0.043, "s_given_not_m": 0.058, "both": 0.46496815286624205, "just_main": 0.5217021276595745, "just_spurious": 0.9959605026929982, "neither": 0.9930875362533705, "cf_score": 0.01910828025477707}