{"s_given_m": 0.045, "s_given_not_m": 0.102, "both": 0.3878787878787879, "just_main": 0.525447824850725, "just_spurious": 0.9918608636052091, "neither": 0.9934131911048935, "cf_score": 0.08484848484848485}