{"s_given_m": 0.004, "s_given_not_m": 0.038, "both": -1, "just_main": 0.35568274734260014, "just_spurious": 0.9981451425921632, "neither": 0.9961465926812462, "cf_score": -1}