{"s_given_m": 0.04, "s_given_not_m": 0.047, "both": 0.4246575342465753, "just_main": 0.5231900452488688, "just_spurious": 0.9947974730583427, "neither": 0.9931790923157211, "cf_score": 0.04794520547945205}