{"s_given_m": 0.205, "s_given_not_m": 0.04, "both": 0.4894179894179894, "just_main": 0.5269993164730007, "just_spurious": 0.9676573426573427, "neither": 0.9943196793572604, "cf_score": 0.05555555555555555}