{"s_given_m": 0.0, "s_given_not_m": 0.026, "both": -1, "just_main": 0.3550665580005433, "just_spurious": 1.0, "neither": 0.9961207668876545, "cf_score": -1}