{"s_given_m": 0.021, "s_given_not_m": 0.04, "both": 0.20512820512820512, "just_main": 0.35821309655937844, "just_spurious": 0.9965217391304347, "neither": 0.9962092632153084, "cf_score": 0.05128205128205128}