{"s_given_m": 0.004, "s_given_not_m": 0.021, "both": -1, "just_main": 0.5200327064595257, "just_spurious": 0.9987244897959183, "neither": 0.9931404951315332, "cf_score": -1}