{"s_given_m": 0.004, "s_given_not_m": 0.037, "both": -1, "just_main": 0.5203163348786474, "just_spurious": 0.9992936190251942, "neither": 0.9930227079142427, "cf_score": -1}