{"s_given_m": 0.006, "s_given_not_m": 0.031, "both": 0.23809523809523808, "just_main": 0.35564053537284895, "just_spurious": 0.9991448118586089, "neither": 0.9961295084475729, "cf_score": 0.047619047619047616}