{"s_given_m": 0.11, "s_given_not_m": 0.027, "both": 0.3910891089108911, "just_main": 0.5350823672971324, "just_spurious": 0.9756410256410256, "neither": 0.9937480378526259, "cf_score": 0.09900990099009901}