{"s_given_m": 0.002, "s_given_not_m": 0.053, "both": -1, "just_main": 0.35564625850340137, "just_spurious": 0.9996732026143791, "neither": 0.9960271005208093, "cf_score": -1}