{"s_given_m": 0.004, "s_given_not_m": 0.038, "both": -1, "just_main": 0.5205778141182884, "just_spurious": 0.996522142360306, "neither": 0.9931273347114932, "cf_score": -1}