{"s_given_m": 0.046, "s_given_not_m": 0.037, "both": 0.40828402366863903, "just_main": 0.524622829490464, "just_spurious": 0.9815549848237217, "neither": 0.9937093236163231, "cf_score": 0.07100591715976332}