{"s_given_m": 0.002, "s_given_not_m": 0.025, "both": -1, "just_main": 0.5202831472910427, "just_spurious": 0.9934842249657064, "neither": 0.9932491113717555, "cf_score": -1}