{"s_given_m": 0.0, "s_given_not_m": 0.027, "both": -1, "just_main": 0.3550665580005433, "just_spurious": 0.9993508601103538, "neither": 0.9961353609985295, "cf_score": -1}