{"s_given_m": 0.093, "s_given_not_m": 0.016, "both": 0.29239766081871343, "just_main": 0.36137724550898204, "just_spurious": 0.9833147942157954, "neither": 0.9964275266605795, "cf_score": 0.07602339181286549}