{"s_given_m": 0.006, "s_given_not_m": 0.031, "both": -1, "just_main": 0.5206227806610216, "just_spurious": 0.9988597491448119, "neither": 0.993078120921357, "cf_score": 0.09523809523809523}