{"s_given_m": 0.002, "s_given_not_m": 0.03, "both": -1, "just_main": 0.5195865070729053, "just_spurious": 0.9997126436781609, "neither": 0.993052868391451, "cf_score": -1}