{"s_given_m": 0.001, "s_given_not_m": 0.015, "both": -1, "just_main": 0.519847743338771, "just_spurious": 1.0, "neither": 0.9931517165005537, "cf_score": -1}