{"s_given_m": 0.114, "s_given_not_m": 0.036, "both": 0.4105011933174224, "just_main": 0.5332516089488201, "just_spurious": 0.9705456301303718, "neither": 0.994106623937427, "cf_score": 0.09785202863961814}