{"s_given_m": 0.001, "s_given_not_m": 0.011, "both": -1, "just_main": 0.35489130434782606, "just_spurious": 1.0, "neither": 0.996181152709794, "cf_score": -1}