{"s_given_m": 0.04, "s_given_not_m": 0.047, "both": 0.2602739726027397, "just_main": 0.35888009049773756, "just_spurious": 0.9975845410628019, "neither": 0.9961546560706078, "cf_score": 0.0273972602739726}