{"s_given_m": 0.0, "s_given_not_m": 0.015, "both": -1, "just_main": 0.5194240695463189, "just_spurious": 1.0, "neither": 0.9931529297134506, "cf_score": -1}