{"s_given_m": 0.205, "s_given_not_m": 0.04, "both": 0.3187830687830688, "just_main": 0.3643198906356801, "just_spurious": 0.9761800699300699, "neither": 0.9970553217788037, "cf_score": 0.03968253968253968}