{"s_given_m": 0.045, "s_given_not_m": 0.04, "both": 0.437125748502994, "just_main": 0.5231863442389758, "just_spurious": 0.9905090595340811, "neither": 0.9933708590602807, "cf_score": 0.017964071856287425}