{"s_given_m": 0.003, "s_given_not_m": 0.008, "both": -1, "just_main": 0.3553133514986376, "just_spurious": 0.9957219251336898, "neither": 0.9962259171285299, "cf_score": -1}