{"s_given_m": 0.004, "s_given_not_m": 0.014, "both": -1, "just_main": 0.35597381342062195, "just_spurious": 0.9974522292993631, "neither": 0.9962047153536515, "cf_score": -1}