{"s_given_m": 0.0, "s_given_not_m": 0.02, "both": -1, "just_main": 0.5192829983704509, "just_spurious": 1.0, "neither": 0.9931193477177241, "cf_score": -1}