{"s_given_m": 0.0, "s_given_not_m": 0.027, "both": -1, "just_main": 0.5191524042379788, "just_spurious": 0.9996754300551769, "neither": 0.9930777231806607, "cf_score": -1}