{"s_given_m": 0.004, "s_given_not_m": 0.014, "both": -1, "just_main": 0.5204582651391162, "just_spurious": 0.9974522292993631, "neither": 0.9931967974521166, "cf_score": -1}