{"s_given_m": 0.088, "s_given_not_m": 0.036, "both": 0.3950617283950617, "just_main": 0.5312686122692079, "just_spurious": 0.8972920224444987, "neither": 0.996814652598049, "cf_score": 0.1388888888888889}