{"s_given_m": 0.003, "s_given_not_m": 0.031, "both": -1, "just_main": 0.5200217924271315, "just_spurious": 0.9991534988713319, "neither": 0.993066873159795, "cf_score": -1}