{"s_given_m": 0.067, "s_given_not_m": 0.025, "both": 0.32926829268292684, "just_main": 0.35681024447031434, "just_spurious": 0.9710247349823321, "neither": 0.9968597629165735, "cf_score": 0.032520325203252036}