{"s_given_m": 0.0, "s_given_not_m": 0.02, "both": -1, "just_main": 0.3549701249321021, "just_spurious": 1.0, "neither": 0.9961457665740938, "cf_score": -1}