{"s_given_m": 0.0, "s_given_not_m": 0.022, "both": -1, "just_main": 0.3549701249321021, "just_spurious": 0.9996009577015164, "neither": 0.9961462635705939, "cf_score": -1}