{"s_given_m": 0.001, "s_given_not_m": 0.014, "both": -1, "just_main": 0.5195652173913043, "just_spurious": 0.9969733656174334, "neither": 0.9932007118004834, "cf_score": -1}