{"s_given_m": 0.005, "s_given_not_m": 0.028, "both": -1, "just_main": 0.5212998361551064, "just_spurious": 0.9993811881188119, "neither": 0.9930773167643864, "cf_score": 0.1}