{"s_given_m": 0.0, "s_given_not_m": 0.026, "both": -1, "just_main": 0.5191524042379788, "just_spurious": 1.0, "neither": 0.9930747177925103, "cf_score": -1}