{"s_given_m": 0.0, "s_given_not_m": 0.036, "both": -1, "just_main": 0.5194240695463189, "just_spurious": 0.999758337361044, "neither": 0.9930114875935799, "cf_score": -1}