{"s_given_m": 0.008, "s_given_not_m": 0.038, "both": 0.02127659574468085, "just_main": 0.10085098678254571, "just_spurious": 1.0, "neither": 0.9988841550010144, "cf_score": 0.02127659574468085}