{"s_given_m": 0.077, "s_given_not_m": 0.018, "both": 0.06496519721577726, "just_main": 0.10974897840046702, "just_spurious": 0.9759036144578314, "neither": 0.9961768586974206, "cf_score": 0.027842227378190254}