{"s_given_m": 0.005, "s_given_not_m": 0.032, "both": 0.07407407407407407, "just_main": 0.10644055565578207, "just_spurious": 0.9983584131326949, "neither": 0.9957180319451321, "cf_score": 0.037037037037037035}