{"s_given_m": 0.009, "s_given_not_m": 0.021, "both": 0.058823529411764705, "just_main": 0.10672223228845805, "just_spurious": 1.0, "neither": 0.9957156961314457, "cf_score": 0.0}