{"s_given_m": 0.007, "s_given_not_m": 0.017, "both": 0.0, "just_main": 0.10086767895878525, "just_spurious": 0.9979274611398964, "neither": 0.9989439194129275, "cf_score": 0.0}