{"s_given_m": 0.013, "s_given_not_m": 0.019, "both": 0.0, "just_main": 0.10771470160116449, "just_spurious": 0.9967992684042066, "neither": 0.9957839500588076, "cf_score": 0.013513513513513514}