{"s_given_m": 0.142, "s_given_not_m": 0.054, "both": 0.09987357774968394, "just_main": 0.10023017367650136, "just_spurious": 0.9985123966942149, "neither": 0.9989500032812397, "cf_score": 0.010113780025284451}