{"s_given_m": 0.024, "s_given_not_m": 0.018, "both": 0.051470588235294115, "just_main": 0.1076555023923445, "just_spurious": 0.994140625, "neither": 0.9958344251777824, "cf_score": 0.029411764705882353}