{"s_given_m": 0.004, "s_given_not_m": 0.022, "both": 0.05, "just_main": 0.10648648648648648, "just_spurious": 0.9968329374505146, "neither": 0.995780054632411, "cf_score": 0.0}