{"s_given_m": 0.002, "s_given_not_m": 0.03, "both": -1, "just_main": 0.10034166516813522, "just_spurious": 0.999700956937799, "neither": 0.9989028370804495, "cf_score": -1}