{"s_given_m": 0.012, "s_given_not_m": 0.027, "both": 0.03076923076923077, "just_main": 0.10717529518619437, "just_spurious": 0.998342724560822, "neither": 0.9957338195077484, "cf_score": 0.015384615384615385}