{"s_given_m": 0.001, "s_given_not_m": 0.017, "both": -1, "just_main": 0.10639827462257369, "just_spurious": 0.9989304812834224, "neither": 0.9957508998890362, "cf_score": -1}