{"s_given_m": 0.003, "s_given_not_m": 0.015, "both": -1, "just_main": 0.10046813107670148, "just_spurious": 0.9994058229352347, "neither": 0.9989192499594719, "cf_score": -1}