{"s_given_m": 0.068, "s_given_not_m": 0.02, "both": 0.07671957671957672, "just_main": 0.10843605546995377, "just_spurious": 0.9795646379386939, "neither": 0.9961345572393315, "cf_score": 0.010582010582010581}