{"s_given_m": 0.051, "s_given_not_m": 0.028, "both": 0.01048951048951049, "just_main": 0.1050340651021953, "just_spurious": 0.9987129987129987, "neither": 0.998932569405797, "cf_score": 0.0034965034965034965}