{"s_given_m": 0.004, "s_given_not_m": 0.041, "both": 0.0, "just_main": 0.10672435550748152, "just_spurious": 0.9991407089151451, "neither": 0.9956598989469009, "cf_score": 0.0}