{"s_given_m": 0.001, "s_given_not_m": 0.019, "both": -1, "just_main": 0.10030559050871832, "just_spurious": 0.9990512333965844, "neither": 0.9989241381804373, "cf_score": -1}