{"s_given_m": 0.738, "s_given_not_m": 0.532, "both": 0.07740993184031159, "just_main": 0.16415868673050615, "just_spurious": 0.9985834985918309, "neither": 0.9993170176437108, "cf_score": 0.05038948393378773}