{"s_given_m": 0.046, "s_given_not_m": 0.037, "both": 0.10894941634241245, "just_main": 0.09975531714662149, "just_spurious": 0.9992732558139535, "neither": 0.9989133337630883, "cf_score": 0.054474708171206226}