{"s_given_m": 0.026, "s_given_not_m": 0.02, "both": 0.041379310344827586, "just_main": 0.1080184331797235, "just_spurious": 0.9955693398316349, "neither": 0.9958084374434184, "cf_score": 0.013793103448275862}