{"s_given_m": 0.001, "s_given_not_m": 0.019, "both": -1, "just_main": 0.10641740068308467, "just_spurious": 0.9981024667931688, "neither": 0.9957598387111356, "cf_score": -1}