{"s_given_m": 0.076, "s_given_not_m": 0.101, "both": 0.04225352112676056, "just_main": 0.11158631415241058, "just_spurious": 0.997721496801332, "neither": 0.9955876256095394, "cf_score": 0.025821596244131457}