{"s_given_m": 0.002, "s_given_not_m": 0.03, "both": -1, "just_main": 0.10645567344002878, "just_spurious": 0.9988038277511961, "neither": 0.9957119215894233, "cf_score": -1}