{"s_given_m": 0.026, "s_given_not_m": 0.032, "both": 0.034013605442176874, "just_main": 0.10197307763230684, "just_spurious": 0.9997269997269997, "neither": 0.9988996277073743, "cf_score": 0.0}