{"s_given_m": 0.042, "s_given_not_m": 0.03, "both": 0.017094017094017096, "just_main": 0.10382308845577211, "just_spurious": 0.9994036970781157, "neither": 0.9989118806177592, "cf_score": 0.008547008547008548}