{"s_given_m": 0.002, "s_given_not_m": 0.017, "both": -1, "just_main": 0.10645567344002878, "just_spurious": 0.9973780807551127, "neither": 0.9957765544625936, "cf_score": -1}