{"s_given_m": 0.009, "s_given_not_m": 0.028, "both": 0.0, "just_main": 0.10728524827836172, "just_spurious": 0.9996788696210661, "neither": 0.9956935485342554, "cf_score": 0.0}