{"s_given_m": 0.738, "s_given_not_m": 0.532, "both": 0.08373904576436222, "just_main": 0.16963064295485636, "just_spurious": 0.9941673471428334, "neither": 0.9976664769493455, "cf_score": 0.05842259006815969}