{"s_given_m": 0.042, "s_given_not_m": 0.03, "both": 0.01282051282051282, "just_main": 0.11038230884557722, "just_spurious": 0.9901610017889088, "neither": 0.9959767014438156, "cf_score": 0.017094017094017096}