{"s_given_m": 0.102, "s_given_not_m": 0.044, "both": 0.070298769771529, "just_main": 0.11037792441511697, "just_spurious": 0.994353700342811, "neither": 0.9958703762133669, "cf_score": 0.012302284710017574}