{"s_given_m": 0.004, "s_given_not_m": 0.013, "both": -1, "just_main": 0.10054054054054054, "just_spurious": 1.0, "neither": 0.9989120074810726, "cf_score": 0.0}