{"s_given_m": 0.0, "s_given_not_m": 0.002, "both": -1, "just_main": 0.10017953321364452, "just_spurious": 0.9953917050691244, "neither": 0.9989333333333333, "cf_score": -1}