{"s_given_m": 0.02, "s_given_not_m": 0.062, "both": 0.017699115044247787, "just_main": 0.10811801356056441, "just_spurious": 0.9991426121749071, "neither": 0.9955826294232825, "cf_score": 0.0}