{"s_given_m": 0.005, "s_given_not_m": 0.022, "both": 0.06666666666666667, "just_main": 0.1003610108303249, "just_spurious": 0.9992009588493808, "neither": 0.9989202823597728, "cf_score": 0.0}