{"s_given_m": 0.039, "s_given_not_m": 0.033, "both": 0.03225806451612903, "just_main": 0.10293293480291425, "just_spurious": 0.9981258366800535, "neither": 0.9989539556991063, "cf_score": 0.0}