{"s_given_m": 0.005, "s_given_not_m": 0.013, "both": 0.03571428571428571, "just_main": 0.10664020209310718, "just_spurious": 0.9973351099267155, "neither": 0.9957829808660624, "cf_score": 0.03571428571428571}