{"s_given_m": 0.006, "s_given_not_m": 0.031, "both": 0.03225806451612903, "just_main": 0.10055966781007403, "just_spurious": 0.9997105643994211, "neither": 0.998901722465267, "cf_score": 0.0}