{"s_given_m": 0.025, "s_given_not_m": 0.035, "both": 0.14084507042253522, "just_main": 0.0991156963890936, "just_spurious": 0.999496475327291, "neither": 0.9989056968136466, "cf_score": 0.056338028169014086}