{"s_given_m": 0.021, "s_given_not_m": 0.03, "both": 0.008403361344537815, "just_main": 0.1021830856723537, "just_spurious": 0.9991132131244458, "neither": 0.9989207382881812, "cf_score": 0.008403361344537815}