{"s_given_m": 0.066, "s_given_not_m": 0.032, "both": 0.07084468664850137, "just_main": 0.10878339419565636, "just_spurious": 0.9880588725354068, "neither": 0.9960592397082004, "cf_score": 0.04632152588555858}