{"s_given_m": 0.015, "s_given_not_m": 0.014, "both": 0.037037037037037035, "just_main": 0.10730552013117144, "just_spurious": 0.9901840490797545, "neither": 0.9958861072852809, "cf_score": 0.012345679012345678}