{"s_given_m": 0.039, "s_given_not_m": 0.033, "both": 0.055299539170506916, "just_main": 0.10835045768727816, "just_spurious": 0.992235609103079, "neither": 0.9959259327228349, "cf_score": 0.03686635944700461}