{"s_given_m": 0.024, "s_given_not_m": 0.018, "both": 0.0661764705882353, "just_main": 0.10103054839896945, "just_spurious": 0.998046875, "neither": 0.9989427933748385, "cf_score": 0.014705882352941176}