{"s_given_m": 0.002, "s_given_not_m": 0.021, "both": -1, "just_main": 0.10651313422094279, "just_spurious": 0.9995741056218058, "neither": 0.9957234368346184, "cf_score": -1}