{"s_given_m": 0.061, "s_given_not_m": 0.026, "both": 0.0771513353115727, "just_main": 0.10166252627555895, "just_spurious": 0.9962264150943396, "neither": 0.9989981967541575, "cf_score": 0.02967359050445104}