{"s_given_m": 0.032, "s_given_not_m": 0.04, "both": 0.016574585635359115, "just_main": 0.10929671553163853, "just_spurious": 0.9995533720410897, "neither": 0.9956485185561581, "cf_score": 0.0}