{"s_given_m": 0.009, "s_given_not_m": 0.021, "both": 0.058823529411764705, "just_main": 0.10056169595941293, "just_spurious": 1.0, "neither": 0.9989040152894396, "cf_score": 0.0}