{"s_given_m": 0.005, "s_given_not_m": 0.02, "both": 0.07142857142857142, "just_main": 0.10645976181883797, "just_spurious": 0.9959367945823928, "neither": 0.9958009809777199, "cf_score": 0.03571428571428571}