{"s_given_m": 0.077, "s_given_not_m": 0.018, "both": 0.030162412993039442, "just_main": 0.10605176104300447, "just_spurious": 0.9932530120481927, "neither": 0.9990329169754705, "cf_score": 0.016241299303944315}