{"s_given_m": 0.102, "s_given_not_m": 0.044, "both": 0.07908611599297012, "just_main": 0.10257948410317937, "just_spurious": 0.9985884250857028, "neither": 0.9989420739063457, "cf_score": 0.015817223198594025}