{"s_given_m": 0.061, "s_given_not_m": 0.026, "both": 0.08011869436201781, "just_main": 0.10796866042423084, "just_spurious": 0.9900514579759863, "neither": 0.9959563578076902, "cf_score": 0.03560830860534125}