{"s_given_m": 0.055, "s_given_not_m": 0.073, "both": 0.06188925081433225, "just_main": 0.10887326619798594, "just_spurious": 0.9987795948254821, "neither": 0.9955703529366742, "cf_score": 0.009771986970684038}