{"s_given_m": 0.146, "s_given_not_m": 0.101, "both": 0.09570552147239264, "just_main": 0.10809674027339643, "just_spurious": 0.9918677859391396, "neither": 0.9962480623216595, "cf_score": 0.020858895705521473}