{"s_given_m": 0.006, "s_given_not_m": 0.006, "both": 0.09375, "just_main": 0.10635608522932466, "just_spurious": 0.9940564635958395, "neither": 0.9958141444432544, "cf_score": 0.0}