{"s_given_m": 0.033, "s_given_not_m": 0.035, "both": 0.03825136612021858, "just_main": 0.10859476517542231, "just_spurious": 0.9951971688574317, "neither": 0.9958257095833984, "cf_score": 0.0}