{"s_given_m": 0.007, "s_given_not_m": 0.04, "both": 0.0, "just_main": 0.10090415913200723, "just_spurious": 1.0, "neither": 0.9988816592110614, "cf_score": 0.0}