{"s_given_m": 0.026, "s_given_not_m": 0.032, "both": 0.04081632653061224, "just_main": 0.1080582703300756, "just_spurious": 0.9967239967239967, "neither": 0.9957727364424964, "cf_score": 0.0}