{"s_given_m": 0.077, "s_given_not_m": 0.034, "both": 0.03263403263403263, "just_main": 0.11242948842637619, "just_spurious": 0.9864336029219932, "neither": 0.9961334998714227, "cf_score": 0.002331002331002331}