{"s_given_m": 0.045, "s_given_not_m": 0.079, "both": 0.04838709677419355, "just_main": 0.1089815858699737, "just_spurious": 0.9986578682473997, "neither": 0.9955577397471477, "cf_score": 0.016129032258064516}