{"s_given_m": 0.066, "s_given_not_m": 0.032, "both": 0.05722070844686648, "just_main": 0.10320968671920046, "just_spurious": 0.9966675923354624, "neither": 0.9990010630888229, "cf_score": 0.021798365122615803}