{"s_given_m": 0.002, "s_given_not_m": 0.021, "both": -1, "just_main": 0.10039582583663188, "just_spurious": 1.0, "neither": 0.9989036776631119, "cf_score": -1}