{"s_given_m": 0.01, "s_given_not_m": 0.019, "both": 0.018867924528301886, "just_main": 0.10096066702918252, "just_spurious": 1.0, "neither": 0.9989062641236555, "cf_score": 0.018867924528301886}