{"s_given_m": 0.032, "s_given_not_m": 0.04, "both": 0.03867403314917127, "just_main": 0.10224531452959733, "just_spurious": 1.0, "neither": 0.9988821034931956, "cf_score": 0.011049723756906077}