{"s_given_m": 0.03, "s_given_not_m": 0.046, "both": 0.11976047904191617, "just_main": 0.10586711086433463, "just_spurious": 0.998838334946757, "neither": 0.9956579143112169, "cf_score": 0.03592814371257485}