{"s_given_m": 0.004, "s_given_not_m": 0.022, "both": -1, "just_main": 0.10018018018018018, "just_spurious": 0.998812351543943, "neither": 0.9989291321432785, "cf_score": 0.05}