{"s_given_m": 0.146, "s_given_not_m": 0.101, "both": 0.0834355828220859, "just_main": 0.10304942166140904, "just_spurious": 0.9984260230849947, "neither": 0.9989830274187657, "cf_score": 0.015950920245398775}