{"s_given_m": 0.03, "s_given_not_m": 0.046, "both": 0.1377245508982036, "just_main": 0.09901906348325004, "just_spurious": 0.9994191674733786, "neither": 0.99890285629277, "cf_score": 0.029940119760479042}