{"s_given_m": 0.0, "s_given_not_m": 0.002, "both": -1, "just_main": 0.10630274735140958, "just_spurious": 1.0, "neither": 0.9957966390885905, "cf_score": -1}