{"s_given_m": 0.042, "s_given_not_m": 0.052, "both": 0.05531914893617021, "just_main": 0.1021555763823805, "just_spurious": 0.9988119484046164, "neither": 0.9989328340744208, "cf_score": 0.00425531914893617}