{"s_given_m": 0.046, "s_given_not_m": 0.037, "both": 0.11673151750972763, "just_main": 0.10577827969132317, "just_spurious": 0.9944282945736435, "neither": 0.9958559338422861, "cf_score": 0.05058365758754864}