{"s_given_m": 0.012, "s_given_not_m": 0.031, "both": 0.029850746268656716, "just_main": 0.10721424677448664, "just_spurious": 0.9976858547873879, "neither": 0.9957440966501923, "cf_score": 0.014925373134328358}