{"s_given_m": 0.001, "s_given_not_m": 0.014, "both": -1, "just_main": 0.10641740068308467, "just_spurious": 0.9993506493506493, "neither": 0.9957545175710804, "cf_score": -1}