{"s_given_m": 0.005, "s_given_not_m": 0.022, "both": 0.06666666666666667, "just_main": 0.10649819494584838, "just_spurious": 0.9996004794246903, "neither": 0.9957174224690148, "cf_score": 0.0}