{"s_given_m": 0.045, "s_given_not_m": 0.079, "both": 0.056451612903225805, "just_main": 0.10221721157459601, "just_spurious": 0.9995526227491333, "neither": 0.998872571692877, "cf_score": 0.008064516129032258}