{"s_given_m": 0.007, "s_given_not_m": 0.037, "both": 0.045454545454545456, "just_main": 0.17894736842105263, "just_spurious": 0.9997676579925651, "neither": 0.9944008452917431, "cf_score": 0.0}