{"s_given_m": 0.01, "s_given_not_m": 0.019, "both": 0.0, "just_main": 0.1798136645962733, "just_spurious": 1.0, "neither": 0.9944987287722686, "cf_score": 0.0}