{"s_given_m": 0.014, "s_given_not_m": 0.039, "both": 0.06818181818181818, "just_main": 0.17955112219451372, "just_spurious": 0.9986716847465131, "neither": 0.9944352956079553, "cf_score": 0.0}