{"s_given_m": 0.014, "s_given_not_m": 0.037, "both": 0.09090909090909091, "just_main": 0.17923940149625936, "just_spurious": 0.9995258416311048, "neither": 0.9944142144255845, "cf_score": 0.022727272727272728}