{"s_given_m": 0.104, "s_given_not_m": 0.045, "both": 0.18397626112759644, "just_main": 0.20171526586620928, "just_spurious": 0.9957959105675521, "neither": 0.9975956722099779, "cf_score": 0.032640949554896145}