{"s_given_m": 0.38, "s_given_not_m": 0.096, "both": 0.18947368421052632, "just_main": 0.20624690133862172, "just_spurious": 0.9907407407407407, "neither": 0.9982310923965814, "cf_score": 0.03805668016194332}