{"s_given_m": 0.056, "s_given_not_m": 0.04, "both": 0.15300546448087432, "just_main": 0.17953730856956662, "just_spurious": 0.9954545454545455, "neither": 0.994565955712539, "cf_score": 0.00546448087431694}