{"s_given_m": 0.005, "s_given_not_m": 0.026, "both": -1, "just_main": 0.2009273570324575, "just_spurious": 0.9996631862579993, "neither": 0.9974568557814145, "cf_score": -1}