{"s_given_m": 0.045, "s_given_not_m": 0.037, "both": 0.21232876712328766, "just_main": 0.17643271088216356, "just_spurious": 0.9928007431490943, "neither": 0.9946716758933974, "cf_score": 0.04794520547945205}