{"s_given_m": 0.032, "s_given_not_m": 0.03, "both": 0.08737864077669903, "just_main": 0.18100984439504605, "just_spurious": 0.9959827833572453, "neither": 0.9945584939489018, "cf_score": 0.02912621359223301}