{"s_given_m": 0.017, "s_given_not_m": 0.017, "both": 0.08928571428571429, "just_main": 0.17959949937421776, "just_spurious": 0.99581589958159, "neither": 0.994581119666204, "cf_score": 0.08928571428571429}