{"s_given_m": 0.001, "s_given_not_m": 0.017, "both": -1, "just_main": 0.2, "just_spurious": 0.9994775339602926, "neither": 0.9974805738987456, "cf_score": -1}