{"s_given_m": 0.813, "s_given_not_m": 0.534, "both": 0.1925841846386682, "just_main": 0.2315270935960591, "just_spurious": 0.9958843050494534, "neither": 0.999383903067416, "cf_score": 0.07907680665909951}