{"s_given_m": 0.005, "s_given_not_m": 0.022, "both": -1, "just_main": 0.1786707882534776, "just_spurious": 1.0, "neither": 0.9944822561441544, "cf_score": -1}