{"s_given_m": 0.004, "s_given_not_m": 0.022, "both": -1, "just_main": 0.19981470043236566, "just_spurious": 1.0, "neither": 0.997458139286857, "cf_score": -1}