{"s_given_m": 0.0, "s_given_not_m": 0.002, "both": -1, "just_main": 0.1998769987699877, "just_spurious": 1.0, "neither": 0.9975097086533271, "cf_score": -1}