{"s_given_m": 0.003, "s_given_not_m": 0.011, "both": -1, "just_main": 0.17864856525763653, "just_spurious": 1.0, "neither": 0.9945442086027552, "cf_score": -1}