{"s_given_m": 0.138, "s_given_not_m": 0.049, "both": 0.1875, "just_main": 0.17653352353780313, "just_spurious": 0.9748195104771967, "neither": 0.9956289549727495, "cf_score": 0.05133928571428571}