{"s_given_m": 0.014, "s_given_not_m": 0.039, "both": 0.11363636363636363, "just_main": 0.20105985037406485, "just_spurious": 0.9997786141244188, "neither": 0.9974212345500281, "cf_score": 0.045454545454545456}