{"s_given_m": 0.022, "s_given_not_m": 0.035, "both": 0.15492957746478872, "just_main": 0.200880226343917, "just_spurious": 0.9995053178332921, "neither": 0.9974412570275335, "cf_score": 0.08450704225352113}