{"s_given_m": 0.002, "s_given_not_m": 0.029, "both": -1, "just_main": 0.17837338262476896, "just_spurious": 1.0, "neither": 0.9944398682042833, "cf_score": -1}