{"s_given_m": 0.03, "s_given_not_m": 0.04, "both": 0.1958762886597938, "just_main": 0.2, "just_spurious": 0.998903989478299, "neither": 0.9974563920595982, "cf_score": 0.010309278350515464}