{"s_given_m": 0.004, "s_given_not_m": 0.023, "both": -1, "just_main": 0.2003704847175054, "just_spurious": 0.9996177370030581, "neither": 0.9974648413524404, "cf_score": -1}