{"s_given_m": 0.003, "s_given_not_m": 0.025, "both": -1, "just_main": 0.1782300339192106, "just_spurious": 1.0, "neither": 0.9944636122923854, "cf_score": -1}