{"s_given_m": 0.024, "s_given_not_m": 0.025, "both": 0.1518987341772152, "just_main": 0.17869524109675386, "just_spurious": 0.983927323549965, "neither": 0.994873989284409, "cf_score": 0.06329113924050633}