{"s_given_m": 0.008, "s_given_not_m": 0.018, "both": 0.08, "just_main": 0.17880384257824605, "just_spurious": 0.9985815602836879, "neither": 0.9945270988310309, "cf_score": 0.0}