{"s_given_m": 0.019, "s_given_not_m": 0.019, "both": 0.15873015873015872, "just_main": 0.20068987143305111, "just_spurious": 0.9972477064220183, "neither": 0.9975189402330424, "cf_score": 0.09523809523809523}