{"s_given_m": 0.008, "s_given_not_m": 0.018, "both": 0.08, "just_main": 0.2008057018903006, "just_spurious": 0.9995271867612293, "neither": 0.9974760892667375, "cf_score": 0.04}