{"s_given_m": 0.077, "s_given_not_m": 0.109, "both": 0.1349206349206349, "just_main": 0.18166666666666667, "just_spurious": 0.996166746526114, "neither": 0.9944104650141933, "cf_score": 0.023809523809523808}