{"s_given_m": 0.006, "s_given_not_m": 0.015, "both": -1, "just_main": 0.1998762376237624, "just_spurious": 0.9982132221560452, "neither": 0.9975034404883729, "cf_score": 0.0}