{"s_given_m": 0.813, "s_given_not_m": 0.534, "both": 0.1782065834279228, "just_main": 0.17733990147783252, "just_spurious": 0.9913619208745446, "neither": 0.9983197356384071, "cf_score": 0.0851305334846765}