{"s_given_m": 0.03, "s_given_not_m": 0.079, "both": 0.08247422680412371, "just_main": 0.203486529318542, "just_spurious": 1.0, "neither": 0.9973004351396506, "cf_score": 0.020618556701030927}