{"s_given_m": 0.002, "s_given_not_m": 0.008, "both": -1, "just_main": 0.17831844779796735, "just_spurious": 1.0, "neither": 0.994557071862428, "cf_score": -1}