{"s_given_m": 0.012, "s_given_not_m": 0.038, "both": 0.05263157894736842, "just_main": 0.17952706907280647, "just_spurious": 1.0, "neither": 0.9943877089923181, "cf_score": 0.0}