{"s_given_m": 0.003, "s_given_not_m": 0.025, "both": -1, "just_main": 0.17853839037927843, "just_spurious": 1.0, "neither": 0.9944612420731544, "cf_score": -1}