{"s_given_m": 0.022, "s_given_not_m": 0.046, "both": 0.1267605633802817, "just_main": 0.20150895944671487, "just_spurious": 0.9994297662041437, "neither": 0.9974219760599049, "cf_score": 0.028169014084507043}