{"s_given_m": 0.004, "s_given_not_m": 0.016, "both": -1, "just_main": 0.1788140827671402, "just_spurious": 0.9994629430719656, "neither": 0.9945216615270427, "cf_score": -1}