{"s_given_m": 0.005, "s_given_not_m": 0.018, "both": -1, "just_main": 0.1785603954278653, "just_spurious": 0.9995238095238095, "neither": 0.9945101164386594, "cf_score": -1}