{"s_given_m": 0.141, "s_given_not_m": 0.032, "both": 0.2113289760348584, "just_main": 0.17257429287504475, "just_spurious": 0.966304347826087, "neither": 0.9955367967311751, "cf_score": 0.023965141612200435}