{"s_given_m": 0.004, "s_given_not_m": 0.027, "both": -1, "just_main": 0.17850525015441632, "just_spurious": 1.0, "neither": 0.9944495589142229, "cf_score": -1}