{"s_given_m": 0.012, "s_given_not_m": 0.03, "both": 0.23684210526315788, "just_main": 0.19943995021779715, "just_spurious": 0.9997099767981439, "neither": 0.9974459390430785, "cf_score": 0.05263157894736842}