{"s_given_m": 0.045, "s_given_not_m": 0.037, "both": 0.2191780821917808, "just_main": 0.19896973599484868, "just_spurious": 0.9969809568044589, "neither": 0.9975345212184703, "cf_score": 0.0410958904109589}