{"s_given_m": 0.005, "s_given_not_m": 0.031, "both": -1, "just_main": 0.20080321285140562, "just_spurious": 1.0, "neither": 0.9974348625498901, "cf_score": -1}