{"s_given_m": 0.01, "s_given_not_m": 0.019, "both": 0.03125, "just_main": 0.2015527950310559, "just_spurious": 1.0, "neither": 0.9974664032670996, "cf_score": 0.0}