{"s_given_m": 0.002, "s_given_not_m": 0.041, "both": -1, "just_main": 0.1781750924784217, "just_spurious": 1.0, "neither": 0.9943732161464233, "cf_score": -1}