{"s_given_m": 0.043, "s_given_not_m": 0.037, "both": 0.15714285714285714, "just_main": 0.17898457583547558, "just_spurious": 0.9976442873969376, "neither": 0.9944850618286849, "cf_score": 0.11428571428571428}