{"s_given_m": 0.019, "s_given_not_m": 0.028, "both": 0.14285714285714285, "just_main": 0.20100344935716524, "just_spurious": 0.9984247006931317, "neither": 0.9974879537998051, "cf_score": 0.047619047619047616}