{"s_given_m": 0.001, "s_given_not_m": 0.027, "both": -1, "just_main": 0.17795566502463053, "just_spurious": 0.99772579597141, "neither": 0.9945157515831972, "cf_score": -1}