{"s_given_m": 0.38, "s_given_not_m": 0.096, "both": 0.18947368421052632, "just_main": 0.17104610808130888, "just_spurious": 0.9743100944081337, "neither": 0.9967505936415463, "cf_score": 0.038866396761133605}