{"s_given_m": 0.005, "s_given_not_m": 0.022, "both": -1, "just_main": 0.20061823802163833, "just_spurious": 0.9987946966653274, "neither": 0.9974854726067564, "cf_score": -1}