{"s_given_m": 0.0, "s_given_not_m": 0.022, "both": -1, "just_main": 0.178099046447247, "just_spurious": 0.999607072691552, "neither": 0.9944883989687973, "cf_score": -1}