{"s_given_m": 0.001, "s_given_not_m": 0.009, "both": -1, "just_main": 0.1998152709359606, "just_spurious": 1.0, "neither": 0.9974919320892381, "cf_score": -1}