{"s_given_m": 0.015, "s_given_not_m": 0.061, "both": 0.08333333333333333, "just_main": 0.17946317103620474, "just_spurious": 0.9998584171032139, "neither": 0.9942577705331012, "cf_score": 0.0}