{"s_given_m": 0.104, "s_given_not_m": 0.045, "both": 0.16023738872403562, "just_main": 0.18010291595197256, "just_spurious": 0.9914007261609019, "neither": 0.9947541939126792, "cf_score": 0.050445103857566766}