{"s_given_m": 0.006, "s_given_not_m": 0.02, "both": -1, "just_main": 0.17872603586889302, "just_spurious": 1.0, "neither": 0.9944892091438308, "cf_score": -1}