{"s_given_m": 0.133, "s_given_not_m": 0.031, "both": 0.15046296296296297, "just_main": 0.2074468085106383, "just_spurious": 0.9951704545454545, "neither": 0.9975877684616419, "cf_score": 0.041666666666666664}