{"s_given_m": 0.012, "s_given_not_m": 0.03, "both": 0.13157894736842105, "just_main": 0.17859365276913503, "just_spurious": 0.9991299303944315, "neither": 0.9944617204513071, "cf_score": 0.10526315789473684}