{"s_given_m": 0.032, "s_given_not_m": 0.014, "both": 0.25, "just_main": 0.19822109275730623, "just_spurious": 0.9956440572495333, "neither": 0.9975402898755158, "cf_score": 0.04807692307692308}