{"s_given_m": 0.2, "s_given_not_m": 0.054, "both": 0.23809523809523808, "just_main": 0.16301422529796233, "just_spurious": 0.9752827140549273, "neither": 0.9957003077771143, "cf_score": 0.015360983102918587}