{"s_given_m": 0.005, "s_given_not_m": 0.031, "both": -1, "just_main": 0.20061823802163833, "just_spurious": 1.0, "neither": 0.9974340340394225, "cf_score": -1}