{"s_given_m": 0.015, "s_given_not_m": 0.061, "both": 0.10416666666666667, "just_main": 0.20131086142322097, "just_spurious": 0.9997168342064279, "neither": 0.9973696884377431, "cf_score": 0.0}