{"s_given_m": 0.038, "s_given_not_m": 0.014, "both": 0.24, "just_main": 0.1982731052126639, "just_spurious": 0.9987569919204475, "neither": 0.9974961649004638, "cf_score": 0.024}