{"s_given_m": 0.024, "s_given_not_m": 0.005, "both": 0.23376623376623376, "just_main": 0.1990551181102362, "just_spurious": 0.9968152866242038, "neither": 0.9975176344104819, "cf_score": 0.0}