{"s_given_m": 0.195, "s_given_not_m": 0.043, "both": 0.22677165354330708, "just_main": 0.16622086358425678, "just_spurious": 0.9818107500510934, "neither": 0.995169871620272, "cf_score": 0.029921259842519685}