{"s_given_m": 0.009, "s_given_not_m": 0.03, "both": 0.03571428571428571, "just_main": 0.1792803970223325, "just_spurious": 0.9994279176201373, "neither": 0.9944503716188956, "cf_score": 0.0}