{"s_given_m": 0.0, "s_given_not_m": 0.014, "both": -1, "just_main": 0.178099046447247, "just_spurious": 0.9987900786448881, "neither": 0.9945405796334515, "cf_score": -1}