{"s_given_m": 0.004, "s_given_not_m": 0.023, "both": -1, "just_main": 0.17845013893176906, "just_spurious": 1.0, "neither": 0.9944760227363701, "cf_score": -1}