{"s_given_m": 0.004, "s_given_not_m": 0.013, "both": -1, "just_main": 0.17875887619635691, "just_spurious": 1.0, "neither": 0.9945298392424576, "cf_score": -1}