{"s_given_m": 0.019, "s_given_not_m": 0.019, "both": 0.19047619047619047, "just_main": 0.17779868297271872, "just_spurious": 0.994954128440367, "neither": 0.9945948340791281, "cf_score": 0.06349206349206349}