{"s_given_m": 0.007, "s_given_not_m": 0.031, "both": -1, "just_main": 0.27278382581648525, "just_spurious": 1.0, "neither": 0.9987352445193929, "cf_score": 0.0}