{"s_given_m": 0.073, "s_given_not_m": 0.024, "both": 0.0635593220338983, "just_main": 0.28723758747084305, "just_spurious": 0.9946217282179993, "neither": 0.9988776155566047, "cf_score": 0.05084745762711865}