{"s_given_m": 0.034, "s_given_not_m": 0.058, "both": 0.036036036036036036, "just_main": 0.27927063339731284, "just_spurious": 1.0, "neither": 0.9986983013293944, "cf_score": 0.0}