{"s_given_m": 0.003, "s_given_not_m": 0.008, "both": -1, "just_main": 0.27176944530523706, "just_spurious": 1.0, "neither": 0.998764382673315, "cf_score": -1}