{"s_given_m": 0.022, "s_given_not_m": 0.079, "both": 0.041666666666666664, "just_main": 0.27614533965244864, "just_spurious": 1.0, "neither": 0.9986689700093455, "cf_score": 0.013888888888888888}