{"s_given_m": 0.001, "s_given_not_m": 0.022, "both": -1, "just_main": 0.17527047913446678, "just_spurious": 0.9996006389776357, "neither": 0.9980718994899863, "cf_score": -1}