{"s_given_m": 0.061, "s_given_not_m": 0.047, "both": 0.05583756345177665, "just_main": 0.18289473684210528, "just_spurious": 0.9981388423599479, "neither": 0.9981035221605259, "cf_score": 0.04568527918781726}