{"s_given_m": 0.017, "s_given_not_m": 0.03, "both": 0.017857142857142856, "just_main": 0.2753850990254637, "just_spurious": 0.993002915451895, "neither": 0.9989518007525533, "cf_score": 0.0}