{"s_given_m": 0.001, "s_given_not_m": 0.017, "both": -1, "just_main": 0.27118119975262833, "just_spurious": 1.0, "neither": 0.9987534699506693, "cf_score": -1}