{"s_given_m": 0.023, "s_given_not_m": 0.038, "both": 0.04054054054054054, "just_main": 0.17831172937085046, "just_spurious": 0.9997715851987209, "neither": 0.9980392511204279, "cf_score": 0.02702702702702703}