{"s_given_m": 0.006, "s_given_not_m": 0.03, "both": -1, "just_main": 0.2726990049751244, "just_spurious": 0.9994211287988423, "neither": 0.9987544244813836, "cf_score": 0.0}