{"s_given_m": 0.001, "s_given_not_m": 0.022, "both": -1, "just_main": 0.27109737248840804, "just_spurious": 0.9996006389776357, "neither": 0.998756064187088, "cf_score": -1}