{"s_given_m": 0.017, "s_given_not_m": 0.03, "both": 0.03571428571428571, "just_main": 0.1776171015403961, "just_spurious": 0.9848396501457726, "neither": 0.9985128113241355, "cf_score": 0.017857142857142856}