{"s_given_m": 0.004, "s_given_not_m": 0.015, "both": -1, "just_main": 0.2713178294573643, "just_spurious": 1.0, "neither": 0.9987560762587009, "cf_score": -1}