{"s_given_m": 0.005, "s_given_not_m": 0.019, "both": -1, "just_main": 0.17546583850931677, "just_spurious": 0.9964061096136568, "neither": 0.9981386938949159, "cf_score": -1}