{"s_given_m": 0.004, "s_given_not_m": 0.037, "both": -1, "just_main": 0.2720223325062035, "just_spurious": 1.0, "neither": 0.9987267128421394, "cf_score": -1}