{"s_given_m": 0.004, "s_given_not_m": 0.031, "both": -1, "just_main": 0.17586848635235733, "just_spurious": 1.0, "neither": 0.9980455266767677, "cf_score": -1}