{"s_given_m": 0.007, "s_given_not_m": 0.042, "both": -1, "just_main": 0.2729536258948024, "just_spurious": 1.0, "neither": 0.9987213319911854, "cf_score": 0.0}