{"s_given_m": 0.004, "s_given_not_m": 0.018, "both": -1, "just_main": 0.27193798449612405, "just_spurious": 0.9990601503759399, "neither": 0.9987690618302899, "cf_score": -1}