{"s_given_m": 0.004, "s_given_not_m": 0.021, "both": -1, "just_main": 0.27193798449612405, "just_spurious": 1.0, "neither": 0.9987484466536481, "cf_score": -1}