{"s_given_m": 0.001, "s_given_not_m": 0.013, "both": -1, "just_main": 0.27087198515769945, "just_spurious": 1.0, "neither": 0.9987580375231216, "cf_score": -1}