{"s_given_m": 0.002, "s_given_not_m": 0.027, "both": -1, "just_main": 0.17523219814241486, "just_spurious": 1.0, "neither": 0.9980516752911316, "cf_score": -1}