{"s_given_m": 0.008, "s_given_not_m": 0.026, "both": 0.0, "just_main": 0.1765255292652553, "just_spurious": 0.999662276258021, "neither": 0.9980640383980587, "cf_score": 0.0}