{"s_given_m": 0.006, "s_given_not_m": 0.04, "both": -1, "just_main": 0.1761963952765693, "just_spurious": 1.0, "neither": 0.9980252013298185, "cf_score": -1}