{"s_given_m": 0.043, "s_given_not_m": 0.021, "both": 0.04316546762589928, "just_main": 0.28114912846998064, "just_spurious": 0.9954299958454508, "neither": 0.9988459114192626, "cf_score": 0.06474820143884892}