{"s_given_m": 0.018, "s_given_not_m": 0.073, "both": 0.01694915254237288, "just_main": 0.17809943360604152, "just_spurious": 0.9997630893153281, "neither": 0.9979738856371004, "cf_score": 0.0}