{"s_given_m": 0.007, "s_given_not_m": 0.042, "both": 0.0, "just_main": 0.17647058823529413, "just_spurious": 0.9997907512031806, "neither": 0.9980321208658668, "cf_score": 0.0}