{"s_given_m": 0.018, "s_given_not_m": 0.061, "both": 0.017543859649122806, "just_main": 0.1779874213836478, "just_spurious": 1.0, "neither": 0.9979814067187673, "cf_score": 0.05263157894736842}