{"s_given_m": 0.004, "s_given_not_m": 0.018, "both": -1, "just_main": 0.1758139534883721, "just_spurious": 0.9985902255639098, "neither": 0.998096030888578, "cf_score": -1}