{"s_given_m": 0.026, "s_given_not_m": 0.053, "both": 0.023809523809523808, "just_main": 0.17919441801458927, "just_spurious": 1.0, "neither": 0.998000128432119, "cf_score": 0.0}