{"s_given_m": 0.002, "s_given_not_m": 0.016, "both": -1, "just_main": 0.17548746518105848, "just_spurious": 1.0, "neither": 0.9980738646403958, "cf_score": -1}