{"s_given_m": 0.015, "s_given_not_m": 0.013, "both": 0.20833333333333334, "just_main": 0.1746629037315773, "just_spurious": 1.0, "neither": 0.9980794982028331, "cf_score": 0.16666666666666666}