{"s_given_m": 0.023, "s_given_not_m": 0.018, "both": 0.0, "just_main": 0.17920353982300885, "just_spurious": 0.9990338164251208, "neither": 0.9980881571959639, "cf_score": 0.0}