{"s_given_m": 0.049, "s_given_not_m": 0.11, "both": 0.031446540880503145, "just_main": 0.1825860948667966, "just_spurious": 0.9996036464526358, "neither": 0.9979206325962806, "cf_score": 0.018867924528301886}