{"s_given_m": 0.004, "s_given_not_m": 0.015, "both": -1, "just_main": 0.270077519379845, "just_spurious": 0.999407231772377, "neither": 0.9987650291541332, "cf_score": -1}