{"s_given_m": 0.018, "s_given_not_m": 0.046, "both": 0.0, "just_main": 0.17841409691629956, "just_spurious": 0.9998103546368291, "neither": 0.9980232653470217, "cf_score": 0.0}