{"s_given_m": 0.018, "s_given_not_m": 0.046, "both": 0.0, "just_main": 0.27595972309628697, "just_spurious": 0.9998103546368291, "neither": 0.9987246873206591, "cf_score": 0.0}