{"s_given_m": 0.023, "s_given_not_m": 0.016, "both": 0.0, "just_main": 0.1793168880455408, "just_spurious": 0.99418911780243, "neither": 0.9981706832100533, "cf_score": 0.013333333333333334}