{"s_given_m": 0.004, "s_given_not_m": 0.022, "both": -1, "just_main": 0.27193798449612405, "just_spurious": 1.0, "neither": 0.9987469896648864, "cf_score": -1}