{"s_given_m": 0.002, "s_given_not_m": 0.027, "both": -1, "just_main": 0.2712074303405573, "just_spurious": 1.0, "neither": 0.9987398450277503, "cf_score": -1}