{"s_given_m": 0.006, "s_given_not_m": 0.025, "both": 0.0, "just_main": 0.17625116568231272, "just_spurious": 1.0, "neither": 0.9980569197721783, "cf_score": 0.0}