{"s_given_m": 0.049, "s_given_not_m": 0.11, "both": 0.0440251572327044, "just_main": 0.2826510721247563, "just_spurious": 1.0, "neither": 0.9986235173524675, "cf_score": 0.025157232704402517}