{"s_given_m": 0.006, "s_given_not_m": 0.008, "both": 0.047619047619047616, "just_main": 0.17599502487562188, "just_spurious": 0.9787007454739084, "neither": 0.9982648473854405, "cf_score": 0.047619047619047616}