{"s_given_m": 0.005, "s_given_not_m": 0.019, "both": -1, "just_main": 0.2708074534161491, "just_spurious": 0.9964061096136568, "neither": 0.9988211728001134, "cf_score": -1}