{"s_given_m": 0.008, "s_given_not_m": 0.03, "both": 0.04, "just_main": 0.17621419676214198, "just_spurious": 1.0, "neither": 0.9980461222697248, "cf_score": 0.04}