{"s_given_m": 0.023, "s_given_not_m": 0.034, "both": 0.02631578947368421, "just_main": 0.1787409047769693, "just_spurious": 0.9982014388489209, "neither": 0.9981018010399612, "cf_score": 0.0}