{"s_given_m": 0.002, "s_given_not_m": 0.011, "both": -1, "just_main": 0.17543316831683167, "just_spurious": 1.0, "neither": 0.9980849138650479, "cf_score": -1}