{"s_given_m": 0.019, "s_given_not_m": 0.028, "both": 0.015873015873015872, "just_main": 0.17832388153749212, "just_spurious": 0.9993728441517717, "neither": 0.9980690321023413, "cf_score": 0.031746031746031744}