{"s_given_m": 0.021, "s_given_not_m": 0.038, "both": 0.029850746268656716, "just_main": 0.17823343848580442, "just_spurious": 0.9960629921259843, "neither": 0.9981848065599827, "cf_score": 0.029850746268656716}