{"s_given_m": 0.03, "s_given_not_m": 0.016, "both": 0.01020408163265306, "just_main": 0.27906976744186046, "just_spurious": 0.9988998899889989, "neither": 0.9987724318213932, "cf_score": 0.09183673469387756}