{"s_given_m": 0.014, "s_given_not_m": 0.025, "both": 0.021739130434782608, "just_main": 0.17737386399247884, "just_spurious": 0.9979274611398964, "neither": 0.9981097588159243, "cf_score": 0.0}