{"s_given_m": 0.034, "s_given_not_m": 0.04, "both": 0.009174311926605505, "just_main": 0.1809462915601023, "just_spurious": 0.9993406593406593, "neither": 0.9980542986425339, "cf_score": 0.0}