{"s_given_m": 0.001, "s_given_not_m": 0.015, "both": -1, "just_main": 0.2712650788741107, "just_spurious": 1.0, "neither": 0.9987562957017226, "cf_score": -1}