{"s_given_m": 0.02, "s_given_not_m": 0.047, "both": 0.046875, "just_main": 0.2754491017964072, "just_spurious": 0.9994509516837482, "neither": 0.9987407150548427, "cf_score": 0.015625}