{"s_given_m": 0.007, "s_given_not_m": 0.031, "both": 0.0, "just_main": 0.17636080870917573, "just_spurious": 1.0, "neither": 0.9980445624484231, "cf_score": 0.0}