{"s_given_m": 0.023, "s_given_not_m": 0.038, "both": 0.02702702702702703, "just_main": 0.2766361049636421, "just_spurious": 1.0, "neither": 0.9987259650137342, "cf_score": 0.04054054054054054}