{"s_given_m": 0.013, "s_given_not_m": 0.034, "both": 0.07317073170731707, "just_main": 0.2734668335419274, "just_spurious": 1.0, "neither": 0.9987313184390718, "cf_score": 0.04878048780487805}