{"s_given_m": 0.023, "s_given_not_m": 0.035, "both": 0.0547945205479452, "just_main": 0.2759165613147914, "just_spurious": 0.9992576095025983, "neither": 0.9987568575520903, "cf_score": 0.0958904109589041}