{"s_given_m": 0.013, "s_given_not_m": 0.019, "both": 0.0, "just_main": 0.2745773324984346, "just_spurious": 0.9963931469792606, "neither": 0.9988212563811685, "cf_score": 0.0}