{"s_given_m": 0.0, "s_given_not_m": 0.014, "both": -1, "just_main": 0.2709298733395119, "just_spurious": 0.9993954050785974, "neither": 0.9987653885498606, "cf_score": -1}