{"s_given_m": 0.003, "s_given_not_m": 0.037, "both": -1, "just_main": 0.27137546468401486, "just_spurious": 1.0, "neither": 0.99872740236649, "cf_score": -1}