{"s_given_m": 0.023, "s_given_not_m": 0.018, "both": 0.0136986301369863, "just_main": 0.27686472819216185, "just_spurious": 0.9985507246376811, "neither": 0.9987785448751991, "cf_score": 0.0136986301369863}