{"s_given_m": 0.013, "s_given_not_m": 0.019, "both": 0.0, "just_main": 0.17752035065748278, "just_spurious": 0.9963931469792606, "neither": 0.9981388258650028, "cf_score": 0.023255813953488372}