{"s_given_m": 0.004, "s_given_not_m": 0.015, "both": -1, "just_main": 0.1758139534883721, "just_spurious": 1.0, "neither": 0.9980769739685789, "cf_score": -1}