{"s_given_m": 0.001, "s_given_not_m": 0.023, "both": -1, "just_main": 0.27109737248840804, "just_spurious": 0.9996193376475067, "neither": 0.9987547032190922, "cf_score": -1}