{"s_given_m": 0.017, "s_given_not_m": 0.036, "both": 0.037037037037037035, "just_main": 0.27489789506754636, "just_spurious": 0.9997552019583843, "neither": 0.9987383409183076, "cf_score": 0.018518518518518517}