{"s_given_m": 0.004, "s_given_not_m": 0.037, "both": -1, "just_main": 0.17586848635235733, "just_spurious": 0.9997681428240204, "neither": 0.9980404020336473, "cf_score": -1}