{"s_given_m": 0.019, "s_given_not_m": 0.028, "both": 0.031746031746031744, "just_main": 0.27567737870195336, "just_spurious": 1.0, "neither": 0.9987395070668061, "cf_score": 0.031746031746031744}