{"s_given_m": 0.008, "s_given_not_m": 0.026, "both": 0.0, "just_main": 0.27303860523038603, "just_spurious": 0.9983113812901047, "neither": 0.9987866784430229, "cf_score": 0.0}