{"s_given_m": 0.026, "s_given_not_m": 0.053, "both": 0.03571428571428571, "just_main": 0.27719632096416114, "just_spurious": 0.9996690385570081, "neither": 0.9987248525324062, "cf_score": 0.011904761904761904}