{"s_given_m": 0.006, "s_given_not_m": 0.033, "both": -1, "just_main": 0.17614165890027958, "just_spurious": 1.0, "neither": 0.998040590339571, "cf_score": -1}