{"s_given_m": 0.061, "s_given_not_m": 0.047, "both": 0.09644670050761421, "just_main": 0.2822368421052632, "just_spurious": 0.9986971896519635, "neither": 0.9987782306226465, "cf_score": 0.04568527918781726}