{"s_given_m": 0.011, "s_given_not_m": 0.039, "both": 0.0, "just_main": 0.27389131792629606, "just_spurious": 1.0, "neither": 0.9987242589844739, "cf_score": 0.0}