{"s_given_m": 0.001, "s_given_not_m": 0.017, "both": -1, "just_main": 0.17532467532467533, "just_spurious": 1.0, "neither": 0.9980727407747936, "cf_score": -1}