{"s_given_m": 0.043, "s_given_not_m": 0.021, "both": 0.007194244604316547, "just_main": 0.1826985151710781, "just_spurious": 0.9875363523057749, "neither": 0.9983310103601644, "cf_score": 0.02877697841726619}