{"s_given_m": 0.002, "s_given_not_m": 0.022, "both": -1, "just_main": 0.4147068565750248, "just_spurious": 0.9996, "neither": 0.9927989925684184, "cf_score": -1}