{"s_given_m": 0.007, "s_given_not_m": 0.03, "both": 0.13636363636363635, "just_main": 0.41591741591741593, "just_spurious": 0.9982758620689656, "neither": 0.9927805907927931, "cf_score": 0.045454545454545456}