{"s_given_m": 0.012, "s_given_not_m": 0.019, "both": 0.05555555555555555, "just_main": 0.4182000669120107, "just_spurious": 0.9972067039106145, "neither": 0.9928656046112772, "cf_score": 0.027777777777777776}