{"s_given_m": 0.0, "s_given_not_m": 0.008, "both": -1, "just_main": 0.41388429752066114, "just_spurious": 0.9989440337909187, "neither": 0.9928968201898264, "cf_score": -1}