{"s_given_m": 0.038, "s_given_not_m": 0.047, "both": 0.24561403508771928, "just_main": 0.4204740638955685, "just_spurious": 0.9964905799778352, "neither": 0.9927718301653193, "cf_score": 0.008771929824561403}