{"s_given_m": 0.004, "s_given_not_m": 0.018, "both": -1, "just_main": 0.45321831453218314, "just_spurious": 1.0, "neither": 0.9962963945091176, "cf_score": -1}