{"s_given_m": 0.087, "s_given_not_m": 0.104, "both": 0.4580152671755725, "just_main": 0.45095910242490045, "just_spurious": 0.9944949537075652, "neither": 0.996581875223921, "cf_score": 0.03816793893129771}