{"s_given_m": 0.002, "s_given_not_m": 0.032, "both": -1, "just_main": 0.4519867549668874, "just_spurious": 1.0, "neither": 0.9962450150109782, "cf_score": -1}