{"s_given_m": 0.007, "s_given_not_m": 0.03, "both": -1, "just_main": 0.45288045288045287, "just_spurious": 0.9988505747126437, "neither": 0.9962874165786978, "cf_score": 0.09090909090909091}