{"s_given_m": 0.014, "s_given_not_m": 0.038, "both": 0.38095238095238093, "just_main": 0.45256453234998323, "just_spurious": 0.9988662131519275, "neither": 0.996265290657814, "cf_score": 0.047619047619047616}