{"s_given_m": 0.041, "s_given_not_m": 0.027, "both": 0.25806451612903225, "just_main": 0.42054463977938644, "just_spurious": 0.993925831202046, "neither": 0.992919185973924, "cf_score": 0.07258064516129033}