{"s_given_m": 0.004, "s_given_not_m": 0.031, "both": -1, "just_main": 0.4528865295288653, "just_spurious": 0.9997208263539922, "neither": 0.9962571633237822, "cf_score": -1}