{"s_given_m": 0.005, "s_given_not_m": 0.018, "both": -1, "just_main": 0.45348837209302323, "just_spurious": 0.9990601503759399, "neither": 0.9963141053971397, "cf_score": -1}