{"s_given_m": 0.026, "s_given_not_m": 0.025, "both": 0.44871794871794873, "just_main": 0.45164574143196473, "just_spurious": 0.9824621733149931, "neither": 0.996724638197127, "cf_score": 0.0641025641025641}