{"s_given_m": 0.003, "s_given_not_m": 0.022, "both": -1, "just_main": 0.4527676499834272, "just_spurious": 1.0, "neither": 0.9962829566019659, "cf_score": -1}