{"s_given_m": 0.005, "s_given_not_m": 0.033, "both": -1, "just_main": 0.4536698771172368, "just_spurious": 1.0, "neither": 0.9962410062261138, "cf_score": -1}