{"s_given_m": 0.058, "s_given_not_m": 0.029, "both": 0.17613636363636365, "just_main": 0.46858546858546857, "just_spurious": 0.9734138972809667, "neither": 0.9970433757324567, "cf_score": 0.08522727272727272}