{"s_given_m": 0.008, "s_given_not_m": 0.019, "both": 0.21739130434782608, "just_main": 0.41538974017321784, "just_spurious": 0.9995495495495496, "neither": 0.9928168291431503, "cf_score": 0.0}