{"s_given_m": 0.047, "s_given_not_m": 0.052, "both": 0.3356643356643357, "just_main": 0.417765440666204, "just_spurious": 0.9851270053475936, "neither": 0.9933746957301561, "cf_score": 0.06293706293706294}