{"s_given_m": 0.0, "s_given_not_m": 0.013, "both": -1, "just_main": 0.414021164021164, "just_spurious": 1.0, "neither": 0.9928506102923071, "cf_score": -1}