{"s_given_m": 0.001, "s_given_not_m": 0.025, "both": -1, "just_main": 0.414295168762409, "just_spurious": 1.0, "neither": 0.992766131615475, "cf_score": -1}