{"s_given_m": 0.001, "s_given_not_m": 0.008, "both": -1, "just_main": 0.41382732385047966, "just_spurious": 0.9968684759916493, "neither": 0.992913633818589, "cf_score": -1}