{"s_given_m": 0.039, "s_given_not_m": 0.058, "both": 0.19327731092436976, "just_main": 0.42291810048176187, "just_spurious": 0.9967271645343647, "neither": 0.992712364105399, "cf_score": 0.0}