{"s_given_m": 0.013, "s_given_not_m": 0.025, "both": 0.07894736842105263, "just_main": 0.4563106796116505, "just_spurious": 0.9968997588701344, "neither": 0.9963509821198124, "cf_score": 0.05263157894736842}