{"s_given_m": 0.009, "s_given_not_m": 0.021, "both": 0.25, "just_main": 0.41541541541541543, "just_spurious": 0.9966301600673968, "neither": 0.9928690383388845, "cf_score": 0.0}