{"s_given_m": 0.003, "s_given_not_m": 0.015, "both": -1, "just_main": 0.4519230769230769, "just_spurious": 1.0, "neither": 0.9963107103863629, "cf_score": -1}