{"s_given_m": 0.012, "s_given_not_m": 0.041, "both": 0.1891891891891892, "just_main": 0.45481927710843373, "just_spurious": 0.9997901804448175, "neither": 0.9962170576310455, "cf_score": 0.0}