{"s_given_m": 0.001, "s_given_not_m": 0.006, "both": -1, "just_main": 0.45201853077432164, "just_spurious": 1.0, "neither": 0.9963425279329609, "cf_score": -1}