{"s_given_m": 0.004, "s_given_not_m": 0.031, "both": -1, "just_main": 0.45285524568393093, "just_spurious": 1.0, "neither": 0.99624955245256, "cf_score": -1}