{"s_given_m": 0.015, "s_given_not_m": 0.079, "both": 0.13636363636363635, "just_main": 0.4179805434417981, "just_spurious": 0.9997813012575177, "neither": 0.9923574922020034, "cf_score": 0.0}