{"s_given_m": 0.038, "s_given_not_m": 0.047, "both": 0.2719298245614035, "just_main": 0.4586052902782549, "just_spurious": 0.9963058736608792, "neither": 0.9963677081057462, "cf_score": 0.017543859649122806}