{"s_given_m": 0.002, "s_given_not_m": 0.036, "both": -1, "just_main": 0.41357615894039734, "just_spurious": 0.9997566317838891, "neither": 0.9926947540777127, "cf_score": -1}