{"s_given_m": 0.067, "s_given_not_m": 0.047, "both": 0.297029702970297, "just_main": 0.4626284094934467, "just_spurious": 0.9929210134128167, "neither": 0.9965330227309953, "cf_score": 0.06435643564356436}