{"s_given_m": 0.039, "s_given_not_m": 0.058, "both": 0.2773109243697479, "just_main": 0.45870612525808674, "just_spurious": 0.9965783992859268, "neither": 0.996351575456053, "cf_score": 0.04201680672268908}