{"s_given_m": 0.026, "s_given_not_m": 0.025, "both": 0.3974358974358974, "just_main": 0.41431964709874447, "just_spurious": 0.9649243466299863, "neither": 0.9936717873862969, "cf_score": 0.08974358974358974}