{"s_given_m": 0.001, "s_given_not_m": 0.025, "both": -1, "just_main": 0.45201853077432164, "just_spurious": 1.0, "neither": 0.9962718439691071, "cf_score": -1}