{"s_given_m": 0.011, "s_given_not_m": 0.061, "both": 0.18181818181818182, "just_main": 0.45454545454545453, "just_spurious": 0.9998587171517378, "neither": 0.99613621237891, "cf_score": 0.0}