{"s_given_m": 0.001, "s_given_not_m": 0.013, "both": -1, "just_main": 0.45186900430036386, "just_spurious": 1.0, "neither": 0.99631619205036, "cf_score": -1}