{"s_given_m": 0.022, "s_given_not_m": 0.102, "both": 0.19117647058823528, "just_main": 0.4190057490700034, "just_spurious": 0.9989803721641601, "neither": 0.992260346110365, "cf_score": 0.014705882352941176}