{"s_given_m": 0.008, "s_given_not_m": 0.03, "both": 0.04, "just_main": 0.455, "just_spurious": 0.9971022891915386, "neither": 0.996342041480713, "cf_score": 0.04}