{"s_given_m": 0.019, "s_given_not_m": 0.034, "both": 0.38596491228070173, "just_main": 0.4528301886792453, "just_spurious": 0.9953786906290115, "neither": 0.9963992924295347, "cf_score": 0.08771929824561403}