{"s_given_m": 0.0, "s_given_not_m": 0.016, "both": -1, "just_main": 0.414021164021164, "just_spurious": 1.0, "neither": 0.992829865857638, "cf_score": -1}