{"s_given_m": 0.041, "s_given_not_m": 0.019, "both": 0.07258064516129033, "just_main": 0.42847294036539124, "just_spurious": 0.9901731399157697, "neither": 0.9929988950276243, "cf_score": 0.04032258064516129}