{"s_given_m": 0.001, "s_given_not_m": 0.018, "both": -1, "just_main": 0.414158121071783, "just_spurious": 1.0, "neither": 0.9928147840458157, "cf_score": -1}