{"s_given_m": 0.011, "s_given_not_m": 0.061, "both": 0.06060606060606061, "just_main": 0.4177807486631016, "just_spurious": 0.9997174343034756, "neither": 0.992503512534201, "cf_score": 0.0}