{"s_given_m": 0.023, "s_given_not_m": 0.073, "both": 0.21428571428571427, "just_main": 0.4186125211505922, "just_spurious": 0.99952556043174, "neither": 0.9924272917037189, "cf_score": 0.0}