{"s_given_m": 0.078, "s_given_not_m": 0.026, "both": 0.5254237288135594, "just_main": 0.44532090354965936, "just_spurious": 0.9816727757414195, "neither": 0.9967575560524136, "cf_score": 0.08050847457627118}