{"s_given_m": 0.067, "s_given_not_m": 0.047, "both": 0.30198019801980197, "just_main": 0.4218916046758767, "just_spurious": 0.9869597615499255, "neither": 0.9932389393415473, "cf_score": 0.07920792079207921}