{"s_given_m": 0.078, "s_given_not_m": 0.026, "both": 0.4830508474576271, "just_main": 0.4080315525277877, "just_spurious": 0.9743418860379873, "neither": 0.9934438496004846, "cf_score": 0.1016949152542373}