{"s_given_m": 0.004, "s_given_not_m": 0.031, "both": -1, "just_main": 0.4150066401062417, "just_spurious": 1.0, "neither": 0.9927228786251343, "cf_score": -1}