{"s_given_m": 0.004, "s_given_not_m": 0.02, "both": -1, "just_main": 0.41473125414731254, "just_spurious": 0.9987255734919286, "neither": 0.9928260176426825, "cf_score": -1}