{"s_given_m": 0.086, "s_given_not_m": 0.032, "both": 0.34615384615384615, "just_main": 0.46148282097649185, "just_spurious": 0.988403451995685, "neither": 0.9966294350718038, "cf_score": 0.1076923076923077}