{"s_given_m": 0.001, "s_given_not_m": 0.006, "both": -1, "just_main": 0.414295168762409, "just_spurious": 1.0, "neither": 0.992903282122905, "cf_score": -1}