{"s_given_m": 0.041, "s_given_not_m": 0.019, "both": 0.10483870967741936, "just_main": 0.46639089968976216, "just_spurious": 0.9831539541413196, "neither": 0.9966143646408839, "cf_score": 0.07258064516129033}