{"s_given_m": 0.002, "s_given_not_m": 0.025, "both": -1, "just_main": 0.4147068565750248, "just_spurious": 1.0, "neither": 0.9927632340243718, "cf_score": -1}