{"s_given_m": 0.001, "s_given_not_m": 0.029, "both": -1, "just_main": 0.41443230718305196, "just_spurious": 0.9997014034040012, "neither": 0.9927443639255493, "cf_score": -1}