{"s_given_m": 0.004, "s_given_not_m": 0.046, "both": -1, "just_main": 0.4528865295288653, "just_spurious": 0.9998120654012403, "neither": 0.9961979607243885, "cf_score": -1}