{"s_given_m": 0.007, "s_given_not_m": 0.027, "both": 0.3, "just_main": 0.4146422628951747, "just_spurious": 0.9960809928151535, "neither": 0.992860962566845, "cf_score": 0.1}