{"s_given_m": 0.008, "s_given_not_m": 0.03, "both": 0.08, "just_main": 0.4166666666666667, "just_spurious": 0.9959432048681541, "neither": 0.9928540125747913, "cf_score": 0.0}