{"s_given_m": 0.008, "s_given_not_m": 0.037, "both": 0.13043478260869565, "just_main": 0.416055962691539, "just_spurious": 0.9997676039972112, "neither": 0.9926819816328554, "cf_score": 0.0}