{"s_given_m": 0.002, "s_given_not_m": 0.032, "both": -1, "just_main": 0.4142384105960265, "just_spurious": 0.9997280391623606, "neither": 0.992723036250392, "cf_score": -1}