{"s_given_m": 0.008, "s_given_not_m": 0.019, "both": -1, "just_main": 0.45336442371752167, "just_spurious": 1.0, "neither": 0.9962934130677094, "cf_score": 0.043478260869565216}