{"s_given_m": 0.003, "s_given_not_m": 0.013, "both": -1, "just_main": 0.45240464344941955, "just_spurious": 0.9980250164581962, "neither": 0.9963426320740617, "cf_score": -1}