{"s_given_m": 0.015, "s_given_not_m": 0.017, "both": 0.15555555555555556, "just_main": 0.45604026845637585, "just_spurious": 0.9963598543941757, "neither": 0.996364887637971, "cf_score": 0.13333333333333333}