{"s_given_m": 0.005, "s_given_not_m": 0.018, "both": -1, "just_main": 0.4156146179401993, "just_spurious": 0.9924812030075187, "neither": 0.99295525659837, "cf_score": -1}