{"s_given_m": 0.013, "s_given_not_m": 0.025, "both": 0.05263157894736842, "just_main": 0.4184800803481754, "just_spurious": 0.9955218739235274, "neither": 0.9928799651118291, "cf_score": 0.05263157894736842}