{"s_given_m": 0.019, "s_given_not_m": 0.031, "both": 0.3333333333333333, "just_main": 0.4538409703504043, "just_spurious": 0.9844236760124611, "neither": 0.9967421754034242, "cf_score": 0.08771929824561403}