{"s_given_m": 0.657, "s_given_not_m": 0.539, "both": 0.42425767488676397, "just_main": 0.5038535645472062, "just_spurious": 0.9958794746330157, "neither": 0.9969322844129935, "cf_score": 0.08907901358832411}