{"s_given_m": 0.004, "s_given_not_m": 0.046, "both": -1, "just_main": 0.41506303915063036, "just_spurious": 1.0, "neither": 0.9926051245668132, "cf_score": -1}