{"s_given_m": 0.004, "s_given_not_m": 0.039, "both": -1, "just_main": 0.41539482415394824, "just_spurious": 1.0, "neither": 0.9926566225883373, "cf_score": -1}