{"s_given_m": 0.001, "s_given_not_m": 0.023, "both": -1, "just_main": 0.17821596244131455, "just_spurious": 1.0, "neither": 0.9898307849872658, "cf_score": -1}