{"s_given_m": 0.035, "s_given_not_m": 0.03, "both": 0.13368983957219252, "just_main": 0.17959183673469387, "just_spurious": 0.9808497905445841, "neither": 0.990347860199064, "cf_score": 0.026737967914438502}