{"s_given_m": 0.396, "s_given_not_m": 0.094, "both": 0.32479848269321954, "just_main": 0.19112627986348124, "just_spurious": 0.9472105016408814, "neither": 0.9949261902434255, "cf_score": 0.10621147463252727}