{"s_given_m": 0.002, "s_given_not_m": 0.035, "both": -1, "just_main": 0.24459484865576236, "just_spurious": 1.0, "neither": 0.9900748513979599, "cf_score": -1}