{"s_given_m": 0.016, "s_given_not_m": 0.013, "both": 0.19047619047619047, "just_main": 0.24485518292682926, "just_spurious": 0.9880159786950732, "neither": 0.990453374965232, "cf_score": 0.047619047619047616}