{"s_given_m": 0.002, "s_given_not_m": 0.03, "both": -1, "just_main": 0.24421883812746756, "just_spurious": 1.0, "neither": 0.990125394710424, "cf_score": -1}