{"s_given_m": 0.001, "s_given_not_m": 0.006, "both": -1, "just_main": 0.2441358603865641, "just_spurious": 0.9985754985754985, "neither": 0.9903699678405031, "cf_score": -1}