{"s_given_m": 0.001, "s_given_not_m": 0.006, "both": -1, "just_main": 0.1780821917808219, "just_spurious": 0.9985754985754985, "neither": 0.9900136299252581, "cf_score": -1}