{"s_given_m": 0.003, "s_given_not_m": 0.011, "both": -1, "just_main": 0.17858487015430938, "just_spurious": 0.9983388704318937, "neither": 0.989977718320194, "cf_score": -1}