{"s_given_m": 0.0, "s_given_not_m": 0.023, "both": -1, "just_main": 0.17798199549887472, "just_spurious": 0.9992144540455616, "neither": 0.9898558994284886, "cf_score": -1}