{"s_given_m": 0.013, "s_given_not_m": 0.028, "both": 0.1267605633802817, "just_main": 0.17867325603497433, "just_spurious": 0.9971707010374096, "neither": 0.98986098711899, "cf_score": 0.028169014084507043}