{"s_given_m": 0.001, "s_given_not_m": 0.017, "both": -1, "just_main": 0.1780821917808219, "just_spurious": 0.9989821882951654, "neither": 0.9899090008108838, "cf_score": -1}