{"s_given_m": 0.011, "s_given_not_m": 0.028, "both": 0.13559322033898305, "just_main": 0.1784562867437891, "just_spurious": 0.9984266834487099, "neither": 0.9898248266941162, "cf_score": 0.0}