{"s_given_m": 0.005, "s_given_not_m": 0.026, "both": 0.2, "just_main": 0.24420576596947427, "just_spurious": 0.9993141289437586, "neither": 0.9901852979398214, "cf_score": 0.0}