{"s_given_m": 0.142, "s_given_not_m": 0.026, "both": 0.19973544973544974, "just_main": 0.2513111888111888, "just_spurious": 0.9487354750512645, "neither": 0.9915295058575466, "cf_score": 0.11772486772486772}