{"s_given_m": 0.039, "s_given_not_m": 0.036, "both": 0.14563106796116504, "just_main": 0.24795161919625439, "just_spurious": 0.9817961165048543, "neither": 0.9907474617540313, "cf_score": 0.019417475728155338}