{"s_given_m": 0.002, "s_given_not_m": 0.037, "both": -1, "just_main": 0.24440684339161498, "just_spurious": 0.9997576345128454, "neither": 0.9900669858217939, "cf_score": -1}