{"s_given_m": 0.077, "s_given_not_m": 0.057, "both": 0.20833333333333334, "just_main": 0.2469536961819659, "just_spurious": 0.9894295041193845, "neither": 0.9904808396387601, "cf_score": 0.058823529411764705}