{"s_given_m": 0.014, "s_given_not_m": 0.027, "both": 0.10666666666666667, "just_main": 0.24595777059159216, "just_spurious": 0.9925590423811065, "neither": 0.9903608097283915, "cf_score": 0.04}