{"s_given_m": 0.005, "s_given_not_m": 0.031, "both": 0.0, "just_main": 0.24519411986430456, "just_spurious": 0.9997123130034522, "neither": 0.9901259602298158, "cf_score": 0.0}