{"s_given_m": 0.039, "s_given_not_m": 0.024, "both": 0.1796116504854369, "just_main": 0.2465860319937573, "just_spurious": 0.971546237364283, "neither": 0.9908780965507236, "cf_score": 0.02912621359223301}