{"s_given_m": 0.017, "s_given_not_m": 0.108, "both": 0.15384615384615385, "just_main": 0.17840106849837817, "just_spurious": 0.9986842105263158, "neither": 0.9890272334937249, "cf_score": 0.01098901098901099}