{"s_given_m": 0.208, "s_given_not_m": 0.072, "both": 0.23757904245709124, "just_main": 0.16236686390532545, "just_spurious": 0.9693145261073992, "neither": 0.9916661104383397, "cf_score": 0.04245709123757904}