{"s_given_m": 0.016, "s_given_not_m": 0.029, "both": 0.08235294117647059, "just_main": 0.24661711454164284, "just_spurious": 0.9987760097919217, "neither": 0.9901720349722392, "cf_score": 0.023529411764705882}