{"s_given_m": 0.012, "s_given_not_m": 0.02, "both": 0.06349206349206349, "just_main": 0.17935092047826912, "just_spurious": 0.9960903562119896, "neither": 0.9899415289237526, "cf_score": 0.0}