{"s_given_m": 0.036, "s_given_not_m": 0.02, "both": 0.2356020942408377, "just_main": 0.24431044543863062, "just_spurious": 0.9828132066938037, "neither": 0.9905728527053385, "cf_score": 0.13089005235602094}