{"s_given_m": 0.039, "s_given_not_m": 0.024, "both": 0.21844660194174756, "just_main": 0.17635583300819352, "just_spurious": 0.9434668663421939, "neither": 0.991195458996772, "cf_score": 0.06796116504854369}