{"s_given_m": 0.01, "s_given_not_m": 0.013, "both": 0.05660377358490566, "just_main": 0.179200606175412, "just_spurious": 0.9938775510204082, "neither": 0.9900165941606495, "cf_score": 0.0}