{"s_given_m": 0.005, "s_given_not_m": 0.031, "both": 0.038461538461538464, "just_main": 0.17866566151526575, "just_spurious": 0.9985615650172612, "neither": 0.9897971300432047, "cf_score": 0.038461538461538464}