{"s_given_m": 0.006, "s_given_not_m": 0.015, "both": 0.08823529411764706, "just_main": 0.24499811249528125, "just_spurious": 0.9963614311704063, "neither": 0.9903329559951844, "cf_score": 0.0}