{"s_given_m": 0.005, "s_given_not_m": 0.026, "both": 0.08, "just_main": 0.17844356510269455, "just_spurious": 0.9996570644718793, "neither": 0.9898127027690182, "cf_score": 0.0}