{"s_given_m": 0.276, "s_given_not_m": 0.027, "both": 0.41196464989802856, "just_main": 0.18000518000518, "just_spurious": 0.8663430420711974, "neither": 0.9939107085969144, "cf_score": 0.09789259007477906}