{"s_given_m": 0.001, "s_given_not_m": 0.02, "both": -1, "just_main": 0.2441816816816817, "just_spurious": 0.998227735932654, "neither": 0.9902617933476666, "cf_score": -1}