{"s_given_m": 0.042, "s_given_not_m": 0.02, "both": 0.18834080717488788, "just_main": 0.24642787238207087, "just_spurious": 0.9666666666666667, "neither": 0.9909168963803154, "cf_score": 0.04484304932735426}