{"s_given_m": 0.026, "s_given_not_m": 0.03, "both": 0.12857142857142856, "just_main": 0.24711093990755006, "just_spurious": 0.987701317715959, "neither": 0.9905057513237173, "cf_score": 0.007142857142857143}