{"s_given_m": 0.256, "s_given_not_m": 0.027, "both": 0.3367571533382245, "just_main": 0.21214411690602167, "just_spurious": 0.9029411764705882, "neither": 0.9928568178716047, "cf_score": 0.16581071166544387}