{"s_given_m": 0.044, "s_given_not_m": 0.019, "both": 0.21030042918454936, "just_main": 0.24553834085114729, "just_spurious": 0.9558062999529854, "neither": 0.9910852853069622, "cf_score": 0.09012875536480687}