{"s_given_m": 0.027, "s_given_not_m": 0.007, "both": 0.3873239436619718, "just_main": 0.24007707129094413, "just_spurious": 0.9614906832298137, "neither": 0.9906286223807401, "cf_score": 0.035211267605633804}