{"s_given_m": 0.004, "s_given_not_m": 0.054, "both": -1, "just_main": 0.2445406626506024, "just_spurious": 0.9998362534796136, "neither": 0.989882824198862, "cf_score": 0.0}