{"s_given_m": 0.002, "s_given_not_m": 0.019, "both": -1, "just_main": 0.24441104640240466, "just_spurious": 0.9995313964386129, "neither": 0.9902455310816543, "cf_score": -1}