{"s_given_m": 0.111, "s_given_not_m": 0.037, "both": 0.21489001692047377, "just_main": 0.17338114321873022, "just_spurious": 0.9731718898385565, "neither": 0.9907212418270601, "cf_score": 0.023688663282571912}