{"s_given_m": 0.158, "s_given_not_m": 0.02, "both": 0.2650887573964497, "just_main": 0.16157789168709605, "just_spurious": 0.9381443298969072, "neither": 0.991113037823778, "cf_score": 0.033136094674556214}