{"s_given_m": 0.016, "s_given_not_m": 0.019, "both": 0.1566265060240964, "just_main": 0.24538007239474185, "just_spurious": 0.9916666666666667, "neither": 0.9903966785504761, "cf_score": 0.04819277108433735}