{"s_given_m": 0.002, "s_given_not_m": 0.031, "both": -1, "just_main": 0.17828292316362954, "just_spurious": 1.0, "neither": 0.9897513655711649, "cf_score": -1}