{"s_given_m": 0.031, "s_given_not_m": 0.012, "both": 0.19631901840490798, "just_main": 0.17740375314374154, "just_spurious": 0.9226878612716763, "neither": 0.990902653915444, "cf_score": 0.06748466257668712}