{"s_given_m": 0.044, "s_given_not_m": 0.019, "both": 0.2145922746781116, "just_main": 0.17630908021180625, "just_spurious": 0.9290079924776681, "neither": 0.9912386761468222, "cf_score": 0.0815450643776824}