{"s_given_m": 0.001, "s_given_not_m": 0.017, "both": -1, "just_main": 0.2441358603865641, "just_spurious": 0.9994910941475827, "neither": 0.990260383818362, "cf_score": -1}