{"s_given_m": 0.013, "s_given_not_m": 0.028, "both": 0.16901408450704225, "just_main": 0.24501045428625737, "just_spurious": 0.9971707010374096, "neither": 0.9902253721281906, "cf_score": 0.056338028169014086}