{"s_given_m": 0.003, "s_given_not_m": 0.032, "both": -1, "just_main": 0.17839668799397818, "just_spurious": 0.9994397759103641, "neither": 0.9897609361429812, "cf_score": -1}