{"s_given_m": 0.0, "s_given_not_m": 0.023, "both": -1, "just_main": 0.24399849962490622, "just_spurious": 0.9996072270227808, "neither": 0.9902091315019609, "cf_score": -1}