{"s_given_m": 0.008, "s_given_not_m": 0.037, "both": 0.2222222222222222, "just_main": 0.177605447323624, "just_spurious": 0.9990514583827366, "neither": 0.9897184057091357, "cf_score": 0.022222222222222223}