{"s_given_m": 0.126, "s_given_not_m": 0.013, "both": 0.47619047619047616, "just_main": 0.21051502145922746, "just_spurious": 0.8440748440748441, "neither": 0.9923147284597174, "cf_score": 0.06845238095238096}