{"s_given_m": 0.002, "s_given_not_m": 0.022, "both": -1, "just_main": 0.24436090225563908, "just_spurious": 0.9987971130713713, "neither": 0.9902318465340708, "cf_score": -1}