{"s_given_m": 0.001, "s_given_not_m": 0.02, "both": -1, "just_main": 0.17811561561561562, "just_spurious": 0.999113867966327, "neither": 0.9898823826988744, "cf_score": -1}