{"s_given_m": 0.002, "s_given_not_m": 0.031, "both": -1, "just_main": 0.17831642239759488, "just_spurious": 0.9982688978649741, "neither": 0.9898071952433578, "cf_score": -1}