{"s_given_m": 0.127, "s_given_not_m": 0.026, "both": 0.29896907216494845, "just_main": 0.23597678916827852, "just_spurious": 0.953671928620453, "neither": 0.9913941167383067, "cf_score": 0.033873343151693665}