{"s_given_m": 0.016, "s_given_not_m": 0.034, "both": 0.15294117647058825, "just_main": 0.24547360396417, "just_spurious": 0.9989698686582539, "neither": 0.9901166202141705, "cf_score": 0.011764705882352941}