{"s_given_m": 0.041, "s_given_not_m": 0.039, "both": 0.16363636363636364, "just_main": 0.17859937402190923, "just_spurious": 0.968371467025572, "neither": 0.9909582753440187, "cf_score": 0.02727272727272727}