{"s_given_m": 0.2, "s_given_not_m": 0.095, "both": 0.2469597754911132, "just_main": 0.24325592305887872, "just_spurious": 0.9712109955423477, "neither": 0.9924452229735681, "cf_score": 0.11506080449017773}