{"s_given_m": 0.002, "s_given_not_m": 0.031, "both": -1, "just_main": 0.24422318241593086, "just_spurious": 1.0, "neither": 0.9901167357825317, "cf_score": -1}