{"s_given_m": 0.087, "s_given_not_m": 0.037, "both": 0.28817204301075267, "just_main": 0.2397780973905897, "just_spurious": 0.978063900810682, "neither": 0.9908974724395694, "cf_score": 0.04086021505376344}