{"s_given_m": 0.002, "s_given_not_m": 0.03, "both": -1, "just_main": 0.17804098514758412, "just_spurious": 1.0, "neither": 0.9897603446072973, "cf_score": -1}