{"s_given_m": 0.053, "s_given_not_m": 0.036, "both": 0.21631205673758866, "just_main": 0.24554455445544554, "just_spurious": 0.9890324153058737, "neither": 0.9904733032006762, "cf_score": 0.06382978723404255}