{"s_given_m": 0.138, "s_given_not_m": 0.033, "both": 0.22585034013605443, "just_main": 0.1703284750924516, "just_spurious": 0.9564164648910412, "neither": 0.991211849356451, "cf_score": 0.055782312925170066}