{"s_given_m": 0.0, "s_given_not_m": 0.015, "both": -1, "just_main": 0.24409005628517824, "just_spurious": 0.9993946731234867, "neither": 0.9902877730160013, "cf_score": -1}