{"s_given_m": 0.174, "s_given_not_m": 0.067, "both": 0.21959095801937567, "just_main": 0.1692028162616398, "just_spurious": 0.9617010036978342, "neither": 0.9921049884706262, "cf_score": 0.04090419806243272}