{"s_given_m": 0.031, "s_given_not_m": 0.048, "both": 0.03592814371257485, "just_main": 0.18257502420135527, "just_spurious": 0.9962983527669813, "neither": 0.9897537935138352, "cf_score": 0.005988023952095809}