{"s_given_m": 0.003, "s_given_not_m": 0.032, "both": -1, "just_main": 0.2446368084305608, "just_spurious": 1.0, "neither": 0.9901083329524157, "cf_score": -1}