{"s_given_m": 0.427, "s_given_not_m": 0.547, "both": 0.19087318999561212, "just_main": 0.2836554208974779, "just_spurious": 0.9919302671582897, "neither": 0.9885952385610047, "cf_score": 0.11145239139973673}