{"s_given_m": 0.002, "s_given_not_m": 0.035, "both": -1, "just_main": 0.17841699567587893, "just_spurious": 1.0, "neither": 0.9897079327805093, "cf_score": -1}