{"s_given_m": 0.097, "s_given_not_m": 0.032, "both": 0.2621359223300971, "just_main": 0.2420593730537679, "just_spurious": 0.9772158933036955, "neither": 0.9908555543362961, "cf_score": 0.1029126213592233}