{"s_given_m": 0.002, "s_given_not_m": 0.026, "both": -1, "just_main": 0.17806160781367392, "just_spurious": 0.9996642041638684, "neither": 0.989806959637015, "cf_score": -1}