{"s_given_m": 0.427, "s_given_not_m": 0.547, "both": 0.14085125054848618, "just_main": 0.20569931215198164, "just_spurious": 0.9924801086745585, "neither": 0.9871476359083706, "cf_score": 0.09433962264150944}