{"s_given_m": 0.016, "s_given_not_m": 0.034, "both": 0.09411764705882353, "just_main": 0.17934057556699065, "just_spurious": 0.9979397373165079, "neither": 0.989786563004254, "cf_score": 0.058823529411764705}