{"s_given_m": 0.017, "s_given_not_m": 0.108, "both": 0.15384615384615385, "just_main": 0.2455638236977676, "just_spurious": 0.998766447368421, "neither": 0.9894141574482861, "cf_score": 0.04395604395604396}