{"s_given_m": 0.112, "s_given_not_m": 0.058, "both": 0.23025210084033612, "just_main": 0.24572514249525015, "just_spurious": 0.9729895641497851, "neither": 0.9914880823758209, "cf_score": 0.03529411764705882}