{"s_given_m": 0.01, "s_given_not_m": 0.008, "both": 0.11538461538461539, "just_main": 0.24526515151515152, "just_spurious": 0.9863874345549738, "neither": 0.9904553571428572, "cf_score": 0.038461538461538464}