{"s_given_m": 0.208, "s_given_not_m": 0.072, "both": 0.3080397470641373, "just_main": 0.2272189349112426, "just_spurious": 0.9667161593664935, "neither": 0.9922477663459613, "cf_score": 0.03342366757000903}