{"s_given_m": 0.051, "s_given_not_m": 0.047, "both": 0.23443223443223443, "just_main": 0.17493575805495157, "just_spurious": 0.9891531874405328, "neither": 0.9901114206128133, "cf_score": 0.03663003663003663}