{"s_given_m": 0.13, "s_given_not_m": 0.01, "both": 0.4645441389290883, "just_main": 0.21116138763197587, "just_spurious": 0.8160337552742616, "neither": 0.9922698398496913, "cf_score": 0.03183791606367583}