{"s_given_m": 0.038, "s_given_not_m": 0.032, "both": 0.08333333333333333, "just_main": 0.18174726989079562, "just_spurious": 0.9930671103716029, "neither": 0.9899679009410237, "cf_score": 0.0196078431372549}