{"s_given_m": 0.01, "s_given_not_m": 0.008, "both": 0.07692307692307693, "just_main": 0.17897727272727273, "just_spurious": 0.9905759162303664, "neither": 0.9900625, "cf_score": 0.0}