{"s_given_m": 0.001, "s_given_not_m": 0.023, "both": -1, "just_main": 0.24431924882629108, "just_spurious": 1.0, "neither": 0.9901933238468998, "cf_score": -1}