{"s_given_m": 0.174, "s_given_not_m": 0.067, "both": 0.2691065662002153, "just_main": 0.2387008857597093, "just_spurious": 0.9657950343370312, "neither": 0.9921903912395738, "cf_score": 0.04198062432723358}