{"s_given_m": 0.166, "s_given_not_m": 0.027, "both": 0.4238128986534373, "just_main": 0.21847672778561353, "just_spurious": 0.8435677530017153, "neither": 0.9781699432025526, "cf_score": 0.041105598866052445}