{"s_given_m": 0.166, "s_given_not_m": 0.027, "both": 0.2813607370659107, "just_main": 0.12905500705218617, "just_spurious": 0.937221269296741, "neither": 0.9935810463081659, "cf_score": 0.03330970942593905}