{"s_given_m": 0.337, "s_given_not_m": 0.082, "both": 0.18324607329842932, "just_main": 0.13963804116394607, "just_spurious": 0.9634418189924209, "neither": 0.9946336818299045, "cf_score": 0.11448516579406631}