{"s_given_m": 0.078, "s_given_not_m": 0.023, "both": 0.30513595166163143, "just_main": 0.24811838244674064, "just_spurious": 0.9101437699680511, "neither": 0.976100370984881, "cf_score": 0.06797583081570997}