{"s_given_m": 0.071, "s_given_not_m": 0.009, "both": 0.445, "just_main": 0.23794456397924313, "just_spurious": 0.7888067581837381, "neither": 0.9762125708615478, "cf_score": 0.06}