{"s_given_m": 0.064, "s_given_not_m": 0.027, "both": 0.0847145488029466, "just_main": 0.15908519728575019, "just_spurious": 0.9728279100972828, "neither": 0.9926220682552315, "cf_score": 0.03683241252302026}