{"s_given_m": 0.109, "s_given_not_m": 0.04, "both": 0.28632938643702904, "just_main": 0.24841521394611726, "just_spurious": 0.9064274358392005, "neither": 0.9774441798012963, "cf_score": 0.0581270182992465}