{"s_given_m": 0.109, "s_given_not_m": 0.04, "both": 0.15069967707212056, "just_main": 0.15478077126254622, "just_spurious": 0.9659323188734954, "neither": 0.9931772676807454, "cf_score": 0.03552206673842842}