{"s_given_m": 0.062, "s_given_not_m": 0.026, "both": 0.12429378531073447, "just_main": 0.15633626097867, "just_spurious": 0.9833451452870304, "neither": 0.9923151714595565, "cf_score": 0.04896421845574388}