{"s_given_m": 0.002, "s_given_not_m": 0.019, "both": -1, "just_main": 0.1544897478199387, "just_spurious": 0.9990601503759399, "neither": 0.9919467201694254, "cf_score": -1}