{"s_given_m": 0.007, "s_given_not_m": 0.019, "both": 0.03389830508474576, "just_main": 0.15517649846008055, "just_spurious": 1.0, "neither": 0.9919283677469093, "cf_score": 0.0}