{"s_given_m": 0.027, "s_given_not_m": 0.038, "both": 0.08370044052863436, "just_main": 0.1562726613488035, "just_spurious": 0.9959114959114959, "neither": 0.991933956905366, "cf_score": 0.022026431718061675}