{"s_given_m": 0.002, "s_given_not_m": 0.032, "both": 0.047619047619047616, "just_main": 0.25306603773584907, "just_spurious": 0.9988455988455989, "neither": 0.9738057392236718, "cf_score": 0.0}