{"s_given_m": 0.034, "s_given_not_m": 0.031, "both": 0.041666666666666664, "just_main": 0.1582856447096067, "just_spurious": 0.9938126104890984, "neither": 0.9920294759004437, "cf_score": 0.013888888888888888}