{"s_given_m": 0.002, "s_given_not_m": 0.015, "both": -1, "just_main": 0.15457115928369464, "just_spurious": 1.0, "neither": 0.9919602546073569, "cf_score": -1}