{"s_given_m": 0.0, "s_given_not_m": 0.015, "both": -1, "just_main": 0.2525597269624573, "just_spurious": 1.0, "neither": 0.9742084042317082, "cf_score": -1}