{"s_given_m": 0.012, "s_given_not_m": 0.03, "both": 0.0, "just_main": 0.15626488804192473, "just_spurious": 1.0, "neither": 0.9918401457318047, "cf_score": 0.0}