{"s_given_m": 0.034, "s_given_not_m": 0.031, "both": 0.08680555555555555, "just_main": 0.25837087544137344, "just_spurious": 0.9817324690630524, "neither": 0.974368373561922, "cf_score": 0.04513888888888889}