{"s_given_m": 0.002, "s_given_not_m": 0.016, "both": -1, "just_main": 0.2528573111818075, "just_spurious": 0.9982558139534884, "neither": 0.9742194584790776, "cf_score": -1}