{"s_given_m": 0.03, "s_given_not_m": 0.012, "both": 0.28125, "just_main": 0.15039417828987264, "just_spurious": 0.9699248120300752, "neither": 0.9923563472744708, "cf_score": 0.03515625}