{"s_given_m": 0.001, "s_given_not_m": 0.009, "both": -1, "just_main": 0.2527071563088512, "just_spurious": 0.9968586387434555, "neither": 0.9744006762778987, "cf_score": -1}