{"s_given_m": 0.014, "s_given_not_m": 0.038, "both": 0.01694915254237288, "just_main": 0.25587498508887035, "just_spurious": 0.9956563706563707, "neither": 0.973769902122262, "cf_score": 0.00847457627118644}