{"s_given_m": 0.007, "s_given_not_m": 0.029, "both": 0.15254237288135594, "just_main": 0.15434731106372898, "just_spurious": 0.9977973568281938, "neither": 0.9919143028665767, "cf_score": 0.03389830508474576}