{"s_given_m": 0.025, "s_given_not_m": 0.009, "both": 0.16355140186915887, "just_main": 0.2548570049475081, "just_spurious": 0.9513888888888888, "neither": 0.9748110831234257, "cf_score": 0.0514018691588785}