{"s_given_m": 0.05, "s_given_not_m": 0.039, "both": 0.34660421545667447, "just_main": 0.247584840227892, "just_spurious": 0.9579395085066162, "neither": 0.9752638459935199, "cf_score": 0.03747072599531616}