{"s_given_m": 0.032, "s_given_not_m": 0.015, "both": 0.08058608058608059, "just_main": 0.15678172095284396, "just_spurious": 0.9762944479101684, "neither": 0.9923185713097252, "cf_score": 0.007326007326007326}