{"s_given_m": 0.0, "s_given_not_m": 0.017, "both": -1, "just_main": 0.25258823529411767, "just_spurious": 1.0, "neither": 0.9741450436169128, "cf_score": -1}