{"s_given_m": 0.257, "s_given_not_m": 0.045, "both": 0.4196796338672769, "just_main": 0.194743508549715, "just_spurious": 0.8550548112058465, "neither": 0.9802117108525653, "cf_score": 0.07093821510297482}