{"s_given_m": 0.081, "s_given_not_m": 0.026, "both": 0.19854014598540146, "just_main": 0.150460593654043, "just_spurious": 0.9618294360385145, "neither": 0.9929078014184397, "cf_score": 0.026277372262773723}