{"s_given_m": 0.009, "s_given_not_m": 0.031, "both": 0.013513513513513514, "just_main": 0.25465764803607455, "just_spurious": 0.9970605526161082, "neither": 0.9738776507745526, "cf_score": 0.0}