{"s_given_m": 0.001, "s_given_not_m": 0.027, "both": -1, "just_main": 0.25285596513955955, "just_spurious": 0.998991935483871, "neither": 0.9739162999719128, "cf_score": -1}