{"s_given_m": 0.004, "s_given_not_m": 0.037, "both": 0.05263157894736842, "just_main": 0.2534562211981567, "just_spurious": 0.9978054133138259, "neither": 0.9736954156218952, "cf_score": 0.0}