{"s_given_m": 0.036, "s_given_not_m": 0.048, "both": 0.09771986970684039, "just_main": 0.2583597754454479, "just_spurious": 0.9956298688960669, "neither": 0.9735369248873453, "cf_score": 0.03908794788273615}