{"s_given_m": 0.005, "s_given_not_m": 0.001, "both": 0.20454545454545456, "just_main": 0.15407354853967128, "just_spurious": 0.9586206896551724, "neither": 0.9921288569057196, "cf_score": 0.022727272727272728}