{"s_given_m": 0.034, "s_given_not_m": 0.013, "both": 0.3875432525951557, "just_main": 0.24780808572820262, "just_spurious": 0.948936170212766, "neither": 0.9749298737727911, "cf_score": 0.04844290657439446}