{"s_given_m": 0.001, "s_given_not_m": 0.028, "both": -1, "just_main": 0.2529155377547414, "just_spurious": 1.0, "neither": 0.9738652123392931, "cf_score": -1}