{"s_given_m": 0.003, "s_given_not_m": 0.032, "both": 0.0, "just_main": 0.25333333333333335, "just_spurious": 0.9988770353733858, "neither": 0.9737818195511372, "cf_score": 0.0}