{"s_given_m": 0.017, "s_given_not_m": 0.013, "both": 0.11971830985915492, "just_main": 0.15492283766000717, "just_spurious": 0.9775524981897176, "neither": 0.9922697292560306, "cf_score": 0.04225352112676056}