{"s_given_m": 0.019, "s_given_not_m": 0.028, "both": 0.042682926829268296, "just_main": 0.15653112630442606, "just_spurious": 0.9977331606217616, "neither": 0.9919211231700688, "cf_score": 0.006097560975609756}