{"s_given_m": 0.138, "s_given_not_m": 0.021, "both": 0.45315161839863716, "just_main": 0.22041763341067286, "just_spurious": 0.8352441613588111, "neither": 0.9776507711926725, "cf_score": 0.04258943781942078}