{"s_given_m": 0.537, "s_given_not_m": 0.542, "both": 0.15566761675071256, "just_main": 0.15279187817258882, "just_spurious": 0.9909997649192329, "neither": 0.9933707596751075, "cf_score": 0.114667836000877}