{"s_given_m": 0.001, "s_given_not_m": 0.009, "both": -1, "just_main": 0.1544256120527307, "just_spurious": 1.0, "neither": 0.9920151427442548, "cf_score": -1}