{"s_given_m": 0.027, "s_given_not_m": 0.033, "both": 0.09482758620689655, "just_main": 0.1560043536098682, "just_spurious": 0.9916154276131918, "neither": 0.9921004067490208, "cf_score": 0.01293103448275862}