{"s_given_m": 0.001, "s_given_not_m": 0.028, "both": -1, "just_main": 0.15455295087760632, "just_spurious": 1.0, "neither": 0.9918568911878256, "cf_score": -1}