{"s_given_m": 0.131, "s_given_not_m": 0.013, "both": 0.2242152466367713, "just_main": 0.1437855402112104, "just_spurious": 0.9386459802538787, "neither": 0.9927838476302968, "cf_score": 0.04932735426008968}