{"s_given_m": 0.075, "s_given_not_m": 0.057, "both": 0.18210361067503925, "just_main": 0.25826551373346895, "just_spurious": 0.9706640876853643, "neither": 0.9748315344364851, "cf_score": 0.03924646781789639}