{"s_given_m": 0.019, "s_given_not_m": 0.007, "both": 0.35403726708074534, "just_main": 0.25059952038369304, "just_spurious": 0.9363867684478372, "neither": 0.9748715596330275, "cf_score": 0.049689440993788817}