{"s_given_m": 0.109, "s_given_not_m": 0.024, "both": 0.23809523809523808, "just_main": 0.1441203642602613, "just_spurious": 0.951729380463702, "neither": 0.9930754514488358, "cf_score": 0.030303030303030304}