{"s_given_m": 0.016, "s_given_not_m": 0.021, "both": 0.14285714285714285, "just_main": 0.25430210325047803, "just_spurious": 0.9753195240193918, "neither": 0.974580763972209, "cf_score": 0.045112781954887216}