{"s_given_m": 0.03, "s_given_not_m": 0.012, "both": 0.4296875, "just_main": 0.24705882352941178, "just_spurious": 0.9458646616541353, "neither": 0.9749483661577045, "cf_score": 0.03125}