{"s_given_m": 0.019, "s_given_not_m": 0.028, "both": 0.07926829268292683, "just_main": 0.25596737435528366, "just_spurious": 0.9935233160621761, "neither": 0.974048248327054, "cf_score": 0.018292682926829267}