{"s_given_m": 0.033, "s_given_not_m": 0.017, "both": 0.24014336917562723, "just_main": 0.2529798102651423, "just_spurious": 0.909041394335512, "neither": 0.9757109773043076, "cf_score": 0.05734767025089606}