{"s_given_m": 0.049, "s_given_not_m": 0.047, "both": 0.11722488038277512, "just_main": 0.25955709513794384, "just_spurious": 0.9825831702544031, "neither": 0.9742061217471053, "cf_score": 0.009569377990430622}