{"s_given_m": 0.027, "s_given_not_m": 0.033, "both": 0.16379310344827586, "just_main": 0.25504897811101707, "just_spurious": 0.9782001117942984, "neither": 0.974474615848147, "cf_score": 0.02586206896551724}