{"s_given_m": 0.002, "s_given_not_m": 0.018, "both": -1, "just_main": 0.2530645921735031, "just_spurious": 0.9964120963608406, "neither": 0.9742013261000603, "cf_score": -1}