{"s_given_m": 0.09, "s_given_not_m": 0.034, "both": 0.3111111111111111, "just_main": 0.2467683557394002, "just_spurious": 0.9245999457553566, "neither": 0.9763334244432087, "cf_score": 0.06666666666666667}