{"s_given_m": 0.138, "s_given_not_m": 0.021, "both": 0.3151618398637138, "just_main": 0.12856557936399618, "just_spurious": 0.9299363057324841, "neither": 0.9934469566512459, "cf_score": 0.03492333901192504}