{"s_given_m": 0.008, "s_given_not_m": 0.023, "both": 0.0, "just_main": 0.15550551143771482, "just_spurious": 0.9996101364522417, "neither": 0.9919045709329329, "cf_score": 0.0}