{"s_given_m": 0.027, "s_given_not_m": 0.038, "both": 0.15859030837004406, "just_main": 0.2551365723954556, "just_spurious": 0.9889369889369889, "neither": 0.9740315067974401, "cf_score": 0.05286343612334802}