{"s_given_m": 0.028, "s_given_not_m": 0.109, "both": 0.04583333333333333, "just_main": 0.15748698704757294, "just_spurious": 0.998751144783948, "neither": 0.9912656609562772, "cf_score": 0.008333333333333333}