{"s_given_m": 0.28, "s_given_not_m": 0.095, "both": 0.27887442251154976, "just_main": 0.2423202614379085, "just_spurious": 0.915038968536515, "neither": 0.9808235992474319, "cf_score": 0.07727845443091139}