{"s_given_m": 0.049, "s_given_not_m": 0.023, "both": 0.30071599045346065, "just_main": 0.25006186587478346, "just_spurious": 0.9050279329608939, "neither": 0.9762211036539895, "cf_score": 0.07637231503579953}