{"s_given_m": 0.008, "s_given_not_m": 0.027, "both": 0.05714285714285714, "just_main": 0.2541809986952912, "just_spurious": 0.9983079526226735, "neither": 0.9739401484587807, "cf_score": 0.014285714285714285}