{"s_given_m": 0.131, "s_given_not_m": 0.013, "both": 0.3542600896860987, "just_main": 0.2372055239642567, "just_spurious": 0.8392101551480959, "neither": 0.9763675623800384, "cf_score": 0.06457399103139014}