{"s_given_m": 0.35, "s_given_not_m": 0.057, "both": 0.23032952252858105, "just_main": 0.11344309752125928, "just_spurious": 0.9422365245374095, "neither": 0.995075841693138, "cf_score": 0.04001344989912576}