{"s_given_m": 0.019, "s_given_not_m": 0.016, "both": 0.1951219512195122, "just_main": 0.1535324457238815, "just_spurious": 0.9904225352112676, "neither": 0.992111914527224, "cf_score": 0.018292682926829267}