{"s_given_m": 0.009, "s_given_not_m": 0.022, "both": 0.0125, "just_main": 0.25483909274432964, "just_spurious": 0.9991755976916735, "neither": 0.974040611028316, "cf_score": 0.0}