{"s_given_m": 0.002, "s_given_not_m": 0.015, "both": -1, "just_main": 0.25294533459000945, "just_spurious": 0.9988221436984688, "neither": 0.9742154540744579, "cf_score": -1}