{"s_given_m": 0.209, "s_given_not_m": 0.026, "both": 0.25986471251409243, "just_main": 0.12650512858629404, "just_spurious": 0.9362947658402204, "neither": 0.9936004191538332, "cf_score": 0.06595264937993235}