{"s_given_m": 0.002, "s_given_not_m": 0.014, "both": -1, "just_main": 0.25291691219799645, "just_spurious": 0.9980171844018506, "neither": 0.9742687465942571, "cf_score": -1}