{"s_given_m": 0.073, "s_given_not_m": 0.038, "both": 0.1338709677419355, "just_main": 0.15594467707143764, "just_spurious": 0.9837437245995697, "neither": 0.9924149882105622, "cf_score": 0.008064516129032258}