{"s_given_m": 0.069, "s_given_not_m": 0.035, "both": 0.12585034013605442, "just_main": 0.15645140907367622, "just_spurious": 0.973142112125163, "neither": 0.992770242848109, "cf_score": 0.05102040816326531}