{"s_given_m": 0.002, "s_given_not_m": 0.016, "both": -1, "just_main": 0.15447154471544716, "just_spurious": 1.0, "neither": 0.991958617881665, "cf_score": -1}