{"s_given_m": 0.002, "s_given_not_m": 0.014, "both": -1, "just_main": 0.15462581025338834, "just_spurious": 0.998678122934567, "neither": 0.9919924634950542, "cf_score": -1}