{"s_given_m": 0.069, "s_given_not_m": 0.035, "both": 0.22448979591836735, "just_main": 0.25464425628712245, "just_spurious": 0.9233376792698826, "neither": 0.9764513784674047, "cf_score": 0.09863945578231292}