{"s_given_m": 0.109, "s_given_not_m": 0.024, "both": 0.3841991341991342, "just_main": 0.23650521314504422, "just_spurious": 0.8650703154694033, "neither": 0.9772852410060193, "cf_score": 0.030303030303030304}