{"s_given_m": 0.007, "s_given_not_m": 0.031, "both": 0.01694915254237288, "just_main": 0.25420516465292586, "just_spurious": 0.9921580017426663, "neither": 0.9740274395117685, "cf_score": 0.01694915254237288}