{"s_given_m": 0.013, "s_given_not_m": 0.055, "both": 0.045871559633027525, "just_main": 0.2552430886558627, "just_spurious": 0.9965104685942173, "neither": 0.973325109860458, "cf_score": 0.027522935779816515}