{"s_given_m": 0.003, "s_given_not_m": 0.032, "both": 0.0, "just_main": 0.15480825958702066, "just_spurious": 0.9997192588433464, "neither": 0.9918285886428679, "cf_score": 0.0}