{"s_given_m": 0.073, "s_given_not_m": 0.038, "both": 0.2435483870967742, "just_main": 0.25326735185890115, "just_spurious": 0.9538608654076022, "neither": 0.9754173650369781, "cf_score": 0.024193548387096774}