{"s_given_m": 0.133, "s_given_not_m": 0.016, "both": 0.35106382978723405, "just_main": 0.12423708124237082, "just_spurious": 0.9108061749571184, "neither": 0.9934004091190981, "cf_score": 0.10815602836879433}