{"s_given_m": 0.35, "s_given_not_m": 0.057, "both": 0.36012104909213183, "just_main": 0.19468065858512756, "just_spurious": 0.8473049074818987, "neither": 0.9822344092458314, "cf_score": 0.05043712172158709}