{"s_given_m": 0.007, "s_given_not_m": 0.019, "both": 0.03389830508474576, "just_main": 0.2540867093105899, "just_spurious": 0.9981176470588236, "neither": 0.9741317654489555, "cf_score": 0.01694915254237288}