{"s_given_m": 0.013, "s_given_not_m": 0.055, "both": 0.009174311926605505, "just_main": 0.15622020972354622, "just_spurious": 0.9991691591890993, "neither": 0.991673733713669, "cf_score": 0.009174311926605505}