{"s_given_m": 0.014, "s_given_not_m": 0.001, "both": 0.5565217391304348, "just_main": 0.24839017409968997, "just_spurious": 0.8137254901960784, "neither": 0.9747456329090842, "cf_score": 0.0782608695652174}