{"s_given_m": 0.055, "s_given_not_m": 0.017, "both": 0.3169164882226981, "just_main": 0.24881752551655464, "just_spurious": 0.9014752370916754, "neither": 0.9758823965593949, "cf_score": 0.08779443254817987}