{"s_given_m": 0.006, "s_given_not_m": 0.021, "both": 0.12195121951219512, "just_main": 0.2623762376237624, "just_spurious": 0.9949174078780177, "neither": 0.9891559068143179, "cf_score": 0.0}