{"s_given_m": 0.008, "s_given_not_m": 0.016, "both": 0.05084745762711865, "just_main": 0.3404707884288145, "just_spurious": 0.9889928453494772, "neither": 0.9770114942528736, "cf_score": 0.0}