{"s_given_m": 0.0, "s_given_not_m": 0.028, "both": -1, "just_main": 0.3382104670793472, "just_spurious": 1.0, "neither": 0.9765580913438856, "cf_score": -1}