{"s_given_m": 0.01, "s_given_not_m": 0.019, "both": 0.08823529411764706, "just_main": 0.2632400965497657, "just_spurious": 0.9927606177606177, "neither": 0.989212127877988, "cf_score": 0.058823529411764705}