{"s_given_m": 0.029, "s_given_not_m": 0.03, "both": 0.09569377990430622, "just_main": 0.26658939437844104, "just_spurious": 0.9891402714932127, "neither": 0.9892825024800438, "cf_score": 0.028708133971291867}