{"s_given_m": 0.011, "s_given_not_m": 0.018, "both": 0.0759493670886076, "just_main": 0.2636518771331058, "just_spurious": 0.9945972495088409, "neither": 0.9891790361004215, "cf_score": 0.02531645569620253}