{"s_given_m": 0.002, "s_given_not_m": 0.026, "both": -1, "just_main": 0.33873696081195376, "just_spurious": 0.9982900136798906, "neither": 0.9766378450282673, "cf_score": -1}