{"s_given_m": 0.001, "s_given_not_m": 0.036, "both": -1, "just_main": 0.3382580554383003, "just_spurious": 1.0, "neither": 0.9763681128063566, "cf_score": -1}