{"s_given_m": 0.013, "s_given_not_m": 0.001, "both": 0.35106382978723405, "just_main": 0.33789368676072395, "just_spurious": 0.8780487804878049, "neither": 0.9773171368625791, "cf_score": 0.0425531914893617}