{"s_given_m": 0.295, "s_given_not_m": 0.013, "both": 0.39124226558781533, "just_main": 0.20718562874251498, "just_spurious": 0.8396358543417367, "neither": 0.991225352626016, "cf_score": 0.046644455021418375}