{"s_given_m": 0.007, "s_given_not_m": 0.029, "both": 0.10416666666666667, "just_main": 0.2626362735381566, "just_spurious": 0.99812734082397, "neither": 0.9890156707294484, "cf_score": 0.0}