{"s_given_m": 0.011, "s_given_not_m": 0.035, "both": 0.0625, "just_main": 0.2638316029014365, "just_spurious": 0.9979423868312757, "neither": 0.9889642830512266, "cf_score": 0.0375}