{"s_given_m": 0.0, "s_given_not_m": 0.024, "both": -1, "just_main": 0.33811533052039383, "just_spurious": 0.9996194824961948, "neither": 0.976664701330287, "cf_score": -1}