{"s_given_m": 0.089, "s_given_not_m": 0.034, "both": 0.23270440251572327, "just_main": 0.2644015444015444, "just_spurious": 0.9709119496855346, "neither": 0.9899310730253353, "cf_score": 0.059748427672955975}