{"s_given_m": 0.001, "s_given_not_m": 0.027, "both": -1, "just_main": 0.26171380329252847, "just_spurious": 0.999664654594232, "neither": 0.9889919958592898, "cf_score": -1}