{"s_given_m": 0.006, "s_given_not_m": 0.009, "both": 0.07317073170731707, "just_main": 0.26265912305516265, "just_spurious": 0.9927536231884058, "neither": 0.9892477996552037, "cf_score": 0.04878048780487805}