{"s_given_m": 0.065, "s_given_not_m": 0.036, "both": 0.11904761904761904, "just_main": 0.27146939389381863, "just_spurious": 0.9752587730371118, "neither": 0.9897962038893812, "cf_score": 0.06926406926406926}