{"s_given_m": 0.01, "s_given_not_m": 0.019, "both": 0.14705882352941177, "just_main": 0.3399119693312509, "just_spurious": 0.9681467181467182, "neither": 0.9773793811409297, "cf_score": 0.07352941176470588}