{"s_given_m": 0.048, "s_given_not_m": 0.038, "both": 0.14411764705882352, "just_main": 0.3478068232166593, "just_spurious": 0.9758351101634684, "neither": 0.9772614651021457, "cf_score": 0.04411764705882353}