{"s_given_m": 0.037, "s_given_not_m": 0.059, "both": 0.13793103448275862, "just_main": 0.2662773722627737, "just_spurious": 0.9927051671732523, "neither": 0.9890626792611572, "cf_score": 0.02681992337164751}