{"s_given_m": 0.14, "s_given_not_m": 0.033, "both": 0.23084677419354838, "just_main": 0.35545023696682465, "just_spurious": 0.962561041779707, "neither": 0.9777095543771513, "cf_score": 0.04536290322580645}