{"s_given_m": 0.001, "s_given_not_m": 0.015, "both": -1, "just_main": 0.3383056571911061, "just_spurious": 0.9994138335287222, "neither": 0.9768612405225175, "cf_score": -1}