{"s_given_m": 0.074, "s_given_not_m": 0.009, "both": 0.25946969696969696, "just_main": 0.2617347713808294, "just_spurious": 0.9175662414131501, "neither": 0.9899416287662155, "cf_score": 0.06628787878787878}