{"s_given_m": 0.073, "s_given_not_m": 0.016, "both": 0.23984526112185686, "just_main": 0.2632696390658174, "just_spurious": 0.9669756662804172, "neither": 0.9896299680219278, "cf_score": 0.05609284332688588}