{"s_given_m": 0.016, "s_given_not_m": 0.007, "both": 0.31896551724137934, "just_main": 0.3383845604002859, "just_spurious": 0.9675090252707581, "neither": 0.9772803479994563, "cf_score": 0.034482758620689655}