{"s_given_m": 0.04, "s_given_not_m": 0.039, "both": 0.24295774647887325, "just_main": 0.34202431521898347, "just_spurious": 0.9814857142857143, "neither": 0.9770320502617017, "cf_score": 0.035211267605633804}