{"s_given_m": 0.005, "s_given_not_m": 0.027, "both": 0.15151515151515152, "just_main": 0.3389375529810681, "just_spurious": 0.9989973262032086, "neither": 0.9766046735191896, "cf_score": 0.06060606060606061}