{"s_given_m": 0.478, "s_given_not_m": 0.076, "both": 0.3133097762073027, "just_main": 0.2142664872139973, "just_spurious": 0.9239426608221775, "neither": 0.9946464204020051, "cf_score": 0.21054181389870436}