{"s_given_m": 0.005, "s_given_not_m": 0.055, "both": 0.10526315789473684, "just_main": 0.2624063339459918, "just_spurious": 0.9993430776810642, "neither": 0.988695081218419, "cf_score": 0.02631578947368421}