{"s_given_m": 0.025, "s_given_not_m": 0.009, "both": 0.430939226519337, "just_main": 0.33564213564213563, "just_spurious": 0.9020172910662824, "neither": 0.9779180097153494, "cf_score": 0.09392265193370165}