{"s_given_m": 0.025, "s_given_not_m": 0.012, "both": 0.23295454545454544, "just_main": 0.26229271809661137, "just_spurious": 0.941351150705271, "neither": 0.9898660645184787, "cf_score": 0.056818181818181816}