{"s_given_m": 0.008, "s_given_not_m": 0.029, "both": 0.08771929824561403, "just_main": 0.2629713637652396, "just_spurious": 0.9965408805031446, "neither": 0.9890644097929553, "cf_score": 0.017543859649122806}