{"s_given_m": 0.035, "s_given_not_m": 0.035, "both": 0.056910569105691054, "just_main": 0.26890021849963586, "just_spurious": 0.9979317476732161, "neither": 0.9889663398814627, "cf_score": 0.04878048780487805}