{"s_given_m": 0.099, "s_given_not_m": 0.015, "both": 0.24362606232294617, "just_main": 0.3484777517564403, "just_spurious": 0.9159613059250302, "neither": 0.9781322474023484, "cf_score": 0.09915014164305949}