{"s_given_m": 0.0, "s_given_not_m": 0.015, "both": -1, "just_main": 0.2616033755274262, "just_spurious": 0.999395039322444, "neither": 0.9891255717977046, "cf_score": -1}