{"s_given_m": 0.072, "s_given_not_m": 0.024, "both": 0.37109375, "just_main": 0.33550537960297017, "just_spurious": 0.8511680482290882, "neither": 0.9802897108420412, "cf_score": 0.126953125}