{"s_given_m": 0.011, "s_given_not_m": 0.035, "both": 0.125, "just_main": 0.34049210638600486, "just_spurious": 0.996141975308642, "neither": 0.9765211393632093, "cf_score": 0.0375}