{"s_given_m": 0.016, "s_given_not_m": 0.049, "both": 0.09734513274336283, "just_main": 0.264218348099457, "just_spurious": 0.9972512369433755, "neither": 0.9888667127006499, "cf_score": 0.035398230088495575}