{"s_given_m": 0.001, "s_given_not_m": 0.027, "both": -1, "just_main": 0.33811734909244406, "just_spurious": 0.999664654594232, "neither": 0.9765883505554837, "cf_score": -1}