{"s_given_m": 0.23, "s_given_not_m": 0.024, "both": 0.4412484700122399, "just_main": 0.30728501004199377, "just_spurious": 0.7841753343239227, "neither": 0.9819973452306331, "cf_score": 0.033659730722154224}