{"s_given_m": 0.0, "s_given_not_m": 0.032, "both": -1, "just_main": 0.3382104670793472, "just_spurious": 0.999163179916318, "neither": 0.9764757275236776, "cf_score": -1}