{"s_given_m": 0.001, "s_given_not_m": 0.009, "both": -1, "just_main": 0.338164931044188, "just_spurious": 0.9979057591623036, "neither": 0.9770279710762921, "cf_score": -1}