{"s_given_m": 0.084, "s_given_not_m": 0.043, "both": 0.20336134453781513, "just_main": 0.3503683241252302, "just_spurious": 0.9601013299556681, "neither": 0.9779686017343268, "cf_score": 0.031932773109243695}