{"s_given_m": 0.025, "s_given_not_m": 0.012, "both": 0.3693181818181818, "just_main": 0.3372746935832733, "just_spurious": 0.8314773570898293, "neither": 0.9789946189075746, "cf_score": 0.07386363636363637}