{"s_given_m": 0.102, "s_given_not_m": 0.011, "both": 0.6551724137931034, "just_main": 0.3020670216097714, "just_spurious": 0.7322899505766063, "neither": 0.9799112420654408, "cf_score": 0.08689655172413793}