{"s_given_m": 0.154, "s_given_not_m": 0.016, "both": 0.2987249544626594, "just_main": 0.3452519540994512, "just_spurious": 0.896008993816751, "neither": 0.9785277475616333, "cf_score": 0.11293260473588343}