{"s_given_m": 0.024, "s_given_not_m": 0.038, "both": 0.05952380952380952, "just_main": 0.2664554227279274, "just_spurious": 0.9976286459568413, "neither": 0.9889490365467142, "cf_score": 0.03571428571428571}