{"s_given_m": 0.307, "s_given_not_m": 0.057, "both": 0.32540045766590386, "just_main": 0.3436865611043443, "just_spurious": 0.9103863204559848, "neither": 0.9812321190158306, "cf_score": 0.04851258581235698}