{"s_given_m": 0.099, "s_given_not_m": 0.015, "both": 0.23512747875354106, "just_main": 0.2644808743169399, "just_spurious": 0.9298669891172914, "neither": 0.9901754898559194, "cf_score": 0.08923512747875353}