{"s_given_m": 0.0, "s_given_not_m": 0.02, "both": -1, "just_main": 0.26167698368036013, "just_spurious": 0.9995571302037201, "neither": 0.9890651682917424, "cf_score": -1}