{"s_given_m": 0.307, "s_given_not_m": 0.057, "both": 0.2933638443935927, "just_main": 0.24746244417377183, "just_spurious": 0.9376187460417986, "neither": 0.9923898531375167, "cf_score": 0.055835240274599546}