{"s_given_m": 0.086, "s_given_not_m": 0.021, "both": 0.3723577235772358, "just_main": 0.33482142857142855, "just_spurious": 0.8857142857142857, "neither": 0.9791486781915382, "cf_score": 0.08943089430894309}