{"s_given_m": 0.001, "s_given_not_m": 0.03, "both": -1, "just_main": 0.3382580554383003, "just_spurious": 0.9997050147492625, "neither": 0.9764997309483606, "cf_score": -1}