{"s_given_m": 0.001, "s_given_not_m": 0.019, "both": -1, "just_main": 0.2616164460715292, "just_spurious": 0.9995313964386129, "neither": 0.9890776031254013, "cf_score": -1}