{"s_given_m": 0.189, "s_given_not_m": 0.02, "both": 0.5148809523809523, "just_main": 0.2968614530951968, "just_spurious": 0.7349615558570782, "neither": 0.9821226999495251, "cf_score": 0.036458333333333336}