{"s_given_m": 0.04, "s_given_not_m": 0.039, "both": 0.2323943661971831, "just_main": 0.26278013768858943, "just_spurious": 0.9881142857142857, "neither": 0.9893259426409865, "cf_score": 0.02464788732394366}