{"s_given_m": 0.013, "s_given_not_m": 0.049, "both": 0.18947368421052632, "just_main": 0.26254275940706956, "just_spurious": 0.9968709736793668, "neither": 0.9888881533529407, "cf_score": 0.021052631578947368}