{"s_given_m": 0.001, "s_given_not_m": 0.017, "both": -1, "just_main": 0.3384009009009009, "just_spurious": 1.0, "neither": 0.9768091006433781, "cf_score": -1}