{"s_given_m": 0.042, "s_given_not_m": 0.04, "both": 0.2292358803986711, "just_main": 0.34287812041116006, "just_spurious": 0.982007996446024, "neither": 0.9770047059264676, "cf_score": 0.019933554817275746}