{"s_given_m": 0.016, "s_given_not_m": 0.049, "both": 0.07079646017699115, "just_main": 0.3423835381537582, "just_spurious": 0.995968480850284, "neither": 0.9762388974545729, "cf_score": 0.017699115044247787}