{"s_given_m": 0.09, "s_given_not_m": 0.027, "both": 0.19595645412130638, "just_main": 0.2680890538033395, "just_spurious": 0.9654237288135593, "neither": 0.9899284829893001, "cf_score": 0.041990668740279936}