{"s_given_m": 0.0, "s_given_not_m": 0.032, "both": -1, "just_main": 0.2615362971299944, "just_spurious": 0.999442119944212, "neither": 0.9889395953193111, "cf_score": -1}