{"s_given_m": 0.001, "s_given_not_m": 0.031, "both": -1, "just_main": 0.2617874736101337, "just_spurious": 1.0, "neither": 0.9889328356823204, "cf_score": -1}