{"s_given_m": 0.008, "s_given_not_m": 0.029, "both": 0.14035087719298245, "just_main": 0.3396654380493337, "just_spurious": 0.9952830188679245, "neither": 0.9766750620393347, "cf_score": 0.03508771929824561}