{"s_given_m": 0.005, "s_given_not_m": 0.027, "both": 0.06060606060606061, "just_main": 0.2625035320712066, "just_spurious": 1.0, "neither": 0.9889817348221549, "cf_score": 0.030303030303030304}