{"s_given_m": 0.006, "s_given_not_m": 0.021, "both": 0.17073170731707318, "just_main": 0.33903818953323905, "just_spurious": 0.98856416772554, "neither": 0.9769608969351652, "cf_score": 0.0}