{"s_given_m": 0.251, "s_given_not_m": 0.099, "both": 0.2617713004484305, "just_main": 0.36361929791627556, "just_spurious": 0.9520473157415833, "neither": 0.9799672608947357, "cf_score": 0.06109865470852018}