{"s_given_m": 0.072, "s_given_not_m": 0.024, "both": 0.255859375, "just_main": 0.2620093953629338, "just_spurious": 0.9321778447626224, "neither": 0.9906747019037615, "cf_score": 0.09375}