{"s_given_m": 0.002, "s_given_not_m": 0.026, "both": -1, "just_main": 0.26205243868057515, "just_spurious": 0.9993160054719562, "neither": 0.9890071315079629, "cf_score": -1}