{"s_given_m": 0.073, "s_given_not_m": 0.016, "both": 0.2901353965183752, "just_main": 0.34182590233545646, "just_spurious": 0.9171494785631518, "neither": 0.9781544084056647, "cf_score": 0.06576402321083172}