{"s_given_m": 0.106, "s_given_not_m": 0.016, "both": 0.2692307692307692, "just_main": 0.2606575428661318, "just_spurious": 0.9156829679595279, "neither": 0.9904750587310438, "cf_score": 0.04907161803713528}