{"s_given_m": 0.154, "s_given_not_m": 0.016, "both": 0.3069216757741348, "just_main": 0.25328455014136037, "just_spurious": 0.8993816750983699, "neither": 0.9907401482673199, "cf_score": 0.12568306010928962}