{"s_given_m": 0.0, "s_given_not_m": 0.031, "both": -1, "just_main": 0.33816289210859474, "just_spurious": 0.9994259471871412, "neither": 0.9764885042528693, "cf_score": -1}