{"s_given_m": 0.407, "s_given_not_m": 0.551, "both": 0.2524171270718232, "just_main": 0.26785290628707, "just_spurious": 0.9915222398275045, "neither": 0.9865284144364154, "cf_score": 0.14986187845303867}