{"s_given_m": 0.011, "s_given_not_m": 0.018, "both": 0.08860759493670886, "just_main": 0.3408703071672355, "just_spurious": 0.9887033398821218, "neither": 0.9769928532160528, "cf_score": 0.02531645569620253}