{"s_given_m": 0.011, "s_given_not_m": 0.029, "both": 0.0759493670886076, "just_main": 0.2636518771331058, "just_spurious": 0.9966401954795358, "neither": 0.9890548831346962, "cf_score": 0.05063291139240506}