{"s_given_m": 0.189, "s_given_not_m": 0.02, "both": 0.3898809523809524, "just_main": 0.23166290965840125, "just_spurious": 0.8656716417910447, "neither": 0.9917863534162346, "cf_score": 0.04092261904761905}