{"s_given_m": 0.478, "s_given_not_m": 0.076, "both": 0.4128386336866902, "just_main": 0.2697173620457604, "just_spurious": 0.8407771591043716, "neither": 0.9884168005061567, "cf_score": 0.2579505300353357}