{"s_given_m": 0.168, "s_given_not_m": 0.028, "both": 0.36923076923076925, "just_main": 0.5297397769516728, "just_spurious": 0.9702786377708978, "neither": 0.9975335490372885, "cf_score": 0.06153846153846154}