{"s_given_m": 0.0, "s_given_not_m": 0.008, "both": -1, "just_main": 0.5028365136668386, "just_spurious": 1.0, "neither": 0.9967500953305369, "cf_score": -1}