{"s_given_m": 0.063, "s_given_not_m": 0.026, "both": 0.21951219512195122, "just_main": 0.5220264317180616, "just_spurious": 0.9779822543542557, "neither": 0.9972816733595163, "cf_score": 0.15447154471544716}