{"s_given_m": 0.004, "s_given_not_m": 0.034, "both": -1, "just_main": 0.6252587991718427, "just_spurious": 1.0, "neither": 0.9965832347157589, "cf_score": -1}