{"s_given_m": 0.003, "s_given_not_m": 0.018, "both": -1, "just_main": 0.6233833419555096, "just_spurious": 0.9990516832622096, "neither": 0.9966561331944432, "cf_score": -1}