{"s_given_m": 0.0, "s_given_not_m": 0.006, "both": -1, "just_main": 0.5028365136668386, "just_spurious": 1.0, "neither": 0.9967572615722525, "cf_score": -1}