{"s_given_m": 0.023, "s_given_not_m": 0.019, "both": 0.26666666666666666, "just_main": 0.6314677930306231, "just_spurious": 0.986351228389445, "neither": 0.9968988173455979, "cf_score": 0.022222222222222223}