{"s_given_m": 0.381, "s_given_not_m": 0.095, "both": 0.5555555555555556, "just_main": 0.6644462947543713, "just_spurious": 0.9821605550049554, "neither": 0.9982327623065302, "cf_score": 0.27235772357723576}