{"s_given_m": 0.063, "s_given_not_m": 0.109, "both": 0.14634146341463414, "just_main": 0.6552863436123348, "just_spurious": 0.998181961900245, "neither": 0.9965187035304782, "cf_score": 0.032520325203252036}