{"s_given_m": 0.012, "s_given_not_m": 0.038, "both": 0.13043478260869565, "just_main": 0.5073068893528184, "just_spurious": 0.9984195077895688, "neither": 0.9967119077189753, "cf_score": 0.043478260869565216}