{"s_given_m": 0.002, "s_given_not_m": 0.002, "both": -1, "just_main": 0.5036157024793388, "just_spurious": 0.9953271028037384, "neither": 0.9967795822067611, "cf_score": -1}