{"s_given_m": 0.0, "s_given_not_m": 0.034, "both": -1, "just_main": 0.6230015471892728, "just_spurious": 0.999746963562753, "neither": 0.9965924054236805, "cf_score": -1}