{"s_given_m": 0.053, "s_given_not_m": 0.013, "both": 0.4117647058823529, "just_main": 0.6347305389221557, "just_spurious": 0.97911051212938, "neither": 0.9969268003900265, "cf_score": 0.0392156862745098}