{"s_given_m": 0.013, "s_given_not_m": 0.059, "both": 0.04, "just_main": 0.5088819226750261, "just_spurious": 0.9994131455399061, "neither": 0.9966128619946683, "cf_score": 0.0}