{"s_given_m": 0.006, "s_given_not_m": 0.038, "both": -1, "just_main": 0.5051867219917012, "just_spurious": 0.9997733454215775, "neither": 0.9966588050314465, "cf_score": -1}