{"s_given_m": 0.002, "s_given_not_m": 0.002, "both": -1, "just_main": 0.6239669421487604, "just_spurious": 0.9953271028037384, "neither": 0.9967020855218971, "cf_score": -1}