{"s_given_m": 0.002, "s_given_not_m": 0.038, "both": -1, "just_main": 0.5038759689922481, "just_spurious": 0.9997717416115042, "neither": 0.9966597300990471, "cf_score": -1}