{"s_given_m": 0.013, "s_given_not_m": 0.059, "both": 0.08, "just_main": 0.6300940438871473, "just_spurious": 0.9991197183098591, "neither": 0.9965489537304166, "cf_score": 0.0}