{"s_given_m": 0.119, "s_given_not_m": 0.035, "both": 0.41739130434782606, "just_main": 0.6506729081334114, "just_spurious": 0.982421875, "neither": 0.9972205395004098, "cf_score": 0.034782608695652174}