{"s_given_m": 0.0, "s_given_not_m": 0.017, "both": -1, "just_main": 0.5028365136668386, "just_spurious": 0.9994918699186992, "neither": 0.9967301975869908, "cf_score": -1}