{"s_given_m": 0.003, "s_given_not_m": 0.035, "both": -1, "just_main": 0.6240951396070321, "just_spurious": 1.0, "neither": 0.996578729318686, "cf_score": -1}