{"s_given_m": 0.002, "s_given_not_m": 0.038, "both": -1, "just_main": 0.6242894056847546, "just_spurious": 0.9997717416115042, "neither": 0.9965793492725535, "cf_score": -1}