{"s_given_m": 0.007, "s_given_not_m": 0.105, "both": -1, "just_main": 0.627012987012987, "just_spurious": 0.9999182806243361, "neither": 0.9963212340674856, "cf_score": -1}