{"s_given_m": 0.059, "s_given_not_m": 0.014, "both": 0.5391304347826087, "just_main": 0.6282894736842105, "just_spurious": 0.9816919191919192, "neither": 0.9969066954794187, "cf_score": 0.08695652173913043}