{"s_given_m": 0.001, "s_given_not_m": 0.019, "both": -1, "just_main": 0.6233230134158927, "just_spurious": 1.0, "neither": 0.9966341771264288, "cf_score": -1}