{"s_given_m": 0.001, "s_given_not_m": 0.036, "both": -1, "just_main": 0.6233230134158927, "just_spurious": 1.0, "neither": 0.9965778451118439, "cf_score": -1}