{"s_given_m": 0.065, "s_given_not_m": 0.019, "both": 0.2283464566929134, "just_main": 0.522075055187638, "just_spurious": 0.9718498659517426, "neither": 0.9972657961615985, "cf_score": 0.09448818897637795}