{"s_given_m": 0.0, "s_given_not_m": 0.022, "both": -1, "just_main": 0.5028365136668386, "just_spurious": 1.0, "neither": 0.996704803079032, "cf_score": -1}