{"s_given_m": 0.374, "s_given_not_m": 0.055, "both": 0.45655172413793105, "just_main": 0.5304777594728172, "just_spurious": 0.981052301910429, "neither": 0.9976901111292992, "cf_score": 0.21379310344827587}