{"s_given_m": 0.065, "s_given_not_m": 0.019, "both": 0.4015748031496063, "just_main": 0.6385209713024282, "just_spurious": 0.9638069705093834, "neither": 0.9973446674261678, "cf_score": 0.13385826771653545}