{"s_given_m": 0.003, "s_given_not_m": 0.008, "both": -1, "just_main": 0.6228660113812726, "just_spurious": 0.9989373007438895, "neither": 0.9966813104924311, "cf_score": -1}