{"s_given_m": 0.0, "s_given_not_m": 0.013, "both": -1, "just_main": 0.6230015471892728, "just_spurious": 0.999345977763244, "neither": 0.9966643151394804, "cf_score": -1}