{"s_given_m": 0.374, "s_given_not_m": 0.055, "both": 0.5682758620689655, "just_main": 0.6556836902800659, "just_spurious": 0.9780770435327278, "neither": 0.9977810516360197, "cf_score": 0.22344827586206897}