{"s_given_m": 0.005, "s_given_not_m": 0.04, "both": -1, "just_main": 0.6253886010362695, "just_spurious": 0.9997849462365591, "neither": 0.9965711113896399, "cf_score": -1}