{"s_given_m": 0.053, "s_given_not_m": 0.013, "both": 0.2549019607843137, "just_main": 0.5166031573217202, "just_spurious": 0.9797843665768194, "neither": 0.9969964479732554, "cf_score": 0.0392156862745098}