{"s_given_m": 0.009, "s_given_not_m": 0.02, "both": -1, "just_main": 0.5067637877211238, "just_spurious": 0.9995731967562953, "neither": 0.9967194421297312, "cf_score": -1}