{"s_given_m": 0.002, "s_given_not_m": 0.028, "both": -1, "just_main": 0.5036157024793388, "just_spurious": 0.9987631416202845, "neither": 0.99672012306169, "cf_score": -1}