{"s_given_m": 0.019, "s_given_not_m": 0.025, "both": 0.2972972972972973, "just_main": 0.6293375394321766, "just_spurious": 0.9954986149584487, "neither": 0.9967301251542394, "cf_score": 0.10810810810810811}