{"s_given_m": 0.001, "s_given_not_m": 0.016, "both": -1, "just_main": 0.6233230134158927, "just_spurious": 0.9994666666666666, "neither": 0.9966542328758746, "cf_score": -1}