{"s_given_m": 0.003, "s_given_not_m": 0.028, "both": -1, "just_main": 0.5041365046535677, "just_spurious": 0.9993840468124423, "neither": 0.9967020627580658, "cf_score": -1}