{"s_given_m": 0.009, "s_given_not_m": 0.02, "both": -1, "just_main": 0.627471383975026, "just_spurious": 0.9995731967562953, "neither": 0.9966404982237621, "cf_score": -1}