{"s_given_m": 0.0, "s_given_not_m": 0.034, "both": -1, "just_main": 0.5028365136668386, "just_spurious": 0.9994939271255061, "neither": 0.9966813765614435, "cf_score": -1}