{"s_given_m": 0.002, "s_given_not_m": 0.013, "both": -1, "just_main": 0.5038759689922481, "just_spurious": 0.9993416721527321, "neither": 0.9967429830443529, "cf_score": -1}