{"s_given_m": 0.007, "s_given_not_m": 0.105, "both": -1, "just_main": 0.5064935064935064, "just_spurious": 0.999836561248672, "neither": 0.9964172853973163, "cf_score": -1}