{"s_given_m": 0.007, "s_given_not_m": 0.013, "both": -1, "just_main": 0.6264935064935065, "just_spurious": 1.0, "neither": 0.9966554892653399, "cf_score": -1}