{"s_given_m": 0.168, "s_given_not_m": 0.028, "both": 0.47692307692307695, "just_main": 0.6524163568773235, "just_spurious": 0.9643962848297214, "neither": 0.9976219522976008, "cf_score": 0.024615384615384615}