{"s_given_m": 0.321, "s_given_not_m": 0.009, "both": 0.6051364365971108, "just_main": 0.6314589665653495, "just_spurious": 0.880188679245283, "neither": 0.9977708000832697, "cf_score": 0.0754414125200642}