{"s_given_m": 0.014, "s_given_not_m": 0.046, "both": 0.17857142857142858, "just_main": 0.5075876504447933, "just_spurious": 0.9986802413273002, "neither": 0.9966859983429992, "cf_score": 0.0}