{"s_given_m": 0.002, "s_given_not_m": 0.047, "both": -1, "just_main": 0.6239669421487604, "just_spurious": 0.9998190045248869, "neither": 0.9965440386923292, "cf_score": -1}