{"s_given_m": 0.014, "s_given_not_m": 0.046, "both": 0.2857142857142857, "just_main": 0.6279434850863422, "just_spurious": 0.9986802413273002, "neither": 0.9966049493894312, "cf_score": 0.03571428571428571}