{"s_given_m": 0.003, "s_given_not_m": 0.008, "both": -1, "just_main": 0.5033626487325401, "just_spurious": 0.9989373007438895, "neither": 0.9967592953633662, "cf_score": -1}