{"s_given_m": 0.019, "s_given_not_m": 0.025, "both": 0.16216216216216217, "just_main": 0.5094637223974764, "just_spurious": 0.996191135734072, "neither": 0.9967918209060462, "cf_score": 0.05405405405405406}