{"s_given_m": 0.003, "s_given_not_m": 0.028, "both": -1, "just_main": 0.6246122026887281, "just_spurious": 1.0, "neither": 0.9966048045552206, "cf_score": -1}