{"s_given_m": 0.0, "s_given_not_m": 0.026, "both": -1, "just_main": 0.6230015471892728, "just_spurious": 1.0, "neither": 0.9966114557503772, "cf_score": -1}