{"s_given_m": 0.134, "s_given_not_m": 0.028, "both": 0.528957528957529, "just_main": 0.6375, "just_spurious": 0.9773700305810398, "neither": 0.9972585295106033, "cf_score": 0.04247104247104247}