{"s_given_m": 0.004, "s_given_not_m": 0.053, "both": -1, "just_main": 0.5038839979285344, "just_spurious": 0.9998365746036935, "neither": 0.9966070634769435, "cf_score": -1}