{"s_given_m": 0.012, "s_given_not_m": 0.01, "both": 0.17391304347826086, "just_main": 0.5067849686847599, "just_spurious": 0.9891576313594662, "neither": 0.9968562471232925, "cf_score": 0.13043478260869565}