{"s_given_m": 0.085, "s_given_not_m": 0.072, "both": 0.3170731707317073, "just_main": 0.6512676056338028, "just_spurious": 0.9964015833033465, "neither": 0.9967225560359593, "cf_score": 0.036585365853658534}