{"s_given_m": 0.003, "s_given_not_m": 0.03, "both": -1, "just_main": 0.5033626487325401, "just_spurious": 1.0, "neither": 0.9966764158468493, "cf_score": -1}