{"s_given_m": 0.119, "s_given_not_m": 0.035, "both": 0.30434782608695654, "just_main": 0.5295494441193681, "just_spurious": 0.98388671875, "neither": 0.9972472650821366, "cf_score": 0.034782608695652174}