{"s_given_m": 0.134, "s_given_not_m": 0.028, "both": 0.4362934362934363, "just_main": 0.513095238095238, "just_spurious": 0.9785932721712538, "neither": 0.9973027467765613, "cf_score": 0.03861003861003861}