{"s_given_m": 0.059, "s_given_not_m": 0.014, "both": 0.3391304347826087, "just_main": 0.5131578947368421, "just_spurious": 0.985479797979798, "neither": 0.996932836081001, "cf_score": 0.02608695652173913}