{"s_given_m": 0.0, "s_given_not_m": 0.025, "both": -1, "just_main": 0.5318825910931174, "just_spurious": 0.9989572471324296, "neither": 0.9898885678910442, "cf_score": -1}