{"s_given_m": 0.003, "s_given_not_m": 0.015, "both": -1, "just_main": 0.44799594114662605, "just_spurious": 0.9988158673771462, "neither": 0.9972657706443194, "cf_score": -1}