{"s_given_m": 0.023, "s_given_not_m": 0.041, "both": 0.28888888888888886, "just_main": 0.45080269290523045, "just_spurious": 0.9983025673668576, "neither": 0.9972450785426283, "cf_score": 0.0}