{"s_given_m": 0.001, "s_given_not_m": 0.026, "both": -1, "just_main": 0.5321518987341772, "just_spurious": 0.9996578857338351, "neither": 0.9898664416759415, "cf_score": -1}