{"s_given_m": 0.025, "s_given_not_m": 0.031, "both": 0.20618556701030927, "just_main": 0.45317769130998703, "just_spurious": 0.9830993984531653, "neither": 0.9977355562772906, "cf_score": 0.08247422680412371}