{"s_given_m": 0.008, "s_given_not_m": 0.103, "both": 0.25, "just_main": 0.4487244897959184, "just_spurious": 0.9997458703939008, "neither": 0.9970057544133424, "cf_score": 0.0}