{"s_given_m": 0.001, "s_given_not_m": 0.036, "both": -1, "just_main": 0.4472018232463915, "just_spurious": 0.9997567501824374, "neither": 0.9971966177964872, "cf_score": -1}