{"s_given_m": 0.021, "s_given_not_m": 0.038, "both": 0.40476190476190477, "just_main": 0.4480351602895553, "just_spurious": 0.9993131868131868, "neither": 0.9972082533851064, "cf_score": 0.03571428571428571}