{"s_given_m": 0.002, "s_given_not_m": 0.019, "both": -1, "just_main": 0.4475152129817444, "just_spurious": 0.99906191369606, "neither": 0.9972549753571651, "cf_score": -1}