{"s_given_m": 0.003, "s_given_not_m": 0.047, "both": -1, "just_main": 0.44706778370144706, "just_spurious": 1.0, "neither": 0.9971563807147574, "cf_score": -1}