{"s_given_m": 0.0, "s_given_not_m": 0.014, "both": -1, "just_main": 0.44711538461538464, "just_spurious": 1.0, "neither": 0.9972514806539703, "cf_score": -1}