{"s_given_m": 0.003, "s_given_not_m": 0.03, "both": -1, "just_main": 0.4479695431472081, "just_spurious": 1.0, "neither": 0.9972037055411732, "cf_score": -1}