{"s_given_m": 0.022, "s_given_not_m": 0.111, "both": 0.4418604651162791, "just_main": 0.5338851526125195, "just_spurious": 0.9962168978562421, "neither": 0.9893553179139571, "cf_score": 0.011627906976744186}