{"s_given_m": 0.005, "s_given_not_m": 0.08, "both": -1, "just_main": 0.4481443823080834, "just_spurious": 1.0, "neither": 0.997052223194249, "cf_score": -1}