{"s_given_m": 0.019, "s_given_not_m": 0.025, "both": 0.11842105263157894, "just_main": 0.5399896800825593, "just_spurious": 0.9923211169284468, "neither": 0.9900601058580784, "cf_score": 0.06578947368421052}