{"s_given_m": 0.009, "s_given_not_m": 0.006, "both": 0.2857142857142857, "just_main": 0.44855756956854737, "just_spurious": 0.9865671641791045, "neither": 0.9973518673294329, "cf_score": 0.0}