{"s_given_m": 0.0, "s_given_not_m": 0.014, "both": -1, "just_main": 0.5318825910931174, "just_spurious": 0.9987071751777634, "neither": 0.9899989360570274, "cf_score": -1}