{"s_given_m": 0.0, "s_given_not_m": 0.039, "both": -1, "just_main": 0.5320172108327006, "just_spurious": 0.9993215739484396, "neither": 0.9897464358174193, "cf_score": -1}