{"s_given_m": 0.028, "s_given_not_m": 0.02, "both": 0.32142857142857145, "just_main": 0.45078125, "just_spurious": 0.9973799126637555, "neither": 0.9972868044089428, "cf_score": 0.008928571428571428}