{"s_given_m": 0.004, "s_given_not_m": 0.037, "both": -1, "just_main": 0.44881889763779526, "just_spurious": 1.0, "neither": 0.9971840709250781, "cf_score": -1}