{"s_given_m": 0.023, "s_given_not_m": 0.041, "both": 0.3888888888888889, "just_main": 0.5352149145520456, "just_spurious": 0.9913006577551453, "neither": 0.9900658626917954, "cf_score": 0.0}