{"s_given_m": 0.022, "s_given_not_m": 0.111, "both": 0.38372093023255816, "just_main": 0.4485256078634247, "just_spurious": 0.9991330390920555, "neither": 0.9970584473717867, "cf_score": 0.023255813953488372}