{"s_given_m": 0.001, "s_given_not_m": 0.015, "both": -1, "just_main": 0.5321518987341772, "just_spurious": 1.0, "neither": 0.98996928648783, "cf_score": -1}