{"s_given_m": 0.0, "s_given_not_m": 0.032, "both": -1, "just_main": 0.5318825910931174, "just_spurious": 1.0, "neither": 0.9897878954931181, "cf_score": -1}