{"s_given_m": 0.003, "s_given_not_m": 0.027, "both": -1, "just_main": 0.533113422989089, "just_spurious": 0.9990231195050472, "neither": 0.9898709375898763, "cf_score": -1}