{"s_given_m": 0.002, "s_given_not_m": 0.011, "both": -1, "just_main": 0.5329614604462475, "just_spurious": 0.9975288303130149, "neither": 0.9900372167855659, "cf_score": -1}