{"s_given_m": 0.021, "s_given_not_m": 0.014, "both": 0.30952380952380953, "just_main": 0.4501034126163392, "just_spurious": 0.9901659496004918, "neither": 0.9973914895127232, "cf_score": 0.023809523809523808}