{"s_given_m": 0.121, "s_given_not_m": 0.044, "both": 0.47489539748953974, "just_main": 0.5397236614853195, "just_spurious": 0.9807920792079208, "neither": 0.9905476506382395, "cf_score": 0.02510460251046025}