{"s_given_m": 0.012, "s_given_not_m": 0.038, "both": 0.25, "just_main": 0.5353483606557377, "just_spurious": 0.9942356467604335, "neither": 0.9899543628065964, "cf_score": 0.0625}