{"s_given_m": 0.044, "s_given_not_m": 0.033, "both": 0.20348837209302326, "just_main": 0.4582010582010582, "just_spurious": 0.9960484720758693, "neither": 0.997331258650793, "cf_score": 0.023255813953488372}