{"s_given_m": 0.171, "s_given_not_m": 0.054, "both": 0.3718518518518519, "just_main": 0.4626182483979249, "just_spurious": 0.9920531949399936, "neither": 0.9975871090608215, "cf_score": 0.011851851851851851}