{"s_given_m": 0.0, "s_given_not_m": 0.031, "both": -1, "just_main": 0.5318825910931174, "just_spurious": 0.99971870604782, "neither": 0.9898086297165554, "cf_score": -1}