{"s_given_m": 0.002, "s_given_not_m": 0.03, "both": -1, "just_main": 0.44802231237322515, "just_spurious": 1.0, "neither": 0.9972059234423023, "cf_score": -1}