{"s_given_m": 0.002, "s_given_not_m": 0.021, "both": -1, "just_main": 0.532707910750507, "just_spurious": 1.0, "neither": 0.9899087320723714, "cf_score": -1}