{"s_given_m": 0.0, "s_given_not_m": 0.031, "both": -1, "just_main": 0.5320172108327006, "just_spurious": 0.9988662131519275, "neither": 0.9898381871181423, "cf_score": -1}