{"s_given_m": 0.025, "s_given_not_m": 0.031, "both": 0.36082474226804123, "just_main": 0.5361867704280155, "just_spurious": 0.9375537095388141, "neither": 0.9917722204178846, "cf_score": 0.1134020618556701}