{"s_given_m": 0.008, "s_given_not_m": 0.019, "both": 0.0, "just_main": 0.45076530612244897, "just_spurious": 1.0, "neither": 0.9972347599593242, "cf_score": 0.0}