{"s_given_m": 0.019, "s_given_not_m": 0.025, "both": 0.10526315789473684, "just_main": 0.4538183694530444, "just_spurious": 0.9979057591623036, "neither": 0.9972728088274873, "cf_score": 0.013157894736842105}