{"s_given_m": 0.009, "s_given_not_m": 0.006, "both": 0.37142857142857144, "just_main": 0.5333163135052336, "just_spurious": 0.9328358208955224, "neither": 0.9904544054898166, "cf_score": 0.02857142857142857}