{"s_given_m": 0.031, "s_given_not_m": 0.014, "both": 0.5483870967741935, "just_main": 0.5313479623824452, "just_spurious": 0.9720496894409938, "neither": 0.9903748059436682, "cf_score": 0.016129032258064516}