{"s_given_m": 0.003, "s_given_not_m": 0.02, "both": -1, "just_main": 0.4482233502538071, "just_spurious": 0.9991035410129987, "neither": 0.9972525512024548, "cf_score": -1}