{"s_given_m": 0.002, "s_given_not_m": 0.03, "both": -1, "just_main": 0.5329614604462475, "just_spurious": 0.9994093325457767, "neither": 0.9898331665900549, "cf_score": -1}