{"s_given_m": 0.074, "s_given_not_m": 0.028, "both": 0.36177474402730375, "just_main": 0.5455042361300901, "just_spurious": 0.9657214085384855, "neither": 0.990821229955186, "cf_score": 0.07508532423208192}