{"s_given_m": 0.007, "s_given_not_m": 0.017, "both": 0.14814814814814814, "just_main": 0.5345222929936305, "just_spurious": 0.9974240082431737, "neither": 0.9899905688915779, "cf_score": 0.07407407407407407}