{"s_given_m": 0.044, "s_given_not_m": 0.033, "both": 0.2558139534883721, "just_main": 0.5444444444444444, "just_spurious": 0.9849841938883035, "neither": 0.9902930187535621, "cf_score": 0.023255813953488372}