{"s_given_m": 0.004, "s_given_not_m": 0.037, "both": -1, "just_main": 0.5336550673101346, "just_spurious": 0.9995290793501295, "neither": 0.9897536516241552, "cf_score": -1}