{"s_given_m": 0.042, "s_given_not_m": 0.039, "both": 0.32727272727272727, "just_main": 0.5407974650118827, "just_spurious": 0.9917668001780151, "neither": 0.9900492530111706, "cf_score": 0.01818181818181818}