{"s_given_m": 0.074, "s_given_not_m": 0.028, "both": 0.2627986348122867, "just_main": 0.4618748291883028, "just_spurious": 0.9931442817076971, "neither": 0.9974083472814643, "cf_score": 0.040955631399317405}