{"s_given_m": 0.0, "s_given_not_m": 0.021, "both": -1, "just_main": 0.5318825910931174, "just_spurious": 0.9987288135593221, "neither": 0.9899352534047778, "cf_score": -1}