{"s_given_m": 0.042, "s_given_not_m": 0.039, "both": 0.2787878787878788, "just_main": 0.45444943226828627, "just_spurious": 0.9993324432576769, "neither": 0.9972050509372639, "cf_score": 0.01818181818181818}