{"s_given_m": 0.014, "s_given_not_m": 0.026, "both": 0.07017543859649122, "just_main": 0.45263157894736844, "just_spurious": 0.9993261455525606, "neither": 0.9972343692476228, "cf_score": 0.0}