{"s_given_m": 0.121, "s_given_not_m": 0.044, "both": 0.36610878661087864, "just_main": 0.45826137017846863, "just_spurious": 0.9934653465346535, "neither": 0.997465342910738, "cf_score": 0.014644351464435146}