{"s_given_m": 0.001, "s_given_not_m": 0.062, "both": -1, "just_main": 0.4473150962512665, "just_spurious": 0.9998592936541438, "neither": 0.9971182899988809, "cf_score": -1}