{"s_given_m": 0.0, "s_given_not_m": 0.027, "both": -1, "just_main": 0.5318825910931174, "just_spurious": 0.9993498049414824, "neither": 0.9898614943510188, "cf_score": -1}