{"s_given_m": 0.001, "s_given_not_m": 0.017, "both": -1, "just_main": 0.44756838905775076, "just_spurious": 1.0, "neither": 0.9972425571279898, "cf_score": -1}