{"s_given_m": 0.538, "s_given_not_m": 0.089, "both": 0.5138823529411765, "just_main": 0.5528188286808976, "just_spurious": 0.9384752123247087, "neither": 0.9951347772265351, "cf_score": 0.06964705882352941}