{"s_given_m": 0.002, "s_given_not_m": 0.014, "both": -1, "just_main": 0.44802231237322515, "just_spurious": 0.9987325728770595, "neither": 0.9972684622684179, "cf_score": -1}