{"s_given_m": 0.232, "s_given_not_m": 0.046, "both": 0.430752453653217, "just_main": 0.5624382207578253, "just_spurious": 0.8925143953934741, "neither": 0.9947766323024055, "cf_score": 0.1025081788440567}