{"s_given_m": 0.005, "s_given_not_m": 0.08, "both": -1, "just_main": 0.5330452465683783, "just_spurious": 0.9986915276414786, "neither": 0.9893689855844205, "cf_score": -1}