{"s_given_m": 0.021, "s_given_not_m": 0.014, "both": 0.38095238095238093, "just_main": 0.5351602895553258, "just_spurious": 0.9649661954517517, "neither": 0.9904798239699045, "cf_score": 0.011904761904761904}