{"s_given_m": 0.762, "s_given_not_m": 0.534, "both": 0.4523414148123547, "just_main": 0.4303931987247609, "just_spurious": 0.9966777952343545, "neither": 0.9979898931073998, "cf_score": 0.048488874128196614}