{"s_given_m": 0.003, "s_given_not_m": 0.02, "both": -1, "just_main": 0.533248730964467, "just_spurious": 0.997310623038996, "neither": 0.989973595946621, "cf_score": -1}