{"s_given_m": 0.0, "s_given_not_m": 0.039, "both": -1, "just_main": 0.4472285497342445, "just_spurious": 1.0, "neither": 0.9971795874919255, "cf_score": -1}