{"s_given_m": 0.217, "s_given_not_m": 0.029, "both": 0.3885647607934656, "just_main": 0.46332794830371565, "just_spurious": 0.973491773308958, "neither": 0.99799194978974, "cf_score": 0.024504084014002333}