{"s_given_m": 0.045, "s_given_not_m": 0.037, "both": 0.33587786259541985, "just_main": 0.37902648532569794, "just_spurious": 0.9898171719509373, "neither": 0.9915886924649454, "cf_score": 0.05343511450381679}