{"s_given_m": 0.0, "s_given_not_m": 0.029, "both": -1, "just_main": 0.3770940170940171, "just_spurious": 0.9994107248084856, "neither": 0.9912832237782223, "cf_score": -1}