{"s_given_m": 0.013, "s_given_not_m": 0.106, "both": 0.2564102564102564, "just_main": 0.3787248787248787, "just_spurious": 0.9986079266295447, "neither": 0.990683470673776, "cf_score": 0.02564102564102564}