{"s_given_m": 0.0, "s_given_not_m": 0.019, "both": -1, "just_main": 0.22982216142270862, "just_spurious": 1.0, "neither": 0.9927486309839251, "cf_score": -1}