{"s_given_m": 0.308, "s_given_not_m": 0.03, "both": 0.25527192008879024, "just_main": 0.21887351778656128, "just_spurious": 0.9308029197080292, "neither": 0.9947827795992389, "cf_score": 0.041065482796892344}