{"s_given_m": 0.0, "s_given_not_m": 0.006, "both": -1, "just_main": 0.2301641586867305, "just_spurious": 1.0, "neither": 0.9928395750841633, "cf_score": -1}