{"s_given_m": 0.242, "s_given_not_m": 0.025, "both": 0.41748942172073344, "just_main": 0.3641696750902527, "just_spurious": 0.9051300070274069, "neither": 0.9937075615912404, "cf_score": 0.05500705218617771}