{"s_given_m": 0.007, "s_given_not_m": 0.025, "both": -1, "just_main": 0.37728055077452666, "just_spurious": 1.0, "neither": 0.9913021051040101, "cf_score": 0.05}