{"s_given_m": 0.01, "s_given_not_m": 0.048, "both": 0.2, "just_main": 0.2303972366148532, "just_spurious": 0.9967509025270758, "neither": 0.9926881681266049, "cf_score": 0.03333333333333333}