{"s_given_m": 0.05, "s_given_not_m": 0.019, "both": 0.25517241379310346, "just_main": 0.3834532374100719, "just_spurious": 0.9166666666666666, "neither": 0.9929911085184989, "cf_score": 0.0896551724137931}