{"s_given_m": 0.019, "s_given_not_m": 0.013, "both": 0.07142857142857142, "just_main": 0.2331822934820495, "just_spurious": 0.9888888888888889, "neither": 0.9929369597301286, "cf_score": 0.03571428571428571}