{"s_given_m": 0.006, "s_given_not_m": 0.031, "both": -1, "just_main": 0.22986923606331727, "just_spurious": 0.9997198094704399, "neither": 0.9926650148041469, "cf_score": -1}