{"s_given_m": 0.022, "s_given_not_m": 0.014, "both": 0.203125, "just_main": 0.3809856693463824, "just_spurious": 0.9746757257566399, "neither": 0.9917621304168168, "cf_score": 0.015625}