{"s_given_m": 0.001, "s_given_not_m": 0.03, "both": -1, "just_main": 0.37735203557988367, "just_spurious": 0.9988518943742825, "neither": 0.9912940882032214, "cf_score": -1}