{"s_given_m": 0.013, "s_given_not_m": 0.016, "both": 0.08108108108108109, "just_main": 0.23199445983379502, "just_spurious": 0.9826498422712934, "neither": 0.9930548210823198, "cf_score": 0.02702702702702703}