{"s_given_m": 0.003, "s_given_not_m": 0.037, "both": -1, "just_main": 0.37735849056603776, "just_spurious": 0.9983537158984007, "neither": 0.9912609126091261, "cf_score": -1}