{"s_given_m": 0.237, "s_given_not_m": 0.105, "both": 0.36363636363636365, "just_main": 0.38127240143369173, "just_spurious": 0.9774853075076566, "neither": 0.9931642799740513, "cf_score": 0.09090909090909091}