{"s_given_m": 0.031, "s_given_not_m": 0.038, "both": 0.17777777777777778, "just_main": 0.23174603174603176, "just_spurious": 0.9921532425571198, "neither": 0.9929117617919643, "cf_score": 0.06666666666666667}