{"s_given_m": 0.002, "s_given_not_m": 0.013, "both": -1, "just_main": 0.37731322823851954, "just_spurious": 1.0, "neither": 0.9914089950808151, "cf_score": -1}