{"s_given_m": 0.008, "s_given_not_m": 0.008, "both": 0.36363636363636365, "just_main": 0.22907337237340683, "just_spurious": 0.9902702702702703, "neither": 0.9929043928100177, "cf_score": 0.09090909090909091}