{"s_given_m": 0.023, "s_given_not_m": 0.02, "both": 0.16666666666666666, "just_main": 0.38195173137460653, "just_spurious": 0.990409764603313, "neither": 0.9915449110269926, "cf_score": 0.06060606060606061}