{"s_given_m": 0.002, "s_given_not_m": 0.013, "both": -1, "just_main": 0.23063742289239206, "just_spurious": 1.0, "neither": 0.9927881236823612, "cf_score": -1}