{"s_given_m": 0.001, "s_given_not_m": 0.015, "both": -1, "just_main": 0.23040054775761726, "just_spurious": 0.999421965317919, "neither": 0.9927837228949592, "cf_score": -1}