{"s_given_m": 0.0, "s_given_not_m": 0.03, "both": -1, "just_main": 0.37722298221614226, "just_spurious": 0.9988489208633093, "neither": 0.9912947884919606, "cf_score": -1}