{"s_given_m": 0.023, "s_given_not_m": 0.037, "both": 0.16666666666666666, "just_main": 0.23154949282966072, "just_spurious": 0.999073859689743, "neither": 0.9926424898462758, "cf_score": 0.045454545454545456}