{"s_given_m": 0.074, "s_given_not_m": 0.031, "both": 0.4147465437788018, "just_main": 0.3740768094534712, "just_spurious": 0.9927637072084609, "neither": 0.9914824325170665, "cf_score": 0.018433179723502304}