{"s_given_m": 0.083, "s_given_not_m": 0.02, "both": 0.3991769547325103, "just_main": 0.3750932140193885, "just_spurious": 0.9475982532751092, "neither": 0.9924119145323334, "cf_score": 0.07818930041152264}