{"s_given_m": 0.015, "s_given_not_m": 0.04, "both": 0.06976744186046512, "just_main": 0.23247744621790423, "just_spurious": 0.9956850053937433, "neither": 0.9927659920344631, "cf_score": 0.0}