{"s_given_m": 0.0, "s_given_not_m": 0.017, "both": -1, "just_main": 0.37722298221614226, "just_spurious": 1.0, "neither": 0.9913752810970501, "cf_score": -1}