{"s_given_m": 0.015, "s_given_not_m": 0.04, "both": 0.11627906976744186, "just_main": 0.3809854267869535, "just_spurious": 0.9954692556634305, "neither": 0.9913571215692649, "cf_score": 0.0}