{"s_given_m": 0.001, "s_given_not_m": 0.023, "both": -1, "just_main": 0.230321697467488, "just_spurious": 0.9996191926884996, "neither": 0.992726369571388, "cf_score": -1}