{"s_given_m": 0.282, "s_given_not_m": 0.073, "both": 0.3567961165048544, "just_main": 0.38505473584007616, "just_spurious": 0.9476389719067543, "neither": 0.9949531295269961, "cf_score": 0.05825242718446602}