{"s_given_m": 0.006, "s_given_not_m": 0.028, "both": -1, "just_main": 0.2310866574965612, "just_spurious": 0.9981366459627329, "neither": 0.9927324285281162, "cf_score": -1}