{"s_given_m": 0.028, "s_given_not_m": 0.039, "both": 0.2716049382716049, "just_main": 0.380098452883263, "just_spurious": 0.9957589285714286, "neither": 0.9913511661045075, "cf_score": 0.037037037037037035}