{"s_given_m": 0.016, "s_given_not_m": 0.018, "both": 0.3333333333333333, "just_main": 0.3778241223496698, "just_spurious": 0.984225621414914, "neither": 0.9916571024984551, "cf_score": 0.125}