{"s_given_m": 0.037, "s_given_not_m": 0.03, "both": 0.308411214953271, "just_main": 0.22711142654364797, "just_spurious": 0.9842226047045324, "neither": 0.9931531338267368, "cf_score": 0.028037383177570093}