{"s_given_m": 0.042, "s_given_not_m": 0.045, "both": 0.1885245901639344, "just_main": 0.23189439885836605, "just_spurious": 0.9936660268714012, "neither": 0.9928462488198126, "cf_score": 0.040983606557377046}