{"s_given_m": 0.0, "s_given_not_m": 0.009, "both": -1, "just_main": 0.3770940170940171, "just_spurious": 0.9880834160873883, "neither": 0.9915526212233833, "cf_score": -1}