{"s_given_m": 0.074, "s_given_not_m": 0.031, "both": 0.24423963133640553, "just_main": 0.22895125553914328, "just_spurious": 0.9949902588366267, "neither": 0.9928155391924416, "cf_score": 0.018433179723502304}