{"s_given_m": 0.031, "s_given_not_m": 0.059, "both": 0.17777777777777778, "just_main": 0.23174603174603176, "just_spurious": 0.9942230780625093, "neither": 0.9927999926342636, "cf_score": 0.07777777777777778}