{"s_given_m": 0.004, "s_given_not_m": 0.002, "both": -1, "just_main": 0.37817433081674673, "just_spurious": 1.0, "neither": 0.99150717287853, "cf_score": -1}