{"s_given_m": 0.008, "s_given_not_m": 0.018, "both": 0.13636363636363635, "just_main": 0.23079572855666552, "just_spurious": 0.9985666507405638, "neither": 0.9927782535380377, "cf_score": 0.0}