{"s_given_m": 0.015, "s_given_not_m": 0.013, "both": 0.08888888888888889, "just_main": 0.23229166666666667, "just_spurious": 0.9900133155792277, "neither": 0.9929211312137713, "cf_score": 0.044444444444444446}