{"s_given_m": 0.031, "s_given_not_m": 0.014, "both": 0.2608695652173913, "just_main": 0.38086833745146487, "just_spurious": 0.9831985065339142, "neither": 0.9916399279152565, "cf_score": 0.021739130434782608}