{"s_given_m": 0.001, "s_given_not_m": 0.034, "both": -1, "just_main": 0.37735203557988367, "just_spurious": 0.999493670886076, "neither": 0.9912397228305748, "cf_score": -1}