{"s_given_m": 0.002, "s_given_not_m": 0.026, "both": -1, "just_main": 0.23055841041452552, "just_spurious": 0.999337528983107, "neither": 0.992709826157393, "cf_score": -1}