{"s_given_m": 0.003, "s_given_not_m": 0.032, "both": -1, "just_main": 0.23045267489711935, "just_spurious": 0.9953716308194936, "neither": 0.9928014397120576, "cf_score": -1}