{"s_given_m": 0.01, "s_given_not_m": 0.01, "both": 0.1, "just_main": 0.231433506044905, "just_spurious": 0.9672818791946308, "neither": 0.9931505649470088, "cf_score": 0.1}