{"s_given_m": 0.028, "s_given_not_m": 0.039, "both": 0.20987654320987653, "just_main": 0.23066104078762306, "just_spurious": 0.9964285714285714, "neither": 0.9927400299417398, "cf_score": 0.012345679012345678}