{"s_given_m": 0.015, "s_given_not_m": 0.013, "both": 0.13333333333333333, "just_main": 0.38090277777777776, "just_spurious": 0.988681757656458, "neither": 0.9915598102933427, "cf_score": 0.044444444444444446}