{"s_given_m": 0.005, "s_given_not_m": 0.016, "both": -1, "just_main": 0.377793056033001, "just_spurious": 0.9967741935483871, "neither": 0.991436274250674, "cf_score": -1}