{"s_given_m": 0.0, "s_given_not_m": 0.009, "both": -1, "just_main": 0.2300854700854701, "just_spurious": 0.9890764647467726, "neither": 0.9929167941935202, "cf_score": -1}