{"s_given_m": 0.026, "s_given_not_m": 0.019, "both": 0.19480519480519481, "just_main": 0.23103932584269662, "just_spurious": 0.9852262234533703, "neither": 0.9930297890384819, "cf_score": 0.025974025974025976}