{"s_given_m": 0.002, "s_given_not_m": 0.021, "both": -1, "just_main": 0.23055841041452552, "just_spurious": 0.9974958263772955, "neither": 0.9927854398668626, "cf_score": -1}