{"s_given_m": 0.009, "s_given_not_m": 0.048, "both": 0.1111111111111111, "just_main": 0.23119392684610077, "just_spurious": 0.99800036357026, "neither": 0.992627046904725, "cf_score": 0.037037037037037035}