{"s_given_m": 0.014, "s_given_not_m": 0.027, "both": 0.2619047619047619, "just_main": 0.37877211238293446, "just_spurious": 0.9439820742637645, "neither": 0.9928455603271619, "cf_score": 0.09523809523809523}