{"s_given_m": 0.0, "s_given_not_m": 0.002, "both": -1, "just_main": 0.3770940170940171, "just_spurious": 1.0, "neither": 0.9915084264541169, "cf_score": -1}