{"s_given_m": 0.282, "s_given_not_m": 0.073, "both": 0.2766990291262136, "just_main": 0.21180390290337933, "just_spurious": 0.9487148834429169, "neither": 0.9963363458788564, "cf_score": 0.04004854368932039}