{"s_given_m": 0.18, "s_given_not_m": 0.026, "both": 0.2903225806451613, "just_main": 0.21684737281067556, "just_spurious": 0.9203864090606263, "neither": 0.9948202207191171, "cf_score": 0.026565464895635674}