{"s_given_m": 0.019, "s_given_not_m": 0.04, "both": 0.15789473684210525, "just_main": 0.2315202231520223, "just_spurious": 0.9950021729682746, "neither": 0.992795232936078, "cf_score": 0.0}