{"s_given_m": 0.045, "s_given_not_m": 0.037, "both": 0.2366412213740458, "just_main": 0.2297780959198282, "just_spurious": 0.9905114556815552, "neither": 0.992975567583145, "cf_score": 0.05343511450381679}