{"s_given_m": 0.003, "s_given_not_m": 0.032, "both": -1, "just_main": 0.3775720164609053, "just_spurious": 0.9950993738088756, "neither": 0.9914047041338001, "cf_score": -1}