{"s_given_m": 0.006, "s_given_not_m": 0.036, "both": -1, "just_main": 0.37792297111416784, "just_spurious": 0.9978032706858677, "neither": 0.9912910618792972, "cf_score": -1}