{"s_given_m": 0.002, "s_given_not_m": 0.026, "both": -1, "just_main": 0.3775265501884207, "just_spurious": 0.999337528983107, "neither": 0.9913123203047809, "cf_score": -1}