{"s_given_m": 0.001, "s_given_not_m": 0.019, "both": -1, "just_main": 0.37735203557988367, "just_spurious": 0.998166819431714, "neither": 0.9913942392648878, "cf_score": -1}