{"s_given_m": 0.008, "s_given_not_m": 0.03, "both": -1, "just_main": 0.3787043418332185, "just_spurious": 0.995144244501571, "neither": 0.9914089807886574, "cf_score": 0.0}