{"s_given_m": 0.007, "s_given_not_m": 0.025, "both": 0.15, "just_main": 0.2306368330464716, "just_spurious": 1.0, "neither": 0.9926983929349614, "cf_score": 0.0}