{"s_given_m": 0.008, "s_given_not_m": 0.018, "both": -1, "just_main": 0.3778849466069583, "just_spurious": 0.9961777353081701, "neither": 0.9914363153201671, "cf_score": 0.0}