{"s_given_m": 0.023, "s_given_not_m": 0.037, "both": 0.22727272727272727, "just_main": 0.3805526407834907, "just_spurious": 0.9986107895346145, "neither": 0.9912466341867565, "cf_score": 0.09090909090909091}