{"s_given_m": 0.143, "s_given_not_m": 0.07, "both": 0.315035799522673, "just_main": 0.3874700718276137, "just_spurious": 0.9730264785944073, "neither": 0.9929157345264727, "cf_score": 0.0477326968973747}