{"s_given_m": 0.003, "s_given_not_m": 0.028, "both": -1, "just_main": 0.23010973936899862, "just_spurious": 0.9987665741597287, "neither": 0.9927130994746654, "cf_score": -1}