{"s_given_m": 0.21, "s_given_not_m": 0.056, "both": 0.2975609756097561, "just_main": 0.39826839826839827, "just_spurious": 0.9501231527093597, "neither": 0.993992614774126, "cf_score": 0.06991869918699187}