{"s_given_m": 0.308, "s_given_not_m": 0.03, "both": 0.4017758046614872, "just_main": 0.36610671936758893, "just_spurious": 0.9278832116788321, "neither": 0.993469540902472, "cf_score": 0.04439511653718091}