{"s_given_m": 0.037, "s_given_not_m": 0.03, "both": 0.37383177570093457, "just_main": 0.3772178850248403, "just_spurious": 0.9842226047045324, "neither": 0.9917497944152455, "cf_score": 0.037383177570093455}