{"s_given_m": 0.042, "s_given_not_m": 0.045, "both": 0.27049180327868855, "just_main": 0.3817338565822333, "just_spurious": 0.990978886756238, "neither": 0.9915480427046264, "cf_score": 0.05737704918032787}