{"s_given_m": 0.019, "s_given_not_m": 0.013, "both": 0.23214285714285715, "just_main": 0.3799233182293482, "just_spurious": 0.9797385620915032, "neither": 0.9916807224681987, "cf_score": 0.05357142857142857}