{"s_given_m": 0.0, "s_given_not_m": 0.029, "both": -1, "just_main": 0.37722298221614226, "just_spurious": 0.9994033412887828, "neither": 0.9912864922774752, "cf_score": -1}