{"s_given_m": 0.001, "s_given_not_m": 0.009, "both": -1, "just_main": 0.42158144094102273, "just_spurious": 0.9989339019189766, "neither": 0.9729014824259262, "cf_score": -1}