{"s_given_m": 0.02, "s_given_not_m": 0.078, "both": 0.20416666666666666, "just_main": 0.42569311464490883, "just_spurious": 0.9933422103861518, "neither": 0.9714241881871644, "cf_score": 0.029166666666666667}