{"s_given_m": 0.039, "s_given_not_m": 0.002, "both": 0.41350210970464135, "just_main": 0.3179077863632504, "just_spurious": 0.8874458874458875, "neither": 0.9792826425972307, "cf_score": 0.10126582278481013}