{"s_given_m": 0.009, "s_given_not_m": 0.019, "both": 0.17117117117117117, "just_main": 0.4236408566721582, "just_spurious": 0.9931102362204725, "neither": 0.9727414330218068, "cf_score": 0.11711711711711711}