{"s_given_m": 0.002, "s_given_not_m": 0.02, "both": 0.037037037037037035, "just_main": 0.42220222513089006, "just_spurious": 0.9985632183908046, "neither": 0.9726209258475391, "cf_score": 0.0}