{"s_given_m": 0.004, "s_given_not_m": 0.022, "both": 0.07407407407407407, "just_main": 0.42289087480528, "just_spurious": 0.9974037213327563, "neither": 0.9725909857797059, "cf_score": 0.0}