{"s_given_m": 0.029, "s_given_not_m": 0.025, "both": 0.12044817927170869, "just_main": 0.3276441903480747, "just_spurious": 0.9741346519589198, "neither": 0.9792083708066185, "cf_score": 0.10364145658263306}