{"s_given_m": 0.006, "s_given_not_m": 0.029, "both": 0.08695652173913043, "just_main": 0.42324741421769824, "just_spurious": 0.9996771068776235, "neither": 0.97233312932902, "cf_score": 0.028985507246376812}