{"s_given_m": 0.004, "s_given_not_m": 0.024, "both": 0.12244897959183673, "just_main": 0.3224061629241108, "just_spurious": 0.9983980776932319, "neither": 0.9786167531075247, "cf_score": 0.04081632653061224}