{"s_given_m": 0.007, "s_given_not_m": 0.014, "both": 0.12790697674418605, "just_main": 0.42342786683107275, "just_spurious": 0.9951489951489951, "neither": 0.9728280095226258, "cf_score": 0.1511627906976744}