{"s_given_m": 0.034, "s_given_not_m": 0.03, "both": 0.27488151658767773, "just_main": 0.4265787471468425, "just_spurious": 0.9346178142766899, "neither": 0.9743170992514825, "cf_score": 0.13981042654028436}