{"s_given_m": 0.0, "s_given_not_m": 0.002, "both": -1, "just_main": 0.4213877551020408, "just_spurious": 1.0, "neither": 0.9730769230769231, "cf_score": -1}