{"s_given_m": 0.029, "s_given_not_m": 0.039, "both": 0.3611111111111111, "just_main": 0.3204103944159448, "just_spurious": 0.9794721407624634, "neither": 0.9790669387114495, "cf_score": 0.058333333333333334}