{"s_given_m": 0.009, "s_given_not_m": 0.019, "both": 0.18018018018018017, "just_main": 0.3228995057660626, "just_spurious": 0.9936023622047244, "neither": 0.9787988923502943, "cf_score": 0.12612612612612611}