{"s_given_m": 0.004, "s_given_not_m": 0.041, "both": 0.02127659574468085, "just_main": 0.3227630285152409, "just_spurious": 0.9988574040219378, "neither": 0.9782313594334054, "cf_score": 0.0425531914893617}