{"s_given_m": 0.084, "s_given_not_m": 0.042, "both": 0.3872216844143272, "just_main": 0.3155642717061865, "just_spurious": 0.9337041156840934, "neither": 0.9810913818063639, "cf_score": 0.027105517909002903}