{"s_given_m": 0.013, "s_given_not_m": 0.037, "both": 0.08536585365853659, "just_main": 0.3248117812525854, "just_spurious": 0.9989873417721519, "neither": 0.978312403267833, "cf_score": 0.06097560975609756}