{"s_given_m": 0.041, "s_given_not_m": 0.039, "both": 0.32064128256513025, "just_main": 0.3216473791695031, "just_spurious": 0.9754807692307692, "neither": 0.9792296517334799, "cf_score": 0.03406813627254509}