{"s_given_m": 0.02, "s_given_not_m": 0.084, "both": 0.09623430962343096, "just_main": 0.32609057609057607, "just_spurious": 0.9983240223463687, "neither": 0.9773087777846445, "cf_score": 0.02092050209205021}