{"s_given_m": 0.004, "s_given_not_m": 0.033, "both": 0.09090909090909091, "just_main": 0.422843555264021, "just_spurious": 0.998272884283247, "neither": 0.9722801817437258, "cf_score": 0.01818181818181818}