{"s_given_m": 0.062, "s_given_not_m": 0.009, "both": 0.5006553079947575, "just_main": 0.41608635097493035, "just_spurious": 0.9018987341772152, "neither": 0.9737743605359318, "cf_score": 0.09174311926605505}