{"s_given_m": 0.007, "s_given_not_m": 0.019, "both": 0.15, "just_main": 0.3227343685810533, "just_spurious": 0.9985436893203884, "neither": 0.9786970070016158, "cf_score": 0.0875}