{"s_given_m": 0.004, "s_given_not_m": 0.011, "both": 0.038461538461538464, "just_main": 0.32281334535617673, "just_spurious": 0.9974358974358974, "neither": 0.9788778059618942, "cf_score": 0.019230769230769232}