{"s_given_m": 0.001, "s_given_not_m": 0.018, "both": -1, "just_main": 0.4217536978017488, "just_spurious": 1.0, "neither": 0.9726349761312445, "cf_score": -1}