{"s_given_m": 0.003, "s_given_not_m": 0.022, "both": 0.14285714285714285, "just_main": 0.42215127701375244, "just_spurious": 0.9982795698924731, "neither": 0.9725680014656112, "cf_score": 0.0}