{"s_given_m": 0.039, "s_given_not_m": 0.037, "both": 0.22245322245322247, "just_main": 0.32565845369583685, "just_spurious": 0.9905225409836066, "neither": 0.9786452825754905, "cf_score": 0.0498960498960499}