{"s_given_m": 0.001, "s_given_not_m": 0.029, "both": -1, "just_main": 0.3216766075659776, "just_spurious": 0.9990208877284595, "neither": 0.978489298061609, "cf_score": -1}