{"s_given_m": 0.022, "s_given_not_m": 0.018, "both": 0.11313868613138686, "just_main": 0.42840444184687315, "just_spurious": 0.9890052356020942, "neither": 0.9728405969690567, "cf_score": 0.043795620437956206}