{"s_given_m": 0.006, "s_given_not_m": 0.029, "both": 0.043478260869565216, "just_main": 0.3231817435560663, "just_spurious": 1.0, "neither": 0.9784532587260416, "cf_score": 0.014492753623188406}