{"s_given_m": 0.003, "s_given_not_m": 0.027, "both": 0.02564102564102564, "just_main": 0.32255158860137567, "just_spurious": 0.9993069993069993, "neither": 0.9785167232186137, "cf_score": 0.0}