{"s_given_m": 0.001, "s_given_not_m": 0.044, "both": -1, "just_main": 0.32189542483660133, "just_spurious": 1.0, "neither": 0.9781195434501672, "cf_score": -1}