{"s_given_m": 0.007, "s_given_not_m": 0.014, "both": 0.09302325581395349, "just_main": 0.3232223592272914, "just_spurious": 0.9958419958419958, "neither": 0.9788513571653935, "cf_score": 0.11627906976744186}