{"s_given_m": 0.012, "s_given_not_m": 0.017, "both": 0.22448979591836735, "just_main": 0.42374421678783875, "just_spurious": 0.9901153212520593, "neither": 0.9728350045578852, "cf_score": 0.11564625850340136}