{"s_given_m": 0.007, "s_given_not_m": 0.066, "both": 0.07692307692307693, "just_main": 0.4239309210526316, "just_spurious": 0.9974358974358974, "neither": 0.9714086612264684, "cf_score": 0.0}