{"s_given_m": 0.015, "s_given_not_m": 0.029, "both": 0.36813186813186816, "just_main": 0.4221559366973237, "just_spurious": 0.9819967266775778, "neither": 0.9728687816199104, "cf_score": 0.08241758241758242}