{"s_given_m": 0.005, "s_given_not_m": 0.014, "both": 0.016129032258064516, "just_main": 0.3231602264336697, "just_spurious": 0.999315537303217, "neither": 0.9787999043748505, "cf_score": 0.03225806451612903}