{"s_given_m": 0.038, "s_given_not_m": 0.041, "both": 0.3468085106382979, "just_main": 0.4243273066802479, "just_spurious": 0.9783060235402723, "neither": 0.9729113202167095, "cf_score": 0.01276595744680851}