{"s_given_m": 0.063, "s_given_not_m": 0.03, "both": 0.4066924066924067, "just_main": 0.4223461739585149, "just_spurious": 0.921027890943278, "neither": 0.9747484077981429, "cf_score": 0.10810810810810811}