{"s_given_m": 0.067, "s_given_not_m": 0.045, "both": 0.3202453987730061, "just_main": 0.42855893669115075, "just_spurious": 0.9442691903259727, "neither": 0.9744868237872849, "cf_score": 0.0638036809815951}