{"s_given_m": 0.004, "s_given_not_m": 0.022, "both": 0.037037037037037035, "just_main": 0.3228662785930967, "just_spurious": 0.9987018606663782, "neither": 0.978645456736563, "cf_score": 0.018518518518518517}