{"s_given_m": 0.207, "s_given_not_m": 0.015, "both": 0.5947119179163378, "just_main": 0.2503859215807348, "just_spurious": 0.7538940809968847, "neither": 0.9825434976204384, "cf_score": 0.06945540647198106}