{"s_given_m": 0.112, "s_given_not_m": 0.02, "both": 0.5497458242556281, "just_main": 0.4050947213536877, "just_spurious": 0.8150588235294117, "neither": 0.9763643887557621, "cf_score": 0.18736383442265794}