{"s_given_m": 0.005, "s_given_not_m": 0.033, "both": 0.07936507936507936, "just_main": 0.4231211027239908, "just_spurious": 0.9982817869415808, "neither": 0.9722753159619285, "cf_score": 0.015873015873015872}