{"s_given_m": 0.101, "s_given_not_m": 0.019, "both": 0.4137651821862348, "just_main": 0.3112745098039216, "just_spurious": 0.8914229053049083, "neither": 0.9807823570693815, "cf_score": 0.062348178137651825}