{"s_given_m": 0.012, "s_given_not_m": 0.031, "both": 0.11486486486486487, "just_main": 0.3241345121044369, "just_spurious": 0.9849044978434996, "neither": 0.9788987255569608, "cf_score": 0.006756756756756757}