{"s_given_m": 0.002, "s_given_not_m": 0.016, "both": 0.0, "just_main": 0.3222376707287151, "just_spurious": 0.9987944544906571, "neither": 0.9787692690918497, "cf_score": 0.0}