{"s_given_m": 0.006, "s_given_not_m": 0.028, "both": 0.14864864864864866, "just_main": 0.42301059374230104, "just_spurious": 0.9936835106382979, "neither": 0.9725317389447529, "cf_score": 0.04054054054054054}