{"s_given_m": 0.002, "s_given_not_m": 0.017, "both": 0.043478260869565216, "just_main": 0.3221295387634936, "just_spurious": 0.9989206691851052, "neither": 0.9787297351775242, "cf_score": 0.0}