{"s_given_m": 0.02, "s_given_not_m": 0.084, "both": 0.15481171548117154, "just_main": 0.42665667665667667, "just_spurious": 0.9964245810055866, "neither": 0.9709844879797294, "cf_score": 0.029288702928870293}