{"s_given_m": 0.003, "s_given_not_m": 0.022, "both": 0.14285714285714285, "just_main": 0.3221185330713818, "just_spurious": 0.9982795698924731, "neither": 0.9786522162547849, "cf_score": 0.0}