{"s_given_m": 0.007, "s_given_not_m": 0.019, "both": 0.25, "just_main": 0.4224796647769288, "just_spurious": 0.996116504854369, "neither": 0.9726763868585058, "cf_score": 0.1125}