{"s_given_m": 0.005, "s_given_not_m": 0.04, "both": 0.0, "just_main": 0.32308323083230833, "just_spurious": 0.9992974238875878, "neither": 0.9782343808344633, "cf_score": 0.0}