{"s_given_m": 0.004, "s_given_not_m": 0.024, "both": 0.1836734693877551, "just_main": 0.4223078183904278, "just_spurious": 0.9971966359631558, "neither": 0.9725514057504901, "cf_score": 0.04081632653061224}