{"s_given_m": 0.011, "s_given_not_m": 0.022, "both": 0.06716417910447761, "just_main": 0.42527028142279444, "just_spurious": 0.9911467116357504, "neither": 0.9727195554869579, "cf_score": 0.029850746268656716}