{"s_given_m": 0.004, "s_given_not_m": 0.023, "both": 0.0851063829787234, "just_main": 0.422648312028843, "just_spurious": 0.99798873692679, "neither": 0.9725350072428779, "cf_score": 0.0}