{"s_given_m": 0.006, "s_given_not_m": 0.028, "both": 0.06756756756756757, "just_main": 0.3231502011989817, "just_spurious": 0.9936835106382979, "neither": 0.9786562876111349, "cf_score": 0.013513513513513514}