{"s_given_m": 0.173, "s_given_not_m": 0.017, "both": 0.5948235294117648, "just_main": 0.38494963460398973, "just_spurious": 0.6748768472906403, "neither": 0.978360794173248, "cf_score": 0.24988235294117647}