{"s_given_m": 0.299, "s_given_not_m": 0.023, "both": 0.4115720524017467, "just_main": 0.2832188191452195, "just_spurious": 0.8254161591555014, "neither": 0.9827368136483446, "cf_score": 0.12827510917030568}