{"s_given_m": 0.004, "s_given_not_m": 0.018, "both": 0.041666666666666664, "just_main": 0.322707530935016, "just_spurious": 1.0, "neither": 0.9787074725443514, "cf_score": 0.0625}