{"s_given_m": 0.007, "s_given_not_m": 0.066, "both": 0.02197802197802198, "just_main": 0.3238486842105263, "just_spurious": 0.9997150997150998, "neither": 0.977619778621637, "cf_score": 0.02197802197802198}