{"s_given_m": 0.299, "s_given_not_m": 0.023, "both": 0.5417576419213974, "just_main": 0.36997787352975425, "just_spurious": 0.7547706049533089, "neither": 0.9783244668011933, "cf_score": 0.16703056768558952}