{"s_given_m": 0.024, "s_given_not_m": 0.033, "both": 0.33221476510067116, "just_main": 0.42357567137957, "just_spurious": 0.9726651480637813, "neither": 0.9731477507705513, "cf_score": 0.016778523489932886}