{"s_given_m": 0.011, "s_given_not_m": 0.023, "both": 0.07971014492753623, "just_main": 0.42524560389663996, "just_spurious": 0.9895624247290244, "neither": 0.9727364913805592, "cf_score": 0.014492753623188406}