{"s_given_m": 0.001, "s_given_not_m": 0.009, "both": -1, "just_main": 0.3218165482316426, "just_spurious": 1.0, "neither": 0.9788930760153782, "cf_score": -1}