{"s_given_m": 0.001, "s_given_not_m": 0.014, "both": -1, "just_main": 0.32192172563117905, "just_spurious": 1.0, "neither": 0.9787753227241844, "cf_score": -1}