{"s_given_m": 0.003, "s_given_not_m": 0.016, "both": 0.07692307692307693, "just_main": 0.42245332459875534, "just_spurious": 0.994578313253012, "neither": 0.9727906798497739, "cf_score": 0.02564102564102564}