{"s_given_m": 0.695, "s_given_not_m": 0.524, "both": 0.42211527174551006, "just_main": 0.41961414790996787, "just_spurious": 0.9630728829412188, "neither": 0.9842188739095955, "cf_score": 0.10412020190163165}