{"s_given_m": 0.173, "s_given_not_m": 0.017, "both": 0.5195294117647059, "just_main": 0.28007110408848507, "just_spurious": 0.7318007662835249, "neither": 0.9834179389496108, "cf_score": 0.256}