{"s_given_m": 0.001, "s_given_not_m": 0.018, "both": -1, "just_main": 0.32189262074037756, "just_spurious": 1.0, "neither": 0.9786958150435593, "cf_score": -1}