{"s_given_m": 0.045, "s_given_not_m": 0.115, "both": 0.15875912408759124, "just_main": 0.32923182090062375, "just_spurious": 0.9905938164567315, "neither": 0.9775823472977294, "cf_score": 0.029197080291970802}