{"s_given_m": 0.001, "s_given_not_m": 0.009, "both": -1, "just_main": 0.3217611501388662, "just_spurious": 0.997867803837953, "neither": 0.9789149175055663, "cf_score": -1}