{"s_given_m": 0.002, "s_given_not_m": 0.02, "both": 0.037037037037037035, "just_main": 0.32223494764397903, "just_spurious": 0.9995210727969349, "neither": 0.9786720283218532, "cf_score": 0.0}