{"s_given_m": 0.067, "s_given_not_m": 0.045, "both": 0.23190184049079754, "just_main": 0.32799930045470443, "just_spurious": 0.9564668769716088, "neither": 0.9801443508654141, "cf_score": 0.04171779141104295}