{"s_given_m": 0.003, "s_given_not_m": 0.015, "both": 0.125, "just_main": 0.42212947049676736, "just_spurious": 0.9942084942084942, "neither": 0.9728182844891943, "cf_score": 0.0}