{"s_given_m": 0.063, "s_given_not_m": 0.03, "both": 0.29987129987129985, "just_main": 0.32307826390099353, "just_spurious": 0.9398307740520213, "neither": 0.9803004521367106, "cf_score": 0.07464607464607464}