{"s_given_m": 0.003, "s_given_not_m": 0.034, "both": 0.15, "just_main": 0.42224224060273524, "just_spurious": 0.9963411201801294, "neither": 0.9723271176682962, "cf_score": 0.025}