{"s_given_m": 0.062, "s_given_not_m": 0.009, "both": 0.41546526867627787, "just_main": 0.3153725626740947, "just_spurious": 0.9050632911392406, "neither": 0.9797503045066992, "cf_score": 0.09960681520314547}