{"s_given_m": 0.011, "s_given_not_m": 0.023, "both": 0.036231884057971016, "just_main": 0.3248575910179146, "just_spurious": 0.9935768767563228, "neither": 0.9787338838186296, "cf_score": 0.0}