{"s_given_m": 0.003, "s_given_not_m": 0.015, "both": 0.1, "just_main": 0.3223323233150438, "just_spurious": 0.9938042131350682, "neither": 0.978855030549118, "cf_score": 0.025}