{"s_given_m": 0.207, "s_given_not_m": 0.015, "both": 0.6842936069455406, "just_main": 0.35278378100236696, "just_spurious": 0.7582554517133956, "neither": 0.9764342005726269, "cf_score": 0.06550907655880031}