{"s_given_m": 0.024, "s_given_not_m": 0.037, "both": 0.05136986301369863, "just_main": 0.3282046993895811, "just_spurious": 0.9881612090680101, "neither": 0.9787294495718457, "cf_score": 0.010273972602739725}