{"s_given_m": 0.0, "s_given_not_m": 0.002, "both": -1, "just_main": 0.4213405175932729, "just_spurious": 0.9946524064171123, "neither": 0.9730937467524492, "cf_score": -1}