{"s_given_m": 0.004, "s_given_not_m": 0.018, "both": -1, "just_main": 0.28324388789505067, "just_spurious": 0.9990627928772259, "neither": 0.995099152616406, "cf_score": -1}