{"s_given_m": 0.204, "s_given_not_m": 0.027, "both": 0.3206997084548105, "just_main": 0.27238805970149255, "just_spurious": 0.9686126804770873, "neither": 0.9959177555590824, "cf_score": 0.043731778425655975}