{"s_given_m": 0.002, "s_given_not_m": 0.026, "both": -1, "just_main": 0.20357142857142857, "just_spurious": 0.999669093315685, "neither": 0.9987674103291014, "cf_score": -1}