{"s_given_m": 0.055, "s_given_not_m": 0.021, "both": 0.12903225806451613, "just_main": 0.2911949685534591, "just_spurious": 0.9885245901639345, "neither": 0.9953137591534985, "cf_score": 0.021505376344086023}