{"s_given_m": 0.089, "s_given_not_m": 0.013, "both": 0.31333333333333335, "just_main": 0.279191128506197, "just_spurious": 0.9373789541639768, "neither": 0.9959497631567511, "cf_score": 0.10666666666666667}