{"s_given_m": 0.0, "s_given_not_m": 0.019, "both": -1, "just_main": 0.20320855614973263, "just_spurious": 1.0, "neither": 0.9987668681073611, "cf_score": -1}