{"s_given_m": 0.02, "s_given_not_m": 0.045, "both": 0.08823529411764706, "just_main": 0.2862340812613705, "just_spurious": 0.9986787466968667, "neither": 0.9950047616480693, "cf_score": 0.0}