{"s_given_m": 0.017, "s_given_not_m": 0.02, "both": 0.0, "just_main": 0.28700906344410876, "just_spurious": 1.0, "neither": 0.9950731587790534, "cf_score": 0.0}