{"s_given_m": 0.033, "s_given_not_m": 0.027, "both": 0.14545454545454545, "just_main": 0.2868550368550369, "just_spurious": 0.9787849566055931, "neither": 0.9956208752962737, "cf_score": 0.03636363636363636}