{"s_given_m": 0.007, "s_given_not_m": 0.039, "both": -1, "just_main": 0.20466786355475763, "just_spurious": 1.0, "neither": 0.9987416893489804, "cf_score": -1}