{"s_given_m": 0.009, "s_given_not_m": 0.04, "both": -1, "just_main": 0.20503597122302158, "just_spurious": 1.0, "neither": 0.9987406216505895, "cf_score": -1}