{"s_given_m": 0.217, "s_given_not_m": 0.547, "both": 0.07923497267759563, "just_main": 0.33864844343204253, "just_spurious": 0.9986980187924517, "neither": 0.9909185507520575, "cf_score": 0.03278688524590164}