{"s_given_m": 0.001, "s_given_not_m": 0.029, "both": -1, "just_main": 0.28240190249702735, "just_spurious": 1.0, "neither": 0.9950269850102905, "cf_score": -1}