{"s_given_m": 0.124, "s_given_not_m": 0.071, "both": 0.14903846153846154, "just_main": 0.30101694915254235, "just_spurious": 0.9938502351380682, "neither": 0.9952728716381531, "cf_score": 0.02403846153846154}