{"s_given_m": 0.008, "s_given_not_m": 0.033, "both": -1, "just_main": 0.20479041916167665, "just_spurious": 1.0, "neither": 0.9987500775661085, "cf_score": -1}