{"s_given_m": 0.007, "s_given_not_m": 0.018, "both": -1, "just_main": 0.2830640335128665, "just_spurious": 1.0, "neither": 0.9950830123754377, "cf_score": -1}