{"s_given_m": 0.002, "s_given_not_m": 0.028, "both": -1, "just_main": 0.20369267421083978, "just_spurious": 0.9996906897618311, "neither": 0.9987651162995828, "cf_score": -1}