{"s_given_m": 0.187, "s_given_not_m": 0.034, "both": 0.20063694267515925, "just_main": 0.30094959824689554, "just_spurious": 0.9773180458624128, "neither": 0.9958078726730141, "cf_score": 0.03821656050955414}