{"s_given_m": 0.011, "s_given_not_m": 0.035, "both": -1, "just_main": 0.2852852852852853, "just_spurious": 0.99951171875, "neither": 0.995013687915526, "cf_score": -1}