{"s_given_m": 0.012, "s_given_not_m": 0.038, "both": 0.047619047619047616, "just_main": 0.2851985559566787, "just_spurious": 0.9997728305315765, "neither": 0.9949911766278676, "cf_score": 0.047619047619047616}