{"s_given_m": 0.005, "s_given_not_m": 0.013, "both": -1, "just_main": 0.20417910447761195, "just_spurious": 0.998019801980198, "neither": 0.9988009279774783, "cf_score": -1}