{"s_given_m": 0.37, "s_given_not_m": 0.011, "both": 0.4317817014446228, "just_main": 0.19433962264150945, "just_spurious": 0.837386018237082, "neither": 0.9969727985566581, "cf_score": 0.14285714285714285}