{"s_given_m": 0.042, "s_given_not_m": 0.019, "both": 0.08450704225352113, "just_main": 0.20843672456575682, "just_spurious": 0.996316758747698, "neither": 0.9988377376957495, "cf_score": 0.04225352112676056}