{"s_given_m": 0.08, "s_given_not_m": 0.012, "both": 0.17777777777777778, "just_main": 0.2054263565891473, "just_spurious": 0.9917298414886285, "neither": 0.9988797512874176, "cf_score": 0.06666666666666667}