{"s_given_m": 0.008, "s_given_not_m": 0.033, "both": -1, "just_main": 0.2844311377245509, "just_spurious": 1.0, "neither": 0.9950091749625467, "cf_score": -1}