{"s_given_m": 0.02, "s_given_not_m": 0.045, "both": 0.029411764705882353, "just_main": 0.20679199514857488, "just_spurious": 0.9996224990562477, "neither": 0.9987511904120173, "cf_score": 0.0}