{"s_given_m": 0.394, "s_given_not_m": 0.096, "both": 0.1975867269984917, "just_main": 0.2068627450980392, "just_spurious": 0.9940934311795239, "neither": 0.9992886275253723, "cf_score": 0.13725490196078433}