{"s_given_m": 0.015, "s_given_not_m": 0.037, "both": 0.0, "just_main": 0.20627261761158022, "just_spurious": 1.0, "neither": 0.9987438081322833, "cf_score": 0.0}