{"s_given_m": 0.004, "s_given_not_m": 0.032, "both": -1, "just_main": 0.2828162291169451, "just_spurious": 1.0, "neither": 0.9950145666746363, "cf_score": -1}