{"s_given_m": 0.394, "s_given_not_m": 0.096, "both": 0.27450980392156865, "just_main": 0.2872549019607843, "just_spurious": 0.9746733488455342, "neither": 0.9973442094280566, "cf_score": 0.1885369532428356}