{"s_given_m": 0.005, "s_given_not_m": 0.047, "both": -1, "just_main": 0.20430107526881722, "just_spurious": 1.0, "neither": 0.998730701714903, "cf_score": -1}