{"s_given_m": 0.007, "s_given_not_m": 0.018, "both": -1, "just_main": 0.20227408737283065, "just_spurious": 1.0, "neither": 0.9987685697068148, "cf_score": -1}