{"s_given_m": 0.007, "s_given_not_m": 0.022, "both": -1, "just_main": 0.20454545454545456, "just_spurious": 1.0, "neither": 0.9987639060568603, "cf_score": -1}