{"s_given_m": 0.005, "s_given_not_m": 0.013, "both": -1, "just_main": 0.2835820895522388, "just_spurious": 0.9887788778877887, "neither": 0.9952558454761098, "cf_score": -1}