{"s_given_m": 0.015, "s_given_not_m": 0.037, "both": 0.0, "just_main": 0.2864897466827503, "just_spurious": 1.0, "neither": 0.9949841416913153, "cf_score": 0.0}