{"s_given_m": 0.012, "s_given_not_m": 0.038, "both": -1, "just_main": 0.20517448856799037, "just_spurious": 1.0, "neither": 0.9987433379084152, "cf_score": 0.0}