{"s_given_m": 0.008, "s_given_not_m": 0.008, "both": -1, "just_main": 0.28460155781905333, "just_spurious": 1.0, "neither": 0.9951322001072126, "cf_score": -1}