{"s_given_m": 0.007, "s_given_not_m": 0.008, "both": -1, "just_main": 0.20287253141831238, "just_spurious": 1.0, "neither": 0.9987810044177783, "cf_score": -1}