{"s_given_m": 0.017, "s_given_not_m": 0.02, "both": 0.0, "just_main": 0.2066465256797583, "just_spurious": 1.0, "neither": 0.9987661019322319, "cf_score": 0.0}