{"s_given_m": 0.002, "s_given_not_m": 0.026, "both": -1, "just_main": 0.28273809523809523, "just_spurious": 0.999669093315685, "neither": 0.9950520328925357, "cf_score": -1}