{"s_given_m": 0.001, "s_given_not_m": 0.035, "both": -1, "just_main": 0.28240190249702735, "just_spurious": 1.0, "neither": 0.994994042643999, "cf_score": -1}