{"s_given_m": 0.01, "s_given_not_m": 0.052, "both": -1, "just_main": 0.28374325134973005, "just_spurious": 1.0, "neither": 0.9949046545935036, "cf_score": -1}