{"s_given_m": 0.006, "s_given_not_m": 0.028, "both": -1, "just_main": 0.2839210998206814, "just_spurious": 0.999691548426897, "neither": 0.9950424304440642, "cf_score": -1}