{"s_given_m": 0.037, "s_given_not_m": 0.024, "both": 0.25806451612903225, "just_main": 0.28315854410857494, "just_spurious": 0.9960923623445825, "neither": 0.9951489159760609, "cf_score": 0.16129032258064516}