{"s_given_m": 0.187, "s_given_not_m": 0.034, "both": 0.12420382165605096, "just_main": 0.22132943754565376, "just_spurious": 0.9952642073778664, "neither": 0.9989164416654824, "cf_score": 0.03503184713375796}