{"s_given_m": 0.096, "s_given_not_m": 0.019, "both": 0.2222222222222222, "just_main": 0.2886259040105194, "just_spurious": 0.9536995006808897, "neither": 0.9959703149447995, "cf_score": 0.10493827160493827}