{"s_given_m": 0.0, "s_given_not_m": 0.002, "both": -1, "just_main": 0.28223410576351754, "just_spurious": 1.0, "neither": 0.9951638534553108, "cf_score": -1}