{"s_given_m": 0.007, "s_given_not_m": 0.039, "both": -1, "just_main": 0.28426092160383004, "just_spurious": 1.0, "neither": 0.994975681584936, "cf_score": -1}