{"s_given_m": 0.191, "s_given_not_m": 0.076, "both": 0.16822429906542055, "just_main": 0.3091042584434655, "just_spurious": 0.986468200270636, "neither": 0.9958880968292864, "cf_score": 0.028037383177570093}