{"s_given_m": 0.009, "s_given_not_m": 0.04, "both": -1, "just_main": 0.28477218225419665, "just_spurious": 0.9997846683893196, "neither": 0.9949803501250447, "cf_score": -1}