{"s_given_m": 0.003, "s_given_not_m": 0.03, "both": -1, "just_main": 0.20381406436233612, "just_spurious": 1.0, "neither": 0.998753392805043, "cf_score": -1}