{"s_given_m": 0.018, "s_given_not_m": 0.038, "both": 0.06451612903225806, "just_main": 0.20581113801452786, "just_spurious": 1.0, "neither": 0.9987431250724264, "cf_score": 0.0}