{"s_given_m": 0.037, "s_given_not_m": 0.024, "both": 0.11290322580645161, "just_main": 0.2066625539790253, "just_spurious": 0.9996447602131439, "neither": 0.9987696526026242, "cf_score": 0.06451612903225806}