{"s_given_m": 0.001, "s_given_not_m": 0.015, "both": -1, "just_main": 0.20332936979785968, "just_spurious": 1.0, "neither": 0.9987725361492457, "cf_score": -1}