{"s_given_m": 0.018, "s_given_not_m": 0.04, "both": 0.1, "just_main": 0.28554143980641256, "just_spurious": 0.9997848537005164, "neither": 0.9949801707813783, "cf_score": 0.03333333333333333}