{"s_given_m": 0.0, "s_given_not_m": 0.03, "both": -1, "just_main": 0.28223410576351754, "just_spurious": 0.9997131382673551, "neither": 0.9950317367704521, "cf_score": -1}