{"s_given_m": 0.205, "s_given_not_m": 0.028, "both": 0.17971014492753623, "just_main": 0.20926756352765322, "just_spurious": 0.9931464174454828, "neither": 0.9989505617581177, "cf_score": 0.03188405797101449}