{"s_given_m": 0.002, "s_given_not_m": 0.016, "both": -1, "just_main": 0.20357142857142857, "just_spurious": 1.0, "neither": 0.9987710383418605, "cf_score": -1}