{"s_given_m": 0.001, "s_given_not_m": 0.034, "both": -1, "just_main": 0.20345032718619868, "just_spurious": 1.0, "neither": 0.9987483799953841, "cf_score": -1}