{"s_given_m": 0.205, "s_given_not_m": 0.028, "both": 0.26666666666666666, "just_main": 0.2862481315396114, "just_spurious": 0.9616822429906542, "neither": 0.9961197241476621, "cf_score": 0.03768115942028986}