{"s_given_m": 0.0, "s_given_not_m": 0.019, "both": -1, "just_main": 0.28223410576351754, "just_spurious": 0.9995421245421245, "neither": 0.9950882712812446, "cf_score": -1}