{"s_given_m": 0.0, "s_given_not_m": 0.03, "both": -1, "just_main": 0.20320855614973263, "just_spurious": 1.0, "neither": 0.9987536242132805, "cf_score": -1}