{"s_given_m": 0.003, "s_given_not_m": 0.025, "both": -1, "just_main": 0.2830750893921335, "just_spurious": 1.0, "neither": 0.9950469789210684, "cf_score": -1}