{"s_given_m": 0.004, "s_given_not_m": 0.048, "both": -1, "just_main": 0.2039355992844365, "just_spurious": 1.0, "neither": 0.9987301873198847, "cf_score": -1}