{"s_given_m": 0.004, "s_given_not_m": 0.026, "both": -1, "just_main": 0.2822195704057279, "just_spurious": 0.9996741609644836, "neither": 0.9950499845862509, "cf_score": -1}