{"s_given_m": 0.042, "s_given_not_m": 0.019, "both": 0.14084507042253522, "just_main": 0.28846153846153844, "just_spurious": 0.9732965009208103, "neither": 0.995586898769575, "cf_score": 0.028169014084507043}