{"s_given_m": 0.008, "s_given_not_m": 0.008, "both": 0.41935483870967744, "just_main": 0.526818515797208, "just_spurious": 0.9912663755458515, "neither": 0.9932277916596767, "cf_score": 0.06451612903225806}