{"s_given_m": 0.004, "s_given_not_m": 0.025, "both": -1, "just_main": 0.47058823529411764, "just_spurious": 0.999656121045392, "neither": 0.9981126140295691, "cf_score": -1}