{"s_given_m": 0.117, "s_given_not_m": 0.035, "both": 0.4270833333333333, "just_main": 0.47495872317006055, "just_spurious": 0.9916307380167385, "neither": 0.9983851945931235, "cf_score": 0.12083333333333333}