{"s_given_m": 0.001, "s_given_not_m": 0.03, "both": -1, "just_main": 0.5259061055704208, "just_spurious": 0.9991361934926577, "neither": 0.9930261969286359, "cf_score": -1}