{"s_given_m": 0.001, "s_given_not_m": 0.017, "both": -1, "just_main": 0.4697153977134517, "just_spurious": 1.0, "neither": 0.9981204347051488, "cf_score": -1}