{"s_given_m": 0.042, "s_given_not_m": 0.015, "both": 0.5321637426900585, "just_main": 0.4666497590667005, "just_spurious": 0.9994134897360704, "neither": 0.9981328022192979, "cf_score": 0.029239766081871343}