{"s_given_m": 0.001, "s_given_not_m": 0.017, "both": -1, "just_main": 0.46897055244585056, "just_spurious": 0.999482936918304, "neither": 0.9981289925961564, "cf_score": -1}