{"s_given_m": 0.014, "s_given_not_m": 0.034, "both": 0.3275862068965517, "just_main": 0.5288461538461539, "just_spurious": 0.9994884910485934, "neither": 0.9929894887677644, "cf_score": 0.22413793103448276}