{"s_given_m": 0.004, "s_given_not_m": 0.037, "both": -1, "just_main": 0.470458984375, "just_spurious": 0.9995287464655985, "neither": 0.9980987728442904, "cf_score": -1}