{"s_given_m": 0.022, "s_given_not_m": 0.048, "both": 0.5222222222222223, "just_main": 0.46819085487077533, "just_spurious": 0.9992644354542111, "neither": 0.9980962891433302, "cf_score": 0.08888888888888889}