{"s_given_m": 0.003, "s_given_not_m": 0.013, "both": -1, "just_main": 0.4690243902439024, "just_spurious": 0.9993373094764745, "neither": 0.9981360505574096, "cf_score": -1}