{"s_given_m": 0.045, "s_given_not_m": 0.039, "both": 0.4838709677419355, "just_main": 0.4686863543788187, "just_spurious": 0.9991095280498664, "neither": 0.9981127086733345, "cf_score": 0.10215053763440861}