{"s_given_m": 0.004, "s_given_not_m": 0.015, "both": -1, "just_main": 0.469482421875, "just_spurious": 0.9981981981981982, "neither": 0.9981512425783056, "cf_score": -1}