{"s_given_m": 0.001, "s_given_not_m": 0.03, "both": -1, "just_main": 0.46922889807832646, "just_spurious": 0.9997120644975526, "neither": 0.9981029810298103, "cf_score": -1}