{"s_given_m": 0.0, "s_given_not_m": 0.022, "both": -1, "just_main": 0.4694869924629224, "just_spurious": 0.9992141453831042, "neither": 0.9981277098935751, "cf_score": -1}