{"s_given_m": 0.0, "s_given_not_m": 0.02, "both": -1, "just_main": 0.5262645914396887, "just_spurious": 0.9995573262505534, "neither": 0.9930839751952392, "cf_score": -1}