{"s_given_m": 0.005, "s_given_not_m": 0.015, "both": -1, "just_main": 0.4706744868035191, "just_spurious": 0.998211091234347, "neither": 0.998151045370502, "cf_score": 0.045454545454545456}