{"s_given_m": 0.014, "s_given_not_m": 0.034, "both": 0.27586206896551724, "just_main": 0.47214003944773175, "just_spurious": 1.0, "neither": 0.9980863934411361, "cf_score": 0.22413793103448276}