{"s_given_m": 0.022, "s_given_not_m": 0.02, "both": 0.3626373626373626, "just_main": 0.5297042008451405, "just_spurious": 0.9942706037902159, "neither": 0.993190591935945, "cf_score": 0.15384615384615385}