{"s_given_m": 0.001, "s_given_not_m": 0.017, "both": -1, "just_main": 0.5261493553879835, "just_spurious": 0.9932043910088866, "neither": 0.9932121859967932, "cf_score": -1}