{"s_given_m": 0.01, "s_given_not_m": 0.008, "both": 0.5, "just_main": 0.46905697445972494, "just_spurious": 0.9968911917098445, "neither": 0.9981626740159706, "cf_score": 0.023809523809523808}