{"s_given_m": 0.049, "s_given_not_m": 0.025, "both": 0.4433497536945813, "just_main": 0.47072360010227565, "just_spurious": 0.9972154542290289, "neither": 0.9981761006289308, "cf_score": 0.04926108374384237}