{"s_given_m": 0.022, "s_given_not_m": 0.018, "both": 0.4777777777777778, "just_main": 0.5270874751491054, "just_spurious": 0.9834146341463414, "neither": 0.9933911864648645, "cf_score": 0.13333333333333333}