{"s_given_m": 0.009, "s_given_not_m": 0.013, "both": 0.40540540540540543, "just_main": 0.469953397105715, "just_spurious": 1.0, "neither": 0.9981271579844314, "cf_score": 0.05405405405405406}