{"s_given_m": 0.005, "s_given_not_m": 0.015, "both": 0.2727272727272727, "just_main": 0.5273704789833822, "just_spurious": 0.9988073941562313, "neither": 0.9931286445740293, "cf_score": 0.13636363636363635}