{"s_given_m": 0.003, "s_given_not_m": 0.028, "both": -1, "just_main": 0.5269446476469154, "just_spurious": 0.9990485252140818, "neither": 0.9930462979643307, "cf_score": -1}