{"s_given_m": 0.001, "s_given_not_m": 0.019, "both": -1, "just_main": 0.5261493553879835, "just_spurious": 0.9976635514018691, "neither": 0.9931270250729696, "cf_score": -1}