{"s_given_m": 0.015, "s_given_not_m": 0.04, "both": 0.20634920634920634, "just_main": 0.4734633423845964, "just_spurious": 0.9993472584856397, "neither": 0.9981017914343339, "cf_score": 0.031746031746031744}