{"s_given_m": 0.002, "s_given_not_m": 0.002, "both": -1, "just_main": 0.5261748234721207, "just_spurious": 0.989010989010989, "neither": 0.9932187628847892, "cf_score": -1}