{"s_given_m": 0.002, "s_given_not_m": 0.002, "both": -1, "just_main": 0.46944241538836134, "just_spurious": 1.0, "neither": 0.998148976673597, "cf_score": -1}