{"s_given_m": 0.001, "s_given_not_m": 0.015, "both": -1, "just_main": 0.5261493553879835, "just_spurious": 0.998844598497978, "neither": 0.9931253446221163, "cf_score": -1}