{"s_given_m": 0.117, "s_given_not_m": 0.035, "both": 0.48541666666666666, "just_main": 0.5313703907539901, "just_spurious": 0.9794572660410855, "neither": 0.9937040733012792, "cf_score": 0.125}