{"s_given_m": 0.004, "s_given_not_m": 0.037, "both": -1, "just_main": 0.526123046875, "just_spurious": 0.9992931196983977, "neither": 0.9929772853387187, "cf_score": -1}