{"s_given_m": 0.168, "s_given_not_m": 0.555, "both": 0.2756132756132756, "just_main": 0.5086232095878398, "just_spurious": 0.9993220018290183, "neither": 0.996689720399598, "cf_score": 0.08225108225108226}