{"s_given_m": 0.0, "s_given_not_m": 0.014, "both": -1, "just_main": 0.526008750607681, "just_spurious": 0.9993954050785974, "neither": 0.9931211617593473, "cf_score": -1}