{"s_given_m": 0.001, "s_given_not_m": 0.015, "both": -1, "just_main": 0.4697153977134517, "just_spurious": 1.0, "neither": 0.9981234769925829, "cf_score": -1}