{"s_given_m": 0.02, "s_given_not_m": 0.041, "both": 0.2962962962962963, "just_main": 0.4728489957847756, "just_spurious": 0.9997882253282507, "neither": 0.9980813331993312, "cf_score": 0.024691358024691357}