{"s_given_m": 0.001, "s_given_not_m": 0.008, "both": -1, "just_main": 0.5263926052055461, "just_spurious": 0.9195402298850575, "neither": 0.9938347936687394, "cf_score": -1}