{"s_given_m": 0.017, "s_given_not_m": 0.028, "both": 0.18309859154929578, "just_main": 0.4744001978728667, "just_spurious": 0.9993712668972021, "neither": 0.9981169814040651, "cf_score": 0.09859154929577464}