{"s_given_m": 0.011, "s_given_not_m": 0.033, "both": 0.7333333333333333, "just_main": 0.46645367412140576, "just_spurious": 0.999468791500664, "neither": 0.9981070212303457, "cf_score": 0.022222222222222223}