{"s_given_m": 0.009, "s_given_not_m": 0.03, "both": 0.23684210526315788, "just_main": 0.471540726202159, "just_spurious": 1.0, "neither": 0.9980941025571544, "cf_score": 0.15789473684210525}