{"s_given_m": 0.0, "s_given_not_m": 0.022, "both": -1, "just_main": 0.526136639922198, "just_spurious": 0.9972495088408644, "neither": 0.9931200057333286, "cf_score": -1}