{"s_given_m": 0.001, "s_given_not_m": 0.015, "both": -1, "just_main": 0.5264054514480409, "just_spurious": 1.0, "neither": 0.9931090897774458, "cf_score": -1}