{"s_given_m": 0.04, "s_given_not_m": 0.106, "both": 0.25, "just_main": 0.47848101265822784, "just_spurious": 0.9996690659386117, "neither": 0.9979722978665048, "cf_score": 0.0975609756097561}