{"s_given_m": 0.009, "s_given_not_m": 0.025, "both": 0.2222222222222222, "just_main": 0.4715546836684649, "just_spurious": 0.9992960225272791, "neither": 0.9981227320087666, "cf_score": 0.05555555555555555}