{"s_given_m": 0.003, "s_given_not_m": 0.013, "both": -1, "just_main": 0.47061692270178007, "just_spurious": 0.9986807387862797, "neither": 0.9981448112412011, "cf_score": -1}