{"s_given_m": 0.073, "s_given_not_m": 0.072, "both": 0.38666666666666666, "just_main": 0.5369690613529103, "just_spurious": 0.9947567369832947, "neither": 0.9930925150039633, "cf_score": 0.056666666666666664}