{"s_given_m": 0.009, "s_given_not_m": 0.031, "both": 0.25, "just_main": 0.528445316331535, "just_spurious": 0.9979959919839679, "neither": 0.9930610769786773, "cf_score": 0.027777777777777776}