{"s_given_m": 0.073, "s_given_not_m": 0.072, "both": 0.3566666666666667, "just_main": 0.47823807026743576, "just_spurious": 0.9986587001585172, "neither": 0.9981127090174763, "cf_score": 0.04}