{"s_given_m": 0.049, "s_given_not_m": 0.025, "both": 0.4876847290640394, "just_main": 0.5279979544873434, "just_spurious": 0.9864253393665159, "neither": 0.9933872416891285, "cf_score": 0.04926108374384237}