{"s_given_m": 0.009, "s_given_not_m": 0.038, "both": 0.1891891891891892, "just_main": 0.52906548933039, "just_spurious": 0.9981347633480998, "neither": 0.993019911907102, "cf_score": 0.02702702702702703}