{"s_given_m": 0.018, "s_given_not_m": 0.028, "both": 0.1917808219178082, "just_main": 0.47438752783964366, "just_spurious": 0.9993678887484198, "neither": 0.9981172697709195, "cf_score": 0.0547945205479452}