{"s_given_m": 0.0, "s_given_not_m": 0.019, "both": -1, "just_main": 0.525893508388038, "just_spurious": 0.994502977553825, "neither": 0.9931868916867578, "cf_score": -1}