{"s_given_m": 0.053, "s_given_not_m": 0.019, "both": 0.5318181818181819, "just_main": 0.4658448895737031, "just_spurious": 0.997250229147571, "neither": 0.9981694957630524, "cf_score": 0.19090909090909092}