{"s_given_m": 0.0, "s_given_not_m": 0.019, "both": -1, "just_main": 0.4694869924629224, "just_spurious": 0.9977095739807604, "neither": 0.9981605500491115, "cf_score": -1}