{"s_given_m": 0.009, "s_given_not_m": 0.013, "both": 0.43243243243243246, "just_main": 0.5268579838116262, "just_spurious": 0.9933774834437086, "neither": 0.9932098381900003, "cf_score": 0.08108108108108109}