{"s_given_m": 0.006, "s_given_not_m": 0.031, "both": 0.25, "just_main": 0.5276283618581907, "just_spurious": 0.9991503823279524, "neither": 0.9930225411688147, "cf_score": 0.0}