{"s_given_m": 0.001, "s_given_not_m": 0.015, "both": -1, "just_main": 0.4699440253102945, "just_spurious": 0.9994138335287222, "neither": 0.9981327856171144, "cf_score": -1}