{"s_given_m": 0.125, "s_given_not_m": 0.042, "both": 0.4601941747572815, "just_main": 0.5354265073631564, "just_spurious": 0.9815237699813162, "neither": 0.9937269102746992, "cf_score": 0.05048543689320388}