{"s_given_m": 0.064, "s_given_not_m": 0.078, "both": 0.37735849056603776, "just_main": 0.5362431800467654, "just_spurious": 0.9938368444643657, "neither": 0.9931590798962461, "cf_score": 0.04905660377358491}