{"s_given_m": 0.015, "s_given_not_m": 0.04, "both": 0.20634920634920634, "just_main": 0.5309800049370526, "just_spurious": 0.9956483899042646, "neither": 0.9931098679467406, "cf_score": 0.031746031746031744}