{"s_given_m": 0.001, "s_given_not_m": 0.008, "both": -1, "just_main": 0.4697153977134517, "just_spurious": 0.9832810867293625, "neither": 0.9982776286037309, "cf_score": -1}