{"s_given_m": 0.0, "s_given_not_m": 0.031, "both": -1, "just_main": 0.4693579766536965, "just_spurious": 0.9997129735935706, "neither": 0.9981027925087407, "cf_score": -1}