{"s_given_m": 0.003, "s_given_not_m": 0.013, "both": -1, "just_main": 0.525609756097561, "just_spurious": 0.9973492379058979, "neither": 0.9931566427607754, "cf_score": -1}