{"s_given_m": 0.008, "s_given_not_m": 0.022, "both": 0.3125, "just_main": 0.5276825085742283, "just_spurious": 0.9976009596161536, "neither": 0.993113761730783, "cf_score": 0.0625}