{"s_given_m": 0.001, "s_given_not_m": 0.031, "both": -1, "just_main": 0.5263926052055461, "just_spurious": 0.999442119944212, "neither": 0.993010091510833, "cf_score": -1}