{"s_given_m": 0.037, "s_given_not_m": 0.028, "both": 0.3790849673202614, "just_main": 0.4728603887907094, "just_spurious": 0.9990625, "neither": 0.9981256702080686, "cf_score": 0.1503267973856209}