{"s_given_m": 0.004, "s_given_not_m": 0.054, "both": -1, "just_main": 0.527818448023426, "just_spurious": 0.9986908852888234, "neither": 0.9929022227980233, "cf_score": -1}