{"s_given_m": 0.009, "s_given_not_m": 0.038, "both": 0.16216216216216217, "just_main": 0.4721609026244788, "just_spurious": 0.9995336908370249, "neither": 0.9980979942484802, "cf_score": 0.08108108108108109}