{"s_given_m": 0.022, "s_given_not_m": 0.048, "both": 0.5777777777777777, "just_main": 0.5248508946322068, "just_spurious": 0.9959543949981611, "neither": 0.9930749068837081, "cf_score": 0.07777777777777778}