{"s_given_m": 0.132, "s_given_not_m": 0.028, "both": 0.5867158671586716, "just_main": 0.5167973124300111, "just_spurious": 0.9414012738853503, "neither": 0.994677258112453, "cf_score": 0.17158671586715868}