{"s_given_m": 0.051, "s_given_not_m": 0.037, "both": 0.28365384615384615, "just_main": 0.5389144905273937, "just_spurious": 0.9300933684462533, "neither": 0.9956089312338631, "cf_score": 0.1778846153846154}