{"s_given_m": 0.0, "s_given_not_m": 0.011, "both": -1, "just_main": 0.526008750607681, "just_spurious": 1.0, "neither": 0.993138617630654, "cf_score": -1}