{"s_given_m": 0.008, "s_given_not_m": 0.022, "both": 0.3125, "just_main": 0.47060264576188143, "just_spurious": 0.9992003198720512, "neither": 0.9981284475965327, "cf_score": 0.09375}