{"s_given_m": 0.025, "s_given_not_m": 0.031, "both": 0.1941747572815534, "just_main": 0.47643979057591623, "just_spurious": 0.9991404011461318, "neither": 0.9981207592855271, "cf_score": 0.02912621359223301}