{"s_given_m": 0.001, "s_given_not_m": 0.002, "both": -1, "just_main": 0.5261493553879835, "just_spurious": 1.0, "neither": 0.9931993085232408, "cf_score": -1}