{"s_given_m": 0.011, "s_given_not_m": 0.033, "both": 0.7333333333333333, "just_main": 0.5237159007127058, "just_spurious": 0.99867197875166, "neither": 0.9930258676907471, "cf_score": 0.0}