{"s_given_m": 0.0, "s_given_not_m": 0.022, "both": -1, "just_main": 0.5262645914396887, "just_spurious": 0.9996006389776357, "neither": 0.9930688015474304, "cf_score": -1}