{"s_given_m": 0.056, "s_given_not_m": 0.017, "both": 0.5782608695652174, "just_main": 0.4629248197734295, "just_spurious": 0.9989389920424403, "neither": 0.9981387147335423, "cf_score": 0.06086956521739131}