{"s_given_m": 0.098, "s_given_not_m": 0.036, "both": 0.34328358208955223, "just_main": 0.48302801724137934, "just_spurious": 0.9983169031017072, "neither": 0.9981456905484757, "cf_score": 0.10199004975124377}