{"s_given_m": 0.037, "s_given_not_m": 0.03, "both": 0.03333333333333333, "just_main": 0.07678996322734155, "just_spurious": 0.9949629629629629, "neither": 0.9966851029434469, "cf_score": 0.011111111111111112}