{"s_given_m": 0.0, "s_given_not_m": 0.017, "both": -1, "just_main": 0.09123099354301187, "just_spurious": 1.0, "neither": 0.996925696871919, "cf_score": -1}