{"s_given_m": 0.003, "s_given_not_m": 0.006, "both": -1, "just_main": 0.09144050104384134, "just_spurious": 0.9913294797687862, "neither": 0.9970121994467692, "cf_score": -1}