{"s_given_m": 0.023, "s_given_not_m": 0.036, "both": 0.00909090909090909, "just_main": 0.07670999360750053, "just_spurious": 0.9997517994539588, "neither": 0.9965191174455256, "cf_score": 0.0}