{"s_given_m": 0.001, "s_given_not_m": 0.008, "both": -1, "just_main": 0.09126901437799542, "just_spurious": 1.0, "neither": 0.9969518697568606, "cf_score": -1}