{"s_given_m": 0.001, "s_given_not_m": 0.015, "both": -1, "just_main": 0.09128803668195082, "just_spurious": 1.0, "neither": 0.996932981624715, "cf_score": -1}