{"s_given_m": 0.009, "s_given_not_m": 0.037, "both": 0.0, "just_main": 0.07587221521647751, "just_spurious": 0.9995257291913683, "neither": 0.9965222802859052, "cf_score": 0.0}