{"s_given_m": 0.024, "s_given_not_m": 0.02, "both": 0.03418803418803419, "just_main": 0.09261630388390951, "just_spurious": 0.9969365426695842, "neither": 0.9969783900934361, "cf_score": 0.017094017094017096}