{"s_given_m": 0.006, "s_given_not_m": 0.013, "both": 0.03333333333333333, "just_main": 0.0754242614707731, "just_spurious": 0.9906229068988613, "neither": 0.996714021662455, "cf_score": 0.0}