{"s_given_m": 0.091, "s_given_not_m": 0.013, "both": 0.0871559633027523, "just_main": 0.0739638195557591, "just_spurious": 0.9520833333333333, "neither": 0.9972064546071187, "cf_score": 0.016055045871559634}