{"s_given_m": 0.006, "s_given_not_m": 0.02, "both": 0.037037037037037035, "just_main": 0.07537688442211055, "just_spurious": 0.9981949458483754, "neither": 0.9966027968508466, "cf_score": 0.0}