{"s_given_m": 0.098, "s_given_not_m": 0.104, "both": 0.0425531914893617, "just_main": 0.0964689591507039, "just_spurious": 0.9983023512435277, "neither": 0.9968240858185108, "cf_score": 0.01276595744680851}