{"s_given_m": 0.002, "s_given_not_m": 0.022, "both": -1, "just_main": 0.07512520868113523, "just_spurious": 1.0, "neither": 0.9965569766289015, "cf_score": -1}