{"s_given_m": 0.057, "s_given_not_m": 0.047, "both": 0.01824817518248175, "just_main": 0.07860454846544492, "just_spurious": 0.9986782477341389, "neither": 0.9965338115132917, "cf_score": 0.0072992700729927005}