{"s_given_m": 0.011, "s_given_not_m": 0.025, "both": 0.0, "just_main": 0.07598400336771206, "just_spurious": 0.9992920353982301, "neither": 0.9965660271645325, "cf_score": 0.0}