{"s_given_m": 0.002, "s_given_not_m": 0.026, "both": -1, "just_main": 0.07534961385931956, "just_spurious": 1.0, "neither": 0.9965432992489367, "cf_score": -1}