{"s_given_m": 0.011, "s_given_not_m": 0.025, "both": 0.0, "just_main": 0.09219111765944012, "just_spurious": 0.9992920353982301, "neither": 0.9969184612186989, "cf_score": 0.0}