{"s_given_m": 0.004, "s_given_not_m": 0.011, "both": -1, "just_main": 0.0754283326368575, "just_spurious": 0.9842323651452282, "neither": 0.9967669822495747, "cf_score": -1}