{"s_given_m": 0.001, "s_given_not_m": 0.002, "both": -1, "just_main": 0.09128803668195082, "just_spurious": 1.0, "neither": 0.996971890670245, "cf_score": -1}