{"s_given_m": 0.008, "s_given_not_m": 0.026, "both": 0.02702702702702703, "just_main": 0.07553503986571548, "just_spurious": 1.0, "neither": 0.9965428612800463, "cf_score": 0.0}