{"s_given_m": 0.003, "s_given_not_m": 0.013, "both": -1, "just_main": 0.07538108164543746, "just_spurious": 1.0, "neither": 0.9965883414159277, "cf_score": -1}