{"s_given_m": 0.003, "s_given_not_m": 0.019, "both": -1, "just_main": 0.09147869674185463, "just_spurious": 1.0, "neither": 0.9969186542694156, "cf_score": -1}