{"s_given_m": 0.056, "s_given_not_m": 0.025, "both": 0.0749063670411985, "just_main": 0.07517636684303351, "just_spurious": 0.970808116767533, "neither": 0.997289360740908, "cf_score": 0.011235955056179775}