{"s_given_m": 0.006, "s_given_not_m": 0.02, "both": 0.07407407407407407, "just_main": 0.09128978224455611, "just_spurious": 0.9981949458483754, "neither": 0.9969533019376641, "cf_score": 0.037037037037037035}