{"s_given_m": 0.056, "s_given_not_m": 0.031, "both": 0.02973977695167286, "just_main": 0.07785619761799735, "just_spurious": 0.988138943801186, "neither": 0.9969074884258207, "cf_score": 0.007434944237918215}