{"s_given_m": 0.012, "s_given_not_m": 0.02, "both": 0.03333333333333333, "just_main": 0.07569049125026354, "just_spurious": 0.9926247288503254, "neither": 0.9967170059093894, "cf_score": 0.0}