{"s_given_m": 0.101, "s_given_not_m": 0.036, "both": 0.06790123456790123, "just_main": 0.07597868890433171, "just_spurious": 0.9803680981595092, "neither": 0.9972397151971044, "cf_score": 0.043209876543209874}