{"s_given_m": 0.123, "s_given_not_m": 0.042, "both": 0.05245346869712352, "just_main": 0.07834757834757834, "just_spurious": 0.988399071925754, "neither": 0.9969929098884526, "cf_score": 0.021996615905245348}