{"s_given_m": 0.056, "s_given_not_m": 0.031, "both": 0.022304832713754646, "just_main": 0.0952801058667843, "just_spurious": 0.994069471900593, "neither": 0.9970712096268066, "cf_score": 0.011152416356877323}