{"s_given_m": 0.038, "s_given_not_m": 0.027, "both": 0.01639344262295082, "just_main": 0.09415584415584416, "just_spurious": 0.9996741609644836, "neither": 0.9969025947561473, "cf_score": 0.01092896174863388}