{"s_given_m": 0.035, "s_given_not_m": 0.033, "both": 0.05325443786982249, "just_main": 0.09257660768234786, "just_spurious": 0.9973677283495657, "neither": 0.9969640333682819, "cf_score": 0.029585798816568046}