{"s_given_m": 0.059, "s_given_not_m": 0.036, "both": 0.05985915492957746, "just_main": 0.07612303606992697, "just_spurious": 0.9898526214061367, "neither": 0.9968905757007637, "cf_score": 0.03873239436619718}