{"s_given_m": 0.02, "s_given_not_m": 0.031, "both": 0.031578947368421054, "just_main": 0.09239592183517417, "just_spurious": 0.9982847341337907, "neither": 0.9969359736693761, "cf_score": 0.021052631578947368}