{"s_given_m": 0.012, "s_given_not_m": 0.02, "both": 0.03333333333333333, "just_main": 0.09192494201981868, "just_spurious": 0.9960954446854664, "neither": 0.9969958355444823, "cf_score": 0.0}