{"s_given_m": 0.003, "s_given_not_m": 0.027, "both": -1, "just_main": 0.09144050104384134, "just_spurious": 1.0, "neither": 0.9968935380156682, "cf_score": -1}