{"s_given_m": 0.005, "s_given_not_m": 0.009, "both": -1, "just_main": 0.09142259414225941, "just_spurious": 0.9888211382113821, "neither": 0.9970488888888889, "cf_score": 0.0}