{"s_given_m": 0.005, "s_given_not_m": 0.029, "both": 0.0, "just_main": 0.09167015487651738, "just_spurious": 1.0, "neither": 0.996886234068049, "cf_score": 0.0}