{"s_given_m": 0.039, "s_given_not_m": 0.038, "both": 0.032432432432432434, "just_main": 0.09354699003897791, "just_spurious": 0.9953128661823295, "neither": 0.9970425849455671, "cf_score": 0.032432432432432434}