{"s_given_m": 0.024, "s_given_not_m": 0.02, "both": 0.0, "just_main": 0.07703798548868972, "just_spurious": 0.9929978118161925, "neither": 0.9967086034946357, "cf_score": 0.0}