{"s_given_m": 0.15, "s_given_not_m": 0.025, "both": 0.08460471567267684, "just_main": 0.07349338559529642, "just_spurious": 0.9554049232964681, "neither": 0.9976780115828372, "cf_score": 0.05825242718446602}