{"s_given_m": 0.011, "s_given_not_m": 0.018, "both": 0.018867924528301886, "just_main": 0.07578947368421053, "just_spurious": 0.9966459032103497, "neither": 0.9966336615887322, "cf_score": 0.018867924528301886}