{"s_given_m": 0.032, "s_given_not_m": 0.03, "both": 0.0457516339869281, "just_main": 0.09268817204301075, "just_spurious": 0.995260663507109, "neither": 0.9970301885421586, "cf_score": 0.0}