{"s_given_m": 0.003, "s_given_not_m": 0.027, "both": -1, "just_main": 0.07536534446764091, "just_spurious": 0.9996741609644836, "neither": 0.9965493818774623, "cf_score": -1}