{"s_given_m": 0.035, "s_given_not_m": 0.031, "both": 0.05389221556886228, "just_main": 0.09253666954270923, "just_spurious": 0.9963015647226173, "neither": 0.9969991543071229, "cf_score": 0.023952095808383235}