{"s_given_m": 0.198, "s_given_not_m": 0.104, "both": 0.055613850996852045, "just_main": 0.08, "just_spurious": 0.9925556213518315, "neither": 0.9971080924230055, "cf_score": 0.025183630640083946}