{"s_given_m": 0.02, "s_given_not_m": 0.031, "both": 0.042105263157894736, "just_main": 0.0758283772302464, "just_spurious": 0.9988564894225271, "neither": 0.9965631989525939, "cf_score": 0.0}