{"s_given_m": 0.037, "s_given_not_m": 0.03, "both": 0.03888888888888889, "just_main": 0.09322950465065974, "just_spurious": 0.9964444444444445, "neither": 0.9969938878747423, "cf_score": 0.011111111111111112}