{"s_given_m": 0.003, "s_given_not_m": 0.015, "both": -1, "just_main": 0.0914978065594318, "just_spurious": 0.9988002399520096, "neither": 0.9969503742722484, "cf_score": -1}