{"s_given_m": 0.101, "s_given_not_m": 0.036, "both": 0.09670781893004116, "just_main": 0.09057215659022469, "just_spurious": 0.9730061349693252, "neither": 0.9978703762944547, "cf_score": 0.06172839506172839}