{"s_given_m": 0.129, "s_given_not_m": 0.069, "both": 0.043548387096774194, "just_main": 0.07984699976093712, "just_spurious": 0.9931480776551199, "neither": 0.9968940276317908, "cf_score": 0.012903225806451613}