{"s_given_m": 0.091, "s_given_not_m": 0.013, "both": 0.12844036697247707, "just_main": 0.08747423860773987, "just_spurious": 0.9208333333333333, "neither": 0.9979561600799686, "cf_score": 0.027522935779816515}