{"s_given_m": 0.038, "s_given_not_m": 0.027, "both": 0.01092896174863388, "just_main": 0.07770562770562771, "just_spurious": 1.0, "neither": 0.9965403251369832, "cf_score": 0.0}