{"s_given_m": 0.1, "s_given_not_m": 0.044, "both": 0.04583333333333333, "just_main": 0.0962294702752718, "just_spurious": 0.9970285261489699, "neither": 0.9969751742963592, "cf_score": 0.016666666666666666}