{"s_given_m": 0.155, "s_given_not_m": 0.098, "both": 0.036193029490616625, "just_main": 0.08232684249445403, "just_spurious": 0.9951311874492832, "neither": 0.9967966560214078, "cf_score": 0.029490616621983913}