{"s_given_m": 0.056, "s_given_not_m": 0.025, "both": 0.09363295880149813, "just_main": 0.09104938271604938, "just_spurious": 0.9811320754716981, "neither": 0.9973797153828778, "cf_score": 0.02247191011235955}