{"s_given_m": 0.04, "s_given_not_m": 0.036, "both": 0.031413612565445025, "just_main": 0.07697311361665221, "just_spurious": 0.9973397823458283, "neither": 0.9966071934814219, "cf_score": 0.015706806282722512}