{"s_given_m": 0.017, "s_given_not_m": 0.036, "both": 0.012345679012345678, "just_main": 0.07623888182973317, "just_spurious": 0.9975204562360526, "neither": 0.9966012188102439, "cf_score": 0.012345679012345678}