{"s_given_m": 0.019, "s_given_not_m": 0.034, "both": 0.044444444444444446, "just_main": 0.09208572034797369, "just_spurious": 0.9994821336095288, "neither": 0.9968893105398552, "cf_score": 0.0}