{"s_given_m": 0.123, "s_given_not_m": 0.042, "both": 0.09475465313028765, "just_main": 0.09069325735992402, "just_spurious": 0.9839696266610419, "neither": 0.9975446695419475, "cf_score": 0.03553299492385787}