{"s_given_m": 0.189, "s_given_not_m": 0.052, "both": 0.024175824175824177, "just_main": 0.08707937323400976, "just_spurious": 0.9947732254257292, "neither": 0.9967364927059217, "cf_score": 0.017582417582417582}