{"s_given_m": 0.003, "s_given_not_m": 0.019, "both": -1, "just_main": 0.07497911445279866, "just_spurious": 0.9995389580451821, "neither": 0.996577280689934, "cf_score": -1}