{"s_given_m": 0.017, "s_given_not_m": 0.03, "both": 0.0375, "just_main": 0.09210247723904298, "just_spurious": 0.9988310929281122, "neither": 0.9969199178644764, "cf_score": 0.0125}