{"s_given_m": 0.035, "s_given_not_m": 0.031, "both": 0.07784431137724551, "just_main": 0.07506471095772217, "just_spurious": 0.9928876244665719, "neither": 0.9967536305686148, "cf_score": 0.041916167664670656}