{"s_given_m": 0.168, "s_given_not_m": 0.022, "both": 0.4916123019571295, "just_main": 0.21236356793375988, "just_spurious": 0.8129117259552042, "neither": 0.9802103917238173, "cf_score": 0.14119291705498602}