{"s_given_m": 0.079, "s_given_not_m": 0.014, "both": 0.40836653386454186, "just_main": 0.2465590484282073, "just_spurious": 0.8914323086984958, "neither": 0.977852361901831, "cf_score": 0.046812749003984064}