{"s_given_m": 0.029, "s_given_not_m": 0.019, "both": 0.21066666666666667, "just_main": 0.2607468344221308, "just_spurious": 0.9623115577889447, "neither": 0.9768747041720197, "cf_score": 0.029333333333333333}