{"s_given_m": 0.02, "s_given_not_m": 0.028, "both": 0.15873015873015872, "just_main": 0.2613001118032263, "just_spurious": 0.9796666666666667, "neither": 0.9765102962551091, "cf_score": 0.051587301587301584}