{"s_given_m": 0.043, "s_given_not_m": 0.111, "both": 0.10036496350364964, "just_main": 0.2494683461475544, "just_spurious": 0.9964111766213791, "neither": 0.9847884020893295, "cf_score": 0.029197080291970802}