{"s_given_m": 0.001, "s_given_not_m": 0.016, "both": -1, "just_main": 0.2596221682213687, "just_spurious": 0.9957238851557727, "neither": 0.9762986637914437, "cf_score": -1}