{"s_given_m": 0.013, "s_given_not_m": 0.032, "both": 0.07317073170731707, "just_main": 0.2616970658207772, "just_spurious": 0.9877171959257041, "neither": 0.9762368485441644, "cf_score": 0.012195121951219513}