{"s_given_m": 0.091, "s_given_not_m": 0.03, "both": 0.3359173126614987, "just_main": 0.23378971841901316, "just_spurious": 0.9399684044233807, "neither": 0.9875034197053191, "cf_score": 0.02756244616709733}