{"s_given_m": 0.017, "s_given_not_m": 0.014, "both": 0.2850467289719626, "just_main": 0.24235668789808917, "just_spurious": 0.9764309764309764, "neither": 0.9862152497404545, "cf_score": 0.037383177570093455}