{"s_given_m": 0.079, "s_given_not_m": 0.014, "both": 0.3784860557768924, "just_main": 0.23152081563296517, "just_spurious": 0.908436886854153, "neither": 0.9872191875673181, "cf_score": 0.044820717131474105}