{"s_given_m": 0.01, "s_given_not_m": 0.015, "both": 0.33064516129032256, "just_main": 0.2585770750988142, "just_spurious": 0.9807568954457986, "neither": 0.9765376993670277, "cf_score": 0.04032258064516129}