{"s_given_m": 0.054, "s_given_not_m": 0.046, "both": 0.10755813953488372, "just_main": 0.25078603342710576, "just_spurious": 0.9866857845145433, "neither": 0.9860480368872415, "cf_score": 0.0377906976744186}