{"s_given_m": 0.091, "s_given_not_m": 0.03, "both": 0.38931955211024977, "just_main": 0.24627572548006543, "just_spurious": 0.9045813586097946, "neither": 0.9788271387814125, "cf_score": 0.031007751937984496}