{"s_given_m": 0.042, "s_given_not_m": 0.037, "both": 0.18421052631578946, "just_main": 0.2625388008495344, "just_spurious": 0.9776797300804568, "neither": 0.9765591186307299, "cf_score": 0.06954887218045112}