{"s_given_m": 0.054, "s_given_not_m": 0.013, "both": 0.37175792507204614, "just_main": 0.23567880794701987, "just_spurious": 0.9204785362420831, "neither": 0.9869730622910502, "cf_score": 0.08357348703170028}