{"s_given_m": 0.06, "s_given_not_m": 0.037, "both": 0.3924380704041721, "just_main": 0.23353044057633046, "just_spurious": 0.9722507708119219, "neither": 0.986607098926403, "cf_score": 0.028683181225554105}