{"s_given_m": 0.074, "s_given_not_m": 0.024, "both": 0.38275499474237645, "just_main": 0.23183625137443964, "just_spurious": 0.9379363847944143, "neither": 0.9872832369942196, "cf_score": 0.026288117770767613}