{"s_given_m": 0.028, "s_given_not_m": 0.022, "both": 0.10764872521246459, "just_main": 0.2635858626519604, "just_spurious": 0.9749560632688928, "neither": 0.9766362835030077, "cf_score": 0.0169971671388102}