{"s_given_m": 0.005, "s_given_not_m": 0.001, "both": 0.39344262295081966, "just_main": 0.24235035003539684, "just_spurious": 0.9102564102564102, "neither": 0.9861898117827956, "cf_score": 0.04918032786885246}