{"s_given_m": 0.024, "s_given_not_m": 0.02, "both": 0.24671052631578946, "just_main": 0.2429831595829992, "just_spurious": 0.9742612011439467, "neither": 0.9863172653870328, "cf_score": 0.08223684210526316}