{"s_given_m": 0.401, "s_given_not_m": 0.064, "both": 0.33508977361436376, "just_main": 0.18143790849673203, "just_spurious": 0.9475644272307463, "neither": 0.9886943319838056, "cf_score": 0.11787665886026542}