{"s_given_m": 0.064, "s_given_not_m": 0.027, "both": 0.402187120291616, "just_main": 0.24943519370763953, "just_spurious": 0.8593913955928646, "neither": 0.9798643988544041, "cf_score": 0.21628189550425272}