{"s_given_m": 0.231, "s_given_not_m": 0.059, "both": 0.3783508652867323, "just_main": 0.20250330721481632, "just_spurious": 0.9279077218840115, "neither": 0.9897351693848153, "cf_score": 0.04207668815744825}