{"s_given_m": 0.004, "s_given_not_m": 0.009, "both": 0.2, "just_main": 0.24324111914492297, "just_spurious": 0.987460815047022, "neither": 0.9860648838899728, "cf_score": 0.04}