{"s_given_m": 0.006, "s_given_not_m": 0.031, "both": 0.09876543209876543, "just_main": 0.24399275191050185, "just_spurious": 0.9948044009779952, "neither": 0.9857982609716258, "cf_score": 0.037037037037037035}