{"s_given_m": 0.054, "s_given_not_m": 0.026, "both": 0.05555555555555555, "just_main": 0.25368072787427626, "just_spurious": 0.9937269372693727, "neither": 0.9858758985632715, "cf_score": 0.013157894736842105}