{"s_given_m": 0.055, "s_given_not_m": 0.011, "both": 0.37057991513437055, "just_main": 0.2356012264854562, "just_spurious": 0.913601368691189, "neither": 0.9868895192823737, "cf_score": 0.04384724186704385}