{"s_given_m": 0.017, "s_given_not_m": 0.012, "both": 0.19909502262443438, "just_main": 0.24384609256751374, "just_spurious": 0.9746543778801844, "neither": 0.9862202646553627, "cf_score": 0.013574660633484163}