{"s_given_m": 0.005, "s_given_not_m": 0.033, "both": 0.06153846153846154, "just_main": 0.24400031473758754, "just_spurious": 0.9988646040306557, "neither": 0.9856358466516325, "cf_score": 0.046153846153846156}