{"s_given_m": 0.08, "s_given_not_m": 0.024, "both": 0.3998044965786901, "just_main": 0.24704280486767083, "just_spurious": 0.9356240126382307, "neither": 0.9776075198337557, "cf_score": 0.028347996089931573}