{"s_given_m": 0.05, "s_given_not_m": 0.024, "both": 0.35, "just_main": 0.25449151145541454, "just_spurious": 0.9390340459224069, "neither": 0.9775214347441911, "cf_score": 0.08125}