{"s_given_m": 0.048, "s_given_not_m": 0.021, "both": 0.400974025974026, "just_main": 0.2350715578220102, "just_spurious": 0.9327731092436975, "neither": 0.9872447991322202, "cf_score": 0.07467532467532467}