{"s_given_m": 0.14, "s_given_not_m": 0.05, "both": 0.414237668161435, "just_main": 0.21528662420382166, "just_spurious": 0.9408672798948752, "neither": 0.9884814245503364, "cf_score": 0.04147982062780269}