{"s_given_m": 0.012, "s_given_not_m": 0.029, "both": 0.1949685534591195, "just_main": 0.2600871977804201, "just_spurious": 0.9922027290448343, "neither": 0.9761312051544883, "cf_score": 0.06289308176100629}