{"s_given_m": 0.078, "s_given_not_m": 0.055, "both": 0.25855130784708247, "just_main": 0.24176570458404076, "just_spurious": 0.9772532922866427, "neither": 0.9865952280617262, "cf_score": 0.03722334004024145}