{"s_given_m": 0.002, "s_given_not_m": 0.018, "both": 0.0, "just_main": 0.24364406779661016, "just_spurious": 0.999484004127967, "neither": 0.9858266956311851, "cf_score": 0.0}