{"s_given_m": 0.087, "s_given_not_m": 0.019, "both": 0.3944043321299639, "just_main": 0.22869878278758787, "just_spurious": 0.8907520325203252, "neither": 0.9878893234825438, "cf_score": 0.032490974729241874}