{"s_given_m": 0.107, "s_given_not_m": 0.02, "both": 0.3793859649122807, "just_main": 0.22672277748553393, "just_spurious": 0.9058441558441559, "neither": 0.9877511924688217, "cf_score": 0.0935672514619883}