{"s_given_m": 0.018, "s_given_not_m": 0.019, "both": 0.26666666666666666, "just_main": 0.25914415491274206, "just_spurious": 0.9643211100099108, "neither": 0.976839460843519, "cf_score": 0.044444444444444446}