{"s_given_m": 0.006, "s_given_not_m": 0.031, "both": 0.12345679012345678, "just_main": 0.26014338611833293, "just_spurious": 0.9932762836185819, "neither": 0.9760663530286284, "cf_score": 0.037037037037037035}