{"s_given_m": 0.045, "s_given_not_m": 0.033, "both": 0.18275862068965518, "just_main": 0.2629161882893226, "just_spurious": 0.9850028296547821, "neither": 0.9763088479000579, "cf_score": 0.04482758620689655}