{"s_given_m": 0.001, "s_given_not_m": 0.007, "both": -1, "just_main": 0.2433576299083, "just_spurious": 1.0, "neither": 0.9859859000410215, "cf_score": -1}