{"s_given_m": 0.002, "s_given_not_m": 0.029, "both": 0.037037037037037035, "just_main": 0.24350827645720563, "just_spurious": 1.0, "neither": 0.9856624177711842, "cf_score": 0.037037037037037035}