{"s_given_m": 0.186, "s_given_not_m": 0.058, "both": 0.3523729525409492, "just_main": 0.21803136726642933, "just_spurious": 0.9303921568627451, "neither": 0.989506303260793, "cf_score": 0.044099118017639646}