{"s_given_m": 0.047, "s_given_not_m": 0.03, "both": 0.15474209650582363, "just_main": 0.24743284317752404, "just_spurious": 0.9837955749454659, "neither": 0.9861491241789178, "cf_score": 0.009983361064891847}