{"s_given_m": 0.055, "s_given_not_m": 0.046, "both": 0.22063037249283668, "just_main": 0.2443689963564094, "just_spurious": 0.9867494824016563, "neither": 0.9860453105290864, "cf_score": 0.02865329512893983}