{"s_given_m": 0.02, "s_given_not_m": 0.028, "both": 0.0992063492063492, "just_main": 0.24596709790768248, "just_spurious": 0.9933333333333333, "neither": 0.985865207339557, "cf_score": 0.015873015873015872}