{"s_given_m": 0.055, "s_given_not_m": 0.016, "both": 0.38825214899713467, "just_main": 0.25182179529645576, "just_spurious": 0.894705174488568, "neither": 0.9779106604654746, "cf_score": 0.07306590257879657}