{"s_given_m": 0.042, "s_given_not_m": 0.037, "both": 0.19360902255639098, "just_main": 0.24522136905734357, "just_spurious": 0.986504022839346, "neither": 0.9860613810741689, "cf_score": 0.08082706766917293}