{"s_given_m": 0.087, "s_given_not_m": 0.019, "both": 0.3953068592057762, "just_main": 0.24635693468198183, "just_spurious": 0.8734756097560976, "neither": 0.9785600463566565, "cf_score": 0.03429602888086643}