{"s_given_m": 0.029, "s_given_not_m": 0.02, "both": 0.09433962264150944, "just_main": 0.2642102717084576, "just_spurious": 0.9742388758782201, "neither": 0.976648803420457, "cf_score": 0.0215633423180593}