{"s_given_m": 0.629, "s_given_not_m": 0.531, "both": 0.20136901057871812, "just_main": 0.31377927832876135, "just_spurious": 0.9835770328102711, "neither": 0.9889142880262173, "cf_score": 0.12159303049159925}