{"s_given_m": 0.075, "s_given_not_m": 0.036, "both": 0.3147953830010493, "just_main": 0.2548007782759496, "just_spurious": 0.947012987012987, "neither": 0.9777205079527458, "cf_score": 0.024134312696747113}