{"s_given_m": 0.026, "s_given_not_m": 0.017, "both": 0.17933130699088146, "just_main": 0.24475693049417438, "just_spurious": 0.9762562120375483, "neither": 0.9862490598059825, "cf_score": 0.0547112462006079}