{"s_given_m": 0.05, "s_given_not_m": 0.038, "both": 0.3943217665615142, "just_main": 0.23517298187808897, "just_spurious": 0.9626607319485658, "neither": 0.9870108111837113, "cf_score": 0.04258675078864353}