{"s_given_m": 0.05, "s_given_not_m": 0.038, "both": 0.3785488958990536, "just_main": 0.25304777594728173, "just_spurious": 0.94188921859545, "neither": 0.9779834235086579, "cf_score": 0.03785488958990536}