{"s_given_m": 0.629, "s_given_not_m": 0.531, "both": 0.23024268823895458, "just_main": 0.3085039037771682, "just_spurious": 0.970114122681883, "neither": 0.9839580846802743, "cf_score": 0.143497199751089}