{"s_given_m": 0.135, "s_given_not_m": 0.026, "both": 0.40663176265270506, "just_main": 0.23636363636363636, "just_spurious": 0.8997438712038054, "neither": 0.978643705000973, "cf_score": 0.06399069226294357}