{"s_given_m": 0.231, "s_given_not_m": 0.059, "both": 0.3864947404139803, "just_main": 0.22112547064210847, "just_spurious": 0.9030759371996155, "neither": 0.9812231165194266, "cf_score": 0.04411265693926027}