{"s_given_m": 0.004, "s_given_not_m": 0.028, "both": 0.044444444444444446, "just_main": 0.24377405923481812, "just_spurious": 0.999659979598776, "neither": 0.9856881020161448, "cf_score": 0.022222222222222223}