{"s_given_m": 0.0, "s_given_not_m": 0.018, "both": -1, "just_main": 0.24318609022556392, "just_spurious": 0.9994764397905759, "neither": 0.9858305261430653, "cf_score": -1}