{"s_given_m": 0.016, "s_given_not_m": 0.013, "both": 0.2714285714285714, "just_main": 0.24259789875835722, "just_spurious": 0.9738372093023255, "neither": 0.9862392809472138, "cf_score": 0.009523809523809525}