{"s_given_m": 0.008, "s_given_not_m": 0.02, "both": 0.0392156862745098, "just_main": 0.2610479797979798, "just_spurious": 0.9972209356183418, "neither": 0.9761692822725777, "cf_score": 0.00980392156862745}