{"s_given_m": 0.008, "s_given_not_m": 0.027, "both": 0.08571428571428572, "just_main": 0.24437603599336966, "just_spurious": 0.9978843441466855, "neither": 0.9857514341089046, "cf_score": 0.02857142857142857}