{"s_given_m": 0.107, "s_given_not_m": 0.02, "both": 0.3823099415204678, "just_main": 0.24452042784499387, "just_spurious": 0.890074211502783, "neither": 0.9784049459639889, "cf_score": 0.09576023391812866}