{"s_given_m": 0.0, "s_given_not_m": 0.018, "both": -1, "just_main": 0.2593984962406015, "just_spurious": 0.9979057591623036, "neither": 0.976207252685733, "cf_score": -1}