{"s_given_m": 0.055, "s_given_not_m": 0.016, "both": 0.4154727793696275, "just_main": 0.23310698906922822, "just_spurious": 0.9253910950661853, "neither": 0.9870487525396963, "cf_score": 0.06303724928366762}