{"s_given_m": 0.011, "s_given_not_m": 0.008, "both": 0.29411764705882354, "just_main": 0.24252255103655643, "just_spurious": 0.9605425400739828, "neither": 0.9862753338045118, "cf_score": 0.029411764705882353}