{"s_given_m": 0.004, "s_given_not_m": 0.039, "both": 0.07142857142857142, "just_main": 0.26010378990407296, "just_spurious": 0.9958363948077394, "neither": 0.9758256925958789, "cf_score": 0.0}