{"s_given_m": 0.01, "s_given_not_m": 0.019, "both": 0.06818181818181818, "just_main": 0.24489795918367346, "just_spurious": 0.9975633528265108, "neither": 0.9858497404819208, "cf_score": 0.007575757575757576}