{"s_given_m": 0.007, "s_given_not_m": 0.037, "both": 0.011627906976744186, "just_main": 0.2609552332912989, "just_spurious": 0.9961200206932229, "neither": 0.975857624917607, "cf_score": 0.023255813953488372}