{"s_given_m": 0.401, "s_given_not_m": 0.064, "both": 0.3397736143637783, "just_main": 0.205359477124183, "just_spurious": 0.9256666170117682, "neither": 0.9800607287449393, "cf_score": 0.12177985948477751}