{"s_given_m": 0.007, "s_given_not_m": 0.032, "both": 0.05813953488372093, "just_main": 0.26063997477931905, "just_spurious": 0.9905604719764012, "neither": 0.976136619566601, "cf_score": 0.03488372093023256}