{"s_given_m": 0.016, "s_given_not_m": 0.013, "both": 0.3142857142857143, "just_main": 0.2583572110792741, "just_spurious": 0.9556686046511628, "neither": 0.9768766144597981, "cf_score": 0.02857142857142857}