{"s_given_m": 0.01, "s_given_not_m": 0.017, "both": 0.21138211382113822, "just_main": 0.24337996996284877, "just_spurious": 0.9955947136563876, "neither": 0.985910874952988, "cf_score": 0.04065040650406504}