{"s_given_m": 0.007, "s_given_not_m": 0.032, "both": 0.011627906976744186, "just_main": 0.244640605296343, "just_spurious": 0.9994117647058823, "neither": 0.9856335628176628, "cf_score": 0.023255813953488372}