{"s_given_m": 0.048, "s_given_not_m": 0.021, "both": 0.38311688311688313, "just_main": 0.2530021385096233, "just_spurious": 0.8951791242812914, "neither": 0.9783829853174757, "cf_score": 0.08603896103896104}