{"s_given_m": 0.053, "s_given_not_m": 0.034, "both": 0.11555555555555555, "just_main": 0.26729481775353336, "just_spurious": 0.9765821020351269, "neither": 0.9766006710750937, "cf_score": 0.01925925925925926}