{"s_given_m": 0.055, "s_given_not_m": 0.011, "both": 0.3493635077793494, "just_main": 0.25399850832849924, "just_spurious": 0.9195893926432849, "neither": 0.977238748754121, "cf_score": 0.033946251768033946}