{"s_given_m": 0.001, "s_given_not_m": 0.009, "both": -1, "just_main": 0.2595030958539071, "just_spurious": 0.9978835978835979, "neither": 0.9764076964272053, "cf_score": -1}