{"s_given_m": 0.014, "s_given_not_m": 0.01, "both": 0.16, "just_main": 0.24422573220096833, "just_spurious": 0.9837631327602674, "neither": 0.9861007409109184, "cf_score": 0.05142857142857143}