{"s_given_m": 0.064, "s_given_not_m": 0.027, "both": 0.34386391251518833, "just_main": 0.2361308677098151, "just_spurious": 0.9303952430919902, "neither": 0.9876283437566973, "cf_score": 0.17375455650060753}