{"s_given_m": 0.026, "s_given_not_m": 0.017, "both": 0.17933130699088146, "just_main": 0.2613901165126557, "just_spurious": 0.9596907785753728, "neither": 0.9768953347090702, "cf_score": 0.08206686930091185}