{"s_given_m": 0.015, "s_given_not_m": 0.038, "both": 0.04285714285714286, "just_main": 0.37241229025931577, "just_spurious": 0.9993047508690615, "neither": 0.9981246512308691, "cf_score": 0.02857142857142857}