{"s_given_m": 0.025, "s_given_not_m": 0.021, "both": 0.0423728813559322, "just_main": 0.37590839022241795, "just_spurious": 0.9995859213250518, "neither": 0.998138706805859, "cf_score": 0.0}