{"s_given_m": 0.1, "s_given_not_m": 0.043, "both": 0.06666666666666667, "just_main": 0.4008106819265618, "just_spurious": 0.9989726731045819, "neither": 0.9981335221264975, "cf_score": 0.015053763440860216}