{"s_given_m": 0.003, "s_given_not_m": 0.013, "both": -1, "just_main": 0.3462532299741602, "just_spurious": 0.9993368700265252, "neither": 0.9974313235818766, "cf_score": -1}