{"s_given_m": 0.05, "s_given_not_m": 0.023, "both": 0.0, "just_main": 0.38689265536723166, "just_spurious": 0.9992432841468029, "neither": 0.998143893318917, "cf_score": 0.0}