{"s_given_m": 0.009, "s_given_not_m": 0.015, "both": 0.022727272727272728, "just_main": 0.34821235102925246, "just_spurious": 0.9993957703927493, "neither": 0.9974279513811365, "cf_score": 0.022727272727272728}