{"s_given_m": 0.007, "s_given_not_m": 0.019, "both": 0.0, "just_main": 0.3474503025064823, "just_spurious": 0.9995479204339964, "neither": 0.9974150929848495, "cf_score": 0.03225806451612903}