{"s_given_m": 0.005, "s_given_not_m": 0.015, "both": 0.36, "just_main": 0.3675010789814415, "just_spurious": 0.9935634874195436, "neither": 0.9982397984256471, "cf_score": 0.0}