{"s_given_m": 0.045, "s_given_not_m": 0.031, "both": 0.018957345971563982, "just_main": 0.3839928057553957, "just_spurious": 0.9991356957649092, "neither": 0.9981390197627024, "cf_score": 0.009478672985781991}