{"s_given_m": 0.028, "s_given_not_m": 0.012, "both": 0.0, "just_main": 0.3780083903731508, "just_spurious": 0.9978828510938603, "neither": 0.9981730846351962, "cf_score": 0.0}