{"s_given_m": 0.045, "s_given_not_m": 0.035, "both": 0.3459715639810427, "just_main": 0.36848021582733814, "just_spurious": 0.9918533604887984, "neither": 0.9983956244302643, "cf_score": 0.02843601895734597}