{"s_given_m": 0.023, "s_given_not_m": 0.028, "both": 0.46788990825688076, "just_main": 0.3421978021978022, "just_spurious": 0.993925831202046, "neither": 0.9975565610859729, "cf_score": 0.027522935779816515}