{"s_given_m": 0.409, "s_given_not_m": 0.547, "both": 0.2120734908136483, "just_main": 0.4749455337690632, "just_spurious": 0.9986979585275679, "neither": 0.9975300478431678, "cf_score": 0.028346456692913385}