{"s_given_m": 0.016, "s_given_not_m": 0.031, "both": 0.02631578947368421, "just_main": 0.3504254854898538, "just_spurious": 0.998275366484622, "neither": 0.9974307528892682, "cf_score": 0.013157894736842105}