{"s_given_m": 0.017, "s_given_not_m": 0.016, "both": 0.0, "just_main": 0.37396242900830057, "just_spurious": 1.0, "neither": 0.9981400838750637, "cf_score": 0.0}