{"s_given_m": 0.074, "s_given_not_m": 0.036, "both": 0.034782608695652174, "just_main": 0.36995827538247567, "just_spurious": 0.9936243256498284, "neither": 0.9975992697398448, "cf_score": 0.017391304347826087}