{"s_given_m": 0.007, "s_given_not_m": 0.026, "both": 0.1875, "just_main": 0.34622865787767454, "just_spurious": 0.9962186318322448, "neither": 0.9974891391721384, "cf_score": 0.09375}