{"s_given_m": 0.001, "s_given_not_m": 0.027, "both": -1, "just_main": 0.3677765843179377, "just_spurious": 1.0, "neither": 0.9981184984170058, "cf_score": -1}