{"s_given_m": 0.165, "s_given_not_m": 0.106, "both": 0.05345501955671447, "just_main": 0.42934224049331965, "just_spurious": 0.9988340134921296, "neither": 0.9980909457690832, "cf_score": 0.007822685788787484}