{"s_given_m": 0.008, "s_given_not_m": 0.008, "both": 0.0, "just_main": 0.3477508650519031, "just_spurious": 0.9989035087719298, "neither": 0.9974449057809007, "cf_score": 0.0}