{"s_given_m": 0.042, "s_given_not_m": 0.047, "both": 0.23469387755102042, "just_main": 0.37329150795429084, "just_spurious": 0.9984996249062266, "neither": 0.998153209721504, "cf_score": 0.00510204081632653}