{"s_given_m": 0.409, "s_given_not_m": 0.547, "both": 0.1931758530183727, "just_main": 0.4502541757443718, "just_spurious": 0.9983121684616622, "neither": 0.9964214866389203, "cf_score": 0.04199475065616798}