{"s_given_m": 0.008, "s_given_not_m": 0.02, "both": 0.0, "just_main": 0.37032230153579926, "just_spurious": 1.0, "neither": 0.9981311602080881, "cf_score": 0.0}