{"s_given_m": 0.035, "s_given_not_m": 0.033, "both": 0.23030303030303031, "just_main": 0.3493546951490877, "just_spurious": 0.9955109585423818, "neither": 0.997523693338553, "cf_score": 0.07272727272727272}