{"s_given_m": 0.092, "s_given_not_m": 0.1, "both": 0.06088992974238876, "just_main": 0.3983931947069943, "just_spurious": 0.9992112182296231, "neither": 0.9980531804574537, "cf_score": 0.00702576112412178}