{"s_given_m": 0.028, "s_given_not_m": 0.012, "both": 0.0, "just_main": 0.35504526385515567, "just_spurious": 0.9943542695836274, "neither": 0.9974957891828787, "cf_score": 0.007692307692307693}