{"s_given_m": 0.021, "s_given_not_m": 0.028, "both": 0.23711340206185566, "just_main": 0.37023235423060064, "just_spurious": 0.997147385103011, "neither": 0.9981986548749469, "cf_score": 0.020618556701030927}