{"s_given_m": 0.061, "s_given_not_m": 0.06, "both": 0.007042253521126761, "just_main": 0.39085714285714285, "just_spurious": 0.9994140911088326, "neither": 0.9980899055252291, "cf_score": 0.0}