{"s_given_m": 0.02, "s_given_not_m": 0.018, "both": 0.010638297872340425, "just_main": 0.352026286966046, "just_spurious": 0.9980207817911925, "neither": 0.9974463967313878, "cf_score": 0.0}