{"s_given_m": 0.004, "s_given_not_m": 0.002, "both": -1, "just_main": 0.3688860159448395, "just_spurious": 1.0, "neither": 0.9981662537798975, "cf_score": -1}