{"s_given_m": 0.008, "s_given_not_m": 0.02, "both": 0.0, "just_main": 0.34782608695652173, "just_spurious": 0.9995706311721769, "neither": 0.9974123756727374, "cf_score": 0.0}