{"s_given_m": 0.061, "s_given_not_m": 0.06, "both": 0.007042253521126761, "just_main": 0.3670857142857143, "just_spurious": 0.9967775010985792, "neither": 0.9975000234080206, "cf_score": 0.0}