{"s_given_m": 0.031, "s_given_not_m": 0.037, "both": 0.006993006993006993, "just_main": 0.37887511071744906, "just_spurious": 0.9995218742529285, "neither": 0.9981177760518982, "cf_score": 0.0}