{"s_given_m": 0.039, "s_given_not_m": 0.047, "both": 0.26519337016574585, "just_main": 0.3715944618133095, "just_spurious": 0.9962887363147152, "neither": 0.9982631029481056, "cf_score": 0.04419889502762431}