{"s_given_m": 0.015, "s_given_not_m": 0.021, "both": 0.08450704225352113, "just_main": 0.3491717523975589, "just_spurious": 0.996996996996997, "neither": 0.9974662389821828, "cf_score": 0.028169014084507043}