{"s_given_m": 0.01, "s_given_not_m": 0.018, "both": 0.021739130434782608, "just_main": 0.3709083026230219, "just_spurious": 0.997134670487106, "neither": 0.9981888930729643, "cf_score": 0.0}