{"s_given_m": 0.011, "s_given_not_m": 0.014, "both": 0.019230769230769232, "just_main": 0.37139136097243325, "just_spurious": 1.0, "neither": 0.9981444145092512, "cf_score": 0.019230769230769232}