{"s_given_m": 0.165, "s_given_not_m": 0.106, "both": 0.054758800521512385, "just_main": 0.4023638232271326, "just_spurious": 0.9958357624718914, "neither": 0.9976481239113962, "cf_score": 0.007822685788787484}