{"s_given_m": 0.041, "s_given_not_m": 0.039, "both": 0.010526315789473684, "just_main": 0.3593645110763034, "just_spurious": 0.9975490196078431, "neither": 0.9974528129008613, "cf_score": 0.005263157894736842}