{"s_given_m": 0.003, "s_given_not_m": 0.031, "both": -1, "just_main": 0.3460296965784377, "just_spurious": 0.9994242947610823, "neither": 0.997394556711513, "cf_score": -1}