{"s_given_m": 0.05, "s_given_not_m": 0.023, "both": 0.008547008547008548, "just_main": 0.3629378531073446, "just_spurious": 0.9954597048808173, "neither": 0.9975041672298058, "cf_score": 0.008547008547008548}