{"s_given_m": 0.037, "s_given_not_m": 0.019, "both": 0.011560693641618497, "just_main": 0.3811859117253678, "just_spurious": 0.9981710105166895, "neither": 0.9981694349476404, "cf_score": 0.0}