{"s_given_m": 0.031, "s_given_not_m": 0.037, "both": 0.02097902097902098, "just_main": 0.35540301151461473, "just_spurious": 0.9983265598852499, "neither": 0.997423363333181, "cf_score": 0.02097902097902098}