{"s_given_m": 0.011, "s_given_not_m": 0.03, "both": 0.19607843137254902, "just_main": 0.3467881944444444, "just_spurious": 0.9968125181106926, "neither": 0.9974767873512621, "cf_score": 0.0196078431372549}