{"s_given_m": 0.002, "s_given_not_m": 0.026, "both": -1, "just_main": 0.3676850258175559, "just_spurious": 0.9983193277310924, "neither": 0.9981654360930114, "cf_score": -1}