{"s_given_m": 0.003, "s_given_not_m": 0.011, "both": -1, "just_main": 0.3686477174849268, "just_spurious": 1.0, "neither": 0.9981498118678894, "cf_score": -1}