{"s_given_m": 0.012, "s_given_not_m": 0.025, "both": 0.017543859649122806, "just_main": 0.3491960017383746, "just_spurious": 0.9996513249651325, "neither": 0.9973997833152762, "cf_score": 0.0}