{"s_given_m": 0.014, "s_given_not_m": 0.036, "both": 0.047619047619047616, "just_main": 0.3718450826805918, "just_spurious": 0.9997531473710195, "neither": 0.9981109174370534, "cf_score": 0.047619047619047616}