{"s_given_m": 0.007, "s_given_not_m": 0.026, "both": 0.1875, "just_main": 0.3687054246812189, "just_spurious": 0.9955311103471983, "neither": 0.9982387846711043, "cf_score": 0.0625}