{"s_given_m": 0.002, "s_given_not_m": 0.002, "both": -1, "just_main": 0.34573210062352183, "just_spurious": 1.0, "neither": 0.9974525549375479, "cf_score": -1}