{"s_given_m": 0.018, "s_given_not_m": 0.029, "both": 0.0, "just_main": 0.3741258741258741, "just_spurious": 0.9996979764421625, "neither": 0.9981235892926748, "cf_score": 0.0}