{"s_given_m": 0.002, "s_given_not_m": 0.023, "both": -1, "just_main": 0.34580645161290324, "just_spurious": 0.999618320610687, "neither": 0.9974055923897377, "cf_score": -1}