{"s_given_m": 0.003, "s_given_not_m": 0.015, "both": -1, "just_main": 0.3458225667527993, "just_spurious": 0.999400479616307, "neither": 0.997427652733119, "cf_score": -1}