{"s_given_m": 0.028, "s_given_not_m": 0.03, "both": 0.03076923076923077, "just_main": 0.3541620666813866, "just_spurious": 0.9970579582230068, "neither": 0.997468905641891, "cf_score": 0.007692307692307693}