{"s_given_m": 0.041, "s_given_not_m": 0.039, "both": 0.0, "just_main": 0.3830834638621616, "just_spurious": 0.9993315508021391, "neither": 0.9981216785779733, "cf_score": 0.0}