{"s_given_m": 0.003, "s_given_not_m": 0.019, "both": -1, "just_main": 0.3461041756349548, "just_spurious": 1.0, "neither": 0.9974070717855317, "cf_score": -1}