{"s_given_m": 0.019, "s_given_not_m": 0.031, "both": 0.06896551724137931, "just_main": 0.35039370078740156, "just_spurious": 0.9971436732362182, "neither": 0.9974665613337329, "cf_score": 0.034482758620689655}