{"s_given_m": 0.002, "s_given_not_m": 0.022, "both": -1, "just_main": 0.34588083458808344, "just_spurious": 1.0, "neither": 0.9973994888960875, "cf_score": -1}