{"s_given_m": 0.016, "s_given_not_m": 0.031, "both": 0.013157894736842105, "just_main": 0.37333624263582804, "just_spurious": 0.999137683242311, "neither": 0.9981388846017667, "cf_score": 0.0}