{"s_given_m": 0.002, "s_given_not_m": 0.017, "both": -1, "just_main": 0.34580645161290324, "just_spurious": 0.9994818652849741, "neither": 0.9974216190083977, "cf_score": -1}