{"s_given_m": 0.018, "s_given_not_m": 0.034, "both": 0.25609756097560976, "just_main": 0.34673366834170855, "just_spurious": 0.9969119917653114, "neither": 0.9974758980153451, "cf_score": 0.04878048780487805}