{"s_given_m": 0.072, "s_given_not_m": 0.037, "both": 0.03560830860534125, "just_main": 0.3933364183248496, "just_spurious": 0.9990530303030303, "neither": 0.9981353515410771, "cf_score": 0.017804154302670624}