{"s_given_m": 0.107, "s_given_not_m": 0.103, "both": 0.3406813627254509, "just_main": 0.3456730769230769, "just_spurious": 0.9966814159292036, "neither": 0.9975460363579253, "cf_score": 0.036072144288577156}