{"s_given_m": 0.04, "s_given_not_m": 0.025, "both": 0.021621621621621623, "just_main": 0.38176128743853377, "just_spurious": 0.9993081978554134, "neither": 0.9981397364927712, "cf_score": 0.005405405405405406}