{"s_given_m": 0.018, "s_given_not_m": 0.029, "both": 0.0, "just_main": 0.3513986013986014, "just_spurious": 1.0, "neither": 0.9973802768385652, "cf_score": 0.0}