{"s_given_m": 0.015, "s_given_not_m": 0.038, "both": 0.02857142857142857, "just_main": 0.3499673131401177, "just_spurious": 0.9990730011587485, "neither": 0.9973928078087693, "cf_score": 0.0}