{"s_given_m": 0.002, "s_given_not_m": 0.006, "both": -1, "just_main": 0.34559139784946236, "just_spurious": 0.9942528735632183, "neither": 0.9974763574540432, "cf_score": -1}