{"s_given_m": 0.015, "s_given_not_m": 0.021, "both": 0.07042253521126761, "just_main": 0.3720575414123801, "just_spurious": 0.9991419991419992, "neither": 0.9981490965614527, "cf_score": 0.014084507042253521}