{"s_given_m": 0.014, "s_given_not_m": 0.036, "both": 0.06349206349206349, "just_main": 0.34899912967798086, "just_spurious": 0.9992594421130585, "neither": 0.9973899632222091, "cf_score": 0.047619047619047616}