{"s_given_m": 0.014, "s_given_not_m": 0.026, "both": 0.3484848484848485, "just_main": 0.3677335075114304, "just_spurious": 0.9989861439675566, "neither": 0.998147629417452, "cf_score": 0.030303030303030304}