{"s_given_m": 0.092, "s_given_not_m": 0.071, "both": 0.03044496487119438, "just_main": 0.4014650283553875, "just_spurious": 0.9995045826108496, "neither": 0.9980673399397465, "cf_score": 0.00936768149882904}