{"s_given_m": 0.042, "s_given_not_m": 0.047, "both": 0.22959183673469388, "just_main": 0.35021286130405554, "just_spurious": 0.9977494373593399, "neither": 0.997442195464283, "cf_score": 0.00510204081632653}