{"s_given_m": 0.014, "s_given_not_m": 0.026, "both": 0.19696969696969696, "just_main": 0.34726758110167644, "just_spurious": 0.9986481919567421, "neither": 0.9974247530925553, "cf_score": 0.045454545454545456}