{"s_given_m": 0.004, "s_given_not_m": 0.029, "both": 0.0, "just_main": 0.34662642810950633, "just_spurious": 0.9987998799879988, "neither": 0.9974160206718347, "cf_score": 0.0}