{"s_given_m": 0.009, "s_given_not_m": 0.027, "both": 0.0, "just_main": 0.37096424702058506, "just_spurious": 0.9993593850096092, "neither": 0.9981358478272673, "cf_score": 0.0}