{"s_given_m": 0.057, "s_given_not_m": 0.029, "both": 0.06741573033707865, "just_main": 0.38570127504553736, "just_spurious": 0.9981960312687913, "neither": 0.9981686642127976, "cf_score": 0.0}