{"s_given_m": 0.032, "s_given_not_m": 0.03, "both": 0.019867549668874173, "just_main": 0.37910381543921917, "just_spurious": 1.0, "neither": 0.9981134642419844, "cf_score": 0.006622516556291391}