{"s_given_m": 0.001, "s_given_not_m": 0.015, "both": -1, "just_main": 0.34536082474226804, "just_spurious": 1.0, "neither": 0.9974191128535325, "cf_score": -1}