{"s_given_m": 0.07, "s_given_not_m": 0.057, "both": 0.21341463414634146, "just_main": 0.3791272223504964, "just_spurious": 0.998003992015968, "neither": 0.998179526676936, "cf_score": 0.009146341463414634}