{"s_given_m": 0.0, "s_given_not_m": 0.017, "both": -1, "just_main": 0.3674608285039708, "just_spurious": 0.9994780793319415, "neither": 0.9981470209109138, "cf_score": -1}