{"s_given_m": 0.01, "s_given_not_m": 0.018, "both": 0.0, "just_main": 0.3485800997181877, "just_spurious": 0.997134670487106, "neither": 0.9974626571269747, "cf_score": 0.021739130434782608}