{"s_given_m": 0.057, "s_given_not_m": 0.029, "both": 0.06741573033707865, "just_main": 0.3620218579234973, "just_spurious": 0.9909801563439568, "neither": 0.9976519011441316, "cf_score": 0.0149812734082397}