{"s_given_m": 0.074, "s_given_not_m": 0.036, "both": 0.017391304347826087, "just_main": 0.3954566527584608, "just_spurious": 0.9987739087788131, "neither": 0.99814696485623, "cf_score": 0.008695652173913044}