{"s_given_m": 0.032, "s_given_not_m": 0.03, "both": 0.019867549668874173, "just_main": 0.3560337178349601, "just_spurious": 0.997924696116217, "neither": 0.9974422928665366, "cf_score": 0.006622516556291391}