{"s_given_m": 0.001, "s_given_not_m": 0.027, "both": -1, "just_main": 0.34543501611170785, "just_spurious": 1.0, "neither": 0.9973857982813207, "cf_score": -1}