{"s_given_m": 0.072, "s_given_not_m": 0.037, "both": 0.03560830860534125, "just_main": 0.36927348449791764, "just_spurious": 0.9947916666666666, "neither": 0.9975595042228803, "cf_score": 0.008902077151335312}