{"s_given_m": 0.081, "s_given_not_m": 0.078, "both": 0.03968253968253968, "just_main": 0.3721093202522775, "just_spurious": 0.9968221541255249, "neither": 0.9975099459057214, "cf_score": 0.007936507936507936}