{"s_given_m": 0.008, "s_given_not_m": 0.013, "both": 0.11764705882352941, "just_main": 0.2763727500569606, "just_spurious": 0.9979852249832102, "neither": 0.9948031145717464, "cf_score": 0.0}