{"s_given_m": 0.001, "s_given_not_m": 0.031, "both": -1, "just_main": 0.27540167458701065, "just_spurious": 0.9997209821428571, "neither": 0.9946862531737396, "cf_score": -1}