{"s_given_m": 0.001, "s_given_not_m": 0.015, "both": -1, "just_main": 0.31018099547511313, "just_spurious": 1.0, "neither": 0.9869440753391062, "cf_score": -1}