{"s_given_m": 0.327, "s_given_not_m": 0.014, "both": 0.34623358673116794, "just_main": 0.2923387096774194, "just_spurious": 0.9030079803560467, "neither": 0.9883637011627389, "cf_score": 0.0414651002073255}