{"s_given_m": 0.003, "s_given_not_m": 0.03, "both": -1, "just_main": 0.3108843537414966, "just_spurious": 0.9988449321397632, "neither": 0.9867754821061403, "cf_score": -1}