{"s_given_m": 0.011, "s_given_not_m": 0.107, "both": 0.2553191489361702, "just_main": 0.27536563071297987, "just_spurious": 0.9992625368731564, "neither": 0.994314381270903, "cf_score": 0.0}