{"s_given_m": 0.001, "s_given_not_m": 0.031, "both": -1, "just_main": 0.31002489250961757, "just_spurious": 0.9997141223556318, "neither": 0.9867441059746661, "cf_score": -1}