{"s_given_m": 0.0, "s_given_not_m": 0.017, "both": -1, "just_main": 0.3100407055630936, "just_spurious": 1.0, "neither": 0.986916539317408, "cf_score": -1}