{"s_given_m": 0.001, "s_given_not_m": 0.008, "both": -1, "just_main": 0.2751753790450328, "just_spurious": 1.0, "neither": 0.9948010769830304, "cf_score": -1}