{"s_given_m": 0.052, "s_given_not_m": 0.058, "both": 0.27631578947368424, "just_main": 0.27508939213349226, "just_spurious": 0.9942537426281567, "neither": 0.9948811666091691, "cf_score": 0.04824561403508772}