{"s_given_m": 0.009, "s_given_not_m": 0.028, "both": 0.10526315789473684, "just_main": 0.2766248574686431, "just_spurious": 0.9993777224642191, "neither": 0.994713059195662, "cf_score": 0.07894736842105263}