{"s_given_m": 0.008, "s_given_not_m": 0.013, "both": 0.058823529411764705, "just_main": 0.3119161540214172, "just_spurious": 0.9919408999328408, "neither": 0.9870789766407119, "cf_score": 0.0}