{"s_given_m": 0.001, "s_given_not_m": 0.022, "both": -1, "just_main": 0.30979859696763973, "just_spurious": 1.0, "neither": 0.9868536843806684, "cf_score": -1}