{"s_given_m": 0.025, "s_given_not_m": 0.024, "both": 0.2545454545454545, "just_main": 0.27567818223974033, "just_spurious": 0.9848211058908565, "neither": 0.9950943769858772, "cf_score": 0.03636363636363636}