{"s_given_m": 0.024, "s_given_not_m": 0.03, "both": 0.1346153846153846, "just_main": 0.27853669830979394, "just_spurious": 0.9932846715328467, "neither": 0.994893108412789, "cf_score": 0.0}