{"s_given_m": 0.064, "s_given_not_m": 0.04, "both": 0.25, "just_main": 0.2768784730611259, "just_spurious": 0.990263332595707, "neither": 0.9950340664868078, "cf_score": 0.03169014084507042}