{"s_given_m": 0.027, "s_given_not_m": 0.032, "both": 0.14166666666666666, "just_main": 0.31466418777597027, "just_spurious": 0.9880758807588076, "neither": 0.9871112966761668, "cf_score": 0.025}