{"s_given_m": 0.506, "s_given_not_m": 0.543, "both": 0.22808586762075134, "just_main": 0.3232738911751257, "just_spurious": 0.9952003102829716, "neither": 0.9944214677310763, "cf_score": 0.17262969588550983}