{"s_given_m": 0.026, "s_given_not_m": 0.037, "both": 0.14912280701754385, "just_main": 0.3142260385240195, "just_spurious": 0.9767331433998101, "neither": 0.9875424068872433, "cf_score": 0.02631578947368421}