{"s_given_m": 0.011, "s_given_not_m": 0.107, "both": 0.2553191489361702, "just_main": 0.31055758683729434, "just_spurious": 0.9979514913143231, "neither": 0.9858449734408814, "cf_score": 0.02127659574468085}