{"s_given_m": 0.002, "s_given_not_m": 0.03, "both": -1, "just_main": 0.2754870865428183, "just_spurious": 1.0, "neither": 0.9946867730518922, "cf_score": -1}