{"s_given_m": 0.005, "s_given_not_m": 0.015, "both": -1, "just_main": 0.2760109041344843, "just_spurious": 0.9987966305655837, "neither": 0.9947861891944885, "cf_score": 0.047619047619047616}