{"s_given_m": 0.014, "s_given_not_m": 0.013, "both": 0.3333333333333333, "just_main": 0.30964932385972954, "just_spurious": 0.9895150720838795, "neither": 0.9871103277608645, "cf_score": 0.05}