{"s_given_m": 0.028, "s_given_not_m": 0.015, "both": 0.1935483870967742, "just_main": 0.2775063968364736, "just_spurious": 0.9834474885844748, "neither": 0.9950228343085485, "cf_score": 0.024193548387096774}