{"s_given_m": 0.485, "s_given_not_m": 0.093, "both": 0.41006523765144454, "just_main": 0.21563460693895475, "just_spurious": 0.9396876176138502, "neither": 0.9920279747374947, "cf_score": 0.11509785647716682}