{"s_given_m": 0.041, "s_given_not_m": 0.019, "both": 0.30939226519337015, "just_main": 0.2736916548797737, "just_spurious": 0.9830197338228546, "neither": 0.9950754353762815, "cf_score": 0.04419889502762431}