{"s_given_m": 0.133, "s_given_not_m": 0.069, "both": 0.2925170068027211, "just_main": 0.27249022164276404, "just_spurious": 0.9848350815114368, "neither": 0.9955923021019151, "cf_score": 0.0391156462585034}