{"s_given_m": 0.132, "s_given_not_m": 0.026, "both": 0.2663230240549828, "just_main": 0.2764904972663369, "just_spurious": 0.9694085656016316, "neither": 0.9955193739745046, "cf_score": 0.061855670103092786}