{"s_given_m": 0.0, "s_given_not_m": 0.036, "both": -1, "just_main": 0.2751526113497626, "just_spurious": 1.0, "neither": 0.9946502620186831, "cf_score": -1}