{"s_given_m": 0.025, "s_given_not_m": 0.024, "both": 0.2909090909090909, "just_main": 0.3104567586366798, "just_spurious": 0.9504878930249367, "neither": 0.9880554830463469, "cf_score": 0.045454545454545456}