{"s_given_m": 0.233, "s_given_not_m": 0.095, "both": 0.39244186046511625, "just_main": 0.2848717192568564, "just_spurious": 0.9682554372975475, "neither": 0.9891227355204301, "cf_score": 0.09496124031007752}