{"s_given_m": 0.027, "s_given_not_m": 0.032, "both": 0.09166666666666666, "just_main": 0.28026957936323493, "just_spurious": 0.9962059620596206, "neither": 0.9947991359122842, "cf_score": 0.025}