{"s_given_m": 0.006, "s_given_not_m": 0.035, "both": 0.07142857142857142, "just_main": 0.3114903299203641, "just_spurious": 0.998730964467005, "neither": 0.986727193333576, "cf_score": 0.0}