{"s_given_m": 0.019, "s_given_not_m": 0.02, "both": 0.26744186046511625, "just_main": 0.275305510721697, "just_spurious": 0.9822970639032815, "neither": 0.9951052461720515, "cf_score": 0.05813953488372093}