{"s_given_m": 0.02, "s_given_not_m": 0.025, "both": 0.08888888888888889, "just_main": 0.2790214631894761, "just_spurious": 0.9943562610229277, "neither": 0.9948571994704086, "cf_score": 0.011111111111111112}