{"s_given_m": 0.001, "s_given_not_m": 0.019, "both": -1, "just_main": 0.31002489250961757, "just_spurious": 0.9995324918186068, "neither": 0.9869053479525621, "cf_score": -1}