{"s_given_m": 0.506, "s_given_not_m": 0.543, "both": 0.24194991055456172, "just_main": 0.3795153177869227, "just_spurious": 0.9891239354223565, "neither": 0.9847840723285564, "cf_score": 0.1735241502683363}