{"s_given_m": 0.002, "s_given_not_m": 0.017, "both": -1, "just_main": 0.31074342701722574, "just_spurious": 0.9994813278008299, "neither": 0.9869300314465409, "cf_score": -1}