{"s_given_m": 0.013, "s_given_not_m": 0.048, "both": 0.1694915254237288, "just_main": 0.27658111824014664, "just_spurious": 0.9981854472872437, "neither": 0.9946748128801233, "cf_score": 0.05084745762711865}