{"s_given_m": 0.008, "s_given_not_m": 0.028, "both": 0.2857142857142857, "just_main": 0.2750683682771194, "just_spurious": 0.9984384759525297, "neither": 0.9947407420794853, "cf_score": 0.02857142857142857}