{"s_given_m": 0.038, "s_given_not_m": 0.047, "both": 0.2754491017964072, "just_main": 0.27514097744360905, "just_spurious": 0.9940309643723186, "neither": 0.9948849340571229, "cf_score": 0.0658682634730539}