{"s_given_m": 0.327, "s_given_not_m": 0.014, "both": 0.31928127159640635, "just_main": 0.2536962365591398, "just_spurious": 0.949048496009822, "neither": 0.9955094221945026, "cf_score": 0.03800967519004837}