{"s_given_m": 0.105, "s_given_not_m": 0.034, "both": 0.24034334763948498, "just_main": 0.318170331058883, "just_spurious": 0.9765246236284767, "neither": 0.9875210332438946, "cf_score": 0.08369098712446352}