{"s_given_m": 0.064, "s_given_not_m": 0.04, "both": 0.2535211267605634, "just_main": 0.3138439236530563, "just_spurious": 0.9745518920115069, "neither": 0.9876629018245004, "cf_score": 0.02112676056338028}