{"s_given_m": 0.008, "s_given_not_m": 0.028, "both": 0.34285714285714286, "just_main": 0.3097082953509572, "just_spurious": 0.9959400374765771, "neither": 0.9868880013012596, "cf_score": 0.05714285714285714}