{"s_given_m": 0.006, "s_given_not_m": 0.008, "both": 0.18518518518518517, "just_main": 0.275705186533212, "just_spurious": 0.9956521739130435, "neither": 0.9948381498795863, "cf_score": 0.037037037037037035}