{"s_given_m": 0.007, "s_given_not_m": 0.009, "both": 0.13793103448275862, "just_main": 0.27605826126536187, "just_spurious": 0.9948875255623721, "neither": 0.9948443562532112, "cf_score": 0.034482758620689655}