{"s_given_m": 0.002, "s_given_not_m": 0.002, "both": -1, "just_main": 0.30961015412511333, "just_spurious": 0.9466019417475728, "neither": 0.9872160340671137, "cf_score": -1}