{"s_given_m": 0.0, "s_given_not_m": 0.02, "both": -1, "just_main": 0.3100407055630936, "just_spurious": 1.0, "neither": 0.9868821906024874, "cf_score": -1}