{"s_given_m": 0.038, "s_given_not_m": 0.047, "both": 0.3413173652694611, "just_main": 0.30874060150375937, "just_spurious": 0.9865696698377169, "neither": 0.9871708616351622, "cf_score": 0.05389221556886228}