{"s_given_m": 0.012, "s_given_not_m": 0.014, "both": 0.20754716981132076, "just_main": 0.2759725400457666, "just_spurious": 0.9975698663426489, "neither": 0.9948047550303872, "cf_score": 0.05660377358490566}