{"s_given_m": 0.003, "s_given_not_m": 0.011, "both": -1, "just_main": 0.310501247448401, "just_spurious": 0.9933774834437086, "neither": 0.9870756994745065, "cf_score": -1}