{"s_given_m": 0.104, "s_given_not_m": 0.058, "both": 0.3203463203463203, "just_main": 0.269881343095178, "just_spurious": 0.9911264851857422, "neither": 0.9950753159539244, "cf_score": 0.0367965367965368}