{"s_given_m": 0.177, "s_given_not_m": 0.025, "both": 0.4225352112676056, "just_main": 0.285831960461285, "just_spurious": 0.9466571834992887, "neither": 0.9881677052191766, "cf_score": 0.034571062740076826}