{"s_given_m": 0.028, "s_given_not_m": 0.04, "both": 0.288, "just_main": 0.2747789669613774, "just_spurious": 0.9914342191961344, "neither": 0.9949867808363294, "cf_score": 0.0}