{"s_given_m": 0.002, "s_given_not_m": 0.019, "both": -1, "just_main": 0.3104464083389984, "just_spurious": 0.9986200551977921, "neither": 0.9869191512221327, "cf_score": -1}