{"s_given_m": 0.287, "s_given_not_m": 0.029, "both": 0.47128245476003144, "just_main": 0.24492385786802032, "just_spurious": 0.9145896656534954, "neither": 0.9893012823991173, "cf_score": 0.08733280881195908}