{"s_given_m": 0.003, "s_given_not_m": 0.03, "both": -1, "just_main": 0.2759637188208617, "just_spurious": 0.9997112330349408, "neither": 0.9946920770645193, "cf_score": -1}