{"s_given_m": 0.001, "s_given_not_m": 0.022, "both": -1, "just_main": 0.2747227879610772, "just_spurious": 1.0, "neither": 0.9947289021389703, "cf_score": -1}