{"s_given_m": 0.026, "s_given_not_m": 0.037, "both": 0.09649122807017543, "just_main": 0.27987932234857277, "just_spurious": 0.9935897435897436, "neither": 0.9948929340094116, "cf_score": 0.017543859649122806}