{"s_given_m": 0.009, "s_given_not_m": 0.028, "both": 0.15789473684210525, "just_main": 0.3112884834663626, "just_spurious": 0.9975108898568762, "neither": 0.9868413917758698, "cf_score": 0.02631578947368421}