{"s_given_m": 0.003, "s_given_not_m": 0.029, "both": -1, "just_main": 0.27522103831330763, "just_spurious": 0.9988027536665669, "neither": 0.9947250798476335, "cf_score": -1}