{"s_given_m": 0.041, "s_given_not_m": 0.019, "both": 0.4198895027624309, "just_main": 0.30528052805280526, "just_spurious": 0.942634235888022, "neither": 0.9880109235797108, "cf_score": 0.055248618784530384}