{"s_given_m": 0.001, "s_given_not_m": 0.015, "both": -1, "just_main": 0.30995475113122173, "just_spurious": 1.0, "neither": 0.9869467527372588, "cf_score": -1}