{"s_given_m": 0.211, "s_given_not_m": 0.031, "both": 0.40728831725616294, "just_main": 0.2839541547277937, "just_spurious": 0.9559533958510941, "neither": 0.9881372060356156, "cf_score": 0.08145766345123258}