{"s_given_m": 0.03, "s_given_not_m": 0.017, "both": 0.2556390977443609, "just_main": 0.27575757575757576, "just_spurious": 0.9838546922300706, "neither": 0.9950394165281279, "cf_score": 0.06015037593984962}