{"s_given_m": 0.005, "s_given_not_m": 0.037, "both": 0.20833333333333334, "just_main": 0.31052511934530574, "just_spurious": 0.998112317130722, "neither": 0.9867184791928922, "cf_score": 0.041666666666666664}