{"s_given_m": 0.006, "s_given_not_m": 0.035, "both": 0.07142857142857142, "just_main": 0.2764505119453925, "just_spurious": 0.9989847715736041, "neither": 0.9946963356500855, "cf_score": 0.03571428571428571}