{"s_given_m": 0.003, "s_given_not_m": 0.029, "both": -1, "just_main": 0.3101337565177964, "just_spurious": 0.9916192756659683, "neither": 0.987007229264497, "cf_score": -1}