{"s_given_m": 0.028, "s_given_not_m": 0.04, "both": 0.352, "just_main": 0.30874825500232667, "just_spurious": 0.9620030748956732, "neither": 0.9881896606928854, "cf_score": 0.016}