{"s_given_m": 0.001, "s_given_not_m": 0.023, "both": -1, "just_main": 0.31018099547511313, "just_spurious": 0.9996191926884996, "neither": 0.9868480195616606, "cf_score": -1}