{"s_given_m": 0.001, "s_given_not_m": 0.015, "both": -1, "just_main": 0.2753393665158371, "just_spurious": 1.0, "neither": 0.9947651449617865, "cf_score": -1}