{"s_given_m": 0.013, "s_given_not_m": 0.048, "both": 0.23728813559322035, "just_main": 0.3109532538955087, "just_spurious": 0.995100707675558, "neither": 0.9867377922161823, "cf_score": 0.1016949152542373}