{"s_given_m": 0.0, "s_given_not_m": 0.02, "both": -1, "just_main": 0.2752148349163275, "just_spurious": 1.0, "neither": 0.9947403318877459, "cf_score": -1}