{"s_given_m": 0.006, "s_given_not_m": 0.008, "both": 0.3333333333333333, "just_main": 0.30982711555959963, "just_spurious": 0.9880434782608696, "neither": 0.987135217452897, "cf_score": 0.0}