{"s_given_m": 0.024, "s_given_not_m": 0.03, "both": 0.18269230769230768, "just_main": 0.3130354248668673, "just_spurious": 0.9855114459576935, "neither": 0.9871935369929266, "cf_score": 0.009615384615384616}