{"s_given_m": 0.078, "s_given_not_m": 0.038, "both": 0.4289855072463768, "just_main": 0.2621383030897499, "just_spurious": 0.9879462216040797, "neither": 0.9951163852122319, "cf_score": 0.04927536231884058}