{"s_given_m": 0.0, "s_given_not_m": 0.022, "both": -1, "just_main": 0.3099706081844902, "just_spurious": 0.9992144540455616, "neither": 0.9868664546614204, "cf_score": -1}