{"s_given_m": 0.007, "s_given_not_m": 0.061, "both": -1, "just_main": 0.2884910485933504, "just_spurious": 1.0, "neither": 0.9963834793675209, "cf_score": -1}