{"s_given_m": 0.003, "s_given_not_m": 0.014, "both": -1, "just_main": 0.28833418237391745, "just_spurious": 1.0, "neither": 0.9965573741916366, "cf_score": -1}