{"s_given_m": 0.001, "s_given_not_m": 0.013, "both": -1, "just_main": 0.2913065582104728, "just_spurious": 1.0, "neither": 0.9987891669642935, "cf_score": -1}