{"s_given_m": 0.005, "s_given_not_m": 0.018, "both": -1, "just_main": 0.28907048008171604, "just_spurious": 0.9840600093764651, "neither": 0.9968384915839069, "cf_score": -1}