{"s_given_m": 0.012, "s_given_not_m": 0.022, "both": 0.08695652173913043, "just_main": 0.289974293059126, "just_spurious": 0.9900911613158938, "neither": 0.9967485676122183, "cf_score": 0.08695652173913043}