{"s_given_m": 0.003, "s_given_not_m": 0.04, "both": -1, "just_main": 0.29190015282730514, "just_spurious": 1.0, "neither": 0.9987552053015717, "cf_score": -1}