{"s_given_m": 0.028, "s_given_not_m": 0.027, "both": 0.25, "just_main": 0.28870292887029286, "just_spurious": 0.9996871088861077, "neither": 0.9965170654950806, "cf_score": 0.03571428571428571}