{"s_given_m": 0.052, "s_given_not_m": 0.052, "both": 0.1568627450980392, "just_main": 0.2984994640943194, "just_spurious": 0.9986721991701245, "neither": 0.9988122653997498, "cf_score": 0.00980392156862745}