{"s_given_m": 0.002, "s_given_not_m": 0.035, "both": -1, "just_main": 0.28818737270875766, "just_spurious": 0.9992700729927008, "neither": 0.9965065190849219, "cf_score": -1}