{"s_given_m": 0.005, "s_given_not_m": 0.079, "both": -1, "just_main": 0.29249617151607965, "just_spurious": 0.9998910675381264, "neither": 0.9987119536303307, "cf_score": -1}