{"s_given_m": 0.005, "s_given_not_m": 0.031, "both": -1, "just_main": 0.2884124553343543, "just_spurious": 0.9994411846884604, "neither": 0.9965141032464077, "cf_score": -1}