{"s_given_m": 0.004, "s_given_not_m": 0.039, "both": -1, "just_main": 0.2913265306122449, "just_spurious": 1.0, "neither": 0.998756330189861, "cf_score": -1}