{"s_given_m": 0.035, "s_given_not_m": 0.037, "both": 0.2318840579710145, "just_main": 0.2896261190100053, "just_spurious": 0.992354031510658, "neither": 0.9967679437157934, "cf_score": 0.10144927536231885}