{"s_given_m": 0.075, "s_given_not_m": 0.104, "both": 0.11564625850340136, "just_main": 0.3014827018121911, "just_spurious": 0.9980998017184401, "neither": 0.9964304562682915, "cf_score": 0.027210884353741496}