{"s_given_m": 0.012, "s_given_not_m": 0.033, "both": -1, "just_main": 0.29408740359897173, "just_spurious": 0.9994718774755743, "neither": 0.998782568513845, "cf_score": 0.0}