{"s_given_m": 0.002, "s_given_not_m": 0.046, "both": -1, "just_main": 0.2916030534351145, "just_spurious": 1.0, "neither": 0.9987476349220651, "cf_score": -1}