{"s_given_m": 0.0, "s_given_not_m": 0.026, "both": -1, "just_main": 0.29115853658536583, "just_spurious": 1.0, "neither": 0.9987724860248859, "cf_score": -1}