{"s_given_m": 0.014, "s_given_not_m": 0.034, "both": 0.07407407407407407, "just_main": 0.29057187017001546, "just_spurious": 0.9984713375796178, "neither": 0.99653896115451, "cf_score": 0.07407407407407407}