{"s_given_m": 0.003, "s_given_not_m": 0.015, "both": -1, "just_main": 0.2913907284768212, "just_spurious": 0.9994216310005783, "neither": 0.9987957064316259, "cf_score": -1}