{"s_given_m": 0.065, "s_given_not_m": 0.024, "both": 0.11023622047244094, "just_main": 0.2998370450841934, "just_spurious": 0.9367448471926084, "neither": 0.9980881899475794, "cf_score": 0.07874015748031496}