{"s_given_m": 0.035, "s_given_not_m": 0.037, "both": 0.17391304347826086, "just_main": 0.29541864139020535, "just_spurious": 0.9969879518072289, "neither": 0.9988750301331214, "cf_score": 0.10144927536231885}