{"s_given_m": 0.002, "s_given_not_m": 0.032, "both": -1, "just_main": 0.29124236252545826, "just_spurious": 1.0, "neither": 0.9987659910689713, "cf_score": -1}