{"s_given_m": 0.015, "s_given_not_m": 0.034, "both": 0.20689655172413793, "just_main": 0.2924187725631769, "just_spurious": 0.9997461284589998, "neither": 0.9987720234917246, "cf_score": 0.06896551724137931}