{"s_given_m": 0.015, "s_given_not_m": 0.11, "both": 0.2, "just_main": 0.2889576883384933, "just_spurious": 0.9996861268047709, "neither": 0.9962249577600772, "cf_score": 0.1}