{"s_given_m": 0.053, "s_given_not_m": 0.012, "both": 0.20192307692307693, "just_main": 0.29238197424892703, "just_spurious": 0.9178947368421052, "neither": 0.9975803784357756, "cf_score": 0.10576923076923077}