{"s_given_m": 0.006, "s_given_not_m": 0.038, "both": -1, "just_main": 0.28870720490546753, "just_spurious": 0.9993244764692637, "neither": 0.9964961833425696, "cf_score": -1}