{"s_given_m": 0.038, "s_given_not_m": 0.027, "both": 0.24, "just_main": 0.2931854199683043, "just_spurious": 0.997786211258697, "neither": 0.9988334791484398, "cf_score": 0.0}