{"s_given_m": 0.001, "s_given_not_m": 0.008, "both": -1, "just_main": 0.2907981698017285, "just_spurious": 0.9979144942648592, "neither": 0.9988124133148405, "cf_score": -1}