{"s_given_m": 0.001, "s_given_not_m": 0.03, "both": -1, "just_main": 0.2913065582104728, "just_spurious": 1.0, "neither": 0.9987681018132832, "cf_score": -1}