{"s_given_m": 0.002, "s_given_not_m": 0.046, "both": -1, "just_main": 0.2880407124681934, "just_spurious": 1.0, "neither": 0.9964411208216957, "cf_score": -1}