{"s_given_m": 0.004, "s_given_not_m": 0.021, "both": -1, "just_main": 0.2921978582355941, "just_spurious": 1.0, "neither": 0.998779888346617, "cf_score": -1}