{"s_given_m": 0.001, "s_given_not_m": 0.037, "both": -1, "just_main": 0.28789420142421157, "just_spurious": 1.0, "neither": 0.9964750711678669, "cf_score": -1}