{"s_given_m": 0.019, "s_given_not_m": 0.048, "both": 0.2631578947368421, "just_main": 0.28808290155440414, "just_spurious": 0.9994577006507592, "neither": 0.9964616787168169, "cf_score": 0.02631578947368421}