{"s_given_m": 0.009, "s_given_not_m": 0.073, "both": -1, "just_main": 0.2895950794464377, "just_spurious": 0.9997642621404997, "neither": 0.9963555431909862, "cf_score": -1}