{"s_given_m": 0.004, "s_given_not_m": 0.021, "both": -1, "just_main": 0.28862825089240185, "just_spurious": 0.9995824634655532, "neither": 0.9965415540184684, "cf_score": -1}