{"s_given_m": 0.023, "s_given_not_m": 0.058, "both": 0.26666666666666666, "just_main": 0.2917316692667707, "just_spurious": 0.9998528546203649, "neither": 0.9987399906868877, "cf_score": 0.0}