{"s_given_m": 0.047, "s_given_not_m": 0.029, "both": 0.18478260869565216, "just_main": 0.29637526652452023, "just_spurious": 1.0, "neither": 0.9987689201038004, "cf_score": 0.021739130434782608}