{"s_given_m": 0.075, "s_given_not_m": 0.104, "both": 0.17687074829931973, "just_main": 0.300384404173531, "just_spurious": 0.9991738268341044, "neither": 0.998762174351101, "cf_score": 0.02040816326530612}