{"s_given_m": 0.02, "s_given_not_m": 0.016, "both": 0.10256410256410256, "just_main": 0.2913426645930534, "just_spurious": 0.986680873734683, "neither": 0.9967669212352108, "cf_score": 0.05128205128205128}