{"s_given_m": 0.312, "s_given_not_m": 0.546, "both": 0.14146341463414633, "just_main": 0.3540280857354028, "just_spurious": 0.9987244094488189, "neither": 0.9940551695412636, "cf_score": 0.055284552845528454}