{"s_given_m": 0.009, "s_given_not_m": 0.073, "both": -1, "just_main": 0.2936955407483342, "just_spurious": 0.9998821310702499, "neither": 0.9987202670746974, "cf_score": -1}