{"s_given_m": 0.004, "s_given_not_m": 0.019, "both": -1, "just_main": 0.28877551020408165, "just_spurious": 1.0, "neither": 0.9965376389327163, "cf_score": -1}