{"s_given_m": 0.023, "s_given_not_m": 0.026, "both": 0.15555555555555556, "just_main": 0.2906916276651066, "just_spurious": 1.0, "neither": 0.996514880138346, "cf_score": 0.06666666666666667}