{"s_given_m": 0.005, "s_given_not_m": 0.079, "both": -1, "just_main": 0.2889229198570699, "just_spurious": 0.9998910675381264, "neither": 0.9963225342779006, "cf_score": -1}