{"s_given_m": 0.001, "s_given_not_m": 0.008, "both": -1, "just_main": 0.28723945094051856, "just_spurious": 0.9822732012513035, "neither": 0.9967233009708738, "cf_score": -1}