{"s_given_m": 0.0, "s_given_not_m": 0.022, "both": -1, "just_main": 0.28760162601626016, "just_spurious": 1.0, "neither": 0.9965285711774735, "cf_score": -1}