{"s_given_m": 0.015, "s_given_not_m": 0.11, "both": 0.13333333333333333, "just_main": 0.2936016511867905, "just_spurious": 0.9999215317011927, "neither": 0.9986676321506155, "cf_score": 0.03333333333333333}