{"s_given_m": 0.012, "s_given_not_m": 0.033, "both": 0.0, "just_main": 0.2910025706940874, "just_spurious": 0.9994718774755743, "neither": 0.9965076600433654, "cf_score": 0.0}