{"s_given_m": 0.001, "s_given_not_m": 0.026, "both": -1, "just_main": 0.2914547304170905, "just_spurious": 1.0, "neither": 0.9987735474478316, "cf_score": -1}