{"s_given_m": 0.205, "s_given_not_m": 0.015, "both": 0.4758364312267658, "just_main": 0.16178483438269914, "just_spurious": 0.8331339712918661, "neither": 0.9878148679090722, "cf_score": 0.03717472118959108}