{"s_given_m": 0.004, "s_given_not_m": 0.032, "both": 0.14285714285714285, "just_main": 0.3655232685164955, "just_spurious": 0.9971156619555812, "neither": 0.9761054993325823, "cf_score": 0.05714285714285714}