{"s_given_m": 0.001, "s_given_not_m": 0.027, "both": -1, "just_main": 0.3648442605096929, "just_spurious": 0.998992950654582, "neither": 0.9761494171637501, "cf_score": -1}