{"s_given_m": 0.02, "s_given_not_m": 0.035, "both": 0.15555555555555556, "just_main": 0.22755022755022755, "just_spurious": 0.9965681098204857, "neither": 0.9850441553508689, "cf_score": 0.03333333333333333}