{"s_given_m": 0.003, "s_given_not_m": 0.001, "both": 0.13333333333333333, "just_main": 0.36543290752265534, "just_spurious": 0.9748427672955975, "neither": 0.9767759939048458, "cf_score": 0.0}