{"s_given_m": 0.003, "s_given_not_m": 0.032, "both": 0.038461538461538464, "just_main": 0.22667248717668886, "just_spurious": 0.9997101449275362, "neither": 0.9849784189004998, "cf_score": 0.0}