{"s_given_m": 0.086, "s_given_not_m": 0.034, "both": 0.32951653944020354, "just_main": 0.3679638224443651, "just_spurious": 0.9416257501363884, "neither": 0.9779952955459443, "cf_score": 0.058524173027989825}