{"s_given_m": 0.041, "s_given_not_m": 0.039, "both": 0.3306878306878307, "just_main": 0.36613324253773694, "just_spurious": 0.9689324924083158, "neither": 0.9770934104200655, "cf_score": 0.03439153439153439}