{"s_given_m": 0.026, "s_given_not_m": 0.11, "both": 0.16736401673640167, "just_main": 0.22770949720670391, "just_spurious": 0.9979187479187479, "neither": 0.9839008713923738, "cf_score": 0.02510460251046025}