{"s_given_m": 0.065, "s_given_not_m": 0.016, "both": 0.2847571189279732, "just_main": 0.37022811918063314, "just_spurious": 0.8899602949517867, "neither": 0.9781990962873247, "cf_score": 0.06030150753768844}