{"s_given_m": 0.018, "s_given_not_m": 0.007, "both": 0.32142857142857145, "just_main": 0.3654805453940805, "just_spurious": 0.9319640564826701, "neither": 0.9770954310878055, "cf_score": 0.023809523809523808}