{"s_given_m": 0.005, "s_given_not_m": 0.027, "both": 0.09090909090909091, "just_main": 0.22679059595407328, "just_spurious": 0.9993290841999329, "neither": 0.9850542325923274, "cf_score": 0.022727272727272728}