{"s_given_m": 0.002, "s_given_not_m": 0.016, "both": -1, "just_main": 0.36516241552212775, "just_spurious": 0.9994103773584906, "neither": 0.9764157092046704, "cf_score": -1}