{"s_given_m": 0.001, "s_given_not_m": 0.033, "both": -1, "just_main": 0.22641098278492047, "just_spurious": 0.9994408722393067, "neither": 0.9849698164346433, "cf_score": -1}