{"s_given_m": 0.509, "s_given_not_m": 0.066, "both": 0.5248984825817482, "just_main": 0.1984478935698448, "just_spurious": 0.8375244481698798, "neither": 0.9865509123013537, "cf_score": 0.284676212865997}