{"s_given_m": 0.044, "s_given_not_m": 0.01, "both": 0.43209876543209874, "just_main": 0.36156648451730417, "just_spurious": 0.9007155635062611, "neither": 0.9775606593813669, "cf_score": 0.10123456790123457}