{"s_given_m": 0.002, "s_given_not_m": 0.031, "both": 0.0, "just_main": 0.22665794066317627, "just_spurious": 1.0, "neither": 0.9849799006857413, "cf_score": 0.0}