{"s_given_m": 0.011, "s_given_not_m": 0.029, "both": 0.1958762886597938, "just_main": 0.3664760228772547, "just_spurious": 0.9974643423137877, "neither": 0.9761569900795711, "cf_score": 0.05154639175257732}