{"s_given_m": 0.023, "s_given_not_m": 0.029, "both": 0.04285714285714286, "just_main": 0.23042655084085087, "just_spurious": 0.9920458160992682, "neither": 0.9852484545325846, "cf_score": 0.023809523809523808}