{"s_given_m": 0.002, "s_given_not_m": 0.016, "both": -1, "just_main": 0.22650970132984521, "just_spurious": 1.0, "neither": 0.9852144280367219, "cf_score": -1}