{"s_given_m": 0.088, "s_given_not_m": 0.019, "both": 0.3204968944099379, "just_main": 0.3689169847328244, "just_spurious": 0.8581081081081081, "neither": 0.9790705062321305, "cf_score": 0.08695652173913043}