{"s_given_m": 0.121, "s_given_not_m": 0.033, "both": 0.2398921832884097, "just_main": 0.3818722139673105, "just_spurious": 0.9309957924263674, "neither": 0.9783195777624061, "cf_score": 0.047619047619047616}