{"s_given_m": 0.105, "s_given_not_m": 0.013, "both": 0.6248704663212435, "just_main": 0.3341439688715953, "just_spurious": 0.7928571428571428, "neither": 0.9791639584764805, "cf_score": 0.11502590673575129}