{"s_given_m": 0.088, "s_given_not_m": 0.019, "both": 0.1453416149068323, "just_main": 0.23389790076335878, "just_spurious": 0.9329150579150579, "neither": 0.9864612337189094, "cf_score": 0.05341614906832298}