{"s_given_m": 0.003, "s_given_not_m": 0.001, "both": 0.06666666666666667, "just_main": 0.22666229937766133, "just_spurious": 0.9937106918238994, "neither": 0.9854322143584942, "cf_score": 0.0}