{"s_given_m": 0.003, "s_given_not_m": 0.02, "both": 0.0967741935483871, "just_main": 0.3655820048045425, "just_spurious": 0.9967487227124942, "neither": 0.9763710318387956, "cf_score": 0.06451612903225806}