{"s_given_m": 0.026, "s_given_not_m": 0.11, "both": 0.26778242677824265, "just_main": 0.36726256983240224, "just_spurious": 0.997002997002997, "neither": 0.9742702346373319, "cf_score": 0.04184100418410042}