{"s_given_m": 0.219, "s_given_not_m": 0.021, "both": 0.42105263157894735, "just_main": 0.17142857142857143, "just_spurious": 0.8403979238754326, "neither": 0.9885846459273687, "cf_score": 0.03277060575968222}