{"s_given_m": 0.324, "s_given_not_m": 0.051, "both": 0.2629455279085407, "just_main": 0.2085277554304103, "just_spurious": 0.918581508956034, "neither": 0.9890123683270413, "cf_score": 0.04034969737726967}