{"s_given_m": 0.029, "s_given_not_m": 0.035, "both": 0.04150943396226415, "just_main": 0.23162259076647243, "just_spurious": 0.9950636528968563, "neither": 0.9850924949405695, "cf_score": 0.03773584905660377}