{"s_given_m": 0.014, "s_given_not_m": 0.018, "both": 0.17424242424242425, "just_main": 0.3674505907033234, "just_spurious": 0.9780876494023905, "neither": 0.9767485292744421, "cf_score": 0.045454545454545456}