{"s_given_m": 0.324, "s_given_not_m": 0.051, "both": 0.4320780094149294, "just_main": 0.3324215607401448, "just_spurious": 0.8500090464990049, "neither": 0.9835378629152948, "cf_score": 0.05716207128446537}