{"s_given_m": 0.001, "s_given_not_m": 0.014, "both": -1, "just_main": 0.36492374727668847, "just_spurious": 0.9993421052631579, "neither": 0.9764542936288089, "cf_score": -1}