{"s_given_m": 0.509, "s_given_not_m": 0.066, "both": 0.35050224406924557, "just_main": 0.09711751662971176, "just_spurious": 0.8892148644872869, "neither": 0.9922012948793408, "cf_score": 0.23445180594144047}