{"s_given_m": 0.001, "s_given_not_m": 0.02, "both": -1, "just_main": 0.36469563323532617, "just_spurious": 0.9990641085634067, "neither": 0.9763278204205271, "cf_score": -1}