{"s_given_m": 0.001, "s_given_not_m": 0.014, "both": -1, "just_main": 0.22625272331154683, "just_spurious": 0.9993421052631579, "neither": 0.9852479131420923, "cf_score": -1}