{"s_given_m": 0.029, "s_given_not_m": 0.015, "both": 0.38661710037174724, "just_main": 0.22130044843049326, "just_spurious": 0.9580838323353293, "neither": 0.985869605689392, "cf_score": 0.048327137546468404}