{"s_given_m": 0.09, "s_given_not_m": 0.019, "both": 0.49029126213592233, "just_main": 0.3523012552301255, "just_spurious": 0.8476915754402665, "neither": 0.979307831060684, "cf_score": 0.09587378640776699}