{"s_given_m": 0.009, "s_given_not_m": 0.021, "both": 0.1951219512195122, "just_main": 0.36620182277369057, "just_spurious": 0.9870689655172413, "neither": 0.9765494764839199, "cf_score": 0.024390243902439025}