{"s_given_m": 0.003, "s_given_not_m": 0.027, "both": -1, "just_main": 0.3653720270565132, "just_spurious": 0.9986291980808774, "neither": 0.9761725372009795, "cf_score": 0.0}