{"s_given_m": 0.02, "s_given_not_m": 0.035, "both": 0.2222222222222222, "just_main": 0.36752136752136755, "just_spurious": 0.9941921858500528, "neither": 0.9761466147564334, "cf_score": 0.044444444444444446}