{"s_given_m": 0.321, "s_given_not_m": 0.09, "both": 0.4166949440108585, "just_main": 0.3401153476449856, "just_spurious": 0.9217462094230182, "neither": 0.9822203866184485, "cf_score": 0.08109942314217848}