{"s_given_m": 0.204, "s_given_not_m": 0.015, "both": 0.5991448423303046, "just_main": 0.3047280677780814, "just_spurious": 0.7195416164053076, "neither": 0.9807427401340283, "cf_score": 0.032068412613575625}