{"s_given_m": 0.003, "s_given_not_m": 0.02, "both": 0.0967741935483871, "just_main": 0.2265778554269491, "just_spurious": 0.9990710636321412, "neither": 0.9851699471691057, "cf_score": 0.0}