{"s_given_m": 0.004, "s_given_not_m": 0.024, "both": 0.0, "just_main": 0.22715347616965456, "just_spurious": 0.999613601236476, "neither": 0.9850999906112102, "cf_score": 0.0}