{"s_given_m": 0.038, "s_given_not_m": 0.032, "both": 0.2336182336182336, "just_main": 0.36988006336275175, "just_spurious": 0.9800520381613183, "neither": 0.976665814708583, "cf_score": 0.005698005698005698}