{"s_given_m": 0.032, "s_given_not_m": 0.018, "both": 0.20134228187919462, "just_main": 0.2269710943650883, "just_spurious": 0.9732647814910026, "neither": 0.9856653570128695, "cf_score": 0.040268456375838924}