{"s_given_m": 0.027, "s_given_not_m": 0.049, "both": 0.14112903225806453, "just_main": 0.22849793088021475, "just_spurious": 0.998684704998121, "neither": 0.9847652636447733, "cf_score": 0.028225806451612902}