{"s_given_m": 0.002, "s_given_not_m": 0.032, "both": -1, "just_main": 0.2262916939175932, "just_spurious": 1.0, "neither": 0.9849659651414885, "cf_score": -1}