{"s_given_m": 0.001, "s_given_not_m": 0.021, "both": -1, "just_main": 0.36492374727668847, "just_spurious": 0.9986678507992895, "neither": 0.9763117009527732, "cf_score": -1}