{"s_given_m": 0.086, "s_given_not_m": 0.034, "both": 0.21374045801526717, "just_main": 0.22729977389027728, "just_spurious": 0.9615384615384616, "neither": 0.986275514075423, "cf_score": 0.05089058524173028}