{"s_given_m": 0.026, "s_given_not_m": 0.012, "both": 0.39662447257383965, "just_main": 0.36382931188561213, "just_spurious": 0.9362490733876946, "neither": 0.9772805316058618, "cf_score": 0.046413502109704644}