{"s_given_m": 0.009, "s_given_not_m": 0.001, "both": 0.09876543209876543, "just_main": 0.22727272727272727, "just_spurious": 0.9264705882352942, "neither": 0.9855178869697693, "cf_score": 0.037037037037037035}