{"s_given_m": 0.021, "s_given_not_m": 0.007, "both": 0.1282051282051282, "just_main": 0.3698020902824105, "just_spurious": 0.9778325123152709, "neither": 0.9767652328094121, "cf_score": 0.02564102564102564}