{"s_given_m": 0.054, "s_given_not_m": 0.013, "both": 0.09274193548387097, "just_main": 0.23375129414471413, "just_spurious": 0.9630434782608696, "neither": 0.9857312612562431, "cf_score": 0.02620967741935484}