{"s_given_m": 0.022, "s_given_not_m": 0.038, "both": 0.06, "just_main": 0.2298364667927467, "just_spurious": 0.9947431302270012, "neither": 0.9850733464870893, "cf_score": 0.035}