{"s_given_m": 0.001, "s_given_not_m": 0.028, "both": -1, "just_main": 0.3649929201612025, "just_spurious": 0.9993493819128172, "neither": 0.9761186146532861, "cf_score": -1}