{"s_given_m": 0.121, "s_given_not_m": 0.033, "both": 0.09613656783468104, "just_main": 0.24405646359583952, "just_spurious": 0.9739130434782609, "neither": 0.9858338150152085, "cf_score": 0.025157232704402517}