{"s_given_m": 0.035, "s_given_not_m": 0.012, "both": 0.5825545171339563, "just_main": 0.35678845286423094, "just_spurious": 0.8964757709251101, "neither": 0.9777882973193733, "cf_score": 0.06230529595015576}