{"s_given_m": 0.011, "s_given_not_m": 0.029, "both": 0.13402061855670103, "just_main": 0.22712274527056753, "just_spurious": 0.9990491283676703, "neither": 0.9850391248123991, "cf_score": 0.020618556701030927}