{"s_given_m": 0.003, "s_given_not_m": 0.027, "both": 0.08695652173913043, "just_main": 0.22648919921448832, "just_spurious": 0.9982864976010967, "neither": 0.9850913543040121, "cf_score": 0.043478260869565216}