{"s_given_m": 0.026, "s_given_not_m": 0.012, "both": 0.24472573839662448, "just_main": 0.2256478999106345, "just_spurious": 0.9696071163825055, "neither": 0.9856425581675932, "cf_score": 0.03375527426160337}