{"s_given_m": 0.091, "s_given_not_m": 0.036, "both": 0.34933973589435774, "just_main": 0.3662039253231211, "just_spurious": 0.9594458438287153, "neither": 0.9774275169317403, "cf_score": 0.031212484993997598}