{"s_given_m": 0.005, "s_given_not_m": 0.023, "both": 0.021739130434782608, "just_main": 0.366400524991797, "just_spurious": 0.9991869918699187, "neither": 0.9762561188319361, "cf_score": 0.0}