{"s_given_m": 0.041, "s_given_not_m": 0.039, "both": 0.21957671957671956, "just_main": 0.22642151855635, "just_spurious": 0.98458304134548, "neither": 0.9854794546686129, "cf_score": 0.018518518518518517}