{"s_given_m": 0.091, "s_given_not_m": 0.036, "both": 0.226890756302521, "just_main": 0.22606510292005744, "just_spurious": 0.9763224181360202, "neither": 0.9857887527585419, "cf_score": 0.015606242496998799}