{"s_given_m": 0.007, "s_given_not_m": 0.056, "both": 0.12307692307692308, "just_main": 0.36639631740464706, "just_spurious": 0.9986803035301881, "neither": 0.9754842967506503, "cf_score": 0.015384615384615385}