{"s_given_m": 0.029, "s_given_not_m": 0.015, "both": 0.5204460966542751, "just_main": 0.35997757847533635, "just_spurious": 0.9377245508982036, "neither": 0.9773801988308448, "cf_score": 0.048327137546468404}