{"s_given_m": 0.038, "s_given_not_m": 0.017, "both": 0.35320088300220753, "just_main": 0.42550948699929725, "just_spurious": 0.9513966480446927, "neither": 0.9819988534301548, "cf_score": 0.033112582781456956}