{"s_given_m": 0.019, "s_given_not_m": 0.039, "both": 0.242152466367713, "just_main": 0.5305665576028931, "just_spurious": 0.9798173954829409, "neither": 0.9562509776317848, "cf_score": 0.08520179372197309}