{"s_given_m": 0.004, "s_given_not_m": 0.04, "both": 0.18604651162790697, "just_main": 0.42360522299474307, "just_spurious": 0.9992889310263096, "neither": 0.9807494791208147, "cf_score": 0.023255813953488372}