{"s_given_m": 0.024, "s_given_not_m": 0.049, "both": 0.3806228373702422, "just_main": 0.528749567024593, "just_spurious": 0.9744225997327735, "neither": 0.9562794557903785, "cf_score": 0.04498269896193772}