{"s_given_m": 0.395, "s_given_not_m": 0.042, "both": 0.6907458858730497, "just_main": 0.416876222408494, "just_spurious": 0.7869179600886917, "neither": 0.9647047282715323, "cf_score": 0.04637743107501603}