{"s_given_m": 0.019, "s_given_not_m": 0.039, "both": 0.13452914798206278, "just_main": 0.4282762183571552, "just_spurious": 0.9949543488707352, "neither": 0.9809361801970906, "cf_score": 0.06726457399103139}