{"s_given_m": 0.006, "s_given_not_m": 0.028, "both": 0.22058823529411764, "just_main": 0.5268926841702779, "just_spurious": 0.9945891105850524, "neither": 0.9561033113350661, "cf_score": 0.029411764705882353}