{"s_given_m": 0.003, "s_given_not_m": 0.032, "both": 0.03225806451612903, "just_main": 0.5264272403862443, "just_spurious": 0.9962264150943396, "neither": 0.9558662200864035, "cf_score": 0.0}