{"s_given_m": 0.039, "s_given_not_m": 0.007, "both": 0.42543859649122806, "just_main": 0.42263421491960285, "just_spurious": 0.8981723237597912, "neither": 0.9820881117293062, "cf_score": 0.10526315789473684}