{"s_given_m": 0.051, "s_given_not_m": 0.021, "both": 0.26567656765676567, "just_main": 0.43121716677054583, "just_spurious": 0.9304271246147072, "neither": 0.9825972604843587, "cf_score": 0.04785478547854786}