{"s_given_m": 0.433, "s_given_not_m": 0.072, "both": 0.3768540202966432, "just_main": 0.45776850886339937, "just_spurious": 0.9554248366013072, "neither": 0.983502024291498, "cf_score": 0.09562841530054644}