{"s_given_m": 0.054, "s_given_not_m": 0.058, "both": 0.4440993788819876, "just_main": 0.5297954078441883, "just_spurious": 0.9601420041955785, "neither": 0.956988818289727, "cf_score": 0.046583850931677016}