{"s_given_m": 0.034, "s_given_not_m": 0.034, "both": 0.255, "just_main": 0.5345807466993092, "just_spurious": 0.9809417040358744, "neither": 0.9563480492214381, "cf_score": 0.1025}