{"s_given_m": 0.0, "s_given_not_m": 0.024, "both": -1, "just_main": 0.42288515169441393, "just_spurious": 1.0, "neither": 0.9810385962211875, "cf_score": -1}