{"s_given_m": 0.139, "s_given_not_m": 0.008, "both": 0.6709090909090909, "just_main": 0.5015215470697948, "just_spurious": 0.739524348810872, "neither": 0.9589928670891472, "cf_score": 0.06727272727272728}