{"s_given_m": 0.008, "s_given_not_m": 0.03, "both": 0.1956521739130435, "just_main": 0.42452107279693485, "just_spurious": 0.997456279809221, "neither": 0.9809980155849184, "cf_score": 0.07608695652173914}