{"s_given_m": 0.002, "s_given_not_m": 0.034, "both": -1, "just_main": 0.5255097724003723, "just_spurious": 0.9980392156862745, "neither": 0.9557542768273717, "cf_score": -1}