{"s_given_m": 0.113, "s_given_not_m": 0.01, "both": 0.6308724832214765, "just_main": 0.39615091463414637, "just_spurious": 0.7490234375, "neither": 0.9837421508925692, "cf_score": 0.10514541387024609}