{"s_given_m": 0.004, "s_given_not_m": 0.04, "both": 0.2558139534883721, "just_main": 0.5261149737154486, "just_spurious": 0.9964446551315478, "neither": 0.9555516428480598, "cf_score": 0.046511627906976744}