{"s_given_m": 0.051, "s_given_not_m": 0.021, "both": 0.3547854785478548, "just_main": 0.5343246371649898, "just_spurious": 0.8511668868339939, "neither": 0.9594831971894527, "cf_score": 0.07920792079207921}