{"s_given_m": 0.0, "s_given_not_m": 0.018, "both": -1, "just_main": 0.5251816799053575, "just_spurious": 0.9994772608468374, "neither": 0.9563982130728833, "cf_score": -1}