{"s_given_m": 0.001, "s_given_not_m": 0.016, "both": -1, "just_main": 0.5255369524775918, "just_spurious": 0.9970588235294118, "neither": 0.9565250596658711, "cf_score": -1}