{"s_given_m": 0.144, "s_given_not_m": 0.011, "both": 0.47017543859649125, "just_main": 0.41473289226819393, "just_spurious": 0.805761316872428, "neither": 0.9835130897515085, "cf_score": 0.10818713450292397}