{"s_given_m": 0.037, "s_given_not_m": 0.011, "both": 0.43648960739030024, "just_main": 0.5284987723605752, "just_spurious": 0.8716392020815265, "neither": 0.9581089679667987, "cf_score": 0.02771362586605081}