{"s_given_m": 0.012, "s_given_not_m": 0.029, "both": 0.26618705035971224, "just_main": 0.528209950418875, "just_spurious": 0.9884355926758753, "neither": 0.9562305853663257, "cf_score": 0.03597122302158273}