{"s_given_m": 0.113, "s_given_not_m": 0.01, "both": 0.7703206562266965, "just_main": 0.49380716463414637, "just_spurious": 0.5517578125, "neither": 0.961110162578491, "cf_score": 0.12378821774794929}