{"s_given_m": 0.231, "s_given_not_m": 0.015, "both": 0.7108918128654971, "just_main": 0.4692890891110867, "just_spurious": 0.6729559748427673, "neither": 0.9614819759679573, "cf_score": 0.031067251461988302}