{"s_given_m": 0.004, "s_given_not_m": 0.02, "both": 0.044444444444444446, "just_main": 0.42418588873812757, "just_spurious": 0.9990649836372136, "neither": 0.9811237549251757, "cf_score": 0.0}