{"s_given_m": 0.287, "s_given_not_m": 0.035, "both": 0.5615429917550059, "just_main": 0.36689965643881056, "just_spurious": 0.8285329744279946, "neither": 0.9870151360295907, "cf_score": 0.08451118963486455}