{"s_given_m": 0.003, "s_given_not_m": 0.027, "both": 0.030303030303030304, "just_main": 0.5265164351067435, "just_spurious": 0.9920907840440165, "neither": 0.9561916903285623, "cf_score": 0.030303030303030304}