{"s_given_m": 0.008, "s_given_not_m": 0.03, "both": 0.29347826086956524, "just_main": 0.5269476372924649, "just_spurious": 0.9920508744038156, "neither": 0.9561105464401529, "cf_score": 0.06521739130434782}