{"s_given_m": 0.001, "s_given_not_m": 0.032, "both": -1, "just_main": 0.42295663933733413, "just_spurious": 0.9997048406139315, "neither": 0.9808852923482952, "cf_score": -1}