{"s_given_m": 0.001, "s_given_not_m": 0.032, "both": -1, "just_main": 0.5253993745245541, "just_spurious": 0.9988193624557261, "neither": 0.9558033028662358, "cf_score": -1}