{"s_given_m": 0.062, "s_given_not_m": 0.011, "both": 0.6111111111111112, "just_main": 0.519416163618344, "just_spurious": 0.7194004995836802, "neither": 0.9598856046138206, "cf_score": 0.05013550135501355}