{"s_given_m": 0.0, "s_given_not_m": 0.016, "both": -1, "just_main": 0.525266182186919, "just_spurious": 0.9975772259236826, "neither": 0.9565358448076795, "cf_score": -1}