{"s_given_m": 0.032, "s_given_not_m": 0.011, "both": 0.27154046997389036, "just_main": 0.42779814911821196, "just_spurious": 0.9544673539518901, "neither": 0.9817829530991775, "cf_score": 0.03655352480417755}