{"s_given_m": 0.002, "s_given_not_m": 0.034, "both": -1, "just_main": 0.42304763516371946, "just_spurious": 0.9994397759103641, "neither": 0.9808611975116641, "cf_score": -1}