{"s_given_m": 0.056, "s_given_not_m": 0.01, "both": 0.6365007541478129, "just_main": 0.5185251476642205, "just_spurious": 0.6882352941176471, "neither": 0.9597742578013848, "cf_score": 0.05279034690799397}