{"s_given_m": 0.227, "s_given_not_m": 0.008, "both": 0.6785714285714286, "just_main": 0.34757897037927643, "just_spurious": 0.6724336793540946, "neither": 0.9840220490041011, "cf_score": 0.03273809523809524}