{"s_given_m": 0.064, "s_given_not_m": 0.036, "both": 0.36688741721854307, "just_main": 0.5359140949287132, "just_spurious": 0.8985811875985287, "neither": 0.9593449203070807, "cf_score": 0.059602649006622516}