{"s_given_m": 0.433, "s_given_not_m": 0.072, "both": 0.48672911787665885, "just_main": 0.5544465961567109, "just_spurious": 0.8811764705882353, "neither": 0.9630566801619433, "cf_score": 0.10753317720530835}