{"s_given_m": 0.002, "s_given_not_m": 0.009, "both": -1, "just_main": 0.42332430602572785, "just_spurious": 0.9908722109533469, "neither": 0.9813964954866116, "cf_score": 0.0}