{"s_given_m": 0.177, "s_given_not_m": 0.014, "both": 0.6422764227642277, "just_main": 0.3756412887338395, "just_spurious": 0.7663421418636995, "neither": 0.9844303508170494, "cf_score": 0.028694404591104734}