{"s_given_m": 0.014, "s_given_not_m": 0.033, "both": 0.3151515151515151, "just_main": 0.528101439342015, "just_spurious": 0.9121410292863236, "neither": 0.9587110061884916, "cf_score": 0.1393939393939394}