{"s_given_m": 0.048, "s_given_not_m": 0.028, "both": 0.3403880070546737, "just_main": 0.5344276841171252, "just_spurious": 0.9174839364220494, "neither": 0.9583063588841757, "cf_score": 0.09523809523809523}