{"s_given_m": 0.013, "s_given_not_m": 0.016, "both": 0.22077922077922077, "just_main": 0.5291449114097406, "just_spurious": 0.9541231126596981, "neither": 0.9572225192880605, "cf_score": 0.025974025974025976}