{"s_given_m": 0.003, "s_given_not_m": 0.037, "both": 0.0625, "just_main": 0.423718763235917, "just_spurious": 0.9994897959183674, "neither": 0.9807958646249878, "cf_score": 0.0}