{"s_given_m": 0.004, "s_given_not_m": 0.02, "both": 0.13333333333333333, "just_main": 0.5266282225237449, "just_spurious": 0.9962599345488546, "neither": 0.9563708525467113, "cf_score": 0.044444444444444446}