{"s_given_m": 0.001, "s_given_not_m": 0.014, "both": -1, "just_main": 0.5255369524775918, "just_spurious": 0.9993412384716732, "neither": 0.9565623451378036, "cf_score": -1}