{"s_given_m": 0.014, "s_given_not_m": 0.018, "both": 0.17682926829268292, "just_main": 0.42619720723036064, "just_spurious": 0.982060481804203, "neither": 0.9814735069235112, "cf_score": 0.024390243902439025}