{"s_given_m": 0.496, "s_given_not_m": 0.547, "both": 0.43176009541659566, "just_main": 0.41387399463806973, "just_spurious": 0.9861449713285032, "neither": 0.9758526263380632, "cf_score": 0.21724314193218605}