{"s_given_m": 0.001, "s_given_not_m": 0.007, "both": -1, "just_main": 0.5253721244925575, "just_spurious": 1.0, "neither": 0.9568921500028367, "cf_score": -1}