{"s_given_m": 0.043, "s_given_not_m": 0.039, "both": 0.34509803921568627, "just_main": 0.5332391630617109, "just_spurious": 0.9419385796545106, "neither": 0.9577931600868188, "cf_score": 0.03529411764705882}