{"s_given_m": 0.093, "s_given_not_m": 0.023, "both": 0.4673913043478261, "just_main": 0.5310723935525948, "just_spurious": 0.848935315387706, "neither": 0.9597637575629323, "cf_score": 0.050724637681159424}