{"s_given_m": 0.005, "s_given_not_m": 0.032, "both": 0.14814814814814814, "just_main": 0.4240006789442417, "just_spurious": 1.0, "neither": 0.9808644492339954, "cf_score": 0.0}