{"s_given_m": 0.011, "s_given_not_m": 0.008, "both": 0.2727272727272727, "just_main": 0.4244340025630073, "just_spurious": 0.9656441717791411, "neither": 0.9816064751266153, "cf_score": 0.03787878787878788}