{"s_given_m": 0.026, "s_given_not_m": 0.112, "both": 0.3967741935483871, "just_main": 0.528585061160753, "just_spurious": 0.9923791977221338, "neither": 0.9527240791882254, "cf_score": 0.05161290322580645}