{"s_given_m": 0.044, "s_given_not_m": 0.009, "both": 0.44761904761904764, "just_main": 0.42158769448373407, "just_spurious": 0.9028056112224448, "neither": 0.9822288813867921, "cf_score": 0.08952380952380952}