{"s_given_m": 0.037, "s_given_not_m": 0.011, "both": 0.3510392609699769, "just_main": 0.42546474921080324, "just_spurious": 0.9392888117953165, "neither": 0.9819463042631794, "cf_score": 0.02771362586605081}