{"s_given_m": 0.09, "s_given_not_m": 0.04, "both": 0.47708138447146864, "just_main": 0.5299034175334324, "just_spurious": 0.8660567675346, "neither": 0.9609735093505045, "cf_score": 0.05706267539756782}