{"s_given_m": 0.005, "s_given_not_m": 0.001, "both": 0.2222222222222222, "just_main": 0.42381518600305756, "just_spurious": 0.9155844155844156, "neither": 0.9815797395950929, "cf_score": 0.031746031746031744}