{"s_given_m": 0.062, "s_given_not_m": 0.011, "both": 0.5636856368563685, "just_main": 0.41337057392557885, "just_spurious": 0.835970024979184, "neither": 0.983144732966584, "cf_score": 0.06097560975609756}