{"s_given_m": 0.056, "s_given_not_m": 0.01, "both": 0.6048265460030166, "just_main": 0.4119384284947199, "just_spurious": 0.8303921568627451, "neither": 0.9829460305415916, "cf_score": 0.042232277526395176}