{"s_given_m": 0.09, "s_given_not_m": 0.04, "both": 0.3255378858746492, "just_main": 0.4323922734026746, "just_spurious": 0.9535538353272344, "neither": 0.9826494563887774, "cf_score": 0.05986903648269411}