{"s_given_m": 0.227, "s_given_not_m": 0.008, "both": 0.7752976190476191, "just_main": 0.45163405836703463, "just_spurious": 0.5478662053056517, "neither": 0.9605334192057433, "cf_score": 0.03125}