{"s_given_m": 0.001, "s_given_not_m": 0.016, "both": -1, "just_main": 0.42288178589548453, "just_spurious": 0.9994196169471852, "neither": 0.9811891871246192, "cf_score": -1}