{"s_given_m": 0.007, "s_given_not_m": 0.022, "both": 0.3333333333333333, "just_main": 0.5265038713519953, "just_spurious": 0.9628990509059534, "neither": 0.9570449045442323, "cf_score": 0.09523809523809523}