{"s_given_m": 0.026, "s_given_not_m": 0.112, "both": 0.2870967741935484, "just_main": 0.4263902142795177, "just_spurious": 0.9984088434804456, "neither": 0.9793458824027341, "cf_score": 0.02903225806451613}