{"s_given_m": 0.001, "s_given_not_m": 0.009, "both": -1, "just_main": 0.5253148508156538, "just_spurious": 0.9989517819706499, "neither": 0.9567945704102525, "cf_score": -1}