{"s_given_m": 0.001, "s_given_not_m": 0.031, "both": -1, "just_main": 0.42288178589548453, "just_spurious": 0.9979054458408139, "neither": 0.9809520114831051, "cf_score": -1}