{"s_given_m": 0.048, "s_given_not_m": 0.017, "both": 0.36013986013986016, "just_main": 0.5335108743897026, "just_spurious": 0.9116331096196868, "neither": 0.9579503544744034, "cf_score": 0.06643356643356643}