{"s_given_m": 0.001, "s_given_not_m": 0.002, "both": -1, "just_main": 0.5254437869822485, "just_spurious": 0.9340659340659341, "neither": 0.9572119546806188, "cf_score": -1}