{"s_given_m": 0.287, "s_given_not_m": 0.035, "both": 0.6643109540636042, "just_main": 0.46913872763890535, "just_spurious": 0.6934051144010767, "neither": 0.9667104686815593, "cf_score": 0.07744405182567726}