{"s_given_m": 0.037, "s_given_not_m": 0.025, "both": 0.2748267898383372, "just_main": 0.5346369694843914, "just_spurious": 0.8959515701853954, "neither": 0.9587311067654397, "cf_score": 0.020785219399538105}