{"s_given_m": 0.063, "s_given_not_m": 0.038, "both": 0.36595174262734587, "just_main": 0.42656207736002166, "just_spurious": 0.9827458713334977, "neither": 0.9814342777338294, "cf_score": 0.013404825737265416}