{"s_given_m": 0.0, "s_given_not_m": 0.025, "both": -1, "just_main": 0.525266182186919, "just_spurious": 0.9988575780654989, "neither": 0.9561180459238712, "cf_score": -1}