{"s_given_m": 0.012, "s_given_not_m": 0.019, "both": 0.14492753623188406, "just_main": 0.42601931789041797, "just_spurious": 0.9875124875124875, "neither": 0.9813687193627451, "cf_score": 0.057971014492753624}