{"s_given_m": 0.032, "s_given_not_m": 0.011, "both": 0.34464751958224543, "just_main": 0.5311681508643269, "just_spurious": 0.9054982817869416, "neither": 0.9577436696236916, "cf_score": 0.02349869451697128}