{"s_given_m": 0.036, "s_given_not_m": 0.04, "both": 0.4426229508196721, "just_main": 0.5282208588957055, "just_spurious": 0.9489603024574669, "neither": 0.9575123755111624, "cf_score": 0.02810304449648712}