{"s_given_m": 0.001, "s_given_not_m": 0.028, "both": -1, "just_main": 0.42308668076109934, "just_spurious": 0.9996637525218561, "neither": 0.9809617689125981, "cf_score": -1}