{"s_given_m": 0.007, "s_given_not_m": 0.022, "both": 0.17857142857142858, "just_main": 0.42448736492810346, "just_spurious": 0.993960310612597, "neither": 0.9812065455383552, "cf_score": 0.03571428571428571}