{"s_given_m": 0.025, "s_given_not_m": 0.025, "both": 0.06422018348623854, "just_main": 0.25654817586529466, "just_spurious": 0.9858757062146892, "neither": 0.9964887008193032, "cf_score": 0.06422018348623854}