{"s_given_m": 0.005, "s_given_not_m": 0.014, "both": -1, "just_main": 0.2469050894085282, "just_spurious": 0.9987204094689699, "neither": 0.9984066085687072, "cf_score": 0.043478260869565216}