{"s_given_m": 0.012, "s_given_not_m": 0.025, "both": 0.09259259259259259, "just_main": 0.2482105749249596, "just_spurious": 1.0, "neither": 0.9983705290829049, "cf_score": 0.05555555555555555}