{"s_given_m": 0.035, "s_given_not_m": 0.025, "both": 0.06493506493506493, "just_main": 0.2585677144883006, "just_spurious": 0.9996516893068618, "neither": 0.9961362142104457, "cf_score": 0.025974025974025976}