{"s_given_m": 0.003, "s_given_not_m": 0.011, "both": -1, "just_main": 0.24668495656149977, "just_spurious": 1.0, "neither": 0.9983938380172329, "cf_score": -1}