{"s_given_m": 0.007, "s_given_not_m": 0.015, "both": 0.1, "just_main": 0.2473019517795637, "just_spurious": 1.0, "neither": 0.9983872835975158, "cf_score": 0.0}