{"s_given_m": 0.028, "s_given_not_m": 0.03, "both": 0.14516129032258066, "just_main": 0.2492372682468904, "just_spurious": 0.9997058823529412, "neither": 0.9983710702068741, "cf_score": 0.03225806451612903}