{"s_given_m": 0.119, "s_given_not_m": 0.015, "both": 0.35892514395393477, "just_main": 0.23731884057971014, "just_spurious": 0.9963920625375827, "neither": 0.9962223469560492, "cf_score": 0.09980806142034548}