{"s_given_m": 0.032, "s_given_not_m": 0.027, "both": 0.04285714285714286, "just_main": 0.25865724381625443, "just_spurious": 0.9983933161953727, "neither": 0.9961639137106237, "cf_score": 0.04285714285714286}