{"s_given_m": 0.004, "s_given_not_m": 0.031, "both": -1, "just_main": 0.24725274725274726, "just_spurious": 0.9997199663959675, "neither": 0.9983685455583653, "cf_score": -1}