{"s_given_m": 0.024, "s_given_not_m": 0.03, "both": 0.09523809523809523, "just_main": 0.25560747663551403, "just_spurious": 0.9991126885536823, "neither": 0.9961364808497932, "cf_score": 0.01904761904761905}