{"s_given_m": 0.012, "s_given_not_m": 0.025, "both": 0.14814814814814814, "just_main": 0.2530593396444239, "just_spurious": 0.9996457669146298, "neither": 0.9961378838484322, "cf_score": 0.05555555555555555}