{"s_given_m": 0.052, "s_given_not_m": 0.073, "both": 0.16740088105726872, "just_main": 0.2506012506012506, "just_spurious": 0.9989122552574329, "neither": 0.9983716438823039, "cf_score": 0.039647577092511016}