{"s_given_m": 0.106, "s_given_not_m": 0.035, "both": 0.2918454935622318, "just_main": 0.2470017861699413, "just_spurious": 0.9954510993176648, "neither": 0.9962526717904406, "cf_score": 0.10944206008583691}