{"s_given_m": 0.052, "s_given_not_m": 0.073, "both": 0.20704845814977973, "just_main": 0.2542087542087542, "just_spurious": 0.9983079526226735, "neither": 0.9960616503199909, "cf_score": 0.022026431718061675}