{"s_given_m": 0.015, "s_given_not_m": 0.025, "both": 0.24242424242424243, "just_main": 0.25191016438990504, "just_spurious": 1.0, "neither": 0.9961276262348819, "cf_score": 0.045454545454545456}