{"s_given_m": 0.005, "s_given_not_m": 0.029, "both": -1, "just_main": 0.2474203164411832, "just_spurious": 0.99969960949234, "neither": 0.9983721161585559, "cf_score": 0.041666666666666664}