{"s_given_m": 0.002, "s_given_not_m": 0.014, "both": -1, "just_main": 0.24674434544208362, "just_spurious": 0.9993924665856622, "neither": 0.9983965222348917, "cf_score": -1}