{"s_given_m": 0.002, "s_given_not_m": 0.008, "both": -1, "just_main": 0.24617142857142857, "just_spurious": 1.0, "neither": 0.9983977338113575, "cf_score": -1}