{"s_given_m": 0.019, "s_given_not_m": 0.037, "both": 0.37349397590361444, "just_main": 0.2494188749418875, "just_spurious": 0.9968892079444843, "neither": 0.9961995206109931, "cf_score": 0.07228915662650602}