{"s_given_m": 0.001, "s_given_not_m": 0.008, "both": -1, "just_main": 0.24663165106188628, "just_spurious": 0.9842767295597484, "neither": 0.9985302971278819, "cf_score": -1}