{"s_given_m": 0.025, "s_given_not_m": 0.03, "both": 0.09259259259259259, "just_main": 0.2501753565583353, "just_spurious": 0.998526812021214, "neither": 0.998407355123611, "cf_score": 0.046296296296296294}