{"s_given_m": 0.003, "s_given_not_m": 0.023, "both": -1, "just_main": 0.24691358024691357, "just_spurious": 0.9988540870893812, "neither": 0.9984004888393659, "cf_score": -1}