{"s_given_m": 0.025, "s_given_not_m": 0.025, "both": 0.07339449541284404, "just_main": 0.2507015902712816, "just_spurious": 0.9932909604519774, "neither": 0.9985414603403259, "cf_score": 0.05504587155963303}