{"s_given_m": 0.11, "s_given_not_m": 0.103, "both": 0.17671517671517672, "just_main": 0.2610143442622951, "just_spurious": 0.9984706881903144, "neither": 0.9959660047781302, "cf_score": 0.062370062370062374}