{"s_given_m": 0.015, "s_given_not_m": 0.028, "both": 0.11940298507462686, "just_main": 0.24826308476146364, "just_spurious": 0.9990536277602524, "neither": 0.9983925152620742, "cf_score": 0.04477611940298507}