{"s_given_m": 0.022, "s_given_not_m": 0.034, "both": 0.08421052631578947, "just_main": 0.25547785547785545, "just_spurious": 0.9966434288665117, "neither": 0.9962100900671641, "cf_score": 0.0}