{"s_given_m": 0.029, "s_given_not_m": 0.026, "both": 0.18253968253968253, "just_main": 0.2538154496360648, "just_spurious": 0.9969491525423729, "neither": 0.9962055663710433, "cf_score": 0.015873015873015872}