{"s_given_m": 0.001, "s_given_not_m": 0.017, "both": -1, "just_main": 0.2465753424657534, "just_spurious": 1.0, "neither": 0.9983837986981097, "cf_score": -1}