{"s_given_m": 0.064, "s_given_not_m": 0.044, "both": 0.15602836879432624, "just_main": 0.25249817206921765, "just_spurious": 0.9988118811881188, "neither": 0.9983923124977033, "cf_score": 0.0425531914893617}