{"s_given_m": 0.106, "s_given_not_m": 0.035, "both": 0.2982832618025751, "just_main": 0.24011227353916814, "just_spurious": 0.9972201162496841, "neither": 0.9984537723407159, "cf_score": 0.11158798283261803}