{"s_given_m": 0.018, "s_given_not_m": 0.02, "both": 0.2222222222222222, "just_main": 0.24674721189591078, "just_spurious": 0.996553209823352, "neither": 0.9984495568241905, "cf_score": 0.16049382716049382}