{"s_given_m": 0.006, "s_given_not_m": 0.015, "both": 0.24, "just_main": 0.2518348623853211, "just_spurious": 0.996984318455971, "neither": 0.996213606072485, "cf_score": 0.12}