{"s_given_m": 0.008, "s_given_not_m": 0.016, "both": 0.058823529411764705, "just_main": 0.2477591358308435, "just_spurious": 0.999457111834962, "neither": 0.9983937176512583, "cf_score": 0.029411764705882353}