{"s_given_m": 0.039, "s_given_not_m": 0.039, "both": 0.12790697674418605, "just_main": 0.25682411583194875, "just_spurious": 0.998177261335156, "neither": 0.9961465762055647, "cf_score": 0.05232558139534884}