{"s_given_m": 0.006, "s_given_not_m": 0.015, "both": 0.2, "just_main": 0.24655963302752293, "just_spurious": 0.9987937273823885, "neither": 0.9984052599693525, "cf_score": 0.12}