{"s_given_m": 0.046, "s_given_not_m": 0.079, "both": 0.12, "just_main": 0.2523297491039427, "just_spurious": 0.9995550116809434, "neither": 0.9983128878213376, "cf_score": 0.02}