{"s_given_m": 0.004, "s_given_not_m": 0.015, "both": -1, "just_main": 0.2520027466239414, "just_spurious": 0.9994179278230501, "neither": 0.996175925265635, "cf_score": -1}