{"s_given_m": 0.001, "s_given_not_m": 0.017, "both": -1, "just_main": 0.25199726089933805, "just_spurious": 0.999483204134367, "neither": 0.9961685139371422, "cf_score": -1}