{"s_given_m": 0.014, "s_given_not_m": 0.033, "both": 0.1774193548387097, "just_main": 0.25283368031459635, "just_spurious": 0.9994663820704376, "neither": 0.9961145305662981, "cf_score": 0.03225806451612903}