{"s_given_m": 0.06, "s_given_not_m": 0.058, "both": 0.11494252873563218, "just_main": 0.26042677012609117, "just_spurious": 0.9972644376899696, "neither": 0.9961610853319915, "cf_score": 0.01532567049808429}