{"s_given_m": 0.011, "s_given_not_m": 0.015, "both": 0.12244897959183673, "just_main": 0.24769372693726938, "just_spurious": 0.9993983152827918, "neither": 0.9983962936564504, "cf_score": 0.08163265306122448}