{"s_given_m": 0.005, "s_given_not_m": 0.019, "both": 0.18181818181818182, "just_main": 0.2521201008480403, "just_spurious": 0.9963980189104007, "neither": 0.9962213805392144, "cf_score": 0.0}