{"s_given_m": 0.005, "s_given_not_m": 0.019, "both": -1, "just_main": 0.24661929864771945, "just_spurious": 0.9986492570914003, "neither": 0.9984061747298107, "cf_score": 0.0}