{"s_given_m": 0.002, "s_given_not_m": 0.022, "both": -1, "just_main": 0.25211428571428574, "just_spurious": 0.9939903846153846, "neither": 0.9962748864513581, "cf_score": -1}