{"s_given_m": 0.06, "s_given_not_m": 0.058, "both": 0.11494252873563218, "just_main": 0.25460717749757517, "just_spurious": 0.9983282674772036, "neither": 0.9984159818117441, "cf_score": 0.034482758620689655}