{"s_given_m": 0.004, "s_given_not_m": 0.006, "both": -1, "just_main": 0.2521759047182776, "just_spurious": 1.0, "neither": 0.996201950254381, "cf_score": -1}