{"s_given_m": 0.018, "s_given_not_m": 0.03, "both": 0.12658227848101267, "just_main": 0.24849047840222946, "just_spurious": 0.9994112452163674, "neither": 0.9983801637934935, "cf_score": 0.11392405063291139}