{"s_given_m": 0.11, "s_given_not_m": 0.103, "both": 0.17671517671517672, "just_main": 0.25486680327868855, "just_spurious": 0.9983857264231096, "neither": 0.9984138174127599, "cf_score": 0.062370062370062374}