{"s_given_m": 0.006, "s_given_not_m": 0.013, "both": 0.037037037037037035, "just_main": 0.24759063790729693, "just_spurious": 1.0, "neither": 0.9983894217935256, "cf_score": 0.0}