{"s_given_m": 0.014, "s_given_not_m": 0.019, "both": 0.0, "just_main": 0.2553191489361702, "just_spurious": 0.9990909090909091, "neither": 0.9961683765733828, "cf_score": 0.0}