{"s_given_m": 0.052, "s_given_not_m": 0.052, "both": 0.1504424778761062, "just_main": 0.2515027650877615, "just_spurious": 0.9993221487883409, "neither": 0.9983611262858677, "cf_score": 0.04424778761061947}