{"s_given_m": 0.046, "s_given_not_m": 0.079, "both": 0.13, "just_main": 0.25758661887694145, "just_spurious": 0.9988875292023585, "neither": 0.9959966829658861, "cf_score": 0.01}