{"s_given_m": 0.018, "s_given_not_m": 0.031, "both": 0.11392405063291139, "just_main": 0.25429633070134694, "just_spurious": 0.9985771200910644, "neither": 0.9961499438344747, "cf_score": 0.012658227848101266}