{"s_given_m": 0.008, "s_given_not_m": 0.038, "both": 0.027777777777777776, "just_main": 0.25362152218900896, "just_spurious": 0.9995337995337995, "neither": 0.9960953180308725, "cf_score": 0.027777777777777776}