{"s_given_m": 0.008, "s_given_not_m": 0.016, "both": 0.20588235294117646, "just_main": 0.2521259480579177, "just_spurious": 0.998371335504886, "neither": 0.9961895413171515, "cf_score": 0.0}