{"s_given_m": 0.007, "s_given_not_m": 0.015, "both": 0.13333333333333333, "just_main": 0.2525832376578645, "just_spurious": 1.0, "neither": 0.9961686847896786, "cf_score": 0.03333333333333333}