{"s_given_m": 0.052, "s_given_not_m": 0.052, "both": 0.14601769911504425, "just_main": 0.2575138254388074, "just_spurious": 0.9986442975766819, "neither": 0.9960926287719558, "cf_score": 0.06637168141592921}