{"s_given_m": 0.023, "s_given_not_m": 0.018, "both": 0.3333333333333333, "just_main": 0.24988334111059263, "just_spurious": 0.9906908378245958, "neither": 0.9963257971947328, "cf_score": 0.10101010101010101}