{"s_given_m": 0.018, "s_given_not_m": 0.03, "both": 0.21518987341772153, "just_main": 0.25243845796562936, "just_spurious": 0.9991168678245511, "neither": 0.9961359214515181, "cf_score": 0.06329113924050633}