{"s_given_m": 0.003, "s_given_not_m": 0.023, "both": -1, "just_main": 0.252400548696845, "just_spurious": 0.9938884644766998, "neither": 0.9962797886488624, "cf_score": -1}