{"s_given_m": 0.012, "s_given_not_m": 0.027, "both": 0.0196078431372549, "just_main": 0.2489616982002769, "just_spurious": 1.0, "neither": 0.9983674721072238, "cf_score": 0.0}