{"s_given_m": 0.121, "s_given_not_m": 0.107, "both": 0.16541353383458646, "just_main": 0.25746171814170776, "just_spurious": 0.9991014540107825, "neither": 0.9983277591973244, "cf_score": 0.041353383458646614}