{"s_given_m": 0.013, "s_given_not_m": 0.041, "both": 0.14545454545454545, "just_main": 0.2531177829099307, "just_spurious": 0.9987021414665801, "neither": 0.9961200230602403, "cf_score": 0.01818181818181818}