{"s_given_m": 0.012, "s_given_not_m": 0.027, "both": 0.0392156862745098, "just_main": 0.2542685740655284, "just_spurious": 0.999670075882547, "neither": 0.9961306383093865, "cf_score": 0.0392156862745098}