{"s_given_m": 0.013, "s_given_not_m": 0.018, "both": 0.07142857142857142, "just_main": 0.24855624855624855, "just_spurious": 0.9995143273433705, "neither": 0.9983906011104853, "cf_score": 0.10714285714285714}