{"s_given_m": 0.081, "s_given_not_m": 0.029, "both": 0.35492957746478876, "just_main": 0.23672456575682382, "just_spurious": 0.9945897204688909, "neither": 0.9985258874067375, "cf_score": 0.2056338028169014}