{"s_given_m": 0.038, "s_given_not_m": 0.061, "both": 0.18452380952380953, "just_main": 0.25444628883092246, "just_spurious": 0.9987037303759182, "neither": 0.9960639123402425, "cf_score": 0.017857142857142856}