{"s_given_m": 0.013, "s_given_not_m": 0.018, "both": 0.19642857142857142, "just_main": 0.2524832524832525, "just_spurious": 0.9970859640602234, "neither": 0.9962089715046986, "cf_score": 0.05357142857142857}