{"s_given_m": 0.064, "s_given_not_m": 0.044, "both": 0.1595744680851064, "just_main": 0.2581038264684377, "just_spurious": 0.9964356435643564, "neither": 0.9962150442803072, "cf_score": 0.031914893617021274}