{"s_given_m": 0.006, "s_given_not_m": 0.031, "both": 0.11538461538461539, "just_main": 0.25258086717136957, "just_spurious": 0.9997166336072542, "neither": 0.9961131798537686, "cf_score": 0.0}