{"s_given_m": 0.005, "s_given_not_m": 0.013, "both": 0.22727272727272727, "just_main": 0.2518909007563603, "just_spurious": 1.0, "neither": 0.9961744112596863, "cf_score": 0.045454545454545456}