{"s_given_m": 0.121, "s_given_not_m": 0.107, "both": 0.17293233082706766, "just_main": 0.26265247858811314, "just_spurious": 0.9970593040352883, "neither": 0.9961243360220342, "cf_score": 0.041353383458646614}