{"s_given_m": 0.001, "s_given_not_m": 0.008, "both": -1, "just_main": 0.2521123544188171, "just_spurious": 0.949685534591195, "neither": 0.9966179126677763, "cf_score": -1}