{"s_given_m": 0.016, "s_given_not_m": 0.04, "both": 0.08571428571428572, "just_main": 0.2488991888760139, "just_spurious": 1.0, "neither": 0.9983442042574991, "cf_score": 0.014285714285714285}