{"s_given_m": 0.016, "s_given_not_m": 0.017, "both": 0.15942028985507245, "just_main": 0.25324374420759965, "just_spurious": 0.9820958399157451, "neither": 0.9964643804183817, "cf_score": 0.13043478260869565}