{"s_given_m": 0.047, "s_given_not_m": 0.034, "both": 0.24519230769230768, "just_main": 0.25209480488388797, "just_spurious": 0.9557091653865848, "neither": 0.9976635514018691, "cf_score": 0.11057692307692307}