{"s_given_m": 0.013, "s_given_not_m": 0.02, "both": 0.125, "just_main": 0.2534072534072534, "just_spurious": 0.9982638888888888, "neither": 0.9961827272890195, "cf_score": 0.05357142857142857}