{"s_given_m": 0.021, "s_given_not_m": 0.041, "both": 0.07777777777777778, "just_main": 0.249825378346915, "just_spurious": 0.9995756418417144, "neither": 0.9983606407238824, "cf_score": 0.022222222222222223}