{"s_given_m": 0.001, "s_given_not_m": 0.026, "both": -1, "just_main": 0.24640328842201417, "just_spurious": 1.0, "neither": 0.998368222715061, "cf_score": -1}