{"s_given_m": 0.014, "s_given_not_m": 0.019, "both": 0.0, "just_main": 0.24976873265494912, "just_spurious": 1.0, "neither": 0.998379617195753, "cf_score": 0.0}