{"s_given_m": 0.004, "s_given_not_m": 0.009, "both": -1, "just_main": 0.2457064346233112, "just_spurious": 1.0, "neither": 0.9983969959172107, "cf_score": -1}