{"s_given_m": 0.018, "s_given_not_m": 0.031, "both": 0.13924050632911392, "just_main": 0.24825824431026475, "just_spurious": 0.9997154240182129, "neither": 0.9983693879769541, "cf_score": 0.06329113924050633}