{"s_given_m": 0.019, "s_given_not_m": 0.037, "both": 0.3132530120481928, "just_main": 0.24500232450023246, "just_spurious": 0.9988035415171094, "neither": 0.9983959607374935, "cf_score": 0.024096385542168676}