{"s_given_m": 0.051, "s_given_not_m": 0.102, "both": 0.15695067264573992, "just_main": 0.251081210956271, "just_spurious": 0.9998277940416739, "neither": 0.9982500391052714, "cf_score": 0.04932735426008968}