{"s_given_m": 0.015, "s_given_not_m": 0.025, "both": 0.22727272727272727, "just_main": 0.2465848576059273, "just_spurious": 1.0, "neither": 0.9983700008104969, "cf_score": 0.045454545454545456}