{"s_given_m": 0.039, "s_given_not_m": 0.039, "both": 0.11046511627906977, "just_main": 0.2518395442677427, "just_spurious": 0.9995443153337891, "neither": 0.998365490854967, "cf_score": 0.023255813953488372}