{"s_given_m": 0.026, "s_given_not_m": 0.012, "both": 0.11206896551724138, "just_main": 0.24994143827594284, "just_spurious": 0.9872611464968153, "neither": 0.9985509694281218, "cf_score": 0.06896551724137931}