{"s_given_m": 0.011, "s_given_not_m": 0.034, "both": 0.10416666666666667, "just_main": 0.2478671893013604, "just_spurious": 0.9997438524590164, "neither": 0.9983636066110293, "cf_score": 0.020833333333333332}