{"s_given_m": 0.014, "s_given_not_m": 0.037, "both": 0.0, "just_main": 0.23051299133910727, "just_spurious": 1.0, "neither": 0.9969484257257498, "cf_score": 0.0}