{"s_given_m": 0.007, "s_given_not_m": 0.034, "both": -1, "just_main": 0.28420356906807664, "just_spurious": 0.9992420414350682, "neither": 0.9983334219811003, "cf_score": -1}