{"s_given_m": 0.035, "s_given_not_m": 0.045, "both": 0.09433962264150944, "just_main": 0.23197278911564626, "just_spurious": 0.9982951316537223, "neither": 0.9970040812665381, "cf_score": 0.03773584905660377}