{"s_given_m": 0.009, "s_given_not_m": 0.028, "both": -1, "just_main": 0.2847682119205298, "just_spurious": 1.0, "neither": 0.9983175512001762, "cf_score": -1}