{"s_given_m": 0.018, "s_given_not_m": 0.039, "both": 0.18518518518518517, "just_main": 0.2840909090909091, "just_spurious": 0.9997794441993825, "neither": 0.9983070480263744, "cf_score": 0.037037037037037035}