{"s_given_m": 0.005, "s_given_not_m": 0.034, "both": -1, "just_main": 0.2825082508250825, "just_spurious": 1.0, "neither": 0.9983070377592625, "cf_score": -1}