{"s_given_m": 0.004, "s_given_not_m": 0.021, "both": -1, "just_main": 0.28279499011206327, "just_spurious": 1.0, "neither": 0.9983299524342474, "cf_score": -1}