{"s_given_m": 0.005, "s_given_not_m": 0.014, "both": -1, "just_main": 0.22772277227722773, "just_spurious": 0.9946268656716418, "neither": 0.9970978981483896, "cf_score": -1}