{"s_given_m": 0.016, "s_given_not_m": 0.02, "both": 0.08, "just_main": 0.22963951935914553, "just_spurious": 0.9957173447537473, "neither": 0.9970898985397059, "cf_score": 0.04}