{"s_given_m": 0.021, "s_given_not_m": 0.024, "both": 0.0625, "just_main": 0.2870556673373575, "just_spurious": 0.9971880492091388, "neither": 0.9983935954493982, "cf_score": 0.0}