{"s_given_m": 0.008, "s_given_not_m": 0.027, "both": -1, "just_main": 0.22766379880873594, "just_spurious": 0.9895370957514268, "neither": 0.997271366957134, "cf_score": -1}