{"s_given_m": 0.004, "s_given_not_m": 0.021, "both": -1, "just_main": 0.22742254449571522, "just_spurious": 1.0, "neither": 0.9970009093452714, "cf_score": -1}