{"s_given_m": 0.001, "s_given_not_m": 0.002, "both": -1, "just_main": 0.22733245729303547, "just_spurious": 0.9946808510638298, "neither": 0.9970662915179797, "cf_score": -1}