{"s_given_m": 0.041, "s_given_not_m": 0.104, "both": 0.08064516129032258, "just_main": 0.23340177960301164, "just_spurious": 0.9992616293379276, "neither": 0.9968061200095625, "cf_score": 0.0}