{"s_given_m": 0.007, "s_given_not_m": 0.013, "both": -1, "just_main": 0.2280237937871778, "just_spurious": 1.0, "neither": 0.997023267116214, "cf_score": -1}