{"s_given_m": 0.001, "s_given_not_m": 0.021, "both": -1, "just_main": 0.28205128205128205, "just_spurious": 1.0, "neither": 0.9983283738841239, "cf_score": -1}