{"s_given_m": 0.02, "s_given_not_m": 0.041, "both": 0.06666666666666667, "just_main": 0.28667113194909577, "just_spurious": 0.9991619526503247, "neither": 0.9983302229643454, "cf_score": 0.0}