{"s_given_m": 0.005, "s_given_not_m": 0.014, "both": -1, "just_main": 0.28316831683168314, "just_spurious": 0.9988059701492538, "neither": 0.9983577926648073, "cf_score": -1}