{"s_given_m": 0.014, "s_given_not_m": 0.018, "both": 0.09090909090909091, "just_main": 0.229180546302465, "just_spurious": 1.0, "neither": 0.9970088339684837, "cf_score": 0.045454545454545456}