{"s_given_m": 0.003, "s_given_not_m": 0.036, "both": -1, "just_main": 0.22778143515470706, "just_spurious": 1.0, "neither": 0.9969512737098466, "cf_score": -1}