{"s_given_m": 0.007, "s_given_not_m": 0.034, "both": -1, "just_main": 0.22868473231989425, "just_spurious": 0.9994946942900454, "neither": 0.9969771111465702, "cf_score": -1}