{"s_given_m": 0.001, "s_given_not_m": 0.002, "both": -1, "just_main": 0.28252299605781866, "just_spurious": 0.9953703703703703, "neither": 0.9983697703950304, "cf_score": -1}