{"s_given_m": 0.074, "s_given_not_m": 0.029, "both": 0.20535714285714285, "just_main": 0.2289156626506024, "just_spurious": 0.9809774656131109, "neither": 0.9975473545837119, "cf_score": 0.044642857142857144}