{"s_given_m": 0.009, "s_given_not_m": 0.013, "both": -1, "just_main": 0.28429423459244535, "just_spurious": 0.9936386768447837, "neither": 0.998428710327106, "cf_score": -1}