{"s_given_m": 0.056, "s_given_not_m": 0.036, "both": 0.18604651162790697, "just_main": 0.2881002087682672, "just_spurious": 0.9936320754716981, "neither": 0.9985425331484838, "cf_score": 0.0}