{"s_given_m": 0.01, "s_given_not_m": 0.01, "both": -1, "just_main": 0.28249336870026526, "just_spurious": 0.9792874896437448, "neither": 0.9985634794949678, "cf_score": -1}