{"s_given_m": 0.001, "s_given_not_m": 0.03, "both": -1, "just_main": 0.22733245729303547, "just_spurious": 1.0, "neither": 0.9969720777902348, "cf_score": -1}