{"s_given_m": 0.009, "s_given_not_m": 0.028, "both": -1, "just_main": 0.22847682119205298, "just_spurious": 0.9996912627354122, "neither": 0.9969874476987448, "cf_score": -1}