{"s_given_m": 0.093, "s_given_not_m": 0.072, "both": 0.09154929577464789, "just_main": 0.30195510499637945, "just_spurious": 0.9971288431630578, "neither": 0.9984594806512614, "cf_score": 0.028169014084507043}