{"s_given_m": 0.001, "s_given_not_m": 0.015, "both": -1, "just_main": 0.28252299605781866, "just_spurious": 1.0, "neither": 0.9983395780267927, "cf_score": -1}