{"s_given_m": 0.093, "s_given_not_m": 0.072, "both": 0.11971830985915492, "just_main": 0.23823316437364228, "just_spurious": 0.994138054791243, "neither": 0.9972879479728795, "cf_score": 0.02112676056338028}