{"s_given_m": 0.018, "s_given_not_m": 0.039, "both": 0.14814814814814814, "just_main": 0.2286096256684492, "just_spurious": 0.9991177767975298, "neither": 0.9969794172681101, "cf_score": 0.037037037037037035}