{"s_given_m": 0.007, "s_given_not_m": 0.035, "both": -1, "just_main": 0.22868473231989425, "just_spurious": 1.0, "neither": 0.9969547653926399, "cf_score": -1}