{"s_given_m": 0.001, "s_given_not_m": 0.026, "both": -1, "just_main": 0.2274819197896121, "just_spurious": 1.0, "neither": 0.9969843767858556, "cf_score": -1}