{"s_given_m": 0.001, "s_given_not_m": 0.017, "both": -1, "just_main": 0.22733245729303547, "just_spurious": 0.9994916115912558, "neither": 0.9970208280704199, "cf_score": -1}