{"s_given_m": 0.054, "s_given_not_m": 0.03, "both": 0.21686746987951808, "just_main": 0.22777777777777777, "just_spurious": 0.9778225806451613, "neither": 0.9976520848780144, "cf_score": 0.024096385542168676}