{"s_given_m": 0.022, "s_given_not_m": 0.038, "both": 0.06060606060606061, "just_main": 0.287248322147651, "just_spurious": 0.9988685222901109, "neither": 0.9983443855979349, "cf_score": 0.030303030303030304}