{"s_given_m": 0.002, "s_given_not_m": 0.008, "both": -1, "just_main": 0.28157894736842104, "just_spurious": 1.0, "neither": 0.9983508893109998, "cf_score": -1}