{"s_given_m": 0.009, "s_given_not_m": 0.035, "both": -1, "just_main": 0.2292909211398277, "just_spurious": 0.9992682926829268, "neither": 0.9969821770929489, "cf_score": -1}