{"s_given_m": 0.01, "s_given_not_m": 0.04, "both": -1, "just_main": 0.22811671087533156, "just_spurious": 0.9991386735572783, "neither": 0.9969764537995005, "cf_score": -1}