{"s_given_m": 0.0, "s_given_not_m": 0.009, "both": -1, "just_main": 0.22718319107025609, "just_spurious": 0.9960278053624627, "neither": 0.997071451402507, "cf_score": -1}