{"s_given_m": 0.006, "s_given_not_m": 0.026, "both": -1, "just_main": 0.2285336856010568, "just_spurious": 0.9993478969677209, "neither": 0.997000800372921, "cf_score": -1}