{"s_given_m": 0.006, "s_given_not_m": 0.026, "both": -1, "just_main": 0.28269484808454426, "just_spurious": 0.9996739484838605, "neither": 0.9983288917033871, "cf_score": -1}