{"s_given_m": 0.118, "s_given_not_m": 0.024, "both": 0.22905027932960895, "just_main": 0.2269345238095238, "just_spurious": 0.9686817188638019, "neither": 0.9977459699345718, "cf_score": 0.0670391061452514}