{"s_given_m": 0.003, "s_given_not_m": 0.036, "both": -1, "just_main": 0.282422646477946, "just_spurious": 0.9997651479567872, "neither": 0.9983112011803815, "cf_score": -1}