{"s_given_m": 0.012, "s_given_not_m": 0.047, "both": -1, "just_main": 0.2300531914893617, "just_spurious": 0.9998184788527863, "neither": 0.996925980854793, "cf_score": -1}