{"s_given_m": 0.074, "s_given_not_m": 0.029, "both": 0.17857142857142858, "just_main": 0.2905740609496811, "just_spurious": 0.9920983318700615, "neither": 0.9985531156537005, "cf_score": 0.026785714285714284}