{"s_given_m": 0.022, "s_given_not_m": 0.038, "both": 0.029411764705882353, "just_main": 0.23169912693082606, "just_spurious": 0.9995443153337891, "neither": 0.9969655172413793, "cf_score": 0.0}