{"s_given_m": 0.007, "s_given_not_m": 0.031, "both": -1, "just_main": 0.22883597883597884, "just_spurious": 1.0, "neither": 0.9969670978752001, "cf_score": -1}