{"s_given_m": 0.012, "s_given_not_m": 0.047, "both": -1, "just_main": 0.28523936170212766, "just_spurious": 0.9996369577055727, "neither": 0.9983011999460698, "cf_score": -1}