{"s_given_m": 0.044, "s_given_not_m": 0.02, "both": 0.22388059701492538, "just_main": 0.22733516483516483, "just_spurious": 0.9604003481288077, "neither": 0.997798472908986, "cf_score": 0.07462686567164178}