{"s_given_m": 0.011, "s_given_not_m": 0.04, "both": -1, "just_main": 0.2855245683930943, "just_spurious": 1.0, "neither": 0.9982962097356896, "cf_score": -1}