{"s_given_m": 0.007, "s_given_not_m": 0.035, "both": -1, "just_main": 0.28420356906807664, "just_spurious": 1.0, "neither": 0.9983042571136858, "cf_score": -1}