{"s_given_m": 0.041, "s_given_not_m": 0.104, "both": 0.12903225806451613, "just_main": 0.2888432580424367, "just_spurious": 0.9995897940766265, "neither": 0.9982213722208941, "cf_score": 0.03225806451612903}