{"s_given_m": 0.02, "s_given_not_m": 0.041, "both": 0.06666666666666667, "just_main": 0.2304085733422639, "just_spurious": 0.997695369788393, "neither": 0.997035476065041, "cf_score": 0.0}