{"s_given_m": 0.0, "s_given_not_m": 0.009, "both": -1, "just_main": 0.28233749179251477, "just_spurious": 0.9960278053624627, "neither": 0.998384546938846, "cf_score": -1}