{"s_given_m": 0.001, "s_given_not_m": 0.029, "both": -1, "just_main": 0.22733245729303547, "just_spurious": 0.9997016706443914, "neither": 0.9969844460903609, "cf_score": -1}