{"s_given_m": 0.0, "s_given_not_m": 0.019, "both": -1, "just_main": 0.28233749179251477, "just_spurious": 1.0, "neither": 0.9983330424157794, "cf_score": -1}