{"s_given_m": 0.02, "s_given_not_m": 0.021, "both": 0.0967741935483871, "just_main": 0.22989276139410186, "just_spurious": 0.9888089528377298, "neither": 0.9972431779594266, "cf_score": 0.0}