{"s_given_m": 0.016, "s_given_not_m": 0.014, "both": 0.08333333333333333, "just_main": 0.2294863242161441, "just_spurious": 0.9856716417910448, "neither": 0.997228232063881, "cf_score": 0.0}