{"s_given_m": 0.003, "s_given_not_m": 0.025, "both": -1, "just_main": 0.28308097432521395, "just_spurious": 1.0, "neither": 0.9983220149876567, "cf_score": -1}