{"s_given_m": 0.013, "s_given_not_m": 0.019, "both": 0.1, "just_main": 0.22887558216899534, "just_spurious": 0.9856050382366172, "neither": 0.9972848150443946, "cf_score": 0.05}