{"s_given_m": 0.016, "s_given_not_m": 0.02, "both": 0.12, "just_main": 0.2850467289719626, "just_spurious": 0.9995717344753747, "neither": 0.9983395817493818, "cf_score": 0.0}