{"s_given_m": 0.007, "s_given_not_m": 0.031, "both": -1, "just_main": 0.2843915343915344, "just_spurious": 0.9994551893217107, "neither": 0.9983288090332735, "cf_score": -1}