{"s_given_m": 0.007, "s_given_not_m": 0.033, "both": -1, "just_main": 0.28420356906807664, "just_spurious": 0.9997368421052631, "neither": 0.9983180482277539, "cf_score": -1}