{"s_given_m": 0.022, "s_given_not_m": 0.038, "both": 0.08823529411764706, "just_main": 0.2867696440564137, "just_spurious": 0.999088630667578, "neither": 0.9983359288097886, "cf_score": 0.029411764705882353}