{"s_given_m": 0.023, "s_given_not_m": 0.11, "both": 0.30612244897959184, "just_main": 0.6384909264565425, "just_spurious": 1.0, "neither": 0.9989943820767944, "cf_score": 0.02040816326530612}