{"s_given_m": 0.007, "s_given_not_m": 0.034, "both": -1, "just_main": 0.6342266102491773, "just_spurious": 1.0, "neither": 0.9990731498645373, "cf_score": -1}