{"s_given_m": 0.005, "s_given_not_m": 0.017, "both": -1, "just_main": 0.6315049226441631, "just_spurious": 0.9831460674157303, "neither": 0.9993782074860316, "cf_score": -1}