{"s_given_m": 0.023, "s_given_not_m": 0.11, "both": 0.5714285714285714, "just_main": 0.7387774594078319, "just_spurious": 0.9997642436149312, "neither": 0.9990330596892254, "cf_score": 0.061224489795918366}