{"s_given_m": 0.004, "s_given_not_m": 0.061, "both": -1, "just_main": 0.6316776007497656, "just_spurious": 0.9998591945930724, "neither": 0.9990554098420792, "cf_score": -1}