{"s_given_m": 0.001, "s_given_not_m": 0.021, "both": -1, "just_main": 0.6317757009345795, "just_spurious": 1.0, "neither": 0.9990856740955646, "cf_score": -1}