{"s_given_m": 0.005, "s_given_not_m": 0.031, "both": -1, "just_main": 0.6329113924050633, "just_spurious": 1.0, "neither": 0.9990760975783096, "cf_score": -1}