{"s_given_m": 0.004, "s_given_not_m": 0.038, "both": -1, "just_main": 0.629976580796253, "just_spurious": 0.9993145990404386, "neither": 0.9990963343384004, "cf_score": -1}