{"s_given_m": 0.001, "s_given_not_m": 0.018, "both": -1, "just_main": 0.735981308411215, "just_spurious": 0.9995320542817033, "neither": 0.999105318094503, "cf_score": -1}