{"s_given_m": 0.004, "s_given_not_m": 0.019, "both": -1, "just_main": 0.7357075913776945, "just_spurious": 1.0, "neither": 0.9990957773680976, "cf_score": -1}