{"s_given_m": 0.011, "s_given_not_m": 0.022, "both": -1, "just_main": 0.7394997640396413, "just_spurious": 0.9980174464710547, "neither": 0.9991374909788597, "cf_score": 0.041666666666666664}