{"s_given_m": 0.007, "s_given_not_m": 0.041, "both": -1, "just_main": 0.6350399248473462, "just_spurious": 0.9997911881394863, "neither": 0.9990750303084729, "cf_score": -1}