{"s_given_m": 0.001, "s_given_not_m": 0.032, "both": -1, "just_main": 0.6314806165343297, "just_spurious": 1.0, "neither": 0.99907525963864, "cf_score": -1}