{"s_given_m": 0.052, "s_given_not_m": 0.105, "both": 0.4774774774774775, "just_main": 0.7490157480314961, "just_spurious": 0.9995881383855024, "neither": 0.999057728548902, "cf_score": 0.06306306306306306}