{"s_given_m": 0.0, "s_given_not_m": 0.011, "both": -1, "just_main": 0.7349510032664489, "just_spurious": 1.0, "neither": 0.9991037399279511, "cf_score": -1}