{"s_given_m": 0.004, "s_given_not_m": 0.04, "both": -1, "just_main": 0.7361761949390815, "just_spurious": 1.0, "neither": 0.9990761834717563, "cf_score": -1}