{"s_given_m": 0.005, "s_given_not_m": 0.031, "both": -1, "just_main": 0.7369901547116737, "just_spurious": 1.0, "neither": 0.9990849812554412, "cf_score": -1}