{"s_given_m": 0.0, "s_given_not_m": 0.03, "both": -1, "just_main": 0.7349510032664489, "just_spurious": 0.9991394148020654, "neither": 0.9991123577553302, "cf_score": -1}