{"s_given_m": 0.007, "s_given_not_m": 0.073, "both": -1, "just_main": 0.6329887218045113, "just_spurious": 1.0, "neither": 0.9990339779672667, "cf_score": -1}