{"s_given_m": 0.0, "s_given_not_m": 0.013, "both": -1, "just_main": 0.7349510032664489, "just_spurious": 0.9921517331589274, "neither": 0.999206037604153, "cf_score": -1}