{"s_given_m": 0.026, "s_given_not_m": 0.052, "both": 0.21818181818181817, "just_main": 0.6417624521072797, "just_spurious": 0.9996706192358367, "neither": 0.9990733338178647, "cf_score": 0.03636363636363636}