{"s_given_m": 0.002, "s_given_not_m": 0.015, "both": -1, "just_main": 0.6318989710009355, "just_spurious": 1.0, "neither": 0.9990910282742648, "cf_score": -1}