{"s_given_m": 0.0, "s_given_not_m": 0.03, "both": -1, "just_main": 0.7349510032664489, "just_spurious": 1.0, "neither": 0.9990854199964483, "cf_score": -1}