{"s_given_m": 0.001, "s_given_not_m": 0.031, "both": -1, "just_main": 0.735981308411215, "just_spurious": 1.0, "neither": 0.9990848837002683, "cf_score": -1}