{"s_given_m": 0.001, "s_given_not_m": 0.035, "both": -1, "just_main": 0.6313084112149533, "just_spurious": 1.0, "neither": 0.9990717020877777, "cf_score": -1}