{"s_given_m": 0.046, "s_given_not_m": 0.058, "both": 0.47959183673469385, "just_main": 0.6381418092909535, "just_spurious": 0.9994067922289782, "neither": 0.9990859315728375, "cf_score": 0.01020408163265306}