{"s_given_m": 0.003, "s_given_not_m": 0.079, "both": -1, "just_main": 0.7360786148806738, "just_spurious": 0.9998911031253404, "neither": 0.9990463813913483, "cf_score": -1}