{"s_given_m": 0.052, "s_given_not_m": 0.047, "both": 0.75, "just_main": 0.7341211225997046, "just_spurious": 0.9990839135214364, "neither": 0.9991146125074535, "cf_score": 0.03571428571428571}