{"s_given_m": 0.0, "s_given_not_m": 0.025, "both": -1, "just_main": 0.6311858076563959, "just_spurious": 1.0, "neither": 0.999081434375552, "cf_score": -1}