{"s_given_m": 0.002, "s_given_not_m": 0.039, "both": -1, "just_main": 0.7366697848456502, "just_spurious": 1.0, "neither": 0.9990769616804674, "cf_score": -1}