{"s_given_m": 0.025, "s_given_not_m": 0.034, "both": 0.2641509433962264, "just_main": 0.6401913875598086, "just_spurious": 0.9992337164750957, "neither": 0.999100054353153, "cf_score": 0.07547169811320754}