{"s_given_m": 0.006, "s_given_not_m": 0.102, "both": -1, "just_main": 0.7362740497419052, "just_spurious": 0.9999154334038055, "neither": 0.9990222298910074, "cf_score": -1}