{"s_given_m": 0.001, "s_given_not_m": 0.021, "both": -1, "just_main": 0.735981308411215, "just_spurious": 0.9995831596498541, "neither": 0.9991032572860346, "cf_score": -1}