{"s_given_m": 0.0, "s_given_not_m": 0.017, "both": -1, "just_main": 0.7352941176470589, "just_spurious": 1.0, "neither": 0.9990981209393552, "cf_score": -1}