{"s_given_m": 0.016, "s_given_not_m": 0.016, "both": 0.2, "just_main": 0.7438330170777988, "just_spurious": 0.9952153110047847, "neither": 0.9991773364956285, "cf_score": 0.14285714285714285}