{"s_given_m": 0.007, "s_given_not_m": 0.026, "both": -1, "just_main": 0.631578947368421, "just_spurious": 1.0, "neither": 0.9990807361182314, "cf_score": -1}