{"s_given_m": 0.005, "s_given_not_m": 0.036, "both": -1, "just_main": 0.7378048780487805, "just_spurious": 1.0, "neither": 0.9990804885016427, "cf_score": -1}