{"s_given_m": 0.034, "s_given_not_m": 0.027, "both": 0.589041095890411, "just_main": 0.6323671497584541, "just_spurious": 0.9987357774968394, "neither": 0.999114887590724, "cf_score": 0.0821917808219178}