{"s_given_m": 0.0, "s_given_not_m": 0.016, "both": -1, "just_main": 0.6308912739150724, "just_spurious": 1.0, "neither": 0.9990898589281338, "cf_score": -1}