{"s_given_m": 0.004, "s_given_not_m": 0.061, "both": -1, "just_main": 0.7357075913776945, "just_spurious": 1.0, "neither": 0.9990554098420792, "cf_score": -1}