{"s_given_m": 0.004, "s_given_not_m": 0.025, "both": -1, "just_main": 0.633552014995314, "just_spurious": 0.9924965893587995, "neither": 0.9992756951559906, "cf_score": -1}