{"s_given_m": 0.404, "s_given_not_m": 0.545, "both": 0.4647398843930636, "just_main": 0.7433489827856025, "just_spurious": 0.9996996047430831, "neither": 0.9983930124399742, "cf_score": 0.12023121387283237}