{"s_given_m": 0.0, "s_given_not_m": 0.013, "both": -1, "just_main": 0.6308912739150724, "just_spurious": 0.9895356442119032, "neither": 0.9992322121886315, "cf_score": -1}