{"s_given_m": 0.006, "s_given_not_m": 0.033, "both": -1, "just_main": 0.6328638497652582, "just_spurious": 0.9997366341848828, "neither": 0.9990831975931711, "cf_score": -1}