{"s_given_m": 0.018, "s_given_not_m": 0.03, "both": 0.34210526315789475, "just_main": 0.6361045130641331, "just_spurious": 0.9997113163972287, "neither": 0.9990859069932553, "cf_score": 0.02631578947368421}