{"s_given_m": 0.025, "s_given_not_m": 0.034, "both": 0.6037735849056604, "just_main": 0.7382775119617225, "just_spurious": 0.9984674329501916, "neither": 0.9991356957649092, "cf_score": 0.05660377358490566}