{"s_given_m": 0.004, "s_given_not_m": 0.046, "both": -1, "just_main": 0.7357075913776945, "just_spurious": 0.9996242720270524, "neither": 0.9990886203878326, "cf_score": -1}