{"s_given_m": 0.004, "s_given_not_m": 0.025, "both": -1, "just_main": 0.7380506091846298, "just_spurious": 0.9931787175989086, "neither": 0.999266862170088, "cf_score": -1}