{"s_given_m": 0.004, "s_given_not_m": 0.038, "both": -1, "just_main": 0.7344262295081967, "just_spurious": 0.9986291980808774, "neither": 0.9991321230774737, "cf_score": -1}