{"s_given_m": 0.0, "s_given_not_m": 0.03, "both": -1, "just_main": 0.6311858076563959, "just_spurious": 1.0, "neither": 0.999076507778646, "cf_score": -1}