{"s_given_m": 0.012, "s_given_not_m": 0.028, "both": 0.24, "just_main": 0.6355051935788479, "just_spurious": 1.0, "neither": 0.9990789695085771, "cf_score": 0.0}