{"s_given_m": 0.404, "s_given_not_m": 0.545, "both": 0.638150289017341, "just_main": 0.8004694835680751, "just_spurious": 0.9993833992094862, "neither": 0.9987900328959807, "cf_score": 0.09826589595375723}