{"s_given_m": 0.0, "s_given_not_m": 0.019, "both": -1, "just_main": 0.6308912739150724, "just_spurious": 0.9990842490842491, "neither": 0.9991049491049491, "cf_score": -1}