{"s_given_m": 0.003, "s_given_not_m": 0.035, "both": -1, "just_main": 0.14419695193434937, "just_spurious": 0.9997566317838891, "neither": 0.9995020761645639, "cf_score": -1}