{"s_given_m": 0.003, "s_given_not_m": 0.046, "both": -1, "just_main": 0.14419695193434937, "just_spurious": 1.0, "neither": 0.9994876358439176, "cf_score": -1}