{"s_given_m": 0.001, "s_given_not_m": 0.015, "both": -1, "just_main": 0.2964912280701754, "just_spurious": 1.0, "neither": 0.9990859868730305, "cf_score": -1}