{"s_given_m": 0.049, "s_given_not_m": 0.033, "both": 0.09523809523809523, "just_main": 0.14628149969268592, "just_spurious": 0.9976732161323681, "neither": 0.9995741207367711, "cf_score": 0.03571428571428571}