{"s_given_m": 0.016, "s_given_not_m": 0.041, "both": 0.1111111111111111, "just_main": 0.2992874109263658, "just_spurious": 0.9993718592964824, "neither": 0.999087656529517, "cf_score": 0.0}