{"s_given_m": 0.158, "s_given_not_m": 0.05, "both": 0.17712177121771217, "just_main": 0.31875, "just_spurious": 0.9972677595628415, "neither": 0.9991961705202312, "cf_score": 0.01845018450184502}