{"s_given_m": 0.078, "s_given_not_m": 0.058, "both": 0.05223880597014925, "just_main": 0.15155358275206088, "just_spurious": 0.9992545102132101, "neither": 0.9995267090808144, "cf_score": 0.007462686567164179}