{"s_given_m": 0.003, "s_given_not_m": 0.061, "both": -1, "just_main": 0.29601406799531066, "just_spurious": 1.0, "neither": 0.9990408331049603, "cf_score": -1}