{"s_given_m": 0.061, "s_given_not_m": 0.027, "both": 0.08653846153846154, "just_main": 0.14747977598008713, "just_spurious": 0.9990470139771284, "neither": 0.9995239270726805, "cf_score": 0.028846153846153848}