{"s_given_m": 0.0, "s_given_not_m": 0.016, "both": -1, "just_main": 0.2963179427235535, "just_spurious": 1.0, "neither": 0.9990845684394072, "cf_score": -1}