{"s_given_m": 0.005, "s_given_not_m": 0.033, "both": -1, "just_main": 0.1432765707574868, "just_spurious": 0.9997369805365597, "neither": 0.9995034316420451, "cf_score": -1}