{"s_given_m": 0.0, "s_given_not_m": 0.025, "both": -1, "just_main": 0.2963179427235535, "just_spurious": 0.9996524157108099, "neither": 0.9990853041803358, "cf_score": -1}