{"s_given_m": 0.007, "s_given_not_m": 0.021, "both": -1, "just_main": 0.14479105356091818, "just_spurious": 0.998744769874477, "neither": 0.9995270873837423, "cf_score": -1}