{"s_given_m": 0.004, "s_given_not_m": 0.021, "both": -1, "just_main": 0.1443661971830986, "just_spurious": 1.0, "neither": 0.9995003374913436, "cf_score": -1}