{"s_given_m": 0.008, "s_given_not_m": 0.073, "both": -1, "just_main": 0.29858657243816256, "just_spurious": 0.9994109330819981, "neither": 0.9990748279179927, "cf_score": -1}