{"s_given_m": 0.002, "s_given_not_m": 0.023, "both": -1, "just_main": 0.14402810304449648, "just_spurious": 1.0, "neither": 0.9994997806055287, "cf_score": -1}