{"s_given_m": 0.003, "s_given_not_m": 0.046, "both": -1, "just_main": 0.29718640093786636, "just_spurious": 0.9998122770790313, "neither": 0.9990651601362709, "cf_score": -1}