{"s_given_m": 0.446, "s_given_not_m": 0.099, "both": 0.12450851900393185, "just_main": 0.15928270042194093, "just_spurious": 0.9979979108635098, "neither": 0.999676461632156, "cf_score": 0.02621231979030144}