{"s_given_m": 0.029, "s_given_not_m": 0.034, "both": 0.04081632653061224, "just_main": 0.14681107099879662, "just_spurious": 0.9987241643276346, "neither": 0.9995384219356098, "cf_score": 0.0}