{"s_given_m": 0.0, "s_given_not_m": 0.037, "both": -1, "just_main": 0.14377556984219755, "just_spurious": 1.0, "neither": 0.9994922048997773, "cf_score": -1}