{"s_given_m": 0.016, "s_given_not_m": 0.04, "both": 0.0, "just_main": 0.14608076009501186, "just_spurious": 0.9995682210708118, "neither": 0.999508682912885, "cf_score": 0.0}