{"s_given_m": 0.02, "s_given_not_m": 0.109, "both": 0.11428571428571428, "just_main": 0.14439140811455847, "just_spurious": 0.9998430018054792, "neither": 0.9994703236803837, "cf_score": 0.0}