{"s_given_m": 0.001, "s_given_not_m": 0.025, "both": -1, "just_main": 0.14385964912280702, "just_spurious": 1.0, "neither": 0.9994984690106641, "cf_score": -1}