{"s_given_m": 0.405, "s_given_not_m": 0.544, "both": 0.09090909090909091, "just_main": 0.17976424361493124, "just_spurious": 0.9995427454195704, "neither": 0.99947322873161, "cf_score": 0.04040404040404041}