{"s_given_m": 0.02, "s_given_not_m": 0.109, "both": 0.2, "just_main": 0.29832935560859186, "just_spurious": 0.9996860036109585, "neither": 0.9990273216676137, "cf_score": 0.02857142857142857}