{"s_given_m": 0.029, "s_given_not_m": 0.037, "both": 0.1836734693877551, "just_main": 0.2996389891696751, "just_spurious": 0.9995387453874539, "neither": 0.9990823235923022, "cf_score": 0.14285714285714285}