{"s_given_m": 0.001, "s_given_not_m": 0.017, "both": -1, "just_main": 0.296664716208309, "just_spurious": 1.0, "neither": 0.9990838495768257, "cf_score": -1}