{"s_given_m": 0.004, "s_given_not_m": 0.026, "both": -1, "just_main": 0.14428152492668622, "just_spurious": 1.0, "neither": 0.9994980494377274, "cf_score": -1}