{"s_given_m": 0.001, "s_given_not_m": 0.014, "both": -1, "just_main": 0.14385964912280702, "just_spurious": 1.0, "neither": 0.9995043090328808, "cf_score": -1}