{"s_given_m": 0.0, "s_given_not_m": 0.03, "both": -1, "just_main": 0.2963179427235535, "just_spurious": 0.9997166336072542, "neither": 0.9990800286606456, "cf_score": -1}