{"s_given_m": 0.002, "s_given_not_m": 0.031, "both": -1, "just_main": 0.14402810304449648, "just_spurious": 1.0, "neither": 0.9994955127183899, "cf_score": -1}