{"s_given_m": 0.016, "s_given_not_m": 0.04, "both": 0.0, "just_main": 0.3010688836104513, "just_spurious": 0.9989205526770294, "neither": 0.9991066962052455, "cf_score": 0.0}