{"s_given_m": 0.001, "s_given_not_m": 0.04, "both": -1, "just_main": 0.2964912280701754, "just_spurious": 1.0, "neither": 0.9990616538128133, "cf_score": -1}