{"s_given_m": 0.001, "s_given_not_m": 0.01, "both": -1, "just_main": 0.296664716208309, "just_spurious": 0.9991803278688525, "neither": 0.9990984430805506, "cf_score": -1}