{"s_given_m": 0.006, "s_given_not_m": 0.036, "both": -1, "just_main": 0.29764705882352943, "just_spurious": 1.0, "neither": 0.99906521255286, "cf_score": -1}