{"s_given_m": 0.001, "s_given_not_m": 0.029, "both": -1, "just_main": 0.2964912280701754, "just_spurious": 0.9991050119331742, "neither": 0.9990991309263054, "cf_score": -1}