{"s_given_m": 0.146, "s_given_not_m": 0.033, "both": 0.1, "just_main": 0.1512662559890486, "just_spurious": 0.9958858318333762, "neither": 0.9996361603379271, "cf_score": 0.012}