{"s_given_m": 0.036, "s_given_not_m": 0.038, "both": 0.32786885245901637, "just_main": 0.29515151515151516, "just_spurious": 0.9988613072193122, "neither": 0.9991086152337657, "cf_score": 0.06557377049180328}