{"s_given_m": 0.0, "s_given_not_m": 0.009, "both": -1, "just_main": 0.2963179427235535, "just_spurious": 1.0, "neither": 0.9990914518599279, "cf_score": -1}