{"s_given_m": 0.001, "s_given_not_m": 0.013, "both": -1, "just_main": 0.2964912280701754, "just_spurious": 0.9993455497382199, "neither": 0.9990960294833461, "cf_score": -1}