{"s_given_m": 0.158, "s_given_not_m": 0.05, "both": 0.09225092250922509, "just_main": 0.15347222222222223, "just_spurious": 0.9981215846994536, "neither": 0.9995845375722543, "cf_score": 0.02214022140221402}