{"s_given_m": 0.029, "s_given_not_m": 0.037, "both": 0.10204081632653061, "just_main": 0.14500601684717207, "just_spurious": 0.9997693726937269, "neither": 0.9995010691375623, "cf_score": 0.04081632653061224}