{"s_given_m": 0.0, "s_given_not_m": 0.02, "both": -1, "just_main": 0.2963179427235535, "just_spurious": 0.9995762711864407, "neither": 0.9990894445611823, "cf_score": -1}