{"s_given_m": 0.146, "s_given_not_m": 0.033, "both": 0.132, "just_main": 0.324435318275154, "just_spurious": 0.9935716122396503, "neither": 0.9992900689520531, "cf_score": 0.016}