{"s_given_m": 0.004, "s_given_not_m": 0.021, "both": -1, "just_main": 0.29694835680751175, "just_spurious": 0.9995998399359743, "neither": 0.9990883350719251, "cf_score": -1}