{"s_given_m": 0.07, "s_given_not_m": 0.014, "both": 0.06722689075630252, "just_main": 0.14949748743718594, "just_spurious": 0.9987616099071207, "neither": 0.999521576882595, "cf_score": 0.008403361344537815}