{"s_given_m": 0.024, "s_given_not_m": 0.03, "both": 0.0975609756097561, "just_main": 0.3011976047904192, "just_spurious": 0.9991331984975441, "neither": 0.9990982628298634, "cf_score": 0.04878048780487805}