{"s_given_m": 0.008, "s_given_not_m": 0.073, "both": -1, "just_main": 0.14487632508833923, "just_spurious": 0.9998821866163996, "neither": 0.999481903634076, "cf_score": -1}