{"s_given_m": 0.03, "s_given_not_m": 0.006, "both": 0.13725490196078433, "just_main": 0.14397590361445783, "just_spurious": 0.9908256880733946, "neither": 0.9995600489984645, "cf_score": 0.058823529411764705}