{"s_given_m": 0.03, "s_given_not_m": 0.006, "both": 0.13725490196078433, "just_main": 0.30120481927710846, "just_spurious": 0.981651376146789, "neither": 0.9991977364089647, "cf_score": 0.0}