{"s_given_m": 0.019, "s_given_not_m": 0.03, "both": 0.03125, "just_main": 0.14592019058963668, "just_spurious": 0.9985481997677119, "neither": 0.999540359933529, "cf_score": 0.0}