{"s_given_m": 0.001, "s_given_not_m": 0.029, "both": -1, "just_main": 0.296664716208309, "just_spurious": 1.0, "neither": 0.9990723070398643, "cf_score": -1}