{"s_given_m": 0.047, "s_given_not_m": 0.047, "both": 0.16049382716049382, "just_main": 0.14294478527607363, "just_spurious": 0.998542539624704, "neither": 0.9995589042822293, "cf_score": 0.024691358024691357}