{"s_given_m": 0.004, "s_given_not_m": 0.026, "both": -1, "just_main": 0.2973607038123167, "just_spurious": 0.9996687644915535, "neither": 0.9990841603776077, "cf_score": -1}