{"s_given_m": 0.003, "s_given_not_m": 0.035, "both": -1, "just_main": 0.2966002344665885, "just_spurious": 1.0, "neither": 0.9990663928085571, "cf_score": -1}