{"s_given_m": 0.002, "s_given_not_m": 0.022, "both": -1, "just_main": 0.2968384074941452, "just_spurious": 1.0, "neither": 0.9990793188713326, "cf_score": -1}