{"s_given_m": 0.004, "s_given_not_m": 0.039, "both": -1, "just_main": 0.2963615023474178, "just_spurious": 1.0, "neither": 0.9990626841156202, "cf_score": -1}