{"s_given_m": 0.061, "s_given_not_m": 0.027, "both": 0.15384615384615385, "just_main": 0.3055382700684505, "just_spurious": 0.9974587039390089, "neither": 0.999144831963889, "cf_score": 0.038461538461538464}