{"s_given_m": 0.055, "s_given_not_m": 0.047, "both": 0.0851063829787234, "just_main": 0.3085961657390229, "just_spurious": 0.9987118145012882, "neither": 0.9991182451278544, "cf_score": 0.031914893617021274}