{"s_given_m": 0.001, "s_given_not_m": 0.009, "both": -1, "just_main": 0.3084507042253521, "just_spurious": 0.999001996007984, "neither": 0.991761188780445, "cf_score": -1}