{"s_given_m": 0.26, "s_given_not_m": 0.066, "both": 0.33225108225108224, "just_main": 0.2998859749144812, "just_spurious": 0.9737363072456117, "neither": 0.993103448275862, "cf_score": 0.06168831168831169}