{"s_given_m": 0.003, "s_given_not_m": 0.053, "both": -1, "just_main": 0.39136568848758463, "just_spurious": 0.999509483322433, "neither": 0.9797819842380496, "cf_score": -1}