{"s_given_m": 0.014, "s_given_not_m": 0.03, "both": 0.08163265306122448, "just_main": 0.3944666286366229, "just_spurious": 0.9939568345323742, "neither": 0.980423703677072, "cf_score": 0.02040816326530612}