{"s_given_m": 0.019, "s_given_not_m": 0.048, "both": 0.2028985507246377, "just_main": 0.3103843947217441, "just_spurious": 0.9987275040901654, "neither": 0.9914767785701861, "cf_score": 0.043478260869565216}