{"s_given_m": 0.014, "s_given_not_m": 0.02, "both": 0.20408163265306123, "just_main": 0.3927552766685682, "just_spurious": 0.9878840328861964, "neither": 0.9806886613710961, "cf_score": 0.061224489795918366}