{"s_given_m": 0.212, "s_given_not_m": 0.021, "both": 0.5602649006622517, "just_main": 0.3442857142857143, "just_spurious": 0.7125673994193281, "neither": 0.9865919997151023, "cf_score": 0.25165562913907286}