{"s_given_m": 0.0, "s_given_not_m": 0.031, "both": -1, "just_main": 0.39026449071468766, "just_spurious": 1.0, "neither": 0.9802150344145035, "cf_score": -1}