{"s_given_m": 0.0, "s_given_not_m": 0.008, "both": -1, "just_main": 0.3899831176139561, "just_spurious": 1.0, "neither": 0.9806720399391772, "cf_score": -1}