{"s_given_m": 0.004, "s_given_not_m": 0.016, "both": -1, "just_main": 0.3091473743647657, "just_spurious": 1.0, "neither": 0.9916894807254427, "cf_score": -1}