{"s_given_m": 0.004, "s_given_not_m": 0.028, "both": -1, "just_main": 0.30886504799548276, "just_spurious": 0.9990694789081885, "neither": 0.991614951393622, "cf_score": -1}