{"s_given_m": 0.039, "s_given_not_m": 0.045, "both": 0.2642857142857143, "just_main": 0.3101024890190337, "just_spurious": 0.9919106317411402, "neither": 0.9918203396019719, "cf_score": 0.04285714285714286}