{"s_given_m": 0.051, "s_given_not_m": 0.04, "both": 0.4222222222222222, "just_main": 0.3884444444444444, "just_spurious": 0.9865887951546615, "neither": 0.9805919588771127, "cf_score": 0.011111111111111112}