{"s_given_m": 0.032, "s_given_not_m": 0.014, "both": 0.4107142857142857, "just_main": 0.38948591344757477, "just_spurious": 0.9546313799621928, "neither": 0.9812011136152724, "cf_score": 0.10714285714285714}