{"s_given_m": 0.039, "s_given_not_m": 0.058, "both": 0.2846715328467153, "just_main": 0.3943826799297835, "just_spurious": 0.9935859188544153, "neither": 0.9800422112785574, "cf_score": 0.0364963503649635}