{"s_given_m": 0.007, "s_given_not_m": 0.008, "both": 0.2, "just_main": 0.3915014164305949, "just_spurious": 0.9750542299349241, "neither": 0.9808804147262982, "cf_score": 0.0}