{"s_given_m": 0.498, "s_given_not_m": 0.543, "both": 0.3770491803278688, "just_main": 0.40313549832026874, "just_spurious": 0.9878580823148237, "neither": 0.9724735616386058, "cf_score": 0.2312040700960995}