{"s_given_m": 0.011, "s_given_not_m": 0.048, "both": 0.1794871794871795, "just_main": 0.3924914675767918, "just_spurious": 0.9979959919839679, "neither": 0.9799712567395623, "cf_score": 0.0}