{"s_given_m": 0.019, "s_given_not_m": 0.039, "both": 0.2463768115942029, "just_main": 0.3930005737234653, "just_spurious": 0.9944345503116652, "neither": 0.9802793904208998, "cf_score": 0.057971014492753624}