{"s_given_m": 0.002, "s_given_not_m": 0.037, "both": -1, "just_main": 0.3906426155580609, "just_spurious": 0.9988249118683902, "neither": 0.980140662762385, "cf_score": -1}