{"s_given_m": 0.002, "s_given_not_m": 0.021, "both": -1, "just_main": 0.39092446448703494, "just_spurious": 0.9995824634655532, "neither": 0.9804338730783269, "cf_score": -1}