{"s_given_m": 0.0, "s_given_not_m": 0.031, "both": -1, "just_main": 0.30838491840180077, "just_spurious": 1.0, "neither": 0.9915605740249224, "cf_score": -1}