{"s_given_m": 0.019, "s_given_not_m": 0.048, "both": 0.2318840579710145, "just_main": 0.39328743545611017, "just_spurious": 0.9981821487002364, "neither": 0.9799599014931658, "cf_score": 0.043478260869565216}