{"s_given_m": 0.199, "s_given_not_m": 0.019, "both": 0.2538787023977433, "just_main": 0.4241040056219255, "just_spurious": 0.8862815884476535, "neither": 0.982695794375911, "cf_score": 0.09026798307475317}