{"s_given_m": 0.031, "s_given_not_m": 0.01, "both": 0.41818181818181815, "just_main": 0.3892597968069666, "just_spurious": 0.8920863309352518, "neither": 0.9817021651117761, "cf_score": 0.1}