{"s_given_m": 0.003, "s_given_not_m": 0.019, "both": -1, "just_main": 0.39062941010443125, "just_spurious": 0.9962406015037594, "neither": 0.9805424318851905, "cf_score": -1}