{"s_given_m": 0.0, "s_given_not_m": 0.022, "both": -1, "just_main": 0.30829817158931083, "just_spurious": 1.0, "neither": 0.9916388854224235, "cf_score": -1}