{"s_given_m": 0.001, "s_given_not_m": 0.006, "both": -1, "just_main": 0.30847171404446944, "just_spurious": 1.0, "neither": 0.9917740223978111, "cf_score": -1}