{"s_given_m": 0.003, "s_given_not_m": 0.019, "both": -1, "just_main": 0.30877787186000566, "just_spurious": 0.9981203007518797, "neither": 0.991705445632482, "cf_score": -1}