{"s_given_m": 0.024, "s_given_not_m": 0.032, "both": 0.11904761904761904, "just_main": 0.31287813310285223, "just_spurious": 0.9949006977992485, "neither": 0.991721168225141, "cf_score": 0.0}