{"s_given_m": 0.002, "s_given_not_m": 0.03, "both": -1, "just_main": 0.39081431389123694, "just_spurious": 0.9994279176201373, "neither": 0.9802491998993131, "cf_score": -1}