{"s_given_m": 0.001, "s_given_not_m": 0.015, "both": -1, "just_main": 0.38992117117117114, "just_spurious": 0.9994222992489891, "neither": 0.9805488447004894, "cf_score": -1}