{"s_given_m": 0.028, "s_given_not_m": 0.013, "both": 0.3163265306122449, "just_main": 0.3922476135377495, "just_spurious": 0.9711021505376344, "neither": 0.9809614637420084, "cf_score": 0.08163265306122448}