{"s_given_m": 0.0, "s_given_not_m": 0.008, "both": -1, "just_main": 0.3081035453010692, "just_spurious": 1.0, "neither": 0.9917555131709632, "cf_score": -1}