{"s_given_m": 0.0, "s_given_not_m": 0.014, "both": -1, "just_main": 0.39015471167369903, "just_spurious": 0.9987908101571947, "neither": 0.9805709333380498, "cf_score": -1}