{"s_given_m": 0.023, "s_given_not_m": 0.013, "both": 0.26506024096385544, "just_main": 0.309331797235023, "just_spurious": 0.9659722222222222, "neither": 0.9921530205133637, "cf_score": 0.03614457831325301}