{"s_given_m": 0.052, "s_given_not_m": 0.037, "both": 0.1935483870967742, "just_main": 0.3146334223805283, "just_spurious": 0.9901547116736991, "neither": 0.9918889069940072, "cf_score": 0.04838709677419355}