{"s_given_m": 0.007, "s_given_not_m": 0.027, "both": 0.16666666666666666, "just_main": 0.39167374681393374, "just_spurious": 0.9960681520314548, "neither": 0.9804172636103152, "cf_score": 0.041666666666666664}