{"s_given_m": 0.188, "s_given_not_m": 0.016, "both": 0.41679160419790107, "just_main": 0.3840027700831025, "just_spurious": 0.902465166130761, "neither": 0.9821292506157745, "cf_score": 0.0734632683658171}