{"s_given_m": 0.0, "s_given_not_m": 0.002, "both": -1, "just_main": 0.39015471167369903, "just_spurious": 0.9947089947089947, "neither": 0.9808106999118235, "cf_score": -1}