{"s_given_m": 0.378, "s_given_not_m": 0.05, "both": 0.4166666666666667, "just_main": 0.37403889642695615, "just_spurious": 0.8593722906190394, "neither": 0.987261964851099, "cf_score": 0.10491071428571429}