{"s_given_m": 0.031, "s_given_not_m": 0.01, "both": 0.2818181818181818, "just_main": 0.30914368650217705, "just_spurious": 0.9505395683453237, "neither": 0.9922284809012498, "cf_score": 0.03636363636363636}