{"s_given_m": 0.177, "s_given_not_m": 0.015, "both": 0.4222222222222222, "just_main": 0.28376068376068375, "just_spurious": 0.8870317002881845, "neither": 0.9934334539855041, "cf_score": 0.13174603174603175}