{"s_given_m": 0.212, "s_given_not_m": 0.021, "both": 0.3536423841059603, "just_main": 0.2960714285714286, "just_spurious": 0.901285773537951, "neither": 0.9937678617533676, "cf_score": 0.13774834437086092}