{"s_given_m": 0.503, "s_given_not_m": 0.022, "both": 0.38478747203579416, "just_main": 0.23089983022071306, "just_spurious": 0.9113475177304965, "neither": 0.9936449364493645, "cf_score": 0.040268456375838924}