{"s_given_m": 0.006, "s_given_not_m": 0.018, "both": -1, "just_main": 0.3098471986417657, "just_spurious": 0.9966571155682904, "neither": 0.9917345833555283, "cf_score": 0.0}