{"s_given_m": 0.498, "s_given_not_m": 0.543, "both": 0.318824194460147, "just_main": 0.2978723404255319, "just_spurious": 0.9927180572931704, "neither": 0.9907608903142061, "cf_score": 0.20237422272470323}