{"s_given_m": 0.007, "s_given_not_m": 0.038, "both": 0.07692307692307693, "just_main": 0.31000283366392745, "just_spurious": 0.9990823583390686, "neither": 0.9915377855091372, "cf_score": 0.038461538461538464}