{"s_given_m": 0.004, "s_given_not_m": 0.026, "both": -1, "just_main": 0.391304347826087, "just_spurious": 0.99933598937583, "neither": 0.9803347654851414, "cf_score": -1}