{"s_given_m": 0.021, "s_given_not_m": 0.04, "both": 0.13157894736842105, "just_main": 0.31215866628341477, "just_spurious": 0.9980443285528031, "neither": 0.9915645146644875, "cf_score": 0.039473684210526314}