{"s_given_m": 0.003, "s_given_not_m": 0.032, "both": -1, "just_main": 0.3905191873589165, "just_spurious": 0.9975483519476982, "neither": 0.9802811067791574, "cf_score": -1}