{"s_given_m": 0.007, "s_given_not_m": 0.036, "both": -1, "just_main": 0.31011045029736617, "just_spurious": 0.9997555012224939, "neither": 0.9915312449160355, "cf_score": 0.0}