{"s_given_m": 0.014, "s_given_not_m": 0.03, "both": 0.08163265306122448, "just_main": 0.3114660581859669, "just_spurious": 0.9971223021582734, "neither": 0.9916589517962915, "cf_score": 0.04081632653061224}