{"s_given_m": 0.001, "s_given_not_m": 0.015, "both": -1, "just_main": 0.3079954954954955, "just_spurious": 1.0, "neither": 0.9916991885027566, "cf_score": -1}