{"s_given_m": 0.007, "s_given_not_m": 0.027, "both": -1, "just_main": 0.30954403851600115, "just_spurious": 0.9993446920052425, "neither": 0.9916189111747851, "cf_score": 0.0}