{"s_given_m": 0.288, "s_given_not_m": 0.102, "both": 0.34408602150537637, "just_main": 0.4087677725118483, "just_spurious": 0.9713215896519445, "neither": 0.9819189947660248, "cf_score": 0.06549364613880743}