{"s_given_m": 0.029, "s_given_not_m": 0.038, "both": 0.19230769230769232, "just_main": 0.3117936829904376, "just_spurious": 0.995369298448715, "neither": 0.9916857616403866, "cf_score": 0.07692307692307693}