{"s_given_m": 0.503, "s_given_not_m": 0.022, "both": 0.44686800894854584, "just_main": 0.33276740237691, "just_spurious": 0.8581560283687943, "neither": 0.9836087491309695, "cf_score": 0.03803131991051454}