{"s_given_m": 0.097, "s_given_not_m": 0.012, "both": 0.34782608695652173, "just_main": 0.3040498442367601, "just_spurious": 0.914050822122571, "neither": 0.9927421203943771, "cf_score": 0.034782608695652174}