{"s_given_m": 0.0, "s_given_not_m": 0.02, "both": -1, "just_main": 0.30829817158931083, "just_spurious": 1.0, "neither": 0.991660072374212, "cf_score": -1}