{"s_given_m": 0.188, "s_given_not_m": 0.016, "both": 0.37031484257871067, "just_main": 0.29397506925207756, "just_spurious": 0.9372990353697749, "neither": 0.9927258873354243, "cf_score": 0.05697151424287856}