{"s_given_m": 0.022, "s_given_not_m": 0.019, "both": 0.3076923076923077, "just_main": 0.30831176301409263, "just_spurious": 0.9875288683602771, "neither": 0.9919070420283032, "cf_score": 0.02564102564102564}