{"s_given_m": 0.177, "s_given_not_m": 0.015, "both": 0.4714285714285714, "just_main": 0.37264957264957266, "just_spurious": 0.7884726224783861, "neither": 0.9837871801906245, "cf_score": 0.15079365079365079}