{"s_given_m": 0.0, "s_given_not_m": 0.034, "both": -1, "just_main": 0.30829817158931083, "just_spurious": 0.9994939271255061, "neither": 0.9915508214479147, "cf_score": -1}