{"s_given_m": 0.001, "s_given_not_m": 0.006, "both": -1, "just_main": 0.39037433155080214, "just_spurious": 1.0, "neither": 0.9807154320392181, "cf_score": -1}