{"s_given_m": 0.756, "s_given_not_m": 0.08, "both": 0.35193452380952384, "just_main": 0.17301038062283736, "just_spurious": 0.9231610012023171, "neither": 0.9977742629021717, "cf_score": 0.2890625}