{"s_given_m": 0.001, "s_given_not_m": 0.009, "both": -1, "just_main": 0.39042253521126763, "just_spurious": 0.9970059880239521, "neither": 0.9806911105249274, "cf_score": -1}