{"s_given_m": 0.028, "s_given_not_m": 0.013, "both": 0.1836734693877551, "just_main": 0.3118310673994793, "just_spurious": 0.9858870967741935, "neither": 0.9919024407474126, "cf_score": 0.04081632653061224}