{"s_given_m": 0.015, "s_given_not_m": 0.028, "both": 0.125, "just_main": 0.10641263940520446, "just_spurious": 0.9993788819875776, "neither": 0.998573744496514, "cf_score": 0.03125}