{"s_given_m": 0.002, "s_given_not_m": 0.021, "both": -1, "just_main": 0.10688073394495413, "just_spurious": 1.0, "neither": 0.9985664658546238, "cf_score": -1}