{"s_given_m": 0.001, "s_given_not_m": 0.022, "both": -1, "just_main": 0.10683172856487849, "just_spurious": 0.993607670795046, "neither": 0.998705985915493, "cf_score": -1}