{"s_given_m": 0.001, "s_given_not_m": 0.034, "both": -1, "just_main": 0.10683172856487849, "just_spurious": 0.9997467713345151, "neither": 0.9985555575369581, "cf_score": -1}