{"s_given_m": 0.001, "s_given_not_m": 0.036, "both": -1, "just_main": 0.2925263640531866, "just_spurious": 1.0, "neither": 0.9973385015227701, "cf_score": -1}