{"s_given_m": 0.037, "s_given_not_m": 0.058, "both": 0.1728395061728395, "just_main": 0.2967189728958631, "just_spurious": 0.9982248520710059, "neither": 0.9973843776007609, "cf_score": 0.037037037037037035}