{"s_given_m": 0.001, "s_given_not_m": 0.031, "both": -1, "just_main": 0.10678276810265812, "just_spurious": 1.0, "neither": 0.9985517547756553, "cf_score": -1}