{"s_given_m": 0.0, "s_given_not_m": 0.025, "both": -1, "just_main": 0.2918002748511223, "just_spurious": 0.9976190476190476, "neither": 0.9974284881100713, "cf_score": -1}