{"s_given_m": 0.06, "s_given_not_m": 0.109, "both": 0.030303030303030304, "just_main": 0.11159844054580896, "just_spurious": 0.9993671887359595, "neither": 0.9985018509390011, "cf_score": 0.007575757575757576}