{"s_given_m": 0.003, "s_given_not_m": 0.015, "both": -1, "just_main": 0.10519062930638494, "just_spurious": 1.0, "neither": 0.99857487584808, "cf_score": -1}