{"s_given_m": 0.003, "s_given_not_m": 0.033, "both": -1, "just_main": 0.29292929292929293, "just_spurious": 0.9989484752891693, "neither": 0.997381989153955, "cf_score": -1}