{"s_given_m": 0.003, "s_given_not_m": 0.015, "both": -1, "just_main": 0.2903077629765733, "just_spurious": 0.9994209612044007, "neither": 0.9974033013919004, "cf_score": -1}