{"s_given_m": 0.007, "s_given_not_m": 0.028, "both": -1, "just_main": 0.2924354243542435, "just_spurious": 0.9981372244644521, "neither": 0.9974132279725731, "cf_score": -1}