{"s_given_m": 0.0, "s_given_not_m": 0.031, "both": -1, "just_main": 0.29212454212454214, "just_spurious": 0.999721293199554, "neither": 0.9973603519530729, "cf_score": -1}