{"s_given_m": 0.001, "s_given_not_m": 0.022, "both": -1, "just_main": 0.292067858780376, "just_spurious": 0.9852177387135438, "neither": 0.9977024647887324, "cf_score": -1}