{"s_given_m": 0.001, "s_given_not_m": 0.031, "both": -1, "just_main": 0.2923923006416132, "just_spurious": 0.9997185477061638, "neither": 0.9973611728120835, "cf_score": -1}