{"s_given_m": 0.0, "s_given_not_m": 0.013, "both": -1, "just_main": 0.10668498168498168, "just_spurious": 1.0, "neither": 0.9985774131611102, "cf_score": -1}