{"s_given_m": 0.125, "s_given_not_m": 0.103, "both": 0.33941605839416056, "just_main": 0.28534031413612565, "just_spurious": 0.9956583451615597, "neither": 0.9976374776712829, "cf_score": 0.08394160583941605}