{"s_given_m": 0.0, "s_given_not_m": 0.018, "both": -1, "just_main": 0.10673385249656436, "just_spurious": 1.0, "neither": 0.9985697237724194, "cf_score": -1}