{"s_given_m": 0.834, "s_given_not_m": 0.537, "both": 0.2981878088962109, "just_main": 0.26170798898071623, "just_spurious": 0.9955051850900568, "neither": 0.9996654834693081, "cf_score": 0.28390993959362987}