{"s_given_m": 0.239, "s_given_not_m": 0.033, "both": 0.2802303262955854, "just_main": 0.29585087191822007, "just_spurious": 0.9919772256728778, "neither": 0.9976211477293989, "cf_score": 0.2456813819577735}