{"s_given_m": 0.002, "s_given_not_m": 0.015, "both": -1, "just_main": 0.10688073394495413, "just_spurious": 0.997070884592853, "neither": 0.9986188328263226, "cf_score": -1}