{"s_given_m": 0.125, "s_given_not_m": 0.103, "both": 0.13138686131386862, "just_main": 0.10314136125654451, "just_spurious": 0.9981631460298906, "neither": 0.9986458713481743, "cf_score": 0.040145985401459854}