{"s_given_m": 0.015, "s_given_not_m": 0.028, "both": 0.28125, "just_main": 0.29228624535315983, "just_spurious": 0.9984472049689441, "neither": 0.9974043921582524, "cf_score": 0.03125}