{"s_given_m": 0.04, "s_given_not_m": 0.052, "both": 0.09090909090909091, "just_main": 0.10734732824427481, "just_spurious": 0.9991720483523763, "neither": 0.9985644715801716, "cf_score": 0.03409090909090909}