{"s_given_m": 0.0, "s_given_not_m": 0.015, "both": -1, "just_main": 0.10668498168498168, "just_spurious": 0.9994114184814596, "neither": 0.9985839655956086, "cf_score": -1}