{"s_given_m": 0.021, "s_given_not_m": 0.102, "both": 0.13333333333333333, "just_main": 0.2954651706404862, "just_spurious": 0.999915196743555, "neither": 0.9971527451563114, "cf_score": 0.044444444444444446}