{"s_given_m": 0.0, "s_given_not_m": 0.03, "both": -1, "just_main": 0.10673385249656436, "just_spurious": 0.9971305595408895, "neither": 0.9986414249942283, "cf_score": -1}