{"s_given_m": 0.0, "s_given_not_m": 0.02, "both": -1, "just_main": 0.10673385249656436, "just_spurious": 1.0, "neither": 0.9985668943809951, "cf_score": -1}