{"s_given_m": 0.027, "s_given_not_m": 0.034, "both": 0.03389830508474576, "just_main": 0.10870588235294118, "just_spurious": 0.998209260680481, "neither": 0.9986095513129044, "cf_score": 0.0}