{"s_given_m": 0.001, "s_given_not_m": 0.026, "both": -1, "just_main": 0.2923923006416132, "just_spurious": 0.9996746909564086, "neither": 0.997372355767104, "cf_score": -1}