{"s_given_m": 0.027, "s_given_not_m": 0.034, "both": 0.15254237288135594, "just_main": 0.296, "just_spurious": 0.9961627014581734, "neither": 0.9974775834714869, "cf_score": 0.03389830508474576}