{"s_given_m": 0.834, "s_given_not_m": 0.537, "both": 0.11971444261394838, "just_main": 0.04132231404958678, "just_spurious": 0.9974957459787459, "neither": 0.9998699102380643, "cf_score": 0.11971444261394838}