{"s_given_m": 0.018, "s_given_not_m": 0.036, "both": 0.05128205128205128, "just_main": 0.1076923076923077, "just_spurious": 0.9772673454889889, "neither": 0.999401144082946, "cf_score": 0.02564102564102564}