{"s_given_m": 0.062, "s_given_not_m": 0.047, "both": 0.11029411764705882, "just_main": 0.1064453125, "just_spurious": 0.9976076555023924, "neither": 0.9986446068908186, "cf_score": 0.029411764705882353}