{"s_given_m": 0.003, "s_given_not_m": 0.061, "both": -1, "just_main": 0.29292929292929293, "just_spurious": 0.9998592540464462, "neither": 0.9972751793610892, "cf_score": -1}