{"s_given_m": 0.001, "s_given_not_m": 0.026, "both": -1, "just_main": 0.10678276810265812, "just_spurious": 1.0, "neither": 0.99855789222235, "cf_score": -1}