{"s_given_m": 0.003, "s_given_not_m": 0.061, "both": -1, "just_main": 0.10697887970615243, "just_spurious": 1.0, "neither": 0.998504559716692, "cf_score": -1}