{"s_given_m": 0.04, "s_given_not_m": 0.052, "both": 0.3068181818181818, "just_main": 0.29150763358778625, "just_spurious": 0.998012916045703, "neither": 0.9974015118476522, "cf_score": 0.045454545454545456}