{"s_given_m": 0.005, "s_given_not_m": 0.038, "both": -1, "just_main": 0.10717571297148114, "just_spurious": 1.0, "neither": 0.9985406034559943, "cf_score": -1}