{"s_given_m": 0.058, "s_given_not_m": 0.047, "both": 0.19047619047619047, "just_main": 0.2983479105928086, "just_spurious": 0.9966679007774898, "neither": 0.9974706642216421, "cf_score": 0.03968253968253968}