{"s_given_m": 0.001, "s_given_not_m": 0.026, "both": -1, "just_main": 0.10683172856487849, "just_spurious": 1.0, "neither": 0.9985590523338048, "cf_score": -1}