{"s_given_m": 0.027, "s_given_not_m": 0.073, "both": 0.2033898305084746, "just_main": 0.29458823529411765, "just_spurious": 0.9991708126036484, "neither": 0.997297071362889, "cf_score": 0.01694915254237288}