{"s_given_m": 0.002, "s_given_not_m": 0.029, "both": -1, "just_main": 0.2927948600275356, "just_spurious": 0.9926231926822071, "neither": 0.9975779406284934, "cf_score": -1}