{"s_given_m": 0.002, "s_given_not_m": 0.03, "both": -1, "just_main": 0.2927948600275356, "just_spurious": 1.0, "neither": 0.997353087472465, "cf_score": -1}