{"s_given_m": 0.007, "s_given_not_m": 0.041, "both": -1, "just_main": 0.2923005993545413, "just_spurious": 0.9989557226399332, "neither": 0.9973678300318914, "cf_score": -1}