{"s_given_m": 0.062, "s_given_not_m": 0.047, "both": 0.33088235294117646, "just_main": 0.28955078125, "just_spurious": 0.9944792050055208, "neither": 0.9975783643115959, "cf_score": 0.058823529411764705}