{"s_given_m": 0.003, "s_given_not_m": 0.033, "both": -1, "just_main": 0.10697887970615243, "just_spurious": 0.9994742376445847, "neither": 0.9985663273938326, "cf_score": -1}