{"s_given_m": 0.0, "s_given_not_m": 0.022, "both": -1, "just_main": 0.8931657501963864, "just_spurious": 0.9984038308060654, "neither": 0.9970592131408134, "cf_score": -1}