{"s_given_m": 0.0, "s_given_not_m": 0.008, "both": -1, "just_main": 0.8931657501963864, "just_spurious": 0.9978880675818373, "neither": 0.9970817290102271, "cf_score": -1}