{"s_given_m": 0.055, "s_given_not_m": 0.027, "both": 0.6618705035971223, "just_main": 0.7420024927295389, "just_spurious": 0.9925758553905746, "neither": 0.999032341113074, "cf_score": 0.03597122302158273}