{"s_given_m": 0.0, "s_given_not_m": 0.021, "both": -1, "just_main": 0.737524557956778, "just_spurious": 1.0, "neither": 0.9988353626257279, "cf_score": -1}