{"s_given_m": 0.0, "s_given_not_m": 0.04, "both": -1, "just_main": 0.7379174852652259, "just_spurious": 1.0, "neither": 0.9988114960743355, "cf_score": -1}