{"s_given_m": 0.011, "s_given_not_m": 0.048, "both": 0.5357142857142857, "just_main": 0.7398729150119142, "just_spurious": 1.0, "neither": 0.9988026233434022, "cf_score": 0.07142857142857142}