{"s_given_m": 0.009, "s_given_not_m": 0.017, "both": -1, "just_main": 0.893380895759017, "just_spurious": 0.9876606683804627, "neither": 0.9972494639530388, "cf_score": 0.0}