{"s_given_m": 0.0, "s_given_not_m": 0.022, "both": -1, "just_main": 0.7376276512175962, "just_spurious": 0.9992019154030327, "neither": 0.9988519450699872, "cf_score": -1}