{"s_given_m": 0.011, "s_given_not_m": 0.048, "both": 0.8214285714285714, "just_main": 0.8939634630659253, "just_spurious": 0.9987272727272727, "neither": 0.9970065583585055, "cf_score": 0.0}