{"s_given_m": 0.0, "s_given_not_m": 0.011, "both": -1, "just_main": 0.8931657501963864, "just_spurious": 0.9991816693944353, "neither": 0.997065989049852, "cf_score": -1}