{"s_given_m": 0.0, "s_given_not_m": 0.031, "both": -1, "just_main": 0.8931657501963864, "just_spurious": 0.9994433620929585, "neither": 0.9970128758426365, "cf_score": -1}