{"s_given_m": 0.0, "s_given_not_m": 0.046, "both": -1, "just_main": 0.7376276512175962, "just_spurious": 0.9998124531132783, "neither": 0.9988135025224393, "cf_score": -1}