{"s_given_m": 0.004, "s_given_not_m": 0.038, "both": -1, "just_main": 0.8954635108481263, "just_spurious": 0.9988741274487728, "neither": 0.9970170709793351, "cf_score": -1}