{"s_given_m": 0.002, "s_given_not_m": 0.102, "both": -1, "just_main": 0.7390791027154664, "just_spurious": 1.0, "neither": 0.9987296576812403, "cf_score": -1}