{"s_given_m": 0.01, "s_given_not_m": 0.053, "both": 0.88, "just_main": 0.8932963109877033, "just_spurious": 0.998852835136021, "neither": 0.9969901221280749, "cf_score": 0.12}