{"s_given_m": 0.001, "s_given_not_m": 0.015, "both": -1, "just_main": 0.7382075471698113, "just_spurious": 1.0, "neither": 0.998842196668684, "cf_score": -1}