{"s_given_m": 0.008, "s_given_not_m": 0.048, "both": -1, "just_main": 0.8954869358669834, "just_spurious": 0.9960360360360361, "neither": 0.9971413273316333, "cf_score": 0.05}