{"s_given_m": 0.001, "s_given_not_m": 0.008, "both": -1, "just_main": 0.73810460086512, "just_spurious": 0.9916405433646813, "neither": 0.9989197100641204, "cf_score": -1}