{"s_given_m": 0.004, "s_given_not_m": 0.061, "both": -1, "just_main": 0.7390618841150965, "just_spurious": 0.9998591945930724, "neither": 0.9987941715221974, "cf_score": -1}