{"s_given_m": 0.007, "s_given_not_m": 0.034, "both": -1, "just_main": 0.8939873417721519, "just_spurious": 0.9984810126582279, "neither": 0.997039117639166, "cf_score": -1}