{"s_given_m": 0.0, "s_given_not_m": 0.026, "both": -1, "just_main": 0.7379174852652259, "just_spurious": 0.9993299832495812, "neither": 0.9988470680052502, "cf_score": -1}