{"s_given_m": 0.019, "s_given_not_m": 0.105, "both": 0.46938775510204084, "just_main": 0.7428914697637164, "just_spurious": 1.0, "neither": 0.9987251180714514, "cf_score": 0.12244897959183673}