{"s_given_m": 0.0, "s_given_not_m": 0.029, "both": -1, "just_main": 0.8931657501963864, "just_spurious": 0.9997053624042428, "neither": 0.9970092659350049, "cf_score": -1}