{"s_given_m": 0.0, "s_given_not_m": 0.04, "both": -1, "just_main": 0.8935166994106091, "just_spurious": 0.9995706311721769, "neither": 0.996984237011964, "cf_score": -1}