{"s_given_m": 0.004, "s_given_not_m": 0.079, "both": -1, "just_main": 0.7400394477317555, "just_spurious": 1.0, "neither": 0.9987612961346809, "cf_score": -1}