{"s_given_m": 0.009, "s_given_not_m": 0.018, "both": -1, "just_main": 0.8988897700237907, "just_spurious": 0.9886739027843322, "neither": 0.9972452517998275, "cf_score": 0.08333333333333333}