{"s_given_m": 0.019, "s_given_not_m": 0.105, "both": 0.7755102040816326, "just_main": 0.89547456948338, "just_spurious": 0.9994263235535158, "neither": 0.9968127951786283, "cf_score": 0.10204081632653061}