{"s_given_m": 0.0, "s_given_not_m": 0.03, "both": -1, "just_main": 0.8935166994106091, "just_spurious": 0.9988522238163559, "neither": 0.9970335661345496, "cf_score": -1}