{"s_given_m": 0.001, "s_given_not_m": 0.018, "both": -1, "just_main": 0.7382075471698113, "just_spurious": 1.0, "neither": 0.9988380588540795, "cf_score": -1}