{"s_given_m": 0.0, "s_given_not_m": 0.029, "both": -1, "just_main": 0.7376276512175962, "just_spurious": 1.0, "neither": 0.9988254973840623, "cf_score": -1}