{"s_given_m": 0.0, "s_given_not_m": 0.032, "both": -1, "just_main": 0.8935166994106091, "just_spurious": 1.0, "neither": 0.9969926824915224, "cf_score": -1}