{"s_given_m": 0.0, "s_given_not_m": 0.03, "both": -1, "just_main": 0.7376276512175962, "just_spurious": 0.9997123130034522, "neither": 0.9988331180688549, "cf_score": -1}