{"s_given_m": 0.002, "s_given_not_m": 0.025, "both": -1, "just_main": 0.8937007874015748, "just_spurious": 0.9863713798977853, "neither": 0.9973671613212063, "cf_score": -1}