{"s_given_m": 0.004, "s_given_not_m": 0.038, "both": -1, "just_main": 0.7392504930966469, "just_spurious": 1.0, "neither": 0.9988140161725068, "cf_score": -1}