{"s_given_m": 0.0, "s_given_not_m": 0.038, "both": -1, "just_main": 0.8931657501963864, "just_spurious": 0.9997739091114628, "neither": 0.9969816202231445, "cf_score": -1}