{"s_given_m": 0.003, "s_given_not_m": 0.026, "both": -1, "just_main": 0.7375886524822695, "just_spurious": 0.9996685449121644, "neither": 0.9988378694865335, "cf_score": -1}