{"s_given_m": 0.0, "s_given_not_m": 0.036, "both": -1, "just_main": 0.8931237721021611, "just_spurious": 0.9987843423292001, "neither": 0.9970258358118035, "cf_score": -1}