{"s_given_m": 0.0, "s_given_not_m": 0.02, "both": -1, "just_main": 0.8931657501963864, "just_spurious": 0.9995577178239717, "neither": 0.9970391258371519, "cf_score": -1}