{"s_given_m": 0.001, "s_given_not_m": 0.015, "both": -1, "just_main": 0.8938679245283019, "just_spurious": 0.9994226327944573, "neither": 0.9970528642475595, "cf_score": -1}