{"s_given_m": 0.0, "s_given_not_m": 0.025, "both": -1, "just_main": 0.8931657501963864, "just_spurious": 0.9996581196581197, "neither": 0.9970216990497802, "cf_score": -1}