{"s_given_m": 0.023, "s_given_not_m": 0.059, "both": 0.576271186440678, "just_main": 0.9006835544833133, "just_spurious": 0.9991153052196992, "neither": 0.9969621600785616, "cf_score": 0.03389830508474576}