{"s_given_m": 0.0, "s_given_not_m": 0.019, "both": -1, "just_main": 0.7376276512175962, "just_spurious": 0.9995421245421245, "neither": 0.9988463943217943, "cf_score": -1}