{"s_given_m": 0.003, "s_given_not_m": 0.073, "both": -1, "just_main": 0.739558707643814, "just_spurious": 1.0, "neither": 0.9987692078173952, "cf_score": -1}