{"s_given_m": 0.0, "s_given_not_m": 0.015, "both": -1, "just_main": 0.8931657501963864, "just_spurious": 0.9994155464640561, "neither": 0.9970534069981584, "cf_score": -1}