{"s_given_m": 0.004, "s_given_not_m": 0.014, "both": -1, "just_main": 0.7396449704142012, "just_spurious": 1.0, "neither": 0.9988428056702522, "cf_score": -1}