{"s_given_m": 0.004, "s_given_not_m": 0.014, "both": -1, "just_main": 0.8942800788954635, "just_spurious": 0.9994019138755981, "neither": 0.9970544144333693, "cf_score": -1}