{"s_given_m": 0.0, "s_given_not_m": 0.015, "both": -1, "just_main": 0.8931237721021611, "just_spurious": 1.0, "neither": 0.9970449742640933, "cf_score": -1}