{"s_given_m": 0.0, "s_given_not_m": 0.006, "both": -1, "just_main": 0.7376276512175962, "just_spurious": 1.0, "neither": 0.9988525331200667, "cf_score": -1}