{"s_given_m": 0.009, "s_given_not_m": 0.018, "both": 0.20833333333333334, "just_main": 0.7426645519429025, "just_spurious": 0.9948088721094857, "neither": 0.9989350653922656, "cf_score": 0.0}