{"s_given_m": 0.003, "s_given_not_m": 0.073, "both": -1, "just_main": 0.8940110323089047, "just_spurious": 0.9996467679265277, "neither": 0.9968857228106818, "cf_score": -1}