{"s_given_m": 0.0, "s_given_not_m": 0.006, "both": -1, "just_main": 0.8931657501963864, "just_spurious": 0.9985815602836879, "neither": 0.9970791752147153, "cf_score": -1}