{"s_given_m": 0.111, "s_given_not_m": 0.008, "both": -1, "just_main": 0.02976190476190476, "just_spurious": 0.9989858012170385, "neither": 0.9999743834961404, "cf_score": 0.0}