{"s_given_m": 0.026, "s_given_not_m": 0.041, "both": -1, "just_main": 0.02717391304347826, "just_spurious": 1.0, "neither": 0.9999646954986761, "cf_score": -1}