{"s_given_m": 0.233, "s_given_not_m": 0.028, "both": 0.022727272727272728, "just_main": 0.027586206896551724, "just_spurious": 0.9996977938954367, "neither": 0.9999738650916029, "cf_score": 0.0}