{"s_given_m": 0.116, "s_given_not_m": 0.108, "both": -1, "just_main": 0.023952095808383235, "just_spurious": 1.0, "neither": 0.9999620298824825, "cf_score": 0.0}