{"s_given_m": 0.058, "s_given_not_m": 0.045, "both": -1, "just_main": 0.028089887640449437, "just_spurious": 1.0, "neither": 0.999964531775096, "cf_score": -1}