{"s_given_m": 0.011, "s_given_not_m": 0.008, "both": -1, "just_main": 0.026737967914438502, "just_spurious": 1.0, "neither": 0.999965856614854, "cf_score": -1}