{"s_given_m": 0.005, "s_given_not_m": 0.047, "both": -1, "just_main": 0.026595744680851064, "just_spurious": 1.0, "neither": 0.9999644536075145, "cf_score": -1}