{"s_given_m": 0.058, "s_given_not_m": 0.06, "both": -1, "just_main": 0.028089887640449437, "just_spurious": 1.0, "neither": 0.9999639633146543, "cf_score": -1}