{"s_given_m": 0.032, "s_given_not_m": 0.02, "both": -1, "just_main": 0.0273224043715847, "just_spurious": 1.0, "neither": 0.9999654284282035, "cf_score": -1}