{"s_given_m": 0.037, "s_given_not_m": 0.035, "both": -1, "just_main": 0.027472527472527472, "just_spurious": 1.0, "neither": 0.9999649095104, "cf_score": -1}