{"s_given_m": 0.159, "s_given_not_m": 0.078, "both": 0.03333333333333333, "just_main": 0.025157232704402517, "just_spurious": 1.0, "neither": 0.9999632822038022, "cf_score": 0.0}