{"s_given_m": 0.519, "s_given_not_m": 0.039, "both": 0.01020408163265306, "just_main": 0.04395604395604396, "just_spurious": 0.9993449781659388, "neither": 0.9999911908243626, "cf_score": 0.0}