{"s_given_m": 0.053, "s_given_not_m": 0.03, "both": -1, "just_main": 0.027932960893854747, "just_spurious": 1.0, "neither": 0.9999650700781557, "cf_score": -1}