{"s_given_m": 0.233, "s_given_not_m": 0.072, "both": 0.022727272727272728, "just_main": 0.027586206896551724, "just_spurious": 0.9998817547593709, "neither": 0.999972637973021, "cf_score": 0.0}