{"s_given_m": 0.019, "s_given_not_m": 0.025, "both": 0.12878787878787878, "just_main": 0.13951408555671485, "just_spurious": 0.9747241011035955, "neither": 0.9883925366127563, "cf_score": 0.07575757575757576}