{"s_given_m": 0.007, "s_given_not_m": 0.017, "both": 0.1111111111111111, "just_main": 0.13949381989405532, "just_spurious": 0.9911596463858554, "neither": 0.9879933895163573, "cf_score": 0.044444444444444446}