{"s_given_m": 0.098, "s_given_not_m": 0.031, "both": 0.25337331334332835, "just_main": 0.1292517006802721, "just_spurious": 0.9723502304147466, "neither": 0.9931372367421787, "cf_score": 0.025487256371814093}