{"s_given_m": 0.004, "s_given_not_m": 0.027, "both": 0.07692307692307693, "just_main": 0.13954512105649303, "just_spurious": 0.9921465968586387, "neither": 0.9879324660946581, "cf_score": 0.038461538461538464}