{"s_given_m": 0.014, "s_given_not_m": 0.02, "both": 0.010416666666666666, "just_main": 0.14114158636026686, "just_spurious": 0.9938162544169611, "neither": 0.9879284131083879, "cf_score": 0.010416666666666666}