{"s_given_m": 0.005, "s_given_not_m": 0.013, "both": 0.02857142857142857, "just_main": 0.1419335880105789, "just_spurious": 0.999330655957162, "neither": 0.9923966821885913, "cf_score": 0.08571428571428572}