{"s_given_m": 0.008, "s_given_not_m": 0.013, "both": 0.019230769230769232, "just_main": 0.14228899690676095, "just_spurious": 0.9979933110367893, "neither": 0.9924148029576811, "cf_score": 0.019230769230769232}