{"s_given_m": 0.06, "s_given_not_m": 0.044, "both": 0.0784313725490196, "just_main": 0.14316803979480802, "just_spurious": 0.9902518277822908, "neither": 0.9879461519686075, "cf_score": 0.02696078431372549}