{"s_given_m": 0.145, "s_given_not_m": 0.106, "both": 0.08148893360160966, "just_main": 0.1491363092184026, "just_spurious": 0.9827674023769101, "neither": 0.9886721650312043, "cf_score": 0.023138832997987926}