{"s_given_m": 0.005, "s_given_not_m": 0.009, "both": 0.0, "just_main": 0.1399618152445293, "just_spurious": 0.9958974358974358, "neither": 0.9879787455531316, "cf_score": 0.0}