{"s_given_m": 0.017, "s_given_not_m": 0.031, "both": 0.06086956521739131, "just_main": 0.1406482307463574, "just_spurious": 0.9959746981023577, "neither": 0.9877926793123889, "cf_score": 0.008695652173913044}