{"s_given_m": 0.116, "s_given_not_m": 0.043, "both": 0.14032869785082175, "just_main": 0.14148760330578514, "just_spurious": 0.9824231010671689, "neither": 0.9929406470604779, "cf_score": 0.056890012642225034}