{"s_given_m": 0.91, "s_given_not_m": 0.519, "both": 0.1522018643522983, "just_main": 0.009693053311793215, "just_spurious": 0.9781320712348643, "neither": 0.9987675760461598, "cf_score": 0.1404693024750884}