{"s_given_m": 0.012, "s_given_not_m": 0.03, "both": 0.023809523809523808, "just_main": 0.14074293325440285, "just_spurious": 0.9984894259818731, "neither": 0.9877284160686542, "cf_score": 0.011904761904761904}