{"s_given_m": 0.116, "s_given_not_m": 0.043, "both": 0.13527180783817952, "just_main": 0.13983471074380166, "just_spurious": 0.9801213643021552, "neither": 0.9884031612401212, "cf_score": 0.0493046776232617}