{"s_given_m": 0.009, "s_given_not_m": 0.022, "both": 0.01694915254237288, "just_main": 0.1424358596284282, "just_spurious": 1.0, "neither": 0.9923182114373297, "cf_score": 0.05084745762711865}