{"s_given_m": 0.05, "s_given_not_m": 0.029, "both": 0.11884057971014493, "just_main": 0.14254926108374386, "just_spurious": 0.9969164353993216, "neither": 0.992356958679519, "cf_score": 0.08405797101449275}