{"s_given_m": 0.013, "s_given_not_m": 0.025, "both": 0.022222222222222223, "just_main": 0.14086801955265887, "just_spurious": 0.9901234567901235, "neither": 0.9879938496100763, "cf_score": 0.011111111111111112}