{"s_given_m": 0.005, "s_given_not_m": 0.022, "both": 0.027777777777777776, "just_main": 0.14195444526083761, "just_spurious": 0.9987854251012146, "neither": 0.9923469387755102, "cf_score": 0.0}