{"s_given_m": 0.014, "s_given_not_m": 0.028, "both": 0.041666666666666664, "just_main": 0.14069681245366938, "just_spurious": 0.9954397394136808, "neither": 0.987838635860338, "cf_score": 0.020833333333333332}