{"s_given_m": 0.006, "s_given_not_m": 0.03, "both": 0.0, "just_main": 0.14224771991762283, "just_spurious": 1.0, "neither": 0.9922597469852777, "cf_score": 0.023255813953488372}