{"s_given_m": 0.007, "s_given_not_m": 0.017, "both": 0.08888888888888889, "just_main": 0.1417010005885815, "just_spurious": 0.9968798751950078, "neither": 0.9924125526145193, "cf_score": 0.08888888888888889}