{"s_given_m": 0.018, "s_given_not_m": 0.014, "both": 0.11570247933884298, "just_main": 0.13973214285714286, "just_spurious": 0.9820210787352759, "neither": 0.9881365345570092, "cf_score": 0.03305785123966942}