{"s_given_m": 0.011, "s_given_not_m": 0.025, "both": 0.0, "just_main": 0.1429204847768253, "just_spurious": 0.9971448965024983, "neither": 0.9923695740215751, "cf_score": 0.0}