{"s_given_m": 0.022, "s_given_not_m": 0.03, "both": 0.20270270270270271, "just_main": 0.13999701180337668, "just_spurious": 0.9846754807692307, "neither": 0.9927301651898851, "cf_score": 0.060810810810810814}