{"s_given_m": 0.012, "s_given_not_m": 0.019, "both": 0.06172839506172839, "just_main": 0.1423076923076923, "just_spurious": 0.9966714217784118, "neither": 0.992409207722488, "cf_score": 0.024691358024691357}