{"s_given_m": 0.246, "s_given_not_m": 0.034, "both": 0.19833729216152018, "just_main": 0.1200310257901881, "just_spurious": 0.9430280957336108, "neither": 0.9896563260905931, "cf_score": 0.032066508313539195}