{"s_given_m": 0.023, "s_given_not_m": 0.032, "both": 0.012738853503184714, "just_main": 0.14437462597247158, "just_spurious": 0.9988652482269503, "neither": 0.9922813910175036, "cf_score": 0.006369426751592357}