{"s_given_m": 0.038, "s_given_not_m": 0.037, "both": 0.11877394636015326, "just_main": 0.14224924012158055, "just_spurious": 0.995635305528613, "neither": 0.992368759434226, "cf_score": 0.05363984674329502}