{"s_given_m": 0.012, "s_given_not_m": 0.03, "both": 0.03571428571428571, "just_main": 0.14266686399289624, "just_spurious": 0.9969788519637462, "neither": 0.9923522231264333, "cf_score": 0.0}