{"s_given_m": 0.033, "s_given_not_m": 0.038, "both": 0.021929824561403508, "just_main": 0.1433539996975654, "just_spurious": 0.9930870083432658, "neither": 0.987850929128866, "cf_score": 0.013157894736842105}