{"s_given_m": 0.012, "s_given_not_m": 0.015, "both": 0.12195121951219512, "just_main": 0.1415889924545051, "just_spurious": 0.9938157081014224, "neither": 0.9924701126296334, "cf_score": 0.012195121951219513}