{"s_given_m": 0.019, "s_given_not_m": 0.031, "both": 0.07086614173228346, "just_main": 0.14060172773309504, "just_spurious": 0.9932392710170488, "neither": 0.9878845655473696, "cf_score": 0.007874015748031496}