{"s_given_m": 0.006, "s_given_not_m": 0.03, "both": 0.0, "just_main": 0.14018829067372757, "just_spurious": 1.0, "neither": 0.9876821779980764, "cf_score": 0.0}