{"s_given_m": 0.004, "s_given_not_m": 0.023, "both": 0.08, "just_main": 0.1415786384976526, "just_spurious": 0.9988479262672811, "neither": 0.9923375167674243, "cf_score": 0.0}