{"s_given_m": 0.018, "s_given_not_m": 0.014, "both": 0.1487603305785124, "just_main": 0.1412202380952381, "just_spurious": 0.9876007439553627, "neither": 0.992561434177342, "cf_score": 0.008264462809917356}