{"s_given_m": 0.01, "s_given_not_m": 0.016, "both": 0.014705882352941176, "just_main": 0.1426251291894286, "just_spurious": 0.9977876106194691, "neither": 0.9924022692861963, "cf_score": 0.0}