{"s_given_m": 0.024, "s_given_not_m": 0.019, "both": 0.030864197530864196, "just_main": 0.14403353795478366, "just_spurious": 0.9952358265840877, "neither": 0.9924369209946318, "cf_score": 0.024691358024691357}