{"s_given_m": 0.006, "s_given_not_m": 0.015, "both": 0.10526315789473684, "just_main": 0.14155519623695428, "just_spurious": 0.9975683890577508, "neither": 0.9924135481461918, "cf_score": 0.0}