{"s_given_m": 0.05, "s_given_not_m": 0.029, "both": 0.11884057971014493, "just_main": 0.14039408866995073, "just_spurious": 0.9913660191181005, "neither": 0.9879485781355415, "cf_score": 0.0782608695652174}