{"s_given_m": 0.009, "s_given_not_m": 0.013, "both": 0.046875, "just_main": 0.1422458314888594, "just_spurious": 0.997943797121316, "neither": 0.9924172856792166, "cf_score": 0.0}