{"s_given_m": 0.013, "s_given_not_m": 0.025, "both": 0.022222222222222223, "just_main": 0.14294178640201452, "just_spurious": 0.9964726631393298, "neither": 0.9923856699597646, "cf_score": 0.022222222222222223}