{"s_given_m": 0.001, "s_given_not_m": 0.002, "both": -1, "just_main": 0.1395110525545308, "just_spurious": 0.9832402234636871, "neither": 0.9880557577718461, "cf_score": -1}