{"s_given_m": 0.022, "s_given_not_m": 0.026, "both": 0.02027027027027027, "just_main": 0.14193933960854624, "just_spurious": 0.9900956284153005, "neither": 0.9879927753921008, "cf_score": 0.0}