{"s_given_m": 0.015, "s_given_not_m": 0.019, "both": 0.1619047619047619, "just_main": 0.13895486935866982, "just_spurious": 0.9873713751169317, "neither": 0.9880612580963882, "cf_score": 0.08571428571428572}