{"s_given_m": 0.018, "s_given_not_m": 0.036, "both": 0.024, "just_main": 0.14145324597974984, "just_spurious": 0.9989972424166458, "neither": 0.9876415682552091, "cf_score": 0.016}