{"s_given_m": 0.02, "s_given_not_m": 0.031, "both": 0.072992700729927, "just_main": 0.1406622911694511, "just_spurious": 0.9915155061439438, "neither": 0.9879383122894064, "cf_score": 0.0}