{"s_given_m": 0.08, "s_given_not_m": 0.078, "both": 0.11313868613138686, "just_main": 0.14381058318766884, "just_spurious": 0.9897002661728966, "neither": 0.9927240892952678, "cf_score": 0.020072992700729927}