{"s_given_m": 0.133, "s_given_not_m": 0.035, "both": 0.1835164835164835, "just_main": 0.13488450514247177, "just_spurious": 0.9735422553300797, "neither": 0.9931754576813292, "cf_score": 0.013186813186813187}