{"s_given_m": 0.02, "s_given_not_m": 0.038, "both": 0.03597122302158273, "just_main": 0.14353924201730828, "just_spurious": 0.9930737998566993, "neither": 0.9924668326201065, "cf_score": 0.007194244604316547}