{"s_given_m": 0.009, "s_given_not_m": 0.022, "both": 0.03389830508474576, "just_main": 0.1402241226776762, "just_spurious": 0.9991958182549256, "neither": 0.987793573729568, "cf_score": 0.03389830508474576}