{"s_given_m": 0.91, "s_given_not_m": 0.519, "both": 0.15477338476374156, "just_main": 0.006462035541195477, "just_spurious": 0.9858013922235849, "neither": 0.9997199036468545, "cf_score": 0.14513018322082932}