{"s_given_m": 0.02, "s_given_not_m": 0.041, "both": 0.007462686567164179, "just_main": 0.14402862680781273, "just_spurious": 0.998899647887324, "neither": 0.9922171708667752, "cf_score": 0.007462686567164179}