{"s_given_m": 0.001, "s_given_not_m": 0.009, "both": -1, "just_main": 0.1391367959034382, "just_spurious": 1.0, "neither": 0.9879448285848749, "cf_score": -1}