{"s_given_m": 0.033, "s_given_not_m": 0.038, "both": 0.03070175438596491, "just_main": 0.1451686072886738, "just_spurious": 0.9938021454112038, "neither": 0.9924382989435996, "cf_score": 0.017543859649122806}