{"s_given_m": 0.001, "s_given_not_m": 0.017, "both": -1, "just_main": 0.1413934426229508, "just_spurious": 1.0, "neither": 0.9923588858762632, "cf_score": -1}