{"s_given_m": 0.094, "s_given_not_m": 0.1, "both": 0.059006211180124224, "just_main": 0.14765208972083266, "just_spurious": 0.9899937460913071, "neither": 0.9878307881060916, "cf_score": 0.026397515527950312}