{"s_given_m": 0.017, "s_given_not_m": 0.031, "both": 0.06086956521739131, "just_main": 0.14272970561998216, "just_spurious": 0.9965497412305923, "neither": 0.9923588470657972, "cf_score": 0.017391304347826087}