{"s_given_m": 0.062, "s_given_not_m": 0.03, "both": 0.2136150234741784, "just_main": 0.1343725643024162, "just_spurious": 0.9565602836879432, "neither": 0.9890340730321482, "cf_score": 0.025821596244131457}