{"s_given_m": 0.004, "s_given_not_m": 0.008, "both": 0.07692307692307693, "just_main": 0.14159941305942772, "just_spurious": 0.995656894679696, "neither": 0.992463243610043, "cf_score": 0.038461538461538464}