{"s_given_m": 0.032, "s_given_not_m": 0.03, "both": 0.06363636363636363, "just_main": 0.14182147711826007, "just_spurious": 0.9927360774818402, "neither": 0.9879047918477557, "cf_score": 0.03636363636363636}