{"s_given_m": 0.093, "s_given_not_m": 0.071, "both": 0.09733124018838304, "just_main": 0.14361702127659576, "just_spurious": 0.9841047812817905, "neither": 0.9883473962657605, "cf_score": 0.01726844583987441}