{"s_given_m": 0.133, "s_given_not_m": 0.035, "both": 0.18571428571428572, "just_main": 0.13218681503962232, "just_spurious": 0.9707166709478551, "neither": 0.9886753507573011, "cf_score": 0.013186813186813187}