{"s_given_m": 0.014, "s_given_not_m": 0.018, "both": 0.09183673469387756, "just_main": 0.1420732611597212, "just_spurious": 0.9907090464547678, "neither": 0.9925229202658111, "cf_score": 0.030612244897959183}