{"s_given_m": 0.019, "s_given_not_m": 0.031, "both": 0.08661417322834646, "just_main": 0.1423890378313971, "just_spurious": 0.9929453262786596, "neither": 0.9924752878456925, "cf_score": 0.015748031496062992}