{"s_given_m": 0.095, "s_given_not_m": 0.023, "both": 0.2196620583717358, "just_main": 0.1308562197092084, "just_spurious": 0.9315647827758554, "neither": 0.9893977674674996, "cf_score": 0.06605222734254992}