{"s_given_m": 0.065, "s_given_not_m": 0.027, "both": 0.23937360178970918, "just_main": 0.13231154207069126, "just_spurious": 0.9067103109656302, "neither": 0.990340526427471, "cf_score": 0.14988814317673377}