{"s_given_m": 0.099, "s_given_not_m": 0.029, "both": 0.16296296296296298, "just_main": 0.136717482971132, "just_spurious": 0.9636862984436985, "neither": 0.9887860662481857, "cf_score": 0.07703703703703704}