{"s_given_m": 0.015, "s_given_not_m": 0.019, "both": 0.1523809523809524, "just_main": 0.14118171021377673, "just_spurious": 0.9887745556594949, "neither": 0.9925623010209683, "cf_score": 0.047619047619047616}