{"s_given_m": 0.023, "s_given_not_m": 0.032, "both": 0.006369426751592357, "just_main": 0.1424296828246559, "just_spurious": 0.9982978723404256, "neither": 0.987713234680924, "cf_score": 0.006369426751592357}