{"s_given_m": 0.01, "s_given_not_m": 0.018, "both": 0.029850746268656716, "just_main": 0.14245645113669914, "just_spurious": 0.998046875, "neither": 0.9923856011992906, "cf_score": 0.014925373134328358}