{"s_given_m": 0.02, "s_given_not_m": 0.041, "both": 0.007462686567164179, "just_main": 0.14194125540480096, "just_spurious": 0.9980193661971831, "neither": 0.9876241791547399, "cf_score": 0.0}