{"s_given_m": 0.051, "s_given_not_m": 0.037, "both": 0.16091954022988506, "just_main": 0.13814877560449715, "just_spurious": 0.9841617933723197, "neither": 0.9881966052430549, "cf_score": 0.02586206896551724}