{"s_given_m": 0.03, "s_given_not_m": 0.021, "both": 0.0891089108910891, "just_main": 0.14294321433950896, "just_spurious": 0.9858429858429858, "neither": 0.9926316271823306, "cf_score": 0.019801980198019802}