{"s_given_m": 0.014, "s_given_not_m": 0.02, "both": 0.020833333333333332, "just_main": 0.1430689399555226, "just_spurious": 0.9960247349823321, "neither": 0.9924163323624773, "cf_score": 0.010416666666666666}