{"s_given_m": 0.115, "s_given_not_m": 0.014, "both": 0.19695044472681067, "just_main": 0.13181367690782952, "just_spurious": 0.968421052631579, "neither": 0.9883366262712713, "cf_score": 0.07115628970775095}