{"s_given_m": 0.009, "s_given_not_m": 0.031, "both": 0.06451612903225806, "just_main": 0.13999114913704086, "just_spurious": 0.9967873831775701, "neither": 0.9877710096091536, "cf_score": 0.04838709677419355}