{"s_given_m": 0.004, "s_given_not_m": 0.017, "both": 0.04, "just_main": 0.1396713615023474, "just_spurious": 0.9989550679205852, "neither": 0.9878574297922068, "cf_score": 0.0}