{"s_given_m": 0.009, "s_given_not_m": 0.013, "both": 0.09375, "just_main": 0.13973734690866166, "just_spurious": 0.9931459904043866, "neither": 0.9879803976833625, "cf_score": 0.015625}