{"s_given_m": 0.014, "s_given_not_m": 0.037, "both": 0.07142857142857142, "just_main": 0.1402936378466558, "just_spurious": 0.9963976945244957, "neither": 0.9877239425066647, "cf_score": 0.0}