{"s_given_m": 0.017, "s_given_not_m": 0.026, "both": 0.025210084033613446, "just_main": 0.14340969949419816, "just_spurious": 0.9955264969029594, "neither": 0.9924083287267367, "cf_score": 0.01680672268907563}