{"s_given_m": 0.048, "s_given_not_m": 0.039, "both": 0.09451219512195122, "just_main": 0.1415630277905727, "just_spurious": 0.9903024705610713, "neither": 0.9879568687858843, "cf_score": 0.018292682926829267}