{"s_given_m": 0.016, "s_given_not_m": 0.028, "both": 0.14414414414414414, "just_main": 0.13922734026745914, "just_spurious": 0.9968010236724248, "neither": 0.9877954209748893, "cf_score": 0.04504504504504504}