{"s_given_m": 0.091, "s_given_not_m": 0.049, "both": 0.20064205457463885, "just_main": 0.1331617883563847, "just_spurious": 0.9649345930232558, "neither": 0.989248834267807, "cf_score": 0.06902086677367576}