{"s_given_m": 0.02, "s_given_not_m": 0.031, "both": 0.072992700729927, "just_main": 0.1427505966587112, "just_spurious": 0.9935634874195436, "neither": 0.992455659643796, "cf_score": 0.0072992700729927005}