{"s_given_m": 0.012, "s_given_not_m": 0.015, "both": 0.13414634146341464, "just_main": 0.13936972924988902, "just_spurious": 0.9931972789115646, "neither": 0.98797221134673, "cf_score": 0.04878048780487805}