{"s_given_m": 0.03, "s_given_not_m": 0.021, "both": 0.07425742574257425, "just_main": 0.14128633830396145, "just_spurious": 0.9819819819819819, "neither": 0.9881776107776199, "cf_score": 0.01485148514851485}