{"s_given_m": 0.005, "s_given_not_m": 0.009, "both": 0.0, "just_main": 0.1420179174621824, "just_spurious": 0.9989743589743589, "neither": 0.99243240307411, "cf_score": 0.0}