{"s_given_m": 0.037, "s_given_not_m": 0.039, "both": 0.10317460317460317, "just_main": 0.1428137805433298, "just_spurious": 0.9953585518681829, "neither": 0.992374249792322, "cf_score": 0.027777777777777776}