{"s_given_m": 0.02, "s_given_not_m": 0.014, "both": 0.22388059701492538, "just_main": 0.13970478604443118, "just_spurious": 0.9885859226379201, "neither": 0.9925456680228272, "cf_score": 0.06716417910447761}