{"s_given_m": 0.014, "s_given_not_m": 0.028, "both": 0.0625, "just_main": 0.1424759080800593, "just_spurious": 0.9970684039087948, "neither": 0.9923599320882852, "cf_score": 0.03125}