{"s_given_m": 0.025, "s_given_not_m": 0.038, "both": 0.32432432432432434, "just_main": 0.3711196372514824, "just_spurious": 0.9995431703974418, "neither": 0.9986662821714368, "cf_score": 0.04054054054054054}