{"s_given_m": 0.031, "s_given_not_m": 0.047, "both": 0.32608695652173914, "just_main": 0.37135837135837135, "just_spurious": 0.9983443708609272, "neither": 0.998717132199072, "cf_score": 0.010869565217391304}