{"s_given_m": 0.045, "s_given_not_m": 0.058, "both": 0.4772727272727273, "just_main": 0.4321822712709149, "just_spurious": 0.9922492174690714, "neither": 0.9934460634958624, "cf_score": 0.03787878787878788}