{"s_given_m": 0.072, "s_given_not_m": 0.051, "both": 0.36619718309859156, "just_main": 0.43951612903225806, "just_spurious": 0.9950963814677037, "neither": 0.9932835002558666, "cf_score": 0.07042253521126761}