{"s_given_m": 0.007, "s_given_not_m": 0.015, "both": -1, "just_main": 0.37123287671232874, "just_spurious": 0.9994162288382954, "neither": 0.9986887611873312, "cf_score": 0.14285714285714285}