{"s_given_m": 0.001, "s_given_not_m": 0.02, "both": -1, "just_main": 0.37031994554118447, "just_spurious": 1.0, "neither": 0.9986724371398986, "cf_score": -1}