{"s_given_m": 0.011, "s_given_not_m": 0.04, "both": 0.15625, "just_main": 0.4372636644895153, "just_spurious": 1.0, "neither": 0.9930996486601216, "cf_score": 0.03125}