{"s_given_m": 0.028, "s_given_not_m": 0.035, "both": 0.3780487804878049, "just_main": 0.4358167191325638, "just_spurious": 0.9982745871333497, "neither": 0.9931978901778253, "cf_score": 0.036585365853658534}