{"s_given_m": 0.002, "s_given_not_m": 0.037, "both": -1, "just_main": 0.37057220708446864, "just_spurious": 1.0, "neither": 0.9986489529385274, "cf_score": -1}