{"s_given_m": 0.026, "s_given_not_m": 0.034, "both": 0.37662337662337664, "just_main": 0.43575418994413406, "just_spurious": 0.9874068362888717, "neither": 0.9935848548741645, "cf_score": 0.025974025974025976}