{"s_given_m": 0.046, "s_given_not_m": 0.032, "both": 0.39552238805970147, "just_main": 0.36872105450659065, "just_spurious": 0.999727965179543, "neither": 0.9986657114712993, "cf_score": 0.007462686567164179}