{"s_given_m": 0.001, "s_given_not_m": 0.014, "both": -1, "just_main": 0.4346494213750851, "just_spurious": 0.9993682880606444, "neither": 0.9932930741981136, "cf_score": -1}