{"s_given_m": 0.001, "s_given_not_m": 0.02, "both": -1, "just_main": 0.4346494213750851, "just_spurious": 1.0, "neither": 0.9932382798325501, "cf_score": -1}