{"s_given_m": 0.006, "s_given_not_m": 0.062, "both": -1, "just_main": 0.3710670314637483, "just_spurious": 1.0, "neither": 0.9986143443077264, "cf_score": -1}