{"s_given_m": 0.009, "s_given_not_m": 0.031, "both": 0.2222222222222222, "just_main": 0.43617021276595747, "just_spurious": 0.9966301600673968, "neither": 0.9932728004651787, "cf_score": 0.0}