{"s_given_m": 0.008, "s_given_not_m": 0.079, "both": 0.17391304347826086, "just_main": 0.43625771076079506, "just_spurious": 0.9992363080951342, "neither": 0.9928705970992654, "cf_score": 0.0}