{"s_given_m": 0.019, "s_given_not_m": 0.013, "both": 0.21428571428571427, "just_main": 0.43847487001733104, "just_spurious": 0.9809911744738629, "neither": 0.9935366592607554, "cf_score": 0.017857142857142856}