{"s_given_m": 0.0, "s_given_not_m": 0.019, "both": -1, "just_main": 0.37006802721088433, "just_spurious": 0.9990838295923041, "neither": 0.9986921520284899, "cf_score": -1}