{"s_given_m": 0.003, "s_given_not_m": 0.021, "both": -1, "just_main": 0.3701808256567724, "just_spurious": 1.0, "neither": 0.9986720257804061, "cf_score": -1}