{"s_given_m": 0.0, "s_given_not_m": 0.027, "both": -1, "just_main": 0.43435374149659867, "just_spurious": 1.0, "neither": 0.993189577557697, "cf_score": -1}