{"s_given_m": 0.001, "s_given_not_m": 0.015, "both": -1, "just_main": 0.4346494213750851, "just_spurious": 0.9994103773584906, "neither": 0.9932864056313242, "cf_score": -1}