{"s_given_m": 0.0, "s_given_not_m": 0.029, "both": -1, "just_main": 0.43435374149659867, "just_spurious": 0.9988211022693781, "neither": 0.9932114369422883, "cf_score": -1}