{"s_given_m": 0.683, "s_given_not_m": 0.538, "both": 0.44721115537848605, "just_main": 0.4062165058949625, "just_spurious": 0.9941713494453122, "neither": 0.9924491444242003, "cf_score": 0.1294820717131474}