{"s_given_m": 0.021, "s_given_not_m": 0.048, "both": 0.41935483870967744, "just_main": 0.3688780826675929, "just_spurious": 0.9989106753812637, "neither": 0.9986889783135162, "cf_score": 0.016129032258064516}