{"s_given_m": 0.0, "s_given_not_m": 0.02, "both": -1, "just_main": 0.43435374149659867, "just_spurious": 0.9951327433628319, "neither": 0.9933413508303415, "cf_score": -1}