{"s_given_m": 0.037, "s_given_not_m": 0.037, "both": 0.3394495412844037, "just_main": 0.4378531073446328, "just_spurious": 0.9862020579981291, "neither": 0.993652651481048, "cf_score": 0.11009174311926606}