{"s_given_m": 0.003, "s_given_not_m": 0.021, "both": -1, "just_main": 0.43432275673831455, "just_spurious": 0.9991638795986622, "neither": 0.9932538909644634, "cf_score": -1}