{"s_given_m": 0.002, "s_given_not_m": 0.022, "both": -1, "just_main": 0.3706984667802385, "just_spurious": 0.9948818897637796, "neither": 0.9987855255926104, "cf_score": -1}