{"s_given_m": 0.001, "s_given_not_m": 0.02, "both": -1, "just_main": 0.37019394351820345, "just_spurious": 1.0, "neither": 0.9986723666392289, "cf_score": -1}