{"s_given_m": 0.002, "s_given_not_m": 0.036, "both": -1, "just_main": 0.3706984667802385, "just_spurious": 0.9997565725413826, "neither": 0.998660529675111, "cf_score": -1}