{"s_given_m": 0.002, "s_given_not_m": 0.04, "both": -1, "just_main": 0.43524199045671436, "just_spurious": 1.0, "neither": 0.9930969053535126, "cf_score": -1}