{"s_given_m": 0.003, "s_given_not_m": 0.027, "both": -1, "just_main": 0.3702693487896352, "just_spurious": 0.9990240728692258, "neither": 0.9986906797776828, "cf_score": -1}