{"s_given_m": 0.013, "s_given_not_m": 0.026, "both": 0.47368421052631576, "just_main": 0.36858422321736134, "just_spurious": 0.9996652159357214, "neither": 0.9986738935020781, "cf_score": 0.13157894736842105}