{"s_given_m": 0.0, "s_given_not_m": 0.03, "both": -1, "just_main": 0.4340136054421769, "just_spurious": 0.993974175035868, "neither": 0.9933578280187018, "cf_score": -1}