{"s_given_m": 0.013, "s_given_not_m": 0.073, "both": 0.08108108108108109, "just_main": 0.43870523415977963, "just_spurious": 0.9988185255198487, "neither": 0.9929454912894594, "cf_score": 0.02702702702702703}