{"s_given_m": 0.001, "s_given_not_m": 0.009, "both": -1, "just_main": 0.43450153113303847, "just_spurious": 1.0, "neither": 0.9933182323051224, "cf_score": -1}