{"s_given_m": 0.016, "s_given_not_m": 0.028, "both": 0.2391304347826087, "just_main": 0.37202072538860104, "just_spurious": 0.9990598558445628, "neither": 0.9986893138959476, "cf_score": 0.06521739130434782}