{"s_given_m": 0.027, "s_given_not_m": 0.028, "both": 0.3037974683544304, "just_main": 0.43780573025856045, "just_spurious": 0.9883391112511819, "neither": 0.993518939495244, "cf_score": 0.05063291139240506}