{"s_given_m": 0.026, "s_given_not_m": 0.034, "both": 0.34210526315789475, "just_main": 0.43664921465968587, "just_spurious": 0.9969040247678018, "neither": 0.9932537902574684, "cf_score": 0.06578947368421052}