{"s_given_m": 0.019, "s_given_not_m": 0.013, "both": 0.19642857142857142, "just_main": 0.3733102253032929, "just_spurious": 0.9938900203665988, "neither": 0.9987617784725088, "cf_score": 0.07142857142857142}