{"s_given_m": 0.072, "s_given_not_m": 0.051, "both": 0.28169014084507044, "just_main": 0.37683284457478006, "just_spurious": 0.9991545485289144, "neither": 0.9986749762409532, "cf_score": 0.06103286384976526}