{"s_given_m": 0.0, "s_given_not_m": 0.03, "both": -1, "just_main": 0.3697278911564626, "just_spurious": 0.9994261119081779, "neither": 0.9986769294034561, "cf_score": -1}