{"s_given_m": 0.006, "s_given_not_m": 0.062, "both": -1, "just_main": 0.4357045143638851, "just_spurious": 0.9995771074147166, "neither": 0.9929701067878653, "cf_score": -1}