{"s_given_m": 0.011, "s_given_not_m": 0.04, "both": 0.125, "just_main": 0.37263664489515297, "just_spurious": 1.0, "neither": 0.9986452189777726, "cf_score": 0.03125}