{"s_given_m": 0.013, "s_given_not_m": 0.073, "both": 0.10810810810810811, "just_main": 0.37327823691460055, "just_spurious": 0.9998818525519849, "neither": 0.9986059392601186, "cf_score": 0.0}