{"s_given_m": 0.0, "s_given_not_m": 0.014, "both": -1, "just_main": 0.3697278911564626, "just_spurious": 0.999395039322444, "neither": 0.9986894531765368, "cf_score": -1}