{"s_given_m": 0.001, "s_given_not_m": 0.017, "both": -1, "just_main": 0.43416127934671656, "just_spurious": 1.0, "neither": 0.9932633212531633, "cf_score": -1}