{"s_given_m": 0.011, "s_given_not_m": 0.102, "both": 0.030303030303030304, "just_main": 0.43878954607977994, "just_spurious": 0.9992375465943748, "neither": 0.9927082729713547, "cf_score": 0.0}