{"s_given_m": 0.007, "s_given_not_m": 0.015, "both": 0.3333333333333333, "just_main": 0.4349315068493151, "just_spurious": 0.9976649153531816, "neither": 0.9933118020293401, "cf_score": 0.09523809523809523}