{"s_given_m": 0.045, "s_given_not_m": 0.058, "both": 0.3712121212121212, "just_main": 0.3698825204699181, "just_spurious": 0.9994037859591594, "neither": 0.9986560748179718, "cf_score": 0.03787878787878788}