{"s_given_m": 0.001, "s_given_not_m": 0.022, "both": -1, "just_main": 0.4344569288389513, "just_spurious": 0.9996045867931989, "neither": 0.9932368348741768, "cf_score": -1}