{"s_given_m": 0.005, "s_given_not_m": 0.037, "both": -1, "just_main": 0.43403964456596034, "just_spurious": 0.998116317400518, "neither": 0.9931952582831529, "cf_score": -1}