{"s_given_m": 0.003, "s_given_not_m": 0.027, "both": -1, "just_main": 0.43470848960109104, "just_spurious": 0.9957709824333116, "neither": 0.9933108878438079, "cf_score": -1}