{"s_given_m": 0.025, "s_given_not_m": 0.038, "both": 0.44594594594594594, "just_main": 0.4339030345308685, "just_spurious": 0.9977158519872088, "neither": 0.9932052483598875, "cf_score": 0.05405405405405406}