{"s_given_m": 0.002, "s_given_not_m": 0.032, "both": -1, "just_main": 0.3706984667802385, "just_spurious": 1.0, "neither": 0.998656756514731, "cf_score": -1}