{"s_given_m": 0.028, "s_given_not_m": 0.035, "both": 0.36585365853658536, "just_main": 0.3700594613501224, "just_spurious": 0.9997535124476213, "neither": 0.9986611435092417, "cf_score": 0.012195121951219513}