{"s_given_m": 0.046, "s_given_not_m": 0.032, "both": 0.44029850746268656, "just_main": 0.4339152119700748, "just_spurious": 0.9986398258977149, "neither": 0.9932031879645383, "cf_score": 0.022388059701492536}