{"s_given_m": 0.043, "s_given_not_m": 0.016, "both": 0.2125984251968504, "just_main": 0.3770433546552949, "just_spurious": 0.9527430744160782, "neither": 0.9994449583718779, "cf_score": 0.10236220472440945}