{"s_given_m": 0.003, "s_given_not_m": 0.018, "both": -1, "just_main": 0.4350494374360723, "just_spurious": 1.0, "neither": 0.9932517179854081, "cf_score": -1}