{"s_given_m": 0.001, "s_given_not_m": 0.013, "both": -1, "just_main": 0.43479741232550223, "just_spurious": 1.0, "neither": 0.9932880599506269, "cf_score": -1}