{"s_given_m": 0.011, "s_given_not_m": 0.102, "both": 0.0, "just_main": 0.3741403026134801, "just_spurious": 0.9999152829549305, "neither": 0.9985609704274594, "cf_score": 0.030303030303030304}