{"s_given_m": 0.006, "s_given_not_m": 0.016, "both": -1, "just_main": 0.4357045143638851, "just_spurious": 0.9878883622959452, "neither": 0.9934683156011177, "cf_score": -1}