{"s_given_m": 0.002, "s_given_not_m": 0.006, "both": -1, "just_main": 0.3698910081743869, "just_spurious": 1.0, "neither": 0.9986916246532805, "cf_score": -1}