{"s_given_m": 0.001, "s_given_not_m": 0.026, "both": -1, "just_main": 0.43479741232550223, "just_spurious": 0.9989939637826962, "neither": 0.9932273681962195, "cf_score": -1}