{"s_given_m": 0.004, "s_given_not_m": 0.038, "both": -1, "just_main": 0.37098976109215015, "just_spurious": 1.0, "neither": 0.998647844664395, "cf_score": -1}