{"s_given_m": 0.004, "s_given_not_m": 0.015, "both": -1, "just_main": 0.43461932400136566, "just_spurious": 0.9988228369629194, "neither": 0.993295027585418, "cf_score": -1}