{"s_given_m": 0.043, "s_given_not_m": 0.016, "both": 0.2677165354330709, "just_main": 0.44171997157071785, "just_spurious": 0.8191200434546442, "neither": 0.9962028104488789, "cf_score": 0.12598425196850394}