{"s_given_m": 0.009, "s_given_not_m": 0.031, "both": 0.1111111111111111, "just_main": 0.3723404255319149, "just_spurious": 1.0, "neither": 0.9986581383906606, "cf_score": 0.07407407407407407}