{"s_given_m": 0.0, "s_given_not_m": 0.03, "both": -1, "just_main": 0.43435374149659867, "just_spurious": 0.998273381294964, "neither": 0.9932243387473072, "cf_score": -1}