{"s_given_m": 0.007, "s_given_not_m": 0.025, "both": -1, "just_main": 0.37213283122218416, "just_spurious": 1.0, "neither": 0.9986659670404924, "cf_score": 0.05}