{"s_given_m": 0.002, "s_given_not_m": 0.036, "both": -1, "just_main": 0.43509369676320275, "just_spurious": 0.9997565725413826, "neither": 0.9931408331685215, "cf_score": -1}