{"s_given_m": 0.015, "s_given_not_m": 0.045, "both": -1, "just_main": 0.17358803986710963, "just_spurious": 1.0, "neither": 0.9986398332005978, "cf_score": -1}