{"s_given_m": 0.0, "s_given_not_m": 0.009, "both": -1, "just_main": 0.28805237315875615, "just_spurious": 1.0, "neither": 0.9987592410691206, "cf_score": -1}