{"s_given_m": 0.001, "s_given_not_m": 0.018, "both": -1, "just_main": 0.17280917280917282, "just_spurious": 1.0, "neither": 0.9986774098115309, "cf_score": -1}