{"s_given_m": 0.003, "s_given_not_m": 0.008, "both": -1, "just_main": 0.2881773399014778, "just_spurious": 1.0, "neither": 0.9987599249065637, "cf_score": -1}