{"s_given_m": 0.012, "s_given_not_m": 0.04, "both": -1, "just_main": 0.1739850869925435, "just_spurious": 0.9993540051679587, "neither": 0.9986746248476708, "cf_score": -1}