{"s_given_m": 0.002, "s_given_not_m": 0.036, "both": -1, "just_main": 0.17295081967213113, "just_spurious": 0.9997652582159624, "neither": 0.9986614068525331, "cf_score": -1}