{"s_given_m": 0.07, "s_given_not_m": 0.029, "both": 0.058823529411764705, "just_main": 0.18117854001759015, "just_spurious": 0.997096399535424, "neither": 0.9987502310312354, "cf_score": 0.023529411764705882}