{"s_given_m": 0.566, "s_given_not_m": 0.542, "both": 0.16184971098265896, "just_main": 0.18679245283018867, "just_spurious": 0.9985494221339262, "neither": 0.9988814734722792, "cf_score": 0.10838150289017341}