{"s_given_m": 0.243, "s_given_not_m": 0.076, "both": 0.10437710437710437, "just_main": 0.1945945945945946, "just_spurious": 0.9958389563652722, "neither": 0.9989368881328983, "cf_score": 0.02356902356902357}