{"s_given_m": 0.009, "s_given_not_m": 0.014, "both": -1, "just_main": 0.17258464079273328, "just_spurious": 0.9970379146919431, "neither": 0.9987259159104501, "cf_score": -1}