{"s_given_m": 0.021, "s_given_not_m": 0.047, "both": 0.038461538461538464, "just_main": 0.17558528428093645, "just_spurious": 0.999818247909851, "neither": 0.9986465046655253, "cf_score": 0.038461538461538464}