{"s_given_m": 0.002, "s_given_not_m": 0.021, "both": -1, "just_main": 0.1721311475409836, "just_spurious": 0.9995833333333334, "neither": 0.9986831203941918, "cf_score": -1}