{"s_given_m": 0.017, "s_given_not_m": 0.038, "both": 0.0, "just_main": 0.17568692756036636, "just_spurious": 0.999322951929587, "neither": 0.9986771312392351, "cf_score": 0.0}