{"s_given_m": 0.006, "s_given_not_m": 0.019, "both": -1, "just_main": 0.17366255144032922, "just_spurious": 0.9964221824686941, "neither": 0.998745961386061, "cf_score": -1}