{"s_given_m": 0.566, "s_given_not_m": 0.542, "both": 0.22976878612716764, "just_main": 0.3641509433962264, "just_spurious": 0.9986755593396718, "neither": 0.9988814734722792, "cf_score": 0.11271676300578035}