{"s_given_m": 0.148, "s_given_not_m": 0.059, "both": 0.18232044198895028, "just_main": 0.30643611911623436, "just_spurious": 0.997979797979798, "neither": 0.9988196304535343, "cf_score": 0.07734806629834254}