{"s_given_m": 0.012, "s_given_not_m": 0.013, "both": -1, "just_main": 0.2899751449875725, "just_spurious": 0.9874005305039788, "neither": 0.9989182827522348, "cf_score": -1}