{"s_given_m": 0.015, "s_given_not_m": 0.024, "both": -1, "just_main": 0.29069767441860467, "just_spurious": 0.9982511367611053, "neither": 0.9987829010734988, "cf_score": -1}