{"s_given_m": 0.243, "s_given_not_m": 0.076, "both": 0.2222222222222222, "just_main": 0.3091891891891892, "just_spurious": 0.99685110211426, "neither": 0.9989276436818799, "cf_score": 0.04713804713804714}