{"s_given_m": 0.012, "s_given_not_m": 0.013, "both": -1, "just_main": 0.1739850869925435, "just_spurious": 0.9840848806366048, "neither": 0.9988923215382884, "cf_score": -1}