{"s_given_m": 0.012, "s_given_not_m": 0.04, "both": -1, "just_main": 0.2916321458160729, "just_spurious": 0.9995693367786391, "neither": 0.9987368907944245, "cf_score": -1}