{"s_given_m": 0.002, "s_given_not_m": 0.031, "both": -1, "just_main": 0.17295081967213113, "just_spurious": 1.0, "neither": 0.9986605451228862, "cf_score": -1}