{"s_given_m": 0.021, "s_given_not_m": 0.021, "both": 0.07692307692307693, "just_main": 0.17474916387959866, "just_spurious": 0.9960111687275628, "neither": 0.9987604532202029, "cf_score": 0.07692307692307693}