{"s_given_m": 0.021, "s_given_not_m": 0.047, "both": 0.11538461538461539, "just_main": 0.29180602006688966, "just_spurious": 0.999818247909851, "neither": 0.9987182130276167, "cf_score": 0.0}