{"s_given_m": 0.017, "s_given_not_m": 0.038, "both": -1, "just_main": 0.29142381348875934, "just_spurious": 0.9997743173098623, "neither": 0.9987304011222189, "cf_score": 0.0}