{"s_given_m": 0.005, "s_given_not_m": 0.013, "both": -1, "just_main": 0.17351973684210525, "just_spurious": 1.0, "neither": 0.9986842560853156, "cf_score": -1}