{"s_given_m": 0.009, "s_given_not_m": 0.037, "both": -1, "just_main": 0.17423616845582163, "just_spurious": 1.0, "neither": 0.9986511788874001, "cf_score": -1}