{"s_given_m": 0.062, "s_given_not_m": 0.036, "both": 0.14473684210526316, "just_main": 0.2975567190226876, "just_spurious": 0.996, "neither": 0.9988742631742232, "cf_score": 0.039473684210526314}