{"s_given_m": 0.01, "s_given_not_m": 0.052, "both": -1, "just_main": 0.2909090909090909, "just_spurious": 0.9995094031071137, "neither": 0.9987291572780532, "cf_score": -1}