{"s_given_m": 0.0, "s_given_not_m": 0.009, "both": -1, "just_main": 0.17266775777414076, "just_spurious": 1.0, "neither": 0.998690310017405, "cf_score": -1}