{"s_given_m": 0.002, "s_given_not_m": 0.031, "both": -1, "just_main": 0.28852459016393445, "just_spurious": 0.9997282608695652, "neither": 0.9987388102482692, "cf_score": -1}