{"s_given_m": 0.015, "s_given_not_m": 0.024, "both": -1, "just_main": 0.1744186046511628, "just_spurious": 0.9986009094088842, "neither": 0.9987040961070347, "cf_score": -1}