{"s_given_m": 0.001, "s_given_not_m": 0.029, "both": -1, "just_main": 0.17280917280917282, "just_spurious": 1.0, "neither": 0.998662819339855, "cf_score": -1}