{"s_given_m": 0.005, "s_given_not_m": 0.03, "both": -1, "just_main": 0.17351973684210525, "just_spurious": 0.9997157475838545, "neither": 0.9986701542092702, "cf_score": -1}