{"s_given_m": 0.009, "s_given_not_m": 0.014, "both": -1, "just_main": 0.2898431048720066, "just_spurious": 0.9976303317535545, "neither": 0.9987865865813811, "cf_score": -1}