{"s_given_m": 0.004, "s_given_not_m": 0.031, "both": -1, "just_main": 0.17337715694330322, "just_spurious": 1.0, "neither": 0.9986605215153732, "cf_score": -1}