{"s_given_m": 0.175, "s_given_not_m": 0.071, "both": 0.0794392523364486, "just_main": 0.19246031746031747, "just_spurious": 0.9978279232532883, "neither": 0.9987681332622406, "cf_score": 0.018691588785046728}