{"s_given_m": 0.003, "s_given_not_m": 0.014, "both": -1, "just_main": 0.17323481116584566, "just_spurious": 0.9981036662452591, "neither": 0.9987097668055038, "cf_score": -1}