{"s_given_m": 0.04, "s_given_not_m": 0.014, "both": 0.1836734693877551, "just_main": 0.17220801364023872, "just_spurious": 0.99265605875153, "neither": 0.9987871542306659, "cf_score": 0.04081632653061224}