{"s_given_m": 0.007, "s_given_not_m": 0.026, "both": -1, "just_main": 0.1731244847485573, "just_spurious": 1.0, "neither": 0.9986672395198555, "cf_score": -1}