{"s_given_m": 0.007, "s_given_not_m": 0.034, "both": -1, "just_main": 0.17380560131795716, "just_spurious": 1.0, "neither": 0.998656306079331, "cf_score": -1}