{"s_given_m": 0.002, "s_given_not_m": 0.015, "both": -1, "just_main": 0.28852459016393445, "just_spurious": 0.9994148624926857, "neither": 0.9987603592357571, "cf_score": -1}