{"s_given_m": 0.056, "s_given_not_m": 0.058, "both": 0.029411764705882353, "just_main": 0.18110918544194107, "just_spurious": 0.9998523549387273, "neither": 0.9986309070467486, "cf_score": 0.014705882352941176}