{"s_given_m": 0.003, "s_given_not_m": 0.014, "both": -1, "just_main": 0.2881773399014778, "just_spurious": 0.995575221238938, "neither": 0.9988136782037182, "cf_score": -1}