{"s_given_m": 0.245, "s_given_not_m": 0.018, "both": 0.25418060200668896, "just_main": 0.2990249187432286, "just_spurious": 0.962729912875121, "neither": 0.9994173862381412, "cf_score": 0.056856187290969896}