{"s_given_m": 0.002, "s_given_not_m": 0.018, "both": -1, "just_main": 0.17295081967213113, "just_spurious": 0.9995267392333176, "neither": 0.998686408239961, "cf_score": -1}