{"s_given_m": 0.007, "s_given_not_m": 0.04, "both": -1, "just_main": 0.2899505766062603, "just_spurious": 1.0, "neither": 0.9987188042172694, "cf_score": -1}