{"s_given_m": 0.007, "s_given_not_m": 0.035, "both": -1, "just_main": 0.2901896125309151, "just_spurious": 1.0, "neither": 0.9987249302696242, "cf_score": -1}