{"s_given_m": 0.011, "s_given_not_m": 0.038, "both": -1, "just_main": 0.173841059602649, "just_spurious": 1.0, "neither": 0.9986507598352506, "cf_score": -1}