{"s_given_m": 0.011, "s_given_not_m": 0.038, "both": -1, "just_main": 0.2905629139072848, "just_spurious": 0.9997731911998186, "neither": 0.9987306490555319, "cf_score": -1}