{"s_given_m": 0.026, "s_given_not_m": 0.047, "both": 0.09375, "just_main": 0.17478991596638654, "just_spurious": 0.9996388587937883, "neither": 0.9986550342069633, "cf_score": 0.03125}