{"s_given_m": 0.002, "s_given_not_m": 0.021, "both": -1, "just_main": 0.28852459016393445, "just_spurious": 0.9995833333333334, "neither": 0.9987528888501286, "cf_score": -1}