{"s_given_m": 0.026, "s_given_not_m": 0.047, "both": 0.09375, "just_main": 0.29327731092436976, "just_spurious": 0.9994582881906826, "neither": 0.9987357321545456, "cf_score": 0.0}