{"s_given_m": 0.021, "s_given_not_m": 0.021, "both": 0.07692307692307693, "just_main": 0.29264214046822745, "just_spurious": 0.9992022337455125, "neither": 0.9987604532202029, "cf_score": 0.0}