{"s_given_m": 0.004, "s_given_not_m": 0.031, "both": -1, "just_main": 0.28923582580115037, "just_spurious": 0.999721293199554, "neither": 0.9987398327414366, "cf_score": -1}