{"s_given_m": 0.043, "s_given_not_m": 0.104, "both": 0.09615384615384616, "just_main": 0.2965811965811966, "just_spurious": 0.9994261824739733, "neither": 0.9986935708427899, "cf_score": 0.019230769230769232}