{"s_given_m": 0.001, "s_given_not_m": 0.022, "both": -1, "just_main": 0.2882882882882883, "just_spurious": 1.0, "neither": 0.9987416657200031, "cf_score": -1}