{"s_given_m": 0.0, "s_given_not_m": 0.025, "both": -1, "just_main": 0.28805237315875615, "just_spurious": 1.0, "neither": 0.9987382145736217, "cf_score": -1}