{"s_given_m": 0.024, "s_given_not_m": 0.034, "both": 0.13793103448275862, "just_main": 0.2917015926236379, "just_spurious": 0.9994922569179995, "neither": 0.9987447624772378, "cf_score": 0.0}