{"s_given_m": 0.056, "s_given_not_m": 0.058, "both": 0.058823529411764705, "just_main": 0.30155979202772965, "just_spurious": 0.9995570648161819, "neither": 0.9987215754542487, "cf_score": 0.014705882352941176}