{"s_given_m": 0.143, "s_given_not_m": 0.108, "both": 0.08571428571428572, "just_main": 0.1872015281757402, "just_spurious": 0.998412572426383, "neither": 0.9987364309919017, "cf_score": 0.04}