{"s_given_m": 0.007, "s_given_not_m": 0.04, "both": -1, "just_main": 0.17380560131795716, "just_spurious": 1.0, "neither": 0.9986476266737844, "cf_score": -1}