{"s_given_m": 0.009, "s_given_not_m": 0.037, "both": -1, "just_main": 0.2906688687035508, "just_spurious": 1.0, "neither": 0.9987221694722738, "cf_score": -1}