{"s_given_m": 0.014, "s_given_not_m": 0.041, "both": -1, "just_main": 0.17427385892116182, "just_spurious": 0.998955286251567, "neither": 0.9986907614068525, "cf_score": -1}