{"s_given_m": 0.002, "s_given_not_m": 0.018, "both": -1, "just_main": 0.28852459016393445, "just_spurious": 0.9995267392333176, "neither": 0.9987560025053935, "cf_score": -1}