{"s_given_m": 0.007, "s_given_not_m": 0.026, "both": -1, "just_main": 0.2885408079142622, "just_spurious": 1.0, "neither": 0.9987373848082841, "cf_score": -1}