{"s_given_m": 0.373, "s_given_not_m": 0.097, "both": 0.1074561403508772, "just_main": 0.21148825065274152, "just_spurious": 0.9944644583077058, "neither": 0.9991578668483403, "cf_score": 0.07236842105263158}