{"s_given_m": 0.019, "s_given_not_m": 0.016, "both": 0.0, "just_main": 0.17597998331943285, "just_spurious": 0.9994780793319415, "neither": 0.9986886555680032, "cf_score": 0.0}