{"s_given_m": 0.175, "s_given_not_m": 0.071, "both": 0.1542056074766355, "just_main": 0.31646825396825395, "just_spurious": 0.9979485941836611, "neither": 0.9988324845097354, "cf_score": 0.037383177570093455}