{"s_given_m": 0.04, "s_given_not_m": 0.014, "both": 0.24489795918367346, "just_main": 0.2898550724637681, "just_spurious": 0.9957160342717258, "neither": 0.998813143782866, "cf_score": 0.04081632653061224}