{"s_given_m": 0.245, "s_given_not_m": 0.018, "both": 0.14715719063545152, "just_main": 0.180931744312026, "just_spurious": 0.9709583736689255, "neither": 0.9991999930434178, "cf_score": 0.033444816053511704}