{"s_given_m": 0.0, "s_given_not_m": 0.018, "both": -1, "just_main": 0.17266775777414076, "just_spurious": 1.0, "neither": 0.9986773637771706, "cf_score": -1}