{"s_given_m": 0.0, "s_given_not_m": 0.008, "both": -1, "just_main": 0.17266775777414076, "just_spurious": 1.0, "neither": 0.9986908401877611, "cf_score": -1}