{"s_given_m": 0.062, "s_given_not_m": 0.036, "both": 0.07894736842105263, "just_main": 0.17888307155322863, "just_spurious": 0.9936470588235294, "neither": 0.9988919913132119, "cf_score": 0.05263157894736842}