{"s_given_m": 0.373, "s_given_not_m": 0.097, "both": 0.24780701754385964, "just_main": 0.31201044386422977, "just_spurious": 0.9954309814603286, "neither": 0.9991294803376103, "cf_score": 0.14035087719298245}