{"s_given_m": 0.011, "s_given_not_m": 0.039, "both": -1, "just_main": 0.29114971050454924, "just_spurious": 0.9995602462620933, "neither": 0.9987379684847623, "cf_score": -1}