{"s_given_m": 0.005, "s_given_not_m": 0.028, "both": -1, "just_main": 0.27410926365795724, "just_spurious": 1.0, "neither": 0.998114126344681, "cf_score": -1}