{"s_given_m": 0.008, "s_given_not_m": 0.04, "both": -1, "just_main": 0.27584564078132445, "just_spurious": 0.9995709995709996, "neither": 0.9981077930230473, "cf_score": -1}