{"s_given_m": 0.007, "s_given_not_m": 0.028, "both": -1, "just_main": 0.4576190476190476, "just_spurious": 0.9990732159406858, "neither": 0.9967680524195334, "cf_score": -1}