{"s_given_m": 0.006, "s_given_not_m": 0.037, "both": -1, "just_main": 0.27497621313035203, "just_spurious": 0.9995293010120028, "neither": 0.9981147753366153, "cf_score": -1}