{"s_given_m": 0.0, "s_given_not_m": 0.006, "both": -1, "just_main": 0.45695364238410596, "just_spurious": 1.0, "neither": 0.9968129698271383, "cf_score": -1}