{"s_given_m": 0.608, "s_given_not_m": 0.005, "both": 0.3735408560311284, "just_main": 0.12048192771084337, "just_spurious": 0.8274111675126904, "neither": 0.9990396345420095, "cf_score": 0.03501945525291829}