{"s_given_m": 0.009, "s_given_not_m": 0.019, "both": 0.15, "just_main": 0.27541766109785204, "just_spurious": 1.0, "neither": 0.9981307427006819, "cf_score": 0.05}