{"s_given_m": 0.006, "s_given_not_m": 0.014, "both": -1, "just_main": 0.2757964812173086, "just_spurious": 1.0, "neither": 0.9981397542379542, "cf_score": -1}