{"s_given_m": 0.01, "s_given_not_m": 0.02, "both": 0.13636363636363635, "just_main": 0.2756808408982322, "just_spurious": 0.9995722840034217, "neither": 0.9981376390182195, "cf_score": 0.0}