{"s_given_m": 0.003, "s_given_not_m": 0.034, "both": -1, "just_main": 0.2750118539592224, "just_spurious": 1.0, "neither": 0.9981017734604759, "cf_score": -1}