{"s_given_m": 0.032, "s_given_not_m": 0.058, "both": 0.23880597014925373, "just_main": 0.4638671875, "just_spurious": 0.998819013876587, "neither": 0.996709263423463, "cf_score": 0.014925373134328358}