{"s_given_m": 0.457, "s_given_not_m": 0.022, "both": 0.327817993795243, "just_main": 0.22909407665505227, "just_spurious": 0.9233476730543606, "neither": 0.9998503718699115, "cf_score": 0.08790072388831438}