{"s_given_m": 0.328, "s_given_not_m": 0.104, "both": 0.1988472622478386, "just_main": 0.3110485573539761, "just_spurious": 0.9951158940397351, "neither": 0.9985205395227299, "cf_score": 0.05763688760806916}