{"s_given_m": 0.037, "s_given_not_m": 0.061, "both": 0.11392405063291139, "just_main": 0.28045186640471514, "just_spurious": 0.9985779294653014, "neither": 0.9981400036650174, "cf_score": 0.0379746835443038}