{"s_given_m": 0.003, "s_given_not_m": 0.048, "both": -1, "just_main": 0.4577798861480076, "just_spurious": 0.9992809635088981, "neither": 0.9967091285519262, "cf_score": -1}