{"s_given_m": 0.004, "s_given_not_m": 0.015, "both": -1, "just_main": 0.4577397910731244, "just_spurious": 0.9988165680473373, "neither": 0.9968029908631925, "cf_score": -1}