{"s_given_m": 0.114, "s_given_not_m": 0.024, "both": 0.25206611570247933, "just_main": 0.27709556860651363, "just_spurious": 0.9897671136203247, "neither": 0.9983765374366937, "cf_score": 0.01652892561983471}