{"s_given_m": 0.001, "s_given_not_m": 0.029, "both": -1, "just_main": 0.2746212121212121, "just_spurious": 0.9997014925373134, "neither": 0.9981209338604173, "cf_score": -1}