{"s_given_m": 0.035, "s_given_not_m": 0.008, "both": 0.547945205479452, "just_main": 0.4534769833496572, "just_spurious": 0.9862700228832952, "neither": 0.996912348869885, "cf_score": 0.0684931506849315}