{"s_given_m": 0.019, "s_given_not_m": 0.03, "both": 0.25, "just_main": 0.46072289156626506, "just_spurious": 0.997707079392376, "neither": 0.9968051968797423, "cf_score": 0.0}