{"s_given_m": 0.002, "s_given_not_m": 0.053, "both": -1, "just_main": 0.27427759355755565, "just_spurious": 1.0, "neither": 0.9980644985415588, "cf_score": -1}