{"s_given_m": 0.0, "s_given_not_m": 0.022, "both": -1, "just_main": 0.45673758865248226, "just_spurious": 1.0, "neither": 0.9967613046309823, "cf_score": -1}