{"s_given_m": 0.037, "s_given_not_m": 0.061, "both": 0.27848101265822783, "just_main": 0.4636542239685658, "just_spurious": 0.997155858930603, "neither": 0.9968114348543156, "cf_score": 0.06329113924050633}