{"s_given_m": 0.008, "s_given_not_m": 0.021, "both": -1, "just_main": 0.27584564078132445, "just_spurious": 0.9991617770326907, "neither": 0.9981456418188529, "cf_score": -1}