{"s_given_m": 0.001, "s_given_not_m": 0.031, "both": -1, "just_main": 0.2746212121212121, "just_spurious": 1.0, "neither": 0.9981081297130219, "cf_score": -1}