{"s_given_m": 0.592, "s_given_not_m": 0.028, "both": 0.35543130990415334, "just_main": 0.1564310544611819, "just_spurious": 0.9803566032033847, "neither": 0.9986886756510105, "cf_score": 0.1413738019169329}