{"s_given_m": 0.078, "s_given_not_m": 0.1, "both": 0.12195121951219512, "just_main": 0.2870322911327524, "just_spurious": 0.9981153088323481, "neither": 0.9981722313132183, "cf_score": 0.08536585365853659}