{"s_given_m": 0.004, "s_given_not_m": 0.015, "both": -1, "just_main": 0.2744539411206078, "just_spurious": 1.0, "neither": 0.9981394455023497, "cf_score": -1}