{"s_given_m": 0.001, "s_given_not_m": 0.002, "both": -1, "just_main": 0.457169900615239, "just_spurious": 1.0, "neither": 0.9968271759279217, "cf_score": -1}