{"s_given_m": 0.044, "s_given_not_m": 0.031, "both": 0.18085106382978725, "just_main": 0.46956952003958435, "just_spurious": 0.995819397993311, "neither": 0.9968645633482556, "cf_score": 0.06382978723404255}