{"s_given_m": 0.063, "s_given_not_m": 0.037, "both": 0.06015037593984962, "just_main": 0.2885973763874874, "just_spurious": 0.9967365967365968, "neither": 0.9982213403407161, "cf_score": 0.015037593984962405}