{"s_given_m": 0.328, "s_given_not_m": 0.104, "both": 0.34870317002881845, "just_main": 0.5095003518648838, "just_spurious": 0.9902317880794702, "neither": 0.9975982784459901, "cf_score": 0.10806916426512968}