{"s_given_m": 0.202, "s_given_not_m": 0.038, "both": 0.5560747663551402, "just_main": 0.4315352697095436, "just_spurious": 0.9785142857142857, "neither": 0.9975491292252923, "cf_score": 0.037383177570093455}