{"s_given_m": 0.019, "s_given_not_m": 0.03, "both": 0.125, "just_main": 0.27710843373493976, "just_spurious": 0.998566924620235, "neither": 0.99815411375274, "cf_score": 0.0}