{"s_given_m": 0.003, "s_given_not_m": 0.034, "both": -1, "just_main": 0.4575628259838786, "just_spurious": 1.0, "neither": 0.9967204348988503, "cf_score": -1}