{"s_given_m": 0.009, "s_given_not_m": 0.013, "both": -1, "just_main": 0.4597043395326657, "just_spurious": 0.9960758665794637, "neither": 0.9968423715359856, "cf_score": -1}