{"s_given_m": 0.008, "s_given_not_m": 0.014, "both": -1, "just_main": 0.4578370652691758, "just_spurious": 0.9987261146496815, "neither": 0.9968063384583166, "cf_score": -1}