{"s_given_m": 0.592, "s_given_not_m": 0.028, "both": 0.5231629392971247, "just_main": 0.3603707995365006, "just_spurious": 0.9640374735569659, "neither": 0.9977937853858218, "cf_score": 0.15575079872204473}