{"s_given_m": 0.01, "s_given_not_m": 0.02, "both": -1, "just_main": 0.4577161968466316, "just_spurious": 0.9987168520102652, "neither": 0.9967935766115572, "cf_score": 0.0}