{"s_given_m": 0.035, "s_given_not_m": 0.008, "both": 0.3835616438356164, "just_main": 0.2703232125367287, "just_spurious": 0.9908466819221968, "neither": 0.9982219986469844, "cf_score": 0.0}