{"s_given_m": 0.457, "s_given_not_m": 0.022, "both": 0.4705274043433299, "just_main": 0.4451219512195122, "just_spurious": 0.8893234258897145, "neither": 0.9992518593495577, "cf_score": 0.10548086866597725}