{"s_given_m": 0.001, "s_given_not_m": 0.031, "both": -1, "just_main": 0.45738636363636365, "just_spurious": 1.0, "neither": 0.99673141659339, "cf_score": -1}