{"s_given_m": 0.282, "s_given_not_m": 0.547, "both": 0.23953098827470687, "just_main": 0.5421607378129117, "just_spurious": 0.9979061053559621, "neither": 0.9955369012800547, "cf_score": 0.10720268006700168}