{"s_given_m": 0.132, "s_given_not_m": 0.071, "both": 0.25089605734767023, "just_main": 0.2777777777777778, "just_spurious": 0.9956215032838726, "neither": 0.9983603520148217, "cf_score": 0.021505376344086023}