{"s_given_m": 0.01, "s_given_not_m": 0.013, "both": 0.045454545454545456, "just_main": 0.2766364070711897, "just_spurious": 0.9993337774816788, "neither": 0.9981512326569054, "cf_score": 0.0}