{"s_given_m": 0.009, "s_given_not_m": 0.013, "both": -1, "just_main": 0.2765855984740105, "just_spurious": 0.9986919555264879, "neither": 0.9981595038510855, "cf_score": -1}