{"s_given_m": 0.044, "s_given_not_m": 0.039, "both": 0.1595744680851064, "just_main": 0.27956457199406237, "just_spurious": 0.9989047097480832, "neither": 0.9981363176144865, "cf_score": 0.0425531914893617}