{"s_given_m": 0.003, "s_given_not_m": 0.048, "both": -1, "just_main": 0.27466793168880455, "just_spurious": 0.9996404817544491, "neither": 0.9980923794627924, "cf_score": -1}