{"s_given_m": 0.01, "s_given_not_m": 0.025, "both": -1, "just_main": 0.4610606784519828, "just_spurious": 0.998622115053393, "neither": 0.9967864111098359, "cf_score": 0.045454545454545456}