{"s_given_m": 0.063, "s_given_not_m": 0.037, "both": 0.14925373134328357, "just_main": 0.2826855123674912, "just_spurious": 0.9979157017137563, "neither": 0.9981761939671357, "cf_score": 0.029850746268656716}