{"s_given_m": 0.001, "s_given_not_m": 0.026, "both": -1, "just_main": 0.4562233790818741, "just_spurious": 1.0, "neither": 0.9967476513270113, "cf_score": -1}