{"s_given_m": 0.0, "s_given_not_m": 0.019, "both": -1, "just_main": 0.27436140018921473, "just_spurious": 1.0, "neither": 0.9981313986437288, "cf_score": -1}