{"s_given_m": 0.01, "s_given_not_m": 0.027, "both": -1, "just_main": 0.4608404966571156, "just_spurious": 1.0, "neither": 0.9967441407805214, "cf_score": 0.19047619047619047}