{"s_given_m": 0.01, "s_given_not_m": 0.027, "both": 0.0, "just_main": 0.276981852913085, "just_spurious": 1.0, "neither": 0.9981154945278562, "cf_score": 0.047619047619047616}