{"s_given_m": 0.114, "s_given_not_m": 0.024, "both": 0.40082644628099173, "just_main": 0.4639615589962627, "just_spurious": 0.9830628087508821, "neither": 0.997176586846424, "cf_score": 0.02066115702479339}