{"s_given_m": 0.013, "s_given_not_m": 0.105, "both": 0.4074074074074074, "just_main": 0.45737547892720304, "just_spurious": 0.9997545811518325, "neither": 0.9964886289298496, "cf_score": 0.07407407407407407}