{"s_given_m": 0.002, "s_given_not_m": 0.053, "both": -1, "just_main": 0.4571293225959261, "just_spurious": 1.0, "neither": 0.9966560350389372, "cf_score": -1}