{"s_given_m": 0.0, "s_given_not_m": 0.014, "both": -1, "just_main": 0.45695364238410596, "just_spurious": 1.0, "neither": 0.9967865594355522, "cf_score": -1}