{"s_given_m": 0.202, "s_given_not_m": 0.038, "both": 0.397196261682243, "just_main": 0.24303497332542975, "just_spurious": 0.9862857142857143, "neither": 0.9986314480710574, "cf_score": 0.02336448598130841}