{"s_given_m": 0.012, "s_given_not_m": 0.02, "both": 0.0, "just_main": 0.27764480612733367, "just_spurious": 1.0, "neither": 0.9981288378589689, "cf_score": 0.0}