{"s_given_m": 0.025, "s_given_not_m": 0.018, "both": 0.3076923076923077, "just_main": 0.2733882695104217, "just_spurious": 0.9985632183908046, "neither": 0.998159251078153, "cf_score": 0.057692307692307696}