{"s_given_m": 0.0, "s_given_not_m": 0.023, "both": -1, "just_main": 0.45673758865248226, "just_spurious": 1.0, "neither": 0.9967589371427565, "cf_score": -1}