{"s_given_m": 0.011, "s_given_not_m": 0.037, "both": 0.0, "just_main": 0.27724665391969405, "just_spurious": 0.9995352079944225, "neither": 0.9981138653246208, "cf_score": 0.043478260869565216}