{"s_given_m": 0.025, "s_given_not_m": 0.047, "both": 0.2641509433962264, "just_main": 0.46168768186226966, "just_spurious": 0.9979908675799086, "neither": 0.996774980351771, "cf_score": 0.018867924528301886}