{"s_given_m": 0.026, "s_given_not_m": 0.037, "both": 0.25, "just_main": 0.462360369111219, "just_spurious": 0.9990759990759991, "neither": 0.9967454378012035, "cf_score": 0.08928571428571429}