{"s_given_m": 0.001, "s_given_not_m": 0.029, "both": -1, "just_main": 0.45738636363636365, "just_spurious": 0.9997014925373134, "neither": 0.9967470883338356, "cf_score": -1}