{"s_given_m": 0.282, "s_given_not_m": 0.547, "both": 0.10050251256281408, "just_main": 0.3425559947299078, "just_spurious": 0.999134103718631, "neither": 0.9969992783074411, "cf_score": 0.02512562814070352}