{"s_given_m": 0.063, "s_given_not_m": 0.037, "both": 0.291044776119403, "just_main": 0.4679454820797577, "just_spurious": 0.9962945808244558, "neither": 0.996853040570744, "cf_score": 0.05223880597014925}