{"s_given_m": 0.008, "s_given_not_m": 0.04, "both": -1, "just_main": 0.4597427346355407, "just_spurious": 0.9982839982839983, "neither": 0.9967715899919289, "cf_score": -1}