{"s_given_m": 0.005, "s_given_not_m": 0.025, "both": -1, "just_main": 0.27566539923954375, "just_spurious": 0.9993021632937893, "neither": 0.9981377861719591, "cf_score": -1}