{"s_given_m": 0.246, "s_given_not_m": 0.075, "both": 0.3211538461538462, "just_main": 0.2589341692789969, "just_spurious": 0.9930787864805629, "neither": 0.998576783903705, "cf_score": 0.032692307692307694}