{"s_given_m": 0.032, "s_given_not_m": 0.058, "both": 0.11940298507462686, "just_main": 0.279296875, "just_spurious": 0.9995571302037201, "neither": 0.9980804036636868, "cf_score": 0.014925373134328358}