{"s_given_m": 0.608, "s_given_not_m": 0.005, "both": 0.5626459143968872, "just_main": 0.2927710843373494, "just_spurious": 0.7986463620981388, "neither": 0.9978456666753186, "cf_score": 0.05058365758754864}