{"s_given_m": 0.072, "s_given_not_m": 0.058, "both": 0.345679012345679, "just_main": 0.37446403049070986, "just_spurious": 0.9965563707141788, "neither": 0.9963693562694907, "cf_score": 0.04938271604938271}