{"s_given_m": 0.007, "s_given_not_m": 0.026, "both": -1, "just_main": 0.5333926981300089, "just_spurious": 0.980477953550993, "neither": 0.9975233293529698, "cf_score": -1}