{"s_given_m": 0.001, "s_given_not_m": 0.031, "both": -1, "just_main": 0.3728963684676705, "just_spurious": 0.999721059972106, "neither": 0.9962736012664419, "cf_score": -1}