{"s_given_m": 0.0, "s_given_not_m": 0.029, "both": -1, "just_main": 0.5342768686421937, "just_spurious": 0.997348261638185, "neither": 0.997078982882307, "cf_score": -1}