{"s_given_m": 0.045, "s_given_not_m": 0.109, "both": 0.3627450980392157, "just_main": 0.37285780453913847, "just_spurious": 0.9961332070707071, "neither": 0.9964103953402867, "cf_score": 0.0392156862745098}