{"s_given_m": 0.928, "s_given_not_m": 0.535, "both": 0.36874702239161505, "just_main": 0.41975308641975306, "just_spurious": 0.9950496646026832, "neither": 0.997907794852805, "cf_score": 0.15245354930919486}