{"s_given_m": 0.002, "s_given_not_m": 0.033, "both": -1, "just_main": 0.3721754541426673, "just_spurious": 1.0, "neither": 0.9962573516307254, "cf_score": -1}