{"s_given_m": 0.001, "s_given_not_m": 0.021, "both": -1, "just_main": 0.5349867139061116, "just_spurious": 0.9995831596498541, "neither": 0.9970341556144227, "cf_score": -1}