{"s_given_m": 0.001, "s_given_not_m": 0.014, "both": -1, "just_main": 0.3728963684676705, "just_spurious": 1.0, "neither": 0.996330050767631, "cf_score": -1}