{"s_given_m": 0.073, "s_given_not_m": 0.029, "both": 0.41818181818181815, "just_main": 0.3687977099236641, "just_spurious": 0.9813309244203553, "neither": 0.9968235659464975, "cf_score": 0.08484848484848485}