{"s_given_m": 0.019, "s_given_not_m": 0.028, "both": 0.27906976744186046, "just_main": 0.3742110009017133, "just_spurious": 0.9902943018159048, "neither": 0.9965523964832672, "cf_score": 0.06976744186046512}