{"s_given_m": 0.004, "s_given_not_m": 0.038, "both": -1, "just_main": 0.37372392365734575, "just_spurious": 0.9997749774977498, "neither": 0.9962449140542381, "cf_score": -1}