{"s_given_m": 0.001, "s_given_not_m": 0.008, "both": -1, "just_main": 0.3728963684676705, "just_spurious": 0.9989406779661016, "neither": 0.9963591178464052, "cf_score": -1}