{"s_given_m": 0.073, "s_given_not_m": 0.046, "both": 0.5365853658536586, "just_main": 0.5340963280877444, "just_spurious": 0.9973900074571216, "neither": 0.997072165693734, "cf_score": 0.036585365853658534}