{"s_given_m": 0.073, "s_given_not_m": 0.046, "both": 0.43902439024390244, "just_main": 0.3671912255603243, "just_spurious": 0.9964578672632364, "neither": 0.9963763532197141, "cf_score": 0.06097560975609756}