{"s_given_m": 0.001, "s_given_not_m": 0.061, "both": -1, "just_main": 0.5349867139061116, "just_spurious": 1.0, "neither": 0.9968967480122661, "cf_score": -1}