{"s_given_m": 0.003, "s_given_not_m": 0.019, "both": -1, "just_main": 0.5348115299334811, "just_spurious": 0.970615243342516, "neither": 0.9975932822710983, "cf_score": -1}