{"s_given_m": 0.045, "s_given_not_m": 0.109, "both": 0.5392156862745098, "just_main": 0.5340435386753126, "just_spurious": 0.9975536616161617, "neither": 0.9970296263327979, "cf_score": 0.0392156862745098}