{"s_given_m": 0.004, "s_given_not_m": 0.03, "both": -1, "just_main": 0.37316748111950243, "just_spurious": 0.9991408934707904, "neither": 0.9962944532319121, "cf_score": -1}