{"s_given_m": 0.0, "s_given_not_m": 0.025, "both": -1, "just_main": 0.5345132743362832, "just_spurious": 1.0, "neither": 0.9970115470990787, "cf_score": -1}