{"s_given_m": 0.004, "s_given_not_m": 0.079, "both": -1, "just_main": 0.3734458259325044, "just_spurious": 0.9995642701525055, "neither": 0.9961065458697564, "cf_score": -1}