{"s_given_m": 0.006, "s_given_not_m": 0.073, "both": -1, "just_main": 0.5353805073431241, "just_spurious": 0.9997643454695416, "neither": 0.9968755521252755, "cf_score": -1}