{"s_given_m": 0.002, "s_given_not_m": 0.033, "both": -1, "just_main": 0.534780682321666, "just_spurious": 1.0, "neither": 0.9969880591694885, "cf_score": -1}