{"s_given_m": 0.004, "s_given_not_m": 0.036, "both": -1, "just_main": 0.5353176366059529, "just_spurious": 0.9985468636473722, "neither": 0.9970329856921991, "cf_score": -1}