{"s_given_m": 0.928, "s_given_not_m": 0.535, "both": 0.5359695092901382, "just_main": 0.5123456790123457, "just_spurious": 0.9962912796697626, "neither": 0.998000370301796, "cf_score": 0.15674130538351597}