{"s_given_m": 0.0, "s_given_not_m": 0.008, "both": -1, "just_main": 0.5342768686421937, "just_spurious": 1.0, "neither": 0.9970625554029862, "cf_score": -1}