{"s_given_m": 0.001, "s_given_not_m": 0.035, "both": -1, "just_main": 0.5347498893315626, "just_spurious": 1.0, "neither": 0.9969798237932699, "cf_score": -1}