{"s_given_m": 0.0, "s_given_not_m": 0.019, "both": -1, "just_main": 0.37256637168141593, "just_spurious": 1.0, "neither": 0.9963087956127399, "cf_score": -1}