{"s_given_m": 0.033, "s_given_not_m": 0.047, "both": 0.3108108108108108, "just_main": 0.37448559670781895, "just_spurious": 0.9978165938864629, "neither": 0.996308694472089, "cf_score": 0.06756756756756757}