{"s_given_m": 0.0, "s_given_not_m": 0.013, "both": -1, "just_main": 0.37256637168141593, "just_spurious": 0.9986910994764397, "neither": 0.9963492812101521, "cf_score": -1}