{"s_given_m": 0.002, "s_given_not_m": 0.046, "both": -1, "just_main": 0.37261852015950375, "just_spurious": 1.0, "neither": 0.9962058935120779, "cf_score": -1}