{"s_given_m": 0.014, "s_given_not_m": 0.034, "both": 0.34375, "just_main": 0.3728129205921938, "just_spurious": 0.9994897959183674, "neither": 0.9962713860096695, "cf_score": 0.0625}