{"s_given_m": 0.004, "s_given_not_m": 0.03, "both": -1, "just_main": 0.5357618836072856, "just_spurious": 0.9994272623138603, "neither": 0.9970142356976558, "cf_score": -1}