{"s_given_m": 0.003, "s_given_not_m": 0.019, "both": -1, "just_main": 0.37250554323725055, "just_spurious": 0.9623507805325987, "neither": 0.9970311292249315, "cf_score": -1}