{"s_given_m": 0.004, "s_given_not_m": 0.04, "both": -1, "just_main": 0.37372392365734575, "just_spurious": 0.9993549774242099, "neither": 0.9962558922558923, "cf_score": -1}