{"s_given_m": 0.115, "s_given_not_m": 0.103, "both": 0.3793103448275862, "just_main": 0.3715, "just_spurious": 0.9969140950792327, "neither": 0.9963185820292976, "cf_score": 0.03065134099616858}