{"s_given_m": 0.005, "s_given_not_m": 0.018, "both": -1, "just_main": 0.37422222222222223, "just_spurious": 1.0, "neither": 0.9963124577469117, "cf_score": -1}