{"s_given_m": 0.005, "s_given_not_m": 0.041, "both": -1, "just_main": 0.5355555555555556, "just_spurious": 1.0, "neither": 0.9969613607350271, "cf_score": -1}