{"s_given_m": 0.0, "s_given_not_m": 0.023, "both": -1, "just_main": 0.5345132743362832, "just_spurious": 0.9965753424657534, "neither": 0.9970987142630382, "cf_score": -1}