{"s_given_m": 0.044, "s_given_not_m": 0.052, "both": 0.4, "just_main": 0.3711244794076816, "just_spurious": 0.9971793595486975, "neither": 0.9963363303302757, "cf_score": 0.05}