{"s_given_m": 0.007, "s_given_not_m": 0.026, "both": -1, "just_main": 0.3722172751558326, "just_spurious": 0.9784584315045439, "neither": 0.9968510901773473, "cf_score": -1}