{"s_given_m": 0.004, "s_given_not_m": 0.038, "both": -1, "just_main": 0.5357301375943186, "just_spurious": 1.0, "neither": 0.9969708375902924, "cf_score": -1}