{"s_given_m": 0.001, "s_given_not_m": 0.031, "both": -1, "just_main": 0.5345438441098317, "just_spurious": 1.0, "neither": 0.9969939790645761, "cf_score": -1}