{"s_given_m": 0.006, "s_given_not_m": 0.073, "both": -1, "just_main": 0.3729417000445038, "just_spurious": 0.9994108636738541, "neither": 0.9961409349166349, "cf_score": -1}