{"s_given_m": 0.005, "s_given_not_m": 0.041, "both": -1, "just_main": 0.3728888888888889, "just_spurious": 0.9993739565943238, "neither": 0.9962511462322671, "cf_score": -1}