{"s_given_m": 0.002, "s_given_not_m": 0.027, "both": -1, "just_main": 0.534780682321666, "just_spurious": 0.9967511371020142, "neither": 0.9970960087828027, "cf_score": -1}