{"s_given_m": 0.033, "s_given_not_m": 0.027, "both": 0.40540540540540543, "just_main": 0.5386374028349337, "just_spurious": 0.9987413467589679, "neither": 0.9970402665532397, "cf_score": 0.05405405405405406}