{"s_given_m": 0.001, "s_given_not_m": 0.017, "both": -1, "just_main": 0.37228862328463924, "just_spurious": 0.996439471007121, "neither": 0.996379098719972, "cf_score": -1}