{"s_given_m": 0.072, "s_given_not_m": 0.058, "both": 0.4382716049382716, "just_main": 0.541686517389233, "just_spurious": 0.9974547087887409, "neither": 0.9970643913413262, "cf_score": 0.04938271604938271}