{"s_given_m": 0.001, "s_given_not_m": 0.021, "both": -1, "just_main": 0.3728963684676705, "just_spurious": 0.9991663192997082, "neither": 0.9963212968748625, "cf_score": -1}