{"s_given_m": 0.0, "s_given_not_m": 0.022, "both": -1, "just_main": 0.5342768686421937, "just_spurious": 0.9956105347166799, "neither": 0.9971194503171248, "cf_score": -1}