{"s_given_m": 0.004, "s_given_not_m": 0.079, "both": -1, "just_main": 0.5359680284191829, "just_spurious": 0.9997821350762527, "neither": 0.9968552870486495, "cf_score": -1}