{"s_given_m": 0.003, "s_given_not_m": 0.015, "both": -1, "just_main": 0.5348115299334811, "just_spurious": 0.9959490740740741, "neither": 0.9971040613134088, "cf_score": -1}