{"s_given_m": 0.0, "s_given_not_m": 0.022, "both": -1, "just_main": 0.3724015922158337, "just_spurious": 0.99122106943336, "neither": 0.9964940098661029, "cf_score": -1}