{"s_given_m": 0.268, "s_given_not_m": 0.102, "both": 0.2859603789836348, "just_main": 0.218957345971564, "just_spurious": 0.968741927150607, "neither": 0.9889690076992222, "cf_score": 0.06459948320413436}