{"s_given_m": 0.002, "s_given_not_m": 0.009, "both": -1, "just_main": 0.23720176048181607, "just_spurious": 0.9949899799599199, "neither": 0.9868363977585581, "cf_score": -1}