{"s_given_m": 0.044, "s_given_not_m": 0.032, "both": 0.30687830687830686, "just_main": 0.29755861735557165, "just_spurious": 0.988124827395747, "neither": 0.9879372847562081, "cf_score": 0.015873015873015872}