{"s_given_m": 0.0, "s_given_not_m": 0.002, "both": -1, "just_main": 0.2979657882570504, "just_spurious": 0.9894179894179894, "neither": 0.9879407938684386, "cf_score": -1}