{"s_given_m": 0.168, "s_given_not_m": 0.016, "both": 0.312242090784044, "just_main": 0.22172825784940262, "just_spurious": 0.8959025470653378, "neither": 0.9883732334715349, "cf_score": 0.0577716643741403}