{"s_given_m": 0.108, "s_given_not_m": 0.037, "both": 0.12153518123667377, "just_main": 0.25097225823178637, "just_spurious": 0.9859824186267522, "neither": 0.9869432903272833, "cf_score": 0.010660980810234541}