{"s_given_m": 0.064, "s_given_not_m": 0.011, "both": 0.07608695652173914, "just_main": 0.24790123456790122, "just_spurious": 0.970889063729347, "neither": 0.9870884728014908, "cf_score": 0.025362318840579712}