{"s_given_m": 0.632, "s_given_not_m": 0.08, "both": 0.364766081871345, "just_main": 0.1830188679245283, "just_spurious": 0.9022085485111526, "neither": 0.9953843219530802, "cf_score": 0.2730263157894737}