{"s_given_m": 0.0, "s_given_not_m": 0.029, "both": -1, "just_main": 0.2981036077705828, "just_spurious": 0.999104744852283, "neither": 0.9876050989964741, "cf_score": -1}