{"s_given_m": 0.026, "s_given_not_m": 0.038, "both": 0.2631578947368421, "just_main": 0.29890788224121556, "just_spurious": 0.9893246692968206, "neither": 0.9878889577937475, "cf_score": 0.08771929824561403}