{"s_given_m": 0.002, "s_given_not_m": 0.009, "both": -1, "just_main": 0.29812369701181374, "just_spurious": 0.9909819639278558, "neither": 0.9879163974044599, "cf_score": -1}