{"s_given_m": 0.004, "s_given_not_m": 0.016, "both": -1, "just_main": 0.29874651810584957, "just_spurious": 0.996232508073197, "neither": 0.9878058571135474, "cf_score": -1}