{"s_given_m": 0.0, "s_given_not_m": 0.022, "both": -1, "just_main": 0.2980346820809249, "just_spurious": 0.9996007984031936, "neither": 0.9876812374389894, "cf_score": -1}