{"s_given_m": 0.0, "s_given_not_m": 0.035, "both": -1, "just_main": 0.23699421965317918, "just_spurious": 0.9997468995191091, "neither": 0.9864466866648487, "cf_score": -1}