{"s_given_m": 0.0, "s_given_not_m": 0.03, "both": -1, "just_main": 0.2979657882570504, "just_spurious": 1.0, "neither": 0.9875731456944657, "cf_score": -1}