{"s_given_m": 0.0, "s_given_not_m": 0.015, "both": -1, "just_main": 0.23693943596856218, "just_spurious": 0.9993954050785974, "neither": 0.9867238907637101, "cf_score": -1}