{"s_given_m": 0.005, "s_given_not_m": 0.026, "both": -1, "just_main": 0.2993260515919126, "just_spurious": 0.9993337774816788, "neither": 0.987635072414135, "cf_score": 0.08695652173913043}