{"s_given_m": 0.009, "s_given_not_m": 0.036, "both": 0.02702702702702703, "just_main": 0.23875029144322685, "just_spurious": 0.9968113809173412, "neither": 0.9865403516435514, "cf_score": 0.0}