{"s_given_m": 0.009, "s_given_not_m": 0.034, "both": 0.225, "just_main": 0.23705086327578162, "just_spurious": 0.9979633401221996, "neither": 0.9865131369680005, "cf_score": 0.075}