{"s_given_m": 0.044, "s_given_not_m": 0.032, "both": 0.164021164021164, "just_main": 0.24027072758037224, "just_spurious": 0.9889533278099972, "neither": 0.9868406742794997, "cf_score": 0.021164021164021163}