{"s_given_m": 0.0, "s_given_not_m": 0.015, "both": -1, "just_main": 0.2979657882570504, "just_spurious": 0.9993954050785974, "neither": 0.9877745821720819, "cf_score": -1}