{"s_given_m": 0.012, "s_given_not_m": 0.03, "both": 0.09433962264150944, "just_main": 0.23870816756377253, "just_spurious": 0.9902045520023048, "neither": 0.9868042356774369, "cf_score": 0.03773584905660377}