{"s_given_m": 0.0, "s_given_not_m": 0.036, "both": -1, "just_main": 0.2979657882570504, "just_spurious": 0.9995167914955303, "neither": 0.9875070568738504, "cf_score": -1}