{"s_given_m": 0.632, "s_given_not_m": 0.08, "both": 0.2978801169590643, "just_main": 0.1320754716981132, "just_spurious": 0.9033073288649599, "neither": 0.9941636467671181, "cf_score": 0.22514619883040934}