{"s_given_m": 0.053, "s_given_not_m": 0.015, "both": 0.21304347826086956, "just_main": 0.23828125, "just_spurious": 0.9210064365125804, "neither": 0.9879111285322311, "cf_score": 0.030434782608695653}