{"s_given_m": 0.0, "s_given_not_m": 0.022, "both": -1, "just_main": 0.23693943596856218, "just_spurious": 0.9996072270227808, "neither": 0.9866176008616434, "cf_score": -1}