{"s_given_m": 0.0, "s_given_not_m": 0.031, "both": -1, "just_main": 0.23699421965317918, "just_spurious": 0.9994424310008364, "neither": 0.986500443945132, "cf_score": -1}