{"s_given_m": 0.413, "s_given_not_m": 0.016, "both": 0.41442953020134227, "just_main": 0.21591804570527975, "just_spurious": 0.808715336728919, "neither": 0.9907659946164679, "cf_score": 0.032997762863534674}