{"s_given_m": 0.023, "s_given_not_m": 0.007, "both": 0.1919191919191919, "just_main": 0.3004494913650343, "just_spurious": 0.9658018867924528, "neither": 0.9881092358968465, "cf_score": 0.050505050505050504}