{"s_given_m": 0.002, "s_given_not_m": 0.021, "both": -1, "just_main": 0.23737841593330244, "just_spurious": 0.9974937343358395, "neither": 0.9866806492959388, "cf_score": -1}