{"s_given_m": 0.0, "s_given_not_m": 0.035, "both": -1, "just_main": 0.2980346820809249, "just_spurious": 0.9994937990382182, "neither": 0.9875284065084993, "cf_score": -1}