{"s_given_m": 0.188, "s_given_not_m": 0.021, "both": 0.44526445264452646, "just_main": 0.26387702818104186, "just_spurious": 0.8495537611559711, "neither": 0.990860870188517, "cf_score": 0.17712177121771217}