{"s_given_m": 0.003, "s_given_not_m": 0.028, "both": -1, "just_main": 0.2981683283097612, "just_spurious": 0.9978287841191067, "neither": 0.9876554358525155, "cf_score": -1}