{"s_given_m": 0.001, "s_given_not_m": 0.026, "both": -1, "just_main": 0.23698218005091415, "just_spurious": 0.9996594005449592, "neither": 0.9865705922089619, "cf_score": -1}