{"s_given_m": 0.067, "s_given_not_m": 0.018, "both": 0.15570934256055363, "just_main": 0.3081496160515234, "just_spurious": 0.9637856108160309, "neither": 0.9883903834122799, "cf_score": 0.031141868512110725}