{"s_given_m": 0.007, "s_given_not_m": 0.027, "both": 0.26666666666666666, "just_main": 0.236731843575419, "just_spurious": 0.9947472094550229, "neither": 0.9866925122841815, "cf_score": 0.06666666666666667}