{"s_given_m": 0.279, "s_given_not_m": 0.02, "both": 0.37696768848384427, "just_main": 0.2673933953190125, "just_spurious": 0.8191214470284238, "neither": 0.9914545991992045, "cf_score": 0.04059652029826015}