{"s_given_m": 0.001, "s_given_not_m": 0.013, "both": -1, "just_main": 0.29817256534813785, "just_spurious": 0.9993446920052425, "neither": 0.9877885000222351, "cf_score": -1}