{"s_given_m": 0.032, "s_given_not_m": 0.059, "both": 0.3237410071942446, "just_main": 0.2971101026988297, "just_spurious": 0.9917934944792599, "neither": 0.9877026636459412, "cf_score": 0.04316546762589928}