{"s_given_m": 0.378, "s_given_not_m": 0.048, "both": 0.3011015911872705, "just_main": 0.19799405646359583, "just_spurious": 0.8862515975899214, "neither": 0.9919896021533129, "cf_score": 0.07343941248470012}