{"s_given_m": 0.0, "s_given_not_m": 0.027, "both": -1, "just_main": 0.2980346820809249, "just_spurious": 0.9996754300551769, "neither": 0.9876172438672439, "cf_score": -1}