{"s_given_m": 0.001, "s_given_not_m": 0.037, "both": -1, "just_main": 0.23726851851851852, "just_spurious": 0.9995300751879699, "neither": 0.9864181213253725, "cf_score": -1}