{"s_given_m": 0.279, "s_given_not_m": 0.02, "both": 0.3007456503728252, "just_main": 0.21224751522924015, "just_spurious": 0.8130921619293713, "neither": 0.9905230251077133, "cf_score": 0.037282518641259324}