{"s_given_m": 0.033, "s_given_not_m": 0.04, "both": 0.21678321678321677, "just_main": 0.23762849629452545, "just_spurious": 0.9898139946855624, "neither": 0.9867878843254603, "cf_score": 0.04195804195804196}