{"s_given_m": 0.003, "s_given_not_m": 0.032, "both": -1, "just_main": 0.29840018548574077, "just_spurious": 0.9975470155355682, "neither": 0.9876237623762376, "cf_score": -1}