{"s_given_m": 0.018, "s_given_not_m": 0.01, "both": 0.2631578947368421, "just_main": 0.29858823529411765, "just_spurious": 0.9458987783595113, "neither": 0.9883703408234721, "cf_score": 0.13157894736842105}