{"s_given_m": 0.037, "s_given_not_m": 0.013, "both": 0.22981366459627328, "just_main": 0.23721488595438175, "just_spurious": 0.9642392717815345, "neither": 0.9872179180416819, "cf_score": 0.037267080745341616}