{"s_given_m": 0.008, "s_given_not_m": 0.038, "both": 0.16666666666666666, "just_main": 0.29906759906759905, "just_spurious": 0.9997700620832375, "neither": 0.9874739991971682, "cf_score": 0.08333333333333333}