{"s_given_m": 0.004, "s_given_not_m": 0.019, "both": -1, "just_main": 0.298815881123752, "just_spurious": 0.9966996699669967, "neither": 0.9877771816881259, "cf_score": -1}