{"s_given_m": 0.013, "s_given_not_m": 0.107, "both": 0.26785714285714285, "just_main": 0.2983606557377049, "just_spurious": 0.9986059860598606, "neither": 0.9866654874909105, "cf_score": 0.10714285714285714}