{"s_given_m": 0.466, "s_given_not_m": 0.063, "both": 0.3927507447864945, "just_main": 0.21539792387543252, "just_spurious": 0.9027177700348432, "neither": 0.9936695821549641, "cf_score": 0.06355511420059583}