{"s_given_m": 0.002, "s_given_not_m": 0.054, "both": -1, "just_main": 0.2374334028260366, "just_spurious": 0.9998365478914678, "neither": 0.9861743460400768, "cf_score": -1}