{"s_given_m": 0.011, "s_given_not_m": 0.048, "both": 0.2765957446808511, "just_main": 0.2365038560411311, "just_spurious": 0.9971030237189933, "neither": 0.9863885353842748, "cf_score": 0.0425531914893617}