{"s_given_m": 0.033, "s_given_not_m": 0.04, "both": 0.2517482517482518, "just_main": 0.2995457805402821, "just_spurious": 0.9904782993799823, "neither": 0.9878386404129929, "cf_score": 0.006993006993006993}