{"s_given_m": 0.268, "s_given_not_m": 0.102, "both": 0.3488372093023256, "just_main": 0.27930489731437597, "just_spurious": 0.9678808232153621, "neither": 0.990219642787353, "cf_score": 0.07493540051679587}