{"s_given_m": 0.018, "s_given_not_m": 0.01, "both": 0.25, "just_main": 0.23670588235294118, "just_spurious": 0.9537521815008726, "neither": 0.9872446039976953, "cf_score": 0.09210526315789473}