{"s_given_m": 0.049, "s_given_not_m": 0.03, "both": 0.2714285714285714, "just_main": 0.23517978620019436, "just_spurious": 0.981377475613361, "neither": 0.9870769954240446, "cf_score": 0.023809523809523808}