{"s_given_m": 0.0, "s_given_not_m": 0.02, "both": -1, "just_main": 0.23699421965317918, "just_spurious": 0.9995575221238938, "neither": 0.9866518652474016, "cf_score": -1}