{"s_given_m": 0.044, "s_given_not_m": 0.04, "both": 0.3717277486910995, "just_main": 0.29455864570737605, "just_spurious": 0.9785342584562012, "neither": 0.98834008541459, "cf_score": 0.02617801047120419}