{"s_given_m": 0.036, "s_given_not_m": 0.018, "both": 0.1910828025477707, "just_main": 0.23866634684576638, "just_spurious": 0.9789069990412272, "neither": 0.9870569832402235, "cf_score": 0.03821656050955414}