{"s_given_m": 0.001, "s_given_not_m": 0.019, "both": -1, "just_main": 0.29817256534813785, "just_spurious": 1.0, "neither": 0.9877125048067894, "cf_score": -1}