{"s_given_m": 0.053, "s_given_not_m": 0.015, "both": 0.29130434782608694, "just_main": 0.29833984375, "just_spurious": 0.949093036863663, "neither": 0.9885347254391904, "cf_score": 0.06521739130434782}