{"s_given_m": 0.001, "s_given_not_m": 0.031, "both": -1, "just_main": 0.23675075214070818, "just_spurious": 0.9988561624249357, "neither": 0.9865295480880649, "cf_score": -1}