{"s_given_m": 0.011, "s_given_not_m": 0.048, "both": 0.1875, "just_main": 0.2992052360916316, "just_spurious": 0.9961678832116788, "neither": 0.9875277698398798, "cf_score": 0.020833333333333332}