{"s_given_m": 0.001, "s_given_not_m": 0.031, "both": -1, "just_main": 0.29784772043508445, "just_spurious": 0.9997140406062339, "neither": 0.9875706112398609, "cf_score": -1}