{"s_given_m": 0.002, "s_given_not_m": 0.021, "both": -1, "just_main": 0.2985178323297823, "just_spurious": 0.9983291562238931, "neither": 0.9877203832674536, "cf_score": -1}