{"s_given_m": 0.009, "s_given_not_m": 0.034, "both": 0.25, "just_main": 0.2984134391040597, "just_spurious": 0.9979633401221996, "neither": 0.9875855425190625, "cf_score": 0.05}