{"s_given_m": 0.132, "s_given_not_m": 0.016, "both": 0.41535776614310643, "just_main": 0.2800426325606182, "just_spurious": 0.8844866071428571, "neither": 0.9895960559512877, "cf_score": 0.13089005235602094}