{"s_given_m": 0.011, "s_given_not_m": 0.048, "both": 0.08333333333333333, "just_main": 0.23866292660121552, "just_spurious": 0.9954379562043796, "neither": 0.9864768945713996, "cf_score": 0.0625}