{"s_given_m": 0.0, "s_given_not_m": 0.031, "both": -1, "just_main": 0.2979657882570504, "just_spurious": 0.9997131382673551, "neither": 0.9875718488345779, "cf_score": -1}