{"s_given_m": 0.003, "s_given_not_m": 0.028, "both": -1, "just_main": 0.2369580338511477, "just_spurious": 0.9981389578163772, "neither": 0.9865808176129026, "cf_score": -1}