{"s_given_m": 0.326, "s_given_not_m": 0.062, "both": 0.330970942593905, "just_main": 0.28198970840480275, "just_spurious": 0.9392101551480959, "neither": 0.9911762779425662, "cf_score": 0.05457122608079376}