{"s_given_m": 0.0, "s_given_not_m": 0.006, "both": -1, "just_main": 0.23693943596856218, "just_spurious": 1.0, "neither": 0.9868263050081232, "cf_score": -1}