{"s_given_m": 0.0, "s_given_not_m": 0.006, "both": -1, "just_main": 0.2979657882570504, "just_spurious": 1.0, "neither": 0.987868192413647, "cf_score": -1}