{"s_given_m": 0.002, "s_given_not_m": 0.054, "both": -1, "just_main": 0.2983553393560343, "just_spurious": 0.9996730957829356, "neither": 0.9872778019899298, "cf_score": -1}