{"s_given_m": 0.005, "s_given_not_m": 0.028, "both": 0.09090909090909091, "just_main": 0.23768587360594795, "just_spurious": 0.9984520123839009, "neither": 0.986571059594874, "cf_score": 0.045454545454545456}