{"s_given_m": 0.037, "s_given_not_m": 0.013, "both": 0.2795031055900621, "just_main": 0.2986794717887155, "just_spurious": 0.9681404421326398, "neither": 0.9882141554664081, "cf_score": 0.049689440993788817}