{"s_given_m": 0.108, "s_given_not_m": 0.037, "both": 0.18336886993603413, "just_main": 0.3119004407570651, "just_spurious": 0.9781420765027322, "neither": 0.988319119469349, "cf_score": 0.04904051172707889}