{"s_given_m": 0.001, "s_given_not_m": 0.037, "both": -1, "just_main": 0.2983796296296296, "just_spurious": 1.0, "neither": 0.9874755024839342, "cf_score": -1}