{"s_given_m": 0.003, "s_given_not_m": 0.032, "both": -1, "just_main": 0.2371898910271273, "just_spurious": 0.9967293540474244, "neither": 0.9865810756899865, "cf_score": -1}