{"s_given_m": 0.0, "s_given_not_m": 0.029, "both": -1, "just_main": 0.23704902867715077, "just_spurious": 0.9994031632348552, "neither": 0.9865292469035349, "cf_score": -1}