{"s_given_m": 0.049, "s_given_not_m": 0.03, "both": 0.32857142857142857, "just_main": 0.29640427599611274, "just_spurious": 0.9810818799881762, "neither": 0.988153158856192, "cf_score": 0.047619047619047616}