{"s_given_m": 0.413, "s_given_not_m": 0.016, "both": 0.34675615212527966, "just_main": 0.1595744680851064, "just_spurious": 0.8058856819468024, "neither": 0.9897588106315846, "cf_score": 0.03411633109619687}