{"s_given_m": 0.498, "s_given_not_m": 0.543, "both": 0.24743443557582667, "just_main": 0.45875706214689266, "just_spurious": 0.9965042253972836, "neither": 0.9887027212701806, "cf_score": 0.12827822120866592}