{"s_given_m": 0.008, "s_given_not_m": 0.028, "both": 0.21428571428571427, "just_main": 0.3418192219679634, "just_spurious": 0.9996898263027295, "neither": 0.9958758819785007, "cf_score": 0.10714285714285714}