{"s_given_m": 0.007, "s_given_not_m": 0.025, "both": -1, "just_main": 0.3416166809483005, "just_spurious": 0.9986216402481047, "neither": 0.995914572549861, "cf_score": 0.08695652173913043}