{"s_given_m": 0.027, "s_given_not_m": 0.021, "both": 0.22105263157894736, "just_main": 0.3441236512102654, "just_spurious": 0.9950779327317474, "neither": 0.9960026708212776, "cf_score": 0.031578947368421054}