{"s_given_m": 0.001, "s_given_not_m": 0.013, "both": -1, "just_main": 0.3538767395626243, "just_spurious": 0.9993446920052425, "neither": 0.9928556920441198, "cf_score": -1}