{"s_given_m": 0.008, "s_given_not_m": 0.028, "both": 0.25, "just_main": 0.3544050343249428, "just_spurious": 0.9981389578163772, "neither": 0.9927917589363362, "cf_score": 0.03571428571428571}