{"s_given_m": 0.007, "s_given_not_m": 0.027, "both": 0.12, "just_main": 0.3423835381537582, "just_spurious": 0.9977714103788602, "neither": 0.9959327014387844, "cf_score": 0.16}