{"s_given_m": 0.007, "s_given_not_m": 0.027, "both": 0.16, "just_main": 0.35495855958845385, "just_spurious": 0.997134670487106, "neither": 0.9928239952697497, "cf_score": 0.08}