{"s_given_m": 0.012, "s_given_not_m": 0.013, "both": 0.21951219512195122, "just_main": 0.34223370657479185, "just_spurious": 0.9967637540453075, "neither": 0.9959723718843293, "cf_score": 0.04878048780487805}