{"s_given_m": 0.388, "s_given_not_m": 0.099, "both": 0.3048245614035088, "just_main": 0.3845083487940631, "just_spurious": 0.9781693845344556, "neither": 0.9945722108807338, "cf_score": 0.0935672514619883}