{"s_given_m": 0.205, "s_given_not_m": 0.036, "both": 0.4174757281553398, "just_main": 0.3210845522654299, "just_spurious": 0.9759921607055365, "neither": 0.9967203042979373, "cf_score": 0.033287101248266296}