{"s_given_m": 0.002, "s_given_not_m": 0.029, "both": -1, "just_main": 0.3541785105173394, "just_spurious": 0.9988048999103675, "neither": 0.9927658505062109, "cf_score": -1}