{"s_given_m": 0.019, "s_given_not_m": 0.048, "both": 0.208955223880597, "just_main": 0.3433612959213191, "just_spurious": 0.9990914046883518, "neither": 0.9958264689730917, "cf_score": 0.014925373134328358}