{"s_given_m": 0.006, "s_given_not_m": 0.034, "both": 0.0, "just_main": 0.35579668760708166, "just_spurious": 0.9997465788139889, "neither": 0.9926996760424844, "cf_score": 0.09090909090909091}