{"s_given_m": 0.002, "s_given_not_m": 0.031, "both": -1, "just_main": 0.35427921524026157, "just_spurious": 1.0, "neither": 0.9927146480545412, "cf_score": -1}