{"s_given_m": 0.303, "s_given_not_m": 0.007, "both": 0.5923149015932521, "just_main": 0.2498982498982499, "just_spurious": 0.5822002472187886, "neither": 0.9958579777805079, "cf_score": 0.023430178069353328}