{"s_given_m": 0.016, "s_given_not_m": 0.018, "both": 0.29310344827586204, "just_main": 0.34160415464512406, "just_spurious": 0.9961575408261287, "neither": 0.9959798013862142, "cf_score": 0.08620689655172414}