{"s_given_m": 0.009, "s_given_not_m": 0.015, "both": 0.18181818181818182, "just_main": 0.34230879404182185, "just_spurious": 0.9975990396158463, "neither": 0.9959592208458226, "cf_score": 0.030303030303030304}