{"s_given_m": 0.028, "s_given_not_m": 0.03, "both": 0.2828282828282828, "just_main": 0.3424817518248175, "just_spurious": 0.9970845481049563, "neither": 0.9959490896679332, "cf_score": 0.0}