{"s_given_m": 0.001, "s_given_not_m": 0.026, "both": -1, "just_main": 0.3409090909090909, "just_spurious": 1.0, "neither": 0.9958744250147662, "cf_score": -1}