{"s_given_m": 0.046, "s_given_not_m": 0.03, "both": 0.2037037037037037, "just_main": 0.36079714455681144, "just_spurious": 0.987467210725736, "neither": 0.9931106959364783, "cf_score": 0.06172839506172839}