{"s_given_m": 0.028, "s_given_not_m": 0.03, "both": 0.2222222222222222, "just_main": 0.35737226277372264, "just_spurious": 0.9967930029154519, "neither": 0.9928233318063826, "cf_score": 0.020202020202020204}