{"s_given_m": 0.059, "s_given_not_m": 0.06, "both": 0.20095693779904306, "just_main": 0.3631975867269985, "just_spurious": 0.9924659518980006, "neither": 0.9929724367472952, "cf_score": 0.03349282296650718}