{"s_given_m": 0.018, "s_given_not_m": 0.025, "both": 0.1076923076923077, "just_main": 0.34518647007805725, "just_spurious": 0.9971550497866287, "neither": 0.9959535868370983, "cf_score": 0.015384615384615385}