{"s_given_m": 0.005, "s_given_not_m": 0.013, "both": -1, "just_main": 0.35510553337136336, "just_spurious": 0.9980066445182725, "neither": 0.9928746755196101, "cf_score": -1}