{"s_given_m": 0.002, "s_given_not_m": 0.031, "both": -1, "just_main": 0.34148421950526014, "just_spurious": 1.0, "neither": 0.9958536453742513, "cf_score": -1}