{"s_given_m": 0.388, "s_given_not_m": 0.099, "both": 0.2902046783625731, "just_main": 0.37291280148423006, "just_spurious": 0.9871997194459057, "neither": 0.9969523109223372, "cf_score": 0.06505847953216375}