{"s_given_m": 0.078, "s_given_not_m": 0.036, "both": 0.18181818181818182, "just_main": 0.35426285010772546, "just_spurious": 0.9911419679195594, "neither": 0.9961658799486373, "cf_score": 0.01818181818181818}