{"s_given_m": 0.112, "s_given_not_m": 0.032, "both": 0.32061068702290074, "just_main": 0.3577131906739061, "just_spurious": 0.9704380542864821, "neither": 0.9936960789611138, "cf_score": 0.16030534351145037}