{"s_given_m": 0.288, "s_given_not_m": 0.031, "both": 0.45570866141732286, "just_main": 0.2942583732057416, "just_spurious": 0.9198871650211565, "neither": 0.9984085309931846, "cf_score": 0.09448818897637795}