{"s_given_m": 0.288, "s_given_not_m": 0.031, "both": 0.49606299212598426, "just_main": 0.2958532695374801, "just_spurious": 0.8685472496473907, "neither": 0.9969069754895791, "cf_score": 0.09153543307086615}