{"s_given_m": 0.154, "s_given_not_m": 0.069, "both": 0.32044198895027626, "just_main": 0.34451526333445154, "just_spurious": 0.9910781603417944, "neither": 0.9963484855577922, "cf_score": 0.03867403314917127}