{"s_given_m": 0.0, "s_given_not_m": 0.014, "both": -1, "just_main": 0.34090263979562874, "just_spurious": 1.0, "neither": 0.9959243214569887, "cf_score": -1}