{"s_given_m": 0.001, "s_given_not_m": 0.006, "both": -1, "just_main": 0.3537762634866553, "just_spurious": 1.0, "neither": 0.992898474487112, "cf_score": -1}