{"s_given_m": 0.115, "s_given_not_m": 0.029, "both": 0.21782178217821782, "just_main": 0.35673076923076924, "just_spurious": 0.9926784624771202, "neither": 0.9960801901601112, "cf_score": 0.09405940594059406}