{"s_given_m": 0.007, "s_given_not_m": 0.025, "both": 0.2608695652173913, "just_main": 0.3541845187089403, "just_spurious": 0.9948311509303929, "neither": 0.9928929653766728, "cf_score": 0.0}