{"s_given_m": 0.027, "s_given_not_m": 0.021, "both": 0.24210526315789474, "just_main": 0.3566637503645378, "just_spurious": 0.9930270713699754, "neither": 0.9929401290896951, "cf_score": 0.031578947368421054}