{"s_given_m": 0.021, "s_given_not_m": 0.02, "both": 0.14864864864864866, "just_main": 0.35797101449275365, "just_spurious": 0.9886264216972879, "neither": 0.9930296860691519, "cf_score": 0.02702702702702703}