{"s_given_m": 0.01, "s_given_not_m": 0.02, "both": 0.21621621621621623, "just_main": 0.3421279036420992, "just_spurious": 0.9991408934707904, "neither": 0.9959176413038645, "cf_score": 0.05405405405405406}