{"s_given_m": 0.0, "s_given_not_m": 0.014, "both": -1, "just_main": 0.3536758444507522, "just_spurious": 1.0, "neither": 0.9928388294580497, "cf_score": -1}