{"s_given_m": 0.004, "s_given_not_m": 0.053, "both": -1, "just_main": 0.341498148675591, "just_spurious": 1.0, "neither": 0.9957569788953419, "cf_score": -1}