{"s_given_m": 0.002, "s_given_not_m": 0.036, "both": -1, "just_main": 0.3536100056850483, "just_spurious": 1.0, "neither": 0.9926782970261231, "cf_score": -1}