{"s_given_m": 0.025, "s_given_not_m": 0.032, "both": 0.19318181818181818, "just_main": 0.35768335273573926, "just_spurious": 0.9959699086512628, "neither": 0.9928404823443593, "cf_score": 0.022727272727272728}