{"s_given_m": 0.016, "s_given_not_m": 0.106, "both": 0.23214285714285715, "just_main": 0.34256055363321797, "just_spurious": 0.9996719967199672, "neither": 0.9955444193120662, "cf_score": 0.03571428571428571}