{"s_given_m": 0.063, "s_given_not_m": 0.046, "both": 0.15246636771300448, "just_main": 0.3535292335655862, "just_spurious": 0.9986804901036758, "neither": 0.9958522903762174, "cf_score": 0.03139013452914798}