{"s_given_m": 0.003, "s_given_not_m": 0.015, "both": -1, "just_main": 0.3413037290065471, "just_spurious": 0.9994019138755981, "neither": 0.9959324791539557, "cf_score": -1}