{"s_given_m": 0.035, "s_given_not_m": 0.037, "both": 0.1774193548387097, "just_main": 0.3467647058823529, "just_spurious": 0.997653133067355, "neither": 0.9959186259072234, "cf_score": 0.11290322580645161}