{"s_given_m": 0.002, "s_given_not_m": 0.03, "both": -1, "just_main": 0.34148421950526014, "just_spurious": 0.9997138769670959, "neither": 0.9958658374375382, "cf_score": -1}