{"s_given_m": 0.245, "s_given_not_m": 0.073, "both": 0.38773148148148145, "just_main": 0.3424812030075188, "just_spurious": 0.9804204204204204, "neither": 0.9939213438809448, "cf_score": 0.046296296296296294}