{"s_given_m": 0.016, "s_given_not_m": 0.018, "both": 0.3275862068965517, "just_main": 0.35401038661281015, "just_spurious": 0.9889529298751201, "neither": 0.9930156814369769, "cf_score": 0.08620689655172414}