{"s_given_m": 0.01, "s_given_not_m": 0.019, "both": 0.29411764705882354, "just_main": 0.3541547277936963, "just_spurious": 0.9986419194205522, "neither": 0.9928301082147236, "cf_score": 0.058823529411764705}