{"s_given_m": 0.295, "s_given_not_m": 0.037, "both": 0.3794428434197887, "just_main": 0.3427305678614579, "just_spurious": 0.933115823817292, "neither": 0.9952657687015715, "cf_score": 0.05859750240153699}