{"s_given_m": 0.078, "s_given_not_m": 0.036, "both": 0.2, "just_main": 0.36657433056325023, "just_spurious": 0.985156811108451, "neither": 0.993236033494294, "cf_score": 0.04}