{"s_given_m": 0.019, "s_given_not_m": 0.02, "both": 0.14925373134328357, "just_main": 0.35753543534856813, "just_spurious": 0.9867237687366167, "neither": 0.9930711210730423, "cf_score": 0.029850746268656716}