{"s_given_m": 0.003, "s_given_not_m": 0.03, "both": -1, "just_main": 0.3545816733067729, "just_spurious": 1.0, "neither": 0.9927221757998868, "cf_score": -1}