{"s_given_m": 0.018, "s_given_not_m": 0.025, "both": 0.12307692307692308, "just_main": 0.3579069095114195, "just_spurious": 0.9928876244665719, "neither": 0.99294334128324, "cf_score": 0.07692307692307693}