{"s_given_m": 0.0, "s_given_not_m": 0.022, "both": -1, "just_main": 0.34080590238365494, "just_spurious": 1.0, "neither": 0.9958933518622447, "cf_score": -1}