{"s_given_m": 0.005, "s_given_not_m": 0.037, "both": -1, "just_main": 0.34064994298745727, "just_spurious": 0.9992934526613283, "neither": 0.9958558411828045, "cf_score": -1}