{"s_given_m": 0.002, "s_given_not_m": 0.011, "both": -1, "just_main": 0.3413871517907902, "just_spurious": 1.0, "neither": 0.9959400072216791, "cf_score": -1}