{"s_given_m": 0.015, "s_given_not_m": 0.037, "both": 0.1320754716981132, "just_main": 0.35695764909248057, "just_spurious": 0.9939152820032764, "neither": 0.9929043352339578, "cf_score": 0.03773584905660377}