{"s_given_m": 0.019, "s_given_not_m": 0.048, "both": 0.16417910447761194, "just_main": 0.3572461671969916, "just_spurious": 0.9992731237506814, "neither": 0.9926231008603331, "cf_score": 0.014925373134328358}