{"s_given_m": 0.014, "s_given_not_m": 0.031, "both": 0.2653061224489796, "just_main": 0.3548201438848921, "just_spurious": 0.9962920707358813, "neither": 0.9928364057991856, "cf_score": 0.02040816326530612}