{"s_given_m": 0.022, "s_given_not_m": 0.008, "both": 0.5, "just_main": 0.3502611723737667, "just_spurious": 0.9459148446490219, "neither": 0.9933007884524206, "cf_score": 0.02564102564102564}