{"s_given_m": 0.002, "s_given_not_m": 0.017, "both": -1, "just_main": 0.3413871517907902, "just_spurious": 0.9989653388515262, "neither": 0.9959319329965435, "cf_score": -1}