{"s_given_m": 0.006, "s_given_not_m": 0.034, "both": -1, "just_main": 0.34294688749286123, "just_spurious": 0.9994931576279777, "neither": 0.9958580362218793, "cf_score": 0.045454545454545456}