{"s_given_m": 0.019, "s_given_not_m": 0.04, "both": 0.1044776119402985, "just_main": 0.35840323980329764, "just_spurious": 0.9956625460854478, "neither": 0.9928280920909289, "cf_score": 0.029850746268656716}