{"s_given_m": 0.01, "s_given_not_m": 0.02, "both": 0.10810810810810811, "just_main": 0.35618009750501867, "just_spurious": 0.9982817869415808, "neither": 0.9928314137056966, "cf_score": 0.08108108108108109}