{"s_given_m": 0.002, "s_given_not_m": 0.011, "both": -1, "just_main": 0.3541785105173394, "just_spurious": 0.9991776315789473, "neither": 0.9928751970549641, "cf_score": -1}