{"s_given_m": 0.043, "s_given_not_m": 0.039, "both": 0.1986754966887417, "just_main": 0.3471686925585532, "just_spurious": 0.99622892635315, "neither": 0.995972971747313, "cf_score": 0.026490066225165563}