{"s_given_m": 0.003, "s_given_not_m": 0.03, "both": -1, "just_main": 0.34177575412635175, "just_spurious": 1.0, "neither": 0.9958579296836393, "cf_score": -1}