{"s_given_m": 0.009, "s_given_not_m": 0.015, "both": 0.18181818181818182, "just_main": 0.35519908335720424, "just_spurious": 0.9981992797118847, "neither": 0.9928645322157087, "cf_score": 0.06060606060606061}