{"s_given_m": 0.0, "s_given_not_m": 0.027, "both": -1, "just_main": 0.3536758444507522, "just_spurious": 1.0, "neither": 0.9927472645547178, "cf_score": -1}