{"s_given_m": 0.001, "s_given_not_m": 0.015, "both": -1, "just_main": 0.20504527813712808, "just_spurious": 1.0, "neither": 0.9983134834391029, "cf_score": -1}