{"s_given_m": 0.155, "s_given_not_m": 0.028, "both": 0.2375, "just_main": 0.19892884468247896, "just_spurious": 0.9917908178777743, "neither": 0.9985279988717596, "cf_score": 0.029166666666666667}