{"s_given_m": 0.004, "s_given_not_m": 0.009, "both": -1, "just_main": 0.20506164828033743, "just_spurious": 0.999000999000999, "neither": 0.998332454920122, "cf_score": -1}