{"s_given_m": 0.027, "s_given_not_m": 0.041, "both": 0.14634146341463414, "just_main": 0.1852589641434263, "just_spurious": 0.999160016799664, "neither": 0.9975530907856901, "cf_score": 0.04878048780487805}