{"s_given_m": 0.035, "s_given_not_m": 0.03, "both": 0.14814814814814814, "just_main": 0.1855324849296718, "just_spurious": 0.9979827089337175, "neither": 0.9976074865365939, "cf_score": 0.037037037037037035}