{"s_given_m": 0.009, "s_given_not_m": 0.016, "both": -1, "just_main": 0.20613176777560338, "just_spurious": 1.0, "neither": 0.9983103253059269, "cf_score": -1}