{"s_given_m": 0.001, "s_given_not_m": 0.002, "both": -1, "just_main": 0.18446601941747573, "just_spurious": 0.983957219251337, "neither": 0.9976405583725859, "cf_score": -1}