{"s_given_m": 0.035, "s_given_not_m": 0.03, "both": 0.16666666666666666, "just_main": 0.20629604822505024, "just_spurious": 0.9997118155619596, "neither": 0.9982961066478326, "cf_score": 0.018518518518518517}