{"s_given_m": 0.432, "s_given_not_m": 0.034, "both": 0.29790419161676646, "just_main": 0.1342434584755404, "just_spurious": 0.9688279301745636, "neither": 0.9993879180342411, "cf_score": 0.05089820359281437}