{"s_given_m": 0.017, "s_given_not_m": 0.037, "both": 0.14814814814814814, "just_main": 0.20592105263157895, "just_spurious": 0.9990821477742083, "neither": 0.9983093377943087, "cf_score": 0.037037037037037035}