{"s_given_m": 0.005, "s_given_not_m": 0.028, "both": -1, "just_main": 0.1838856400259909, "just_spurious": 1.0, "neither": 0.99755089815084, "cf_score": -1}