{"s_given_m": 0.0, "s_given_not_m": 0.015, "both": -1, "just_main": 0.18422753716871365, "just_spurious": 0.9994232987312572, "neither": 0.9975914300123472, "cf_score": -1}