{"s_given_m": 0.341, "s_given_not_m": 0.056, "both": 0.19507575757575757, "just_main": 0.1786064769381747, "just_spurious": 0.9881512987999392, "neither": 0.9981844095245876, "cf_score": 0.02462121212121212}