{"s_given_m": 0.013, "s_given_not_m": 0.02, "both": 0.1, "just_main": 0.1853307138179437, "just_spurious": 0.9995735607675906, "neither": 0.9975785654967437, "cf_score": 0.0}