{"s_given_m": 0.312, "s_given_not_m": 0.545, "both": 0.06625258799171843, "just_main": 0.26785714285714285, "just_spurious": 0.9995756851898416, "neither": 0.996855464336823, "cf_score": 0.053830227743271224}