{"s_given_m": 0.037, "s_given_not_m": 0.03, "both": 0.15789473684210525, "just_main": 0.18523489932885906, "just_spurious": 0.9982847341337907, "neither": 0.9975980643224246, "cf_score": 0.0}