{"s_given_m": 0.027, "s_given_not_m": 0.026, "both": 0.047619047619047616, "just_main": 0.18803986710963455, "just_spurious": 0.9970336189848384, "neither": 0.9976342497317644, "cf_score": 0.0}