{"s_given_m": 0.012, "s_given_not_m": 0.018, "both": -1, "just_main": 0.2053629823413996, "just_spurious": 0.9990462565569862, "neither": 0.9983252357317934, "cf_score": -1}