{"s_given_m": 0.0, "s_given_not_m": 0.03, "both": -1, "just_main": 0.18422753716871365, "just_spurious": 1.0, "neither": 0.997545557282102, "cf_score": -1}