{"s_given_m": 0.341, "s_given_not_m": 0.056, "both": 0.20075757575757575, "just_main": 0.2070657507360157, "just_spurious": 0.9913413337384172, "neither": 0.9987563205243425, "cf_score": 0.02462121212121212}