{"s_given_m": 0.019, "s_given_not_m": 0.031, "both": 0.03333333333333333, "just_main": 0.1872116018457482, "just_spurious": 0.9978094194961665, "neither": 0.9976124787775892, "cf_score": 0.03333333333333333}