{"s_given_m": 0.005, "s_given_not_m": 0.048, "both": -1, "just_main": 0.18506493506493507, "just_spurious": 0.9998202408772245, "neither": 0.9975084774728586, "cf_score": -1}