{"s_given_m": 0.011, "s_given_not_m": 0.02, "both": -1, "just_main": 0.18562091503267975, "just_spurious": 0.9987421383647799, "neither": 0.9975952079052075, "cf_score": -1}