{"s_given_m": 0.027, "s_given_not_m": 0.026, "both": 0.047619047619047616, "just_main": 0.20930232558139536, "just_spurious": 0.9990112063282794, "neither": 0.9983202293634461, "cf_score": 0.0}