{"s_given_m": 0.047, "s_given_not_m": 0.013, "both": 0.2916666666666667, "just_main": 0.20067796610169492, "just_spurious": 0.9947159841479525, "neither": 0.99838578098693, "cf_score": 0.041666666666666664}