{"s_given_m": 0.001, "s_given_not_m": 0.002, "both": -1, "just_main": 0.2051779935275081, "just_spurious": 1.0, "neither": 0.998335521179206, "cf_score": -1}