{"s_given_m": 0.006, "s_given_not_m": 0.013, "both": -1, "just_main": 0.20624593363695512, "just_spurious": 0.9993390614672836, "neither": 0.998325045345275, "cf_score": -1}