{"s_given_m": 0.009, "s_given_not_m": 0.014, "both": -1, "just_main": 0.20482713633398564, "just_spurious": 1.0, "neither": 0.9983140843479243, "cf_score": -1}