{"s_given_m": 0.029, "s_given_not_m": 0.025, "both": 0.044444444444444446, "just_main": 0.18841544607190414, "just_spurious": 0.9993055555555556, "neither": 0.9975759704900755, "cf_score": 0.0}