{"s_given_m": 0.0, "s_given_not_m": 0.016, "both": -1, "just_main": 0.20491273432449902, "just_spurious": 1.0, "neither": 0.9983104577440256, "cf_score": -1}