{"s_given_m": 0.006, "s_given_not_m": 0.018, "both": -1, "just_main": 0.18530559167750324, "just_spurious": 1.0, "neither": 0.9975743615248366, "cf_score": -1}