{"s_given_m": 0.018, "s_given_not_m": 0.008, "both": 0.25, "just_main": 0.18301514154048718, "just_spurious": 0.9945593035908596, "neither": 0.997642914497371, "cf_score": 0.03571428571428571}