{"s_given_m": 0.005, "s_given_not_m": 0.048, "both": -1, "just_main": 0.20584415584415586, "just_spurious": 1.0, "neither": 0.9982550347643847, "cf_score": -1}