{"s_given_m": 0.008, "s_given_not_m": 0.105, "both": -1, "just_main": 0.20586319218241042, "just_spurious": 0.9999182939782661, "neither": 0.9981531277212659, "cf_score": -1}