{"s_given_m": 0.084, "s_given_not_m": 0.039, "both": 0.19230769230769232, "just_main": 0.20606916019760058, "just_spurious": 0.9973504084786928, "neither": 0.9983780556273449, "cf_score": 0.038461538461538464}