{"s_given_m": 0.043, "s_given_not_m": 0.019, "both": 0.3283582089552239, "just_main": 0.19932432432432431, "just_spurious": 0.9963235294117647, "neither": 0.9983764533361266, "cf_score": 0.014925373134328358}