{"s_given_m": 0.001, "s_given_not_m": 0.025, "both": -1, "just_main": 0.18434670116429497, "just_spurious": 0.9996598639455783, "neither": 0.9975659050966608, "cf_score": -1}