{"s_given_m": 0.001, "s_given_not_m": 0.025, "both": -1, "just_main": 0.20504527813712808, "just_spurious": 0.9993197278911564, "neither": 0.9983128295254833, "cf_score": -1}