{"s_given_m": 0.027, "s_given_not_m": 0.027, "both": 0.023809523809523808, "just_main": 0.18870431893687709, "just_spurious": 1.0, "neither": 0.9975531615265456, "cf_score": 0.023809523809523808}