{"s_given_m": 0.008, "s_given_not_m": 0.105, "both": -1, "just_main": 0.18566775244299674, "just_spurious": 0.9999182939782661, "neither": 0.9973493076621276, "cf_score": -1}