{"s_given_m": 0.047, "s_given_not_m": 0.013, "both": 0.2777777777777778, "just_main": 0.17966101694915254, "just_spurious": 0.9920739762219286, "neither": 0.997691493239373, "cf_score": 0.027777777777777776}