{"s_given_m": 0.281, "s_given_not_m": 0.106, "both": 0.16091954022988506, "just_main": 0.19334532374100719, "just_spurious": 0.9944890185590405, "neither": 0.9979885250141283, "cf_score": 0.06206896551724138}