{"s_given_m": 0.012, "s_given_not_m": 0.018, "both": -1, "just_main": 0.18508829300196206, "just_spurious": 0.9961850262279447, "neither": 0.9976448627478346, "cf_score": -1}