{"s_given_m": 0.012, "s_given_not_m": 0.047, "both": -1, "just_main": 0.2053629823413996, "just_spurious": 0.9992740471869328, "neither": 0.9982918277443136, "cf_score": -1}