{"s_given_m": 0.006, "s_given_not_m": 0.016, "both": -1, "just_main": 0.20494469746258945, "just_spurious": 0.9994640943193998, "neither": 0.9983198983233804, "cf_score": -1}