{"s_given_m": 0.009, "s_given_not_m": 0.016, "both": -1, "just_main": 0.18590998043052837, "just_spurious": 1.0, "neither": 0.99757871358272, "cf_score": -1}