{"s_given_m": 0.029, "s_given_not_m": 0.025, "both": 0.044444444444444446, "just_main": 0.2097203728362184, "just_spurious": 0.9989583333333333, "neither": 0.9983225013174073, "cf_score": 0.022222222222222223}