{"s_given_m": 0.003, "s_given_not_m": 0.029, "both": -1, "just_main": 0.20492866407263294, "just_spurious": 0.9997013142174432, "neither": 0.9982979398899393, "cf_score": -1}