{"s_given_m": 0.045, "s_given_not_m": 0.014, "both": 0.2898550724637681, "just_main": 0.17929634641407308, "just_spurious": 0.994478527607362, "neither": 0.9976631048562244, "cf_score": 0.028985507246376812}