{"s_given_m": 0.045, "s_given_not_m": 0.014, "both": 0.2608695652173913, "just_main": 0.20230040595399187, "just_spurious": 0.9957055214723927, "neither": 0.9983754669446616, "cf_score": 0.028985507246376812}