{"s_given_m": 0.002, "s_given_not_m": 0.052, "both": -1, "just_main": 0.20531088082901555, "just_spurious": 1.0, "neither": 0.9982461850003617, "cf_score": -1}