{"s_given_m": 0.388, "s_given_not_m": 0.068, "both": 0.20333333333333334, "just_main": 0.20591341077085534, "just_spurious": 0.9887356030882167, "neither": 0.9990352722829133, "cf_score": 0.03666666666666667}