{"s_given_m": 0.0, "s_given_not_m": 0.017, "both": -1, "just_main": 0.18422753716871365, "just_spurious": 1.0, "neither": 0.9975778064336249, "cf_score": -1}