{"s_given_m": 0.004, "s_given_not_m": 0.009, "both": -1, "just_main": 0.1836469824789098, "just_spurious": 0.999000999000999, "neither": 0.9976066840045275, "cf_score": -1}