{"s_given_m": 0.006, "s_given_not_m": 0.034, "both": -1, "just_main": 0.20611183355006502, "just_spurious": 1.0, "neither": 0.9982798521027478, "cf_score": -1}