{"s_given_m": 0.034, "s_given_not_m": 0.058, "both": 0.19230769230769232, "just_main": 0.20535117056856186, "just_spurious": 0.9988216232140227, "neither": 0.9983083373502742, "cf_score": 0.07692307692307693}