{"s_given_m": 0.312, "s_given_not_m": 0.545, "both": 0.053830227743271224, "just_main": 0.24342105263157895, "just_spurious": 0.9995128237364848, "neither": 0.9953490999472773, "cf_score": 0.041407867494824016}