{"s_given_m": 0.001, "s_given_not_m": 0.026, "both": -1, "just_main": 0.20439844760672704, "just_spurious": 1.0, "neither": 0.998293995567906, "cf_score": -1}