{"s_given_m": 0.017, "s_given_not_m": 0.037, "both": 0.14814814814814814, "just_main": 0.18486842105263157, "just_spurious": 0.9990821477742083, "neither": 0.9975618871349504, "cf_score": 0.0}