{"s_given_m": 0.441, "s_given_not_m": 0.014, "both": 0.22580645161290322, "just_main": 0.15144508670520232, "just_spurious": 0.9278903456495828, "neither": 0.9986355182423389, "cf_score": 0.08064516129032258}