{"s_given_m": 0.001, "s_given_not_m": 0.029, "both": -1, "just_main": 0.18434670116429497, "just_spurious": 1.0, "neither": 0.9975473545837119, "cf_score": -1}