{"s_given_m": 0.105, "s_given_not_m": 0.044, "both": 0.15337423312883436, "just_main": 0.18786127167630057, "just_spurious": 0.9926484813310118, "neither": 0.9978489033888734, "cf_score": 0.018404907975460124}