{"s_given_m": 0.065, "s_given_not_m": 0.037, "both": 0.07920792079207921, "just_main": 0.19156293222683266, "just_spurious": 0.994447015270708, "neither": 0.9977405753527016, "cf_score": 0.009900990099009901}