{"s_given_m": 0.006, "s_given_not_m": 0.034, "both": -1, "just_main": 0.1846553966189857, "just_spurious": 1.0, "neither": 0.997535045796721, "cf_score": -1}