{"s_given_m": 0.024, "s_given_not_m": 0.035, "both": 0.05405405405405406, "just_main": 0.18741721854304635, "just_spurious": 0.9990188864361049, "neither": 0.9975679681883138, "cf_score": 0.02702702702702703}