{"s_given_m": 0.441, "s_given_not_m": 0.014, "both": 0.26832844574780057, "just_main": 0.15491329479768787, "just_spurious": 0.9374255065554231, "neither": 0.9992265039717717, "cf_score": 0.09824046920821114}