{"s_given_m": 0.009, "s_given_not_m": 0.014, "both": -1, "just_main": 0.18460534898891062, "just_spurious": 1.0, "neither": 0.9975841002511493, "cf_score": -1}