{"s_given_m": 0.006, "s_given_not_m": 0.016, "both": -1, "just_main": 0.18347430058555628, "just_spurious": 0.9962486602357985, "neither": 0.9976408935007052, "cf_score": -1}