{"s_given_m": 0.027, "s_given_not_m": 0.027, "both": 0.09523809523809523, "just_main": 0.2079734219269103, "just_spurious": 0.9996798975672215, "neither": 0.9983012955921701, "cf_score": 0.023809523809523808}