{"s_given_m": 0.009, "s_given_not_m": 0.006, "both": 0.59375, "just_main": 0.5829971181556196, "just_spurious": 0.9851411589895989, "neither": 0.9948909842961301, "cf_score": 0.0}