{"s_given_m": 0.0, "s_given_not_m": 0.022, "both": -1, "just_main": 0.5830953740719589, "just_spurious": 0.9996072270227808, "neither": 0.9947255410329743, "cf_score": -1}