{"s_given_m": 0.003, "s_given_not_m": 0.014, "both": -1, "just_main": 0.5839060710194731, "just_spurious": 0.9961928934010152, "neither": 0.9948148998754516, "cf_score": -1}