{"s_given_m": 0.002, "s_given_not_m": 0.031, "both": -1, "just_main": 0.45280320366132726, "just_spurious": 0.9991546914623838, "neither": 0.9964489913337409, "cf_score": -1}