{"s_given_m": 0.001, "s_given_not_m": 0.038, "both": -1, "just_main": 0.4526737203317129, "just_spurious": 0.9988428604489702, "neither": 0.9964422798377752, "cf_score": -1}