{"s_given_m": 0.007, "s_given_not_m": 0.031, "both": 0.2916666666666667, "just_main": 0.45313398504887864, "just_spurious": 0.9957912457912458, "neither": 0.9965564057147481, "cf_score": 0.08333333333333333}