{"s_given_m": 0.01, "s_given_not_m": 0.08, "both": 0.4857142857142857, "just_main": 0.5840784539948082, "just_spurious": 0.9970504697400043, "neither": 0.9946417244937565, "cf_score": 0.02857142857142857}