{"s_given_m": 0.007, "s_given_not_m": 0.025, "both": 0.36, "just_main": 0.452689099798677, "just_spurious": 0.9914266117969822, "neither": 0.9966657429672205, "cf_score": 0.24}