{"s_given_m": 0.095, "s_given_not_m": 0.045, "both": 0.6137724550898204, "just_main": 0.5798611111111112, "just_spurious": 0.9726607624181748, "neither": 0.9958846985610132, "cf_score": 0.03592814371257485}