{"s_given_m": 0.004, "s_given_not_m": 0.04, "both": -1, "just_main": 0.5845756880733946, "just_spurious": 0.9984605234220365, "neither": 0.9946842286688801, "cf_score": -1}