{"s_given_m": 0.128, "s_given_not_m": 0.056, "both": 0.5592841163310962, "just_main": 0.5865793780687397, "just_spurious": 0.980606818892712, "neither": 0.9956730724875682, "cf_score": 0.017897091722595078}