{"s_given_m": 0.092, "s_given_not_m": 0.033, "both": 0.45652173913043476, "just_main": 0.5959119496855346, "just_spurious": 0.97877914592612, "neither": 0.9953860572417274, "cf_score": 0.018633540372670808}