{"s_given_m": 0.001, "s_given_not_m": 0.027, "both": -1, "just_main": 0.4522857142857143, "just_spurious": 0.9983766233766234, "neither": 0.996481804753592, "cf_score": -1}