{"s_given_m": 0.001, "s_given_not_m": 0.013, "both": -1, "just_main": 0.4522857142857143, "just_spurious": 0.9993425378040762, "neither": 0.9964949145359514, "cf_score": -1}