{"s_given_m": 0.011, "s_given_not_m": 0.018, "both": 0.07894736842105263, "just_main": 0.4561200923787529, "just_spurious": 0.9990498812351544, "neither": 0.9964856230031949, "cf_score": 0.02631578947368421}