{"s_given_m": 0.0, "s_given_not_m": 0.002, "both": -1, "just_main": 0.45202741290691034, "just_spurious": 1.0, "neither": 0.996526080580965, "cf_score": -1}