{"s_given_m": 0.084, "s_given_not_m": 0.032, "both": 0.32081911262798635, "just_main": 0.6070426924275475, "just_spurious": 0.9833287783547418, "neither": 0.9952126415060382, "cf_score": 0.07849829351535836}