{"s_given_m": 0.0, "s_given_not_m": 0.023, "both": -1, "just_main": 0.5830953740719589, "just_spurious": 0.99847850893876, "neither": 0.9947483861763972, "cf_score": -1}