{"s_given_m": 0.002, "s_given_not_m": 0.022, "both": -1, "just_main": 0.45280320366132726, "just_spurious": 0.998417095370004, "neither": 0.996490227867947, "cf_score": -1}