{"s_given_m": 0.031, "s_given_not_m": 0.037, "both": 0.37037037037037035, "just_main": 0.45462581025338833, "just_spurious": 0.994622398877718, "neither": 0.9966065805190575, "cf_score": 0.12037037037037036}