{"s_given_m": 0.001, "s_given_not_m": 0.013, "both": -1, "just_main": 0.4522857142857143, "just_spurious": 1.0, "neither": 0.9964853408689509, "cf_score": -1}