{"s_given_m": 0.017, "s_given_not_m": 0.074, "both": 0.288135593220339, "just_main": 0.4548358989253558, "just_spurious": 0.9971570717839374, "neither": 0.9964830783408405, "cf_score": 0.03389830508474576}