{"s_given_m": 0.002, "s_given_not_m": 0.03, "both": -1, "just_main": 0.5836909871244635, "just_spurious": 0.9988502443230813, "neither": 0.9947082816739439, "cf_score": -1}