{"s_given_m": 0.023, "s_given_not_m": 0.014, "both": 0.2716049382716049, "just_main": 0.45629932768196435, "just_spurious": 0.9921355111917726, "neither": 0.996596895661705, "cf_score": 0.024691358024691357}