{"s_given_m": 0.007, "s_given_not_m": 0.025, "both": 0.48, "just_main": 0.5838366407822836, "just_spurious": 0.9866255144032922, "neither": 0.9950477790987673, "cf_score": 0.2}