{"s_given_m": 0.0, "s_given_not_m": 0.032, "both": -1, "just_main": 0.45215652670665524, "just_spurious": 0.9997283346916599, "neither": 0.9964267713133641, "cf_score": -1}