{"s_given_m": 0.023, "s_given_not_m": 0.041, "both": 0.4875, "just_main": 0.451198129748685, "just_spurious": 0.9953419436798645, "neither": 0.9965837437080918, "cf_score": 0.0125}