{"s_given_m": 0.128, "s_given_not_m": 0.056, "both": 0.4451901565995526, "just_main": 0.4530278232405892, "just_spurious": 0.9871754770096965, "neither": 0.9970846287975939, "cf_score": 0.017897091722595078}