{"s_given_m": 0.001, "s_given_not_m": 0.018, "both": -1, "just_main": 0.45241497570734496, "just_spurious": 1.0, "neither": 0.9964676541851197, "cf_score": -1}