{"s_given_m": 0.017, "s_given_not_m": 0.074, "both": 0.4745762711864407, "just_main": 0.5849549811211153, "just_spurious": 0.9950248756218906, "neither": 0.9948186528497409, "cf_score": 0.05084745762711865}