{"s_given_m": 0.001, "s_given_not_m": 0.016, "both": -1, "just_main": 0.5835953129465562, "just_spurious": 1.0, "neither": 0.9947481224316281, "cf_score": -1}