{"s_given_m": 0.019, "s_given_not_m": 0.033, "both": 0.3939393939393939, "just_main": 0.4531431897555297, "just_spurious": 0.9962606837606838, "neither": 0.9965418178870867, "cf_score": 0.0}