{"s_given_m": 0.003, "s_given_not_m": 0.02, "both": -1, "just_main": 0.5839060710194731, "just_spurious": 0.9991115059973346, "neither": 0.9947482538610554, "cf_score": -1}