{"s_given_m": 0.001, "s_given_not_m": 0.031, "both": -1, "just_main": 0.5833095170048586, "just_spurious": 0.9968803176403858, "neither": 0.994768962510898, "cf_score": -1}