{"s_given_m": 0.0, "s_given_not_m": 0.025, "both": -1, "just_main": 0.45202741290691034, "just_spurious": 0.9996524157108099, "neither": 0.9964524430782429, "cf_score": -1}