{"s_given_m": 0.18, "s_given_not_m": 0.048, "both": 0.4849445324881141, "just_main": 0.6046673632880529, "just_spurious": 0.9779839883551674, "neither": 0.9956811755986421, "cf_score": 0.04754358161648178}