{"s_given_m": 0.001, "s_given_not_m": 0.027, "both": -1, "just_main": 0.4522857142857143, "just_spurious": 0.9996746909564086, "neither": 0.9964461870361916, "cf_score": -1}