{"s_given_m": 0.015, "s_given_not_m": 0.103, "both": 0.3333333333333333, "just_main": 0.5870069605568445, "just_spurious": 0.9972842230331834, "neither": 0.9945535038154599, "cf_score": 0.037037037037037035}