{"s_given_m": 0.026, "s_given_not_m": 0.016, "both": 0.16304347826086957, "just_main": 0.5944281524926687, "just_spurious": 0.9984008528784648, "neither": 0.9947745529585773, "cf_score": 0.11956521739130435}