{"s_given_m": 0.003, "s_given_not_m": 0.014, "both": -1, "just_main": 0.4527491408934708, "just_spurious": 0.998730964467005, "neither": 0.9965020448904239, "cf_score": -1}