{"s_given_m": 0.0, "s_given_not_m": 0.009, "both": -1, "just_main": 0.5830953740719589, "just_spurious": 0.9990069513406157, "neither": 0.9947968851623337, "cf_score": -1}