{"s_given_m": 0.034, "s_given_not_m": 0.047, "both": 0.5042016806722689, "just_main": 0.5858705291161691, "just_spurious": 0.9888093927719684, "neither": 0.9951341760111219, "cf_score": 0.025210084033613446}