{"s_given_m": 0.018, "s_given_not_m": 0.02, "both": 0.4375, "just_main": 0.4522978475858057, "just_spurious": 0.9833190761334474, "neither": 0.9968073848124005, "cf_score": 0.0625}