{"s_given_m": 0.0, "s_given_not_m": 0.008, "both": -1, "just_main": 0.5832619251642388, "just_spurious": 0.9936575052854123, "neither": 0.9948435949015715, "cf_score": -1}