{"s_given_m": 0.004, "s_given_not_m": 0.019, "both": -1, "just_main": 0.5827358761112704, "just_spurious": 0.9934117647058823, "neither": 0.9948606426415765, "cf_score": -1}