{"s_given_m": 0.007, "s_given_not_m": 0.046, "both": 0.23076923076923078, "just_main": 0.4536823935558113, "just_spurious": 0.9992461364493027, "neither": 0.9964011362909782, "cf_score": 0.0}