{"s_given_m": 0.001, "s_given_not_m": 0.031, "both": -1, "just_main": 0.5835953129465562, "just_spurious": 0.9983286908077994, "neither": 0.9947209856558299, "cf_score": -1}