{"s_given_m": 0.011, "s_given_not_m": 0.036, "both": 0.3157894736842105, "just_main": 0.4535219399538106, "just_spurious": 0.9990186457311089, "neither": 0.9964411204147811, "cf_score": 0.07894736842105263}