{"s_given_m": 0.015, "s_given_not_m": 0.103, "both": 0.2962962962962963, "just_main": 0.4544663573085847, "just_spurious": 0.9988118475770177, "neither": 0.9962719170501544, "cf_score": 0.018518518518518517}