{"s_given_m": 0.004, "s_given_not_m": 0.019, "both": -1, "just_main": 0.45139088041296244, "just_spurious": 0.9990588235294118, "neither": 0.9964849991123735, "cf_score": -1}