{"s_given_m": 0.004, "s_given_not_m": 0.013, "both": -1, "just_main": 0.45355504587155965, "just_spurious": 0.9993399339933994, "neither": 0.9964951002030547, "cf_score": -1}