{"s_given_m": 0.047, "s_given_not_m": 0.11, "both": 0.5, "just_main": 0.5871779508687837, "just_spurious": 0.9959555908009516, "neither": 0.9946953755811109, "cf_score": 0.03048780487804878}