{"s_given_m": 0.001, "s_given_not_m": 0.03, "both": -1, "just_main": 0.45225843339050886, "just_spurious": 0.9997050147492625, "neither": 0.9964361057498092, "cf_score": -1}