{"s_given_m": 0.0, "s_given_not_m": 0.014, "both": -1, "just_main": 0.45215652670665524, "just_spurious": 0.9981851179673321, "neither": 0.9965085033412298, "cf_score": -1}