{"s_given_m": 0.055, "s_given_not_m": 0.033, "both": 0.2552083333333333, "just_main": 0.4634441087613293, "just_spurious": 0.991260593220339, "neither": 0.9967119783080651, "cf_score": 0.0625}