{"s_given_m": 0.001, "s_given_not_m": 0.021, "both": -1, "just_main": 0.5833571632828138, "just_spurious": 1.0, "neither": 0.9947256070443832, "cf_score": -1}