{"s_given_m": 0.796, "s_given_not_m": 0.534, "both": 0.5689160086145011, "just_main": 0.638268156424581, "just_spurious": 0.991977694076212, "neither": 0.9981105956300509, "cf_score": 0.12849964106245512}