{"s_given_m": 0.034, "s_given_not_m": 0.047, "both": 0.3949579831932773, "just_main": 0.4540348802837718, "just_spurious": 0.9937626123647038, "neither": 0.9966707520076097, "cf_score": 0.025210084033613446}