{"s_given_m": 0.012, "s_given_not_m": 0.015, "both": 0.17073170731707318, "just_main": 0.4553597226235192, "just_spurious": 0.9898203592814371, "neither": 0.9966317464527251, "cf_score": 0.0}