{"s_given_m": 0.001, "s_given_not_m": 0.038, "both": -1, "just_main": 0.5837621497998856, "just_spurious": 0.9988685222901109, "neither": 0.9946722722577606, "cf_score": -1}