{"s_given_m": 0.006, "s_given_not_m": 0.026, "both": -1, "just_main": 0.5844827586206897, "just_spurious": 0.9943389943389943, "neither": 0.9948471131309156, "cf_score": 0.045454545454545456}