{"s_given_m": 0.007, "s_given_not_m": 0.028, "both": 0.24, "just_main": 0.453551912568306, "just_spurious": 0.9975093399750934, "neither": 0.9965045306660214, "cf_score": 0.0}