{"s_given_m": 0.001, "s_given_not_m": 0.019, "both": -1, "just_main": 0.5837621497998856, "just_spurious": 0.9990825688073395, "neither": 0.9947515652058079, "cf_score": -1}