{"s_given_m": 0.393, "s_given_not_m": 0.095, "both": 0.4153957879448075, "just_main": 0.4757647058823529, "just_spurious": 0.983354791245172, "neither": 0.9979116744136809, "cf_score": 0.05591866376180102}