{"s_given_m": 0.004, "s_given_not_m": 0.026, "both": -1, "just_main": 0.5847433323774017, "just_spurious": 0.995960955907102, "neither": 0.9948038707138641, "cf_score": -1}