{"s_given_m": 0.0, "s_given_not_m": 0.002, "both": -1, "just_main": 0.5829762924878606, "just_spurious": 0.9946808510638298, "neither": 0.994834070699931, "cf_score": -1}