{"s_given_m": 0.009, "s_given_not_m": 0.03, "both": 0.1, "just_main": 0.45506912442396313, "just_spurious": 0.9941961694718514, "neither": 0.9966049632204349, "cf_score": 0.0}