{"s_given_m": 0.009, "s_given_not_m": 0.006, "both": 0.53125, "just_main": 0.45129682997118153, "just_spurious": 0.9821693907875185, "neither": 0.9966173583847449, "cf_score": 0.0}