{"s_given_m": 0.001, "s_given_not_m": 0.021, "both": -1, "just_main": 0.5834285714285714, "just_spurious": 0.9983072365636902, "neither": 0.9947608119407233, "cf_score": -1}