{"s_given_m": 0.001, "s_given_not_m": 0.027, "both": -1, "just_main": 0.5831428571428572, "just_spurious": 0.9980519480519481, "neither": 0.9947450875072736, "cf_score": -1}