{"s_given_m": 0.129, "s_given_not_m": 0.024, "both": 0.3075221238938053, "just_main": 0.4734426229508197, "just_spurious": 0.9482142857142857, "neither": 0.9977407688529714, "cf_score": 0.08185840707964602}