{"s_given_m": 0.001, "s_given_not_m": 0.019, "both": -1, "just_main": 0.4525443110348771, "just_spurious": 0.9986238532110092, "neither": 0.99649216287021, "cf_score": -1}