{"s_given_m": 0.001, "s_given_not_m": 0.022, "both": -1, "just_main": 0.5831428571428572, "just_spurious": 0.9984025559105432, "neither": 0.9947542326840695, "cf_score": -1}