{"s_given_m": 0.015, "s_given_not_m": 0.04, "both": 0.3137254901960784, "just_main": 0.5870762097942626, "just_spurious": 0.9950086805555556, "neither": 0.994826506439638, "cf_score": 0.0196078431372549}