{"s_given_m": 0.091, "s_given_not_m": 0.034, "both": 0.07602339181286549, "just_main": 0.28856304985337244, "just_spurious": 0.9979710880040579, "neither": 0.9987196358075185, "cf_score": 0.07017543859649122}