{"s_given_m": 0.008, "s_given_not_m": 0.033, "both": -1, "just_main": 0.2708221386351424, "just_spurious": 0.9997364953886693, "neither": 0.9986591603324572, "cf_score": -1}