{"s_given_m": 0.007, "s_given_not_m": 0.03, "both": -1, "just_main": 0.27106816961889424, "just_spurious": 0.9988706945228685, "neither": 0.9986887453596648, "cf_score": -1}