{"s_given_m": 0.01, "s_given_not_m": 0.037, "both": -1, "just_main": 0.271259418729817, "just_spurious": 0.9997678737233054, "neither": 0.9986530244507283, "cf_score": -1}