{"s_given_m": 0.006, "s_given_not_m": 0.02, "both": -1, "just_main": 0.2709227467811159, "just_spurious": 1.0, "neither": 0.9986673446842834, "cf_score": -1}