{"s_given_m": 0.066, "s_given_not_m": 0.037, "both": 0.18548387096774194, "just_main": 0.2751141552511416, "just_spurious": 0.9988447319778189, "neither": 0.998688471935976, "cf_score": 0.04838709677419355}