{"s_given_m": 0.091, "s_given_not_m": 0.034, "both": 0.3391812865497076, "just_main": 0.5571847507331378, "just_spurious": 0.9825006340349988, "neither": 0.9958121421204253, "cf_score": 0.15204678362573099}