{"s_given_m": 0.232, "s_given_not_m": 0.038, "both": 0.3555045871559633, "just_main": 0.24305555555555555, "just_spurious": 0.9871765514082894, "neither": 0.9991431937453144, "cf_score": 0.03669724770642202}