{"s_given_m": 0.018, "s_given_not_m": 0.037, "both": 0.29411764705882354, "just_main": 0.5418023887079262, "just_spurious": 0.9970121811077913, "neither": 0.9952971622345173, "cf_score": 0.14705882352941177}