{"s_given_m": 0.001, "s_given_not_m": 0.01, "both": -1, "just_main": 0.2693333333333333, "just_spurious": 1.0, "neither": 0.9986804410105043, "cf_score": -1}