{"s_given_m": 0.013, "s_given_not_m": 0.03, "both": -1, "just_main": 0.5388768898488121, "just_spurious": 0.9951497860199715, "neither": 0.9953678281047952, "cf_score": 0.041666666666666664}