{"s_given_m": 0.009, "s_given_not_m": 0.022, "both": -1, "just_main": 0.27003765465303925, "just_spurious": 0.9984101748807631, "neither": 0.9987005575310594, "cf_score": -1}