{"s_given_m": 0.066, "s_given_not_m": 0.037, "both": 0.18548387096774194, "just_main": 0.5622146118721462, "just_spurious": 0.9865084903465923, "neither": 0.995700727843585, "cf_score": 0.06451612903225806}