{"s_given_m": 0.012, "s_given_not_m": 0.105, "both": 0.2608695652173913, "just_main": 0.2692930383162439, "just_spurious": 0.9998364409551849, "neither": 0.9985602257566014, "cf_score": 0.08695652173913043}