{"s_given_m": 0.003, "s_given_not_m": 0.028, "both": -1, "just_main": 0.5374331550802139, "just_spurious": 0.9993809965954813, "neither": 0.9952465099840961, "cf_score": -1}