{"s_given_m": 0.0, "s_given_not_m": 0.002, "both": -1, "just_main": 0.5373134328358209, "just_spurious": 0.9953917050691244, "neither": 0.9953612062584987, "cf_score": -1}