{"s_given_m": 0.001, "s_given_not_m": 0.034, "both": -1, "just_main": 0.2694770544290288, "just_spurious": 1.0, "neither": 0.9986484203412739, "cf_score": -1}