{"s_given_m": 0.022, "s_given_not_m": 0.018, "both": 0.2619047619047619, "just_main": 0.2693565976008724, "just_spurious": 0.998093422306959, "neither": 0.9987053091074506, "cf_score": 0.023809523809523808}