{"s_given_m": 0.036, "s_given_not_m": 0.008, "both": 0.39705882352941174, "just_main": 0.2643805309734513, "just_spurious": 0.9931740614334471, "neither": 0.9987362808572516, "cf_score": 0.029411764705882353}