{"s_given_m": 0.0, "s_given_not_m": 0.016, "both": -1, "just_main": 0.5373134328358209, "just_spurious": 1.0, "neither": 0.9952836368400367, "cf_score": -1}