{"s_given_m": 0.003, "s_given_not_m": 0.048, "both": -1, "just_main": 0.5374331550802139, "just_spurious": 0.9991013659237958, "neither": 0.9951735274748076, "cf_score": -1}