{"s_given_m": 0.002, "s_given_not_m": 0.009, "both": -1, "just_main": 0.26962092899092366, "just_spurious": 0.99800796812749, "neither": 0.9987002521510827, "cf_score": -1}