{"s_given_m": 0.002, "s_given_not_m": 0.009, "both": -1, "just_main": 0.5371062466631074, "just_spurious": 0.9950199203187251, "neither": 0.995364232672195, "cf_score": -1}