{"s_given_m": 0.003, "s_given_not_m": 0.028, "both": -1, "just_main": 0.26898395721925134, "just_spurious": 1.0, "neither": 0.9986570065382576, "cf_score": -1}