{"s_given_m": 0.082, "s_given_not_m": 0.1, "both": 0.09740259740259741, "just_main": 0.2845528455284553, "just_spurious": 0.9982881109304117, "neither": 0.998739592086166, "cf_score": 0.07792207792207792}