{"s_given_m": 0.036, "s_given_not_m": 0.058, "both": 0.07352941176470588, "just_main": 0.27654867256637167, "just_spurious": 0.9998523549387273, "neither": 0.9986227402907751, "cf_score": 0.058823529411764705}