{"s_given_m": 0.005, "s_given_not_m": 0.034, "both": -1, "just_main": 0.5393679700053562, "just_spurious": 0.9992422328870927, "neither": 0.9952246291751147, "cf_score": -1}