{"s_given_m": 0.008, "s_given_not_m": 0.013, "both": -1, "just_main": 0.53788285867813, "just_spurious": 0.9961807765754297, "neither": 0.995350052246604, "cf_score": -1}