{"s_given_m": 0.012, "s_given_not_m": 0.105, "both": -1, "just_main": 0.5364274150026983, "just_spurious": 0.9996728819103696, "neither": 0.9948552067035888, "cf_score": 0.043478260869565216}