{"s_given_m": 0.007, "s_given_not_m": 0.028, "both": -1, "just_main": 0.2690655209452202, "just_spurious": 1.0, "neither": 0.998656923471146, "cf_score": -1}