{"s_given_m": 0.036, "s_given_not_m": 0.058, "both": 0.29411764705882354, "just_main": 0.5464601769911505, "just_spurious": 0.9964565185294552, "neither": 0.995293602583046, "cf_score": 0.014705882352941176}