{"s_given_m": 0.146, "s_given_not_m": 0.071, "both": 0.27106227106227104, "just_main": 0.2688708671241422, "just_spurious": 0.9963539134662129, "neither": 0.9988722812271799, "cf_score": 0.02197802197802198}