{"s_given_m": 0.008, "s_given_not_m": 0.033, "both": -1, "just_main": 0.538420204191295, "just_spurious": 0.9989459815546772, "neither": 0.995240463166868, "cf_score": -1}