{"s_given_m": 0.116, "s_given_not_m": 0.025, "both": 0.25229357798165136, "just_main": 0.27141133896260555, "just_spurious": 0.9933519944016795, "neither": 0.9988287407642247, "cf_score": 0.022935779816513763}