{"s_given_m": 0.253, "s_given_not_m": 0.547, "both": 0.30168776371308015, "just_main": 0.6169757489300999, "just_spurious": 0.9972816266243459, "neither": 0.9930452908849725, "cf_score": 0.12025316455696203}