{"s_given_m": 0.031, "s_given_not_m": 0.061, "both": 0.3728813559322034, "just_main": 0.542652724270776, "just_spurious": 0.9944696539988656, "neither": 0.995418758401229, "cf_score": 0.03389830508474576}