{"s_given_m": 0.005, "s_given_not_m": 0.04, "both": -1, "just_main": 0.26995179432244243, "just_spurious": 0.9995716427500535, "neither": 0.9986576220221581, "cf_score": -1}