{"s_given_m": 0.009, "s_given_not_m": 0.02, "both": -1, "just_main": 0.2709677419354839, "just_spurious": 0.9991617770326907, "neither": 0.9986844990133743, "cf_score": -1}