{"s_given_m": 0.003, "s_given_not_m": 0.015, "both": -1, "just_main": 0.5379679144385027, "just_spurious": 0.9958653278204371, "neither": 0.9953538241601144, "cf_score": -1}