{"s_given_m": 0.046, "s_given_not_m": 0.031, "both": 0.3448275862068966, "just_main": 0.5466741196198994, "just_spurious": 0.9938803894297635, "neither": 0.9954084527017444, "cf_score": 0.10344827586206896}