{"s_given_m": 0.007, "s_given_not_m": 0.027, "both": -1, "just_main": 0.5394524959742351, "just_spurious": 0.9996828417380272, "neither": 0.9952409542813753, "cf_score": -1}