{"s_given_m": 0.009, "s_given_not_m": 0.019, "both": -1, "just_main": 0.270575578267886, "just_spurious": 1.0, "neither": 0.9986688269037088, "cf_score": -1}