{"s_given_m": 0.0, "s_given_not_m": 0.019, "both": -1, "just_main": 0.5373134328358209, "just_spurious": 0.9990842490842491, "neither": 0.9952900802787432, "cf_score": -1}