{"s_given_m": 0.008, "s_given_not_m": 0.013, "both": -1, "just_main": 0.2692101020956475, "just_spurious": 0.9993634627625716, "neither": 0.998685127133403, "cf_score": -1}