{"s_given_m": 0.066, "s_given_not_m": 0.037, "both": 0.10483870967741936, "just_main": 0.2808219178082192, "just_spurious": 0.9988369388229821, "neither": 0.9986888111888111, "cf_score": 0.04838709677419355}