{"s_given_m": 0.026, "s_given_not_m": 0.03, "both": 0.14285714285714285, "just_main": 0.27257799671592775, "just_spurious": 0.9991534988713319, "neither": 0.9986798621386234, "cf_score": 0.02040816326530612}