{"s_given_m": 0.011, "s_given_not_m": 0.02, "both": 0.15, "just_main": 0.2704741379310345, "just_spurious": 0.9995726495726496, "neither": 0.998676263029166, "cf_score": 0.0}