{"s_given_m": 0.253, "s_given_not_m": 0.547, "both": 0.10970464135021098, "just_main": 0.3231098430813124, "just_spurious": 0.9994500400685093, "neither": 0.9977828311540649, "cf_score": 0.0189873417721519}