{"s_given_m": 0.01, "s_given_not_m": 0.037, "both": -1, "just_main": 0.5414424111948332, "just_spurious": 0.9967502321262767, "neither": 0.9953078864972391, "cf_score": -1}