{"s_given_m": 0.368, "s_given_not_m": 0.04, "both": 0.5658465991316932, "just_main": 0.5206751054852321, "just_spurious": 0.9597069597069597, "neither": 0.9968417285497003, "cf_score": 0.07091172214182344}