{"s_given_m": 0.377, "s_given_not_m": 0.104, "both": 0.44695898161244696, "just_main": 0.5919589392643285, "just_spurious": 0.9868235684097124, "neither": 0.9963486161159243, "cf_score": 0.11315417256011315}