{"s_given_m": 0.377, "s_given_not_m": 0.104, "both": 0.2079207920792079, "just_main": 0.30624465355004277, "just_spurious": 0.9973481395541559, "neither": 0.9988499578317872, "cf_score": 0.08345120226308345}