{"s_given_m": 0.005, "s_given_not_m": 0.025, "both": -1, "just_main": 0.27063236870310825, "just_spurious": 0.9993024066968957, "neither": 0.9986789262312408, "cf_score": -1}