{"s_given_m": 0.146, "s_given_not_m": 0.071, "both": 0.5384615384615384, "just_main": 0.537117903930131, "just_spurious": 0.9896694214876033, "neither": 0.9957941635931709, "cf_score": 0.02197802197802198}