{"s_given_m": 0.685, "s_given_not_m": 0.007, "both": 0.6256809338521401, "just_main": 0.34517766497461927, "just_spurious": 0.7843373493975904, "neither": 0.9968766492762652, "cf_score": 0.12062256809338522}