{"s_given_m": 0.005, "s_given_not_m": 0.013, "both": -1, "just_main": 0.27009646302250806, "just_spurious": 1.0, "neither": 0.9986770875036989, "cf_score": -1}