{"s_given_m": 0.005, "s_given_not_m": 0.013, "both": -1, "just_main": 0.5396570203644159, "just_spurious": 1.0, "neither": 0.9953001792894567, "cf_score": -1}