{"s_given_m": 0.005, "s_given_not_m": 0.025, "both": -1, "just_main": 0.5401929260450161, "just_spurious": 0.99511684687827, "neither": 0.9953674346508843, "cf_score": -1}