{"s_given_m": 0.685, "s_given_not_m": 0.007, "both": 0.333852140077821, "just_main": 0.12859560067681894, "just_spurious": 0.9108433734939759, "neither": 0.9993251485970878, "cf_score": 0.10739299610894941}