{"s_given_m": 0.264, "s_given_not_m": 0.075, "both": 0.5967741935483871, "just_main": 0.5159420289855072, "just_spurious": 0.9856206142873577, "neither": 0.9961473477041906, "cf_score": 0.038306451612903226}