{"s_given_m": 0.013, "s_given_not_m": 0.03, "both": 0.16666666666666666, "just_main": 0.2705183585313175, "just_spurious": 0.9991440798858773, "neither": 0.9986803181407543, "cf_score": 0.0}