{"s_given_m": 0.005, "s_given_not_m": 0.04, "both": -1, "just_main": 0.5388323513658275, "just_spurious": 0.9961447847504818, "neither": 0.9953285246371105, "cf_score": -1}