{"s_given_m": 0.001, "s_given_not_m": 0.036, "both": -1, "just_main": 0.5370666666666667, "just_spurious": 0.999758337361044, "neither": 0.9951992019452585, "cf_score": -1}