{"s_given_m": 0.007, "s_given_not_m": 0.03, "both": -1, "just_main": 0.5389157273215244, "just_spurious": 0.9971767363071711, "neither": 0.9953042908150156, "cf_score": -1}