{"s_given_m": 0.007, "s_given_not_m": 0.028, "both": -1, "just_main": 0.3770005927682276, "just_spurious": 0.9990697674418605, "neither": 0.9957569930224147, "cf_score": -1}