{"s_given_m": 0.006, "s_given_not_m": 0.034, "both": -1, "just_main": 0.3777383066903493, "just_spurious": 0.9997463216641299, "neither": 0.9957122312376826, "cf_score": -1}