{"s_given_m": 0.007, "s_given_not_m": 0.028, "both": -1, "just_main": 0.33076467101363366, "just_spurious": 0.9996899224806202, "neither": 0.9988797050183923, "cf_score": -1}