{"s_given_m": 0.012, "s_given_not_m": 0.028, "both": 0.05, "just_main": 0.3793924955330554, "just_spurious": 0.9993811881188119, "neither": 0.9957479092416811, "cf_score": 0.0}