{"s_given_m": 0.083, "s_given_not_m": 0.029, "both": 0.10638297872340426, "just_main": 0.3998716302952503, "just_spurious": 0.9817001180637545, "neither": 0.9962720848056537, "cf_score": 0.028368794326241134}