{"s_given_m": 0.365, "s_given_not_m": 0.056, "both": 0.24193548387096775, "just_main": 0.3790546802594995, "just_spurious": 0.9935295023879217, "neither": 0.9992188706322607, "cf_score": 0.08387096774193549}