{"s_given_m": 0.068, "s_given_not_m": 0.016, "both": 0.3739130434782609, "just_main": 0.37563131313131315, "just_spurious": 0.9544956140350878, "neither": 0.9965058729218221, "cf_score": 0.0782608695652174}