{"s_given_m": 0.17, "s_given_not_m": 0.07, "both": 0.12802768166089964, "just_main": 0.3702127659574468, "just_spurious": 0.9980516317584024, "neither": 0.9989665608621835, "cf_score": 0.04152249134948097}