{"s_given_m": 0.0, "s_given_not_m": 0.019, "both": -1, "just_main": 0.32901706886403764, "just_spurious": 1.0, "neither": 0.998880404453891, "cf_score": -1}