{"s_given_m": 0.046, "s_given_not_m": 0.02, "both": 0.02564102564102564, "just_main": 0.34361505243676743, "just_spurious": 0.9982509838216004, "neither": 0.998915145099343, "cf_score": 0.01282051282051282}