{"s_given_m": 0.041, "s_given_not_m": 0.013, "both": 0.028985507246376812, "just_main": 0.3901840490797546, "just_spurious": 0.9986468200270636, "neither": 0.9958127008947962, "cf_score": 0.014492753623188406}