{"s_given_m": 0.005, "s_given_not_m": 0.018, "both": -1, "just_main": 0.3772915434654051, "just_spurious": 0.9957786116322702, "neither": 0.9958499335989376, "cf_score": -1}