{"s_given_m": 0.005, "s_given_not_m": 0.018, "both": -1, "just_main": 0.33076923076923076, "just_spurious": 1.0, "neither": 0.9988819203018815, "cf_score": -1}