{"s_given_m": 0.163, "s_given_not_m": 0.076, "both": 0.17689530685920576, "just_main": 0.4142053445850914, "just_spurious": 0.9925942549371634, "neither": 0.9961179835803707, "cf_score": 0.032490974729241874}