{"s_given_m": 0.014, "s_given_not_m": 0.041, "both": 0.08333333333333333, "just_main": 0.37970149253731345, "just_spurious": 0.9993722536095417, "neither": 0.9956980207317837, "cf_score": 0.041666666666666664}