{"s_given_m": 0.0, "s_given_not_m": 0.016, "both": -1, "just_main": 0.3755150088287228, "just_spurious": 1.0, "neither": 0.9957792660806474, "cf_score": -1}