{"s_given_m": 0.041, "s_given_not_m": 0.013, "both": 0.028985507246376812, "just_main": 0.34171779141104297, "just_spurious": 0.9993234100135318, "neither": 0.9988967074971766, "cf_score": 0.028985507246376812}