{"s_given_m": 0.071, "s_given_not_m": 0.024, "both": 0.04132231404958678, "just_main": 0.35107731305449935, "just_spurious": 0.9981857764876633, "neither": 0.9989194602572211, "cf_score": 0.024793388429752067}