{"s_given_m": 0.031, "s_given_not_m": 0.037, "both": 0.018867924528301886, "just_main": 0.3869987849331713, "just_spurious": 0.9993135011441647, "neither": 0.9957137001194104, "cf_score": 0.0}