{"s_given_m": 0.002, "s_given_not_m": 0.035, "both": -1, "just_main": 0.3761792452830189, "just_spurious": 0.9995164410058027, "neither": 0.9957137267456337, "cf_score": -1}