{"s_given_m": 0.095, "s_given_not_m": 0.036, "both": 0.08695652173913043, "just_main": 0.3543563068920676, "just_spurious": 0.9971188475390156, "neither": 0.9989681826672479, "cf_score": 0.031055900621118012}