{"s_given_m": 0.049, "s_given_not_m": 0.03, "both": 0.0963855421686747, "just_main": 0.38985148514851486, "just_spurious": 0.9943019943019943, "neither": 0.9958966377190965, "cf_score": 0.0}