{"s_given_m": 0.009, "s_given_not_m": 0.03, "both": -1, "just_main": 0.3307600950118765, "just_spurious": 1.0, "neither": 0.9988682681850736, "cf_score": -1}