{"s_given_m": 0.002, "s_given_not_m": 0.035, "both": -1, "just_main": 0.3295990566037736, "just_spurious": 0.9997582205029013, "neither": 0.9988706292462561, "cf_score": -1}