{"s_given_m": 0.005, "s_given_not_m": 0.026, "both": -1, "just_main": 0.33076923076923076, "just_spurious": 1.0, "neither": 0.998872961645476, "cf_score": -1}