{"s_given_m": 0.001, "s_given_not_m": 0.031, "both": -1, "just_main": 0.37536829699469654, "just_spurious": 1.0, "neither": 0.9957168899665493, "cf_score": -1}