{"s_given_m": 0.066, "s_given_not_m": 0.03, "both": 0.14285714285714285, "just_main": 0.39193446754883426, "just_spurious": 0.9886726691838513, "neither": 0.9960669936806752, "cf_score": 0.026785714285714284}