{"s_given_m": 0.088, "s_given_not_m": 0.013, "both": 0.26, "just_main": 0.33570045190445447, "just_spurious": 0.9817351598173516, "neither": 0.9991308504628221, "cf_score": 0.05333333333333334}