{"s_given_m": 0.001, "s_given_not_m": 0.015, "both": -1, "just_main": 0.3292108362779741, "just_spurious": 0.9994152046783625, "neither": 0.9988944793607131, "cf_score": -1}