{"s_given_m": 0.287, "s_given_not_m": 0.097, "both": 0.19672131147540983, "just_main": 0.3823286540049546, "just_spurious": 0.9972684818045643, "neither": 0.9990782884672033, "cf_score": 0.09221311475409837}