{"s_given_m": 0.007, "s_given_not_m": 0.002, "both": -1, "just_main": 0.33076467101363366, "just_spurious": 1.0, "neither": 0.9989001830164199, "cf_score": -1}