{"s_given_m": 0.019, "s_given_not_m": 0.03, "both": 0.030303030303030304, "just_main": 0.38235294117647056, "just_spurious": 1.0, "neither": 0.9957204877229281, "cf_score": 0.06060606060606061}