{"s_given_m": 0.007, "s_given_not_m": 0.002, "both": -1, "just_main": 0.3781861292234736, "just_spurious": 1.0, "neither": 0.9958413170308379, "cf_score": -1}