{"s_given_m": 0.002, "s_given_not_m": 0.025, "both": -1, "just_main": 0.3761792452830189, "just_spurious": 1.0, "neither": 0.9957413110426748, "cf_score": -1}