{"s_given_m": 0.013, "s_given_not_m": 0.035, "both": -1, "just_main": 0.3321407274895647, "just_spurious": 1.0, "neither": 0.9988621817664628, "cf_score": 0.0}