{"s_given_m": 0.034, "s_given_not_m": 0.021, "both": 0.1206896551724138, "just_main": 0.33638025594149906, "just_spurious": 0.9983838383838384, "neither": 0.9989133578119934, "cf_score": 0.034482758620689655}