{"s_given_m": 0.013, "s_given_not_m": 0.035, "both": 0.09090909090909091, "just_main": 0.37924865831842575, "just_spurious": 0.9997556207233627, "neither": 0.995706514009387, "cf_score": 0.045454545454545456}