{"s_given_m": 0.287, "s_given_not_m": 0.097, "both": 0.2581967213114754, "just_main": 0.4227910817506193, "just_spurious": 0.9888977002379065, "neither": 0.9965982192913274, "cf_score": 0.0942622950819672}