{"s_given_m": 0.006, "s_given_not_m": 0.01, "both": -1, "just_main": 0.3773696682464455, "just_spurious": 0.9801816680429397, "neither": 0.9960130701959663, "cf_score": -1}