{"s_given_m": 0.281, "s_given_not_m": 0.015, "both": 0.38784067085953877, "just_main": 0.3707037643207856, "just_spurious": 0.9320498301245753, "neither": 0.996829875807772, "cf_score": 0.0880503144654088}