{"s_given_m": 0.004, "s_given_not_m": 0.016, "both": -1, "just_main": 0.3301831069108092, "just_spurious": 1.0, "neither": 0.9988842204362001, "cf_score": -1}