{"s_given_m": 0.012, "s_given_not_m": 0.028, "both": -1, "just_main": 0.33055390113162597, "just_spurious": 0.9990717821782178, "neither": 0.9988972793676559, "cf_score": 0.0}