{"s_given_m": 0.009, "s_given_not_m": 0.048, "both": -1, "just_main": 0.3303624480095068, "just_spurious": 0.9996398991717681, "neither": 0.9988652124574454, "cf_score": -1}