{"s_given_m": 0.005, "s_given_not_m": 0.008, "both": -1, "just_main": 0.32939089296274393, "just_spurious": 0.9989350372736954, "neither": 0.9989018495620369, "cf_score": -1}