{"s_given_m": 0.014, "s_given_not_m": 0.013, "both": -1, "just_main": 0.3325373134328358, "just_spurious": 0.9959973315543695, "neither": 0.9989399508206692, "cf_score": 0.0}