{"s_given_m": 0.005, "s_given_not_m": 0.018, "both": -1, "just_main": 0.33057362507392074, "just_spurious": 0.99906191369606, "neither": 0.9988991402809814, "cf_score": -1}