{"s_given_m": 0.018, "s_given_not_m": 0.037, "both": 0.0, "just_main": 0.33493109646494906, "just_spurious": 0.9997703788748565, "neither": 0.9988684255076493, "cf_score": 0.03333333333333333}