{"s_given_m": 0.007, "s_given_not_m": 0.026, "both": -1, "just_main": 0.3781861292234736, "just_spurious": 0.9993472584856397, "neither": 0.9957542017546951, "cf_score": -1}