{"s_given_m": 0.023, "s_given_not_m": 0.105, "both": 0.20512820512820512, "just_main": 0.3795180722891566, "just_spurious": 0.9995086799868982, "neither": 0.9954204031578141, "cf_score": 0.02564102564102564}