{"s_given_m": 0.284, "s_given_not_m": 0.546, "both": 0.22567287784679088, "just_main": 0.37006578947368424, "just_spurious": 0.9994971083731455, "neither": 0.9981871742578745, "cf_score": 0.047619047619047616}