{"s_given_m": 0.054, "s_given_not_m": 0.024, "both": 0.09782608695652174, "just_main": 0.3422526446795271, "just_spurious": 0.9971761383692199, "neither": 0.998945101314228, "cf_score": 0.05434782608695652}