{"s_given_m": 0.018, "s_given_not_m": 0.047, "both": 0.1935483870967742, "just_main": 0.3315347721822542, "just_spurious": 1.0, "neither": 0.9988477914502525, "cf_score": 0.03225806451612903}