{"s_given_m": 0.126, "s_given_not_m": 0.108, "both": 0.11682242990654206, "just_main": 0.41279461279461277, "just_spurious": 0.9982484076433121, "neither": 0.9955588879916946, "cf_score": 0.03271028037383177}