{"s_given_m": 0.004, "s_given_not_m": 0.021, "both": -1, "just_main": 0.3301831069108092, "just_spurious": 0.9995826377295493, "neither": 0.9988878380271823, "cf_score": -1}