{"s_given_m": 0.377, "s_given_not_m": 0.008, "both": 0.3790951638065523, "just_main": 0.29867674858223064, "just_spurious": 0.9439153439153439, "neither": 0.9993514523144506, "cf_score": 0.11232449297971919}