{"s_given_m": 0.083, "s_given_not_m": 0.029, "both": 0.02127659574468085, "just_main": 0.35686777920410784, "just_spurious": 0.9958677685950413, "neither": 0.9989929328621908, "cf_score": 0.03546099290780142}