{"s_given_m": 0.048, "s_given_not_m": 0.058, "both": 0.25609756097560976, "just_main": 0.3327149041434756, "just_spurious": 0.9998520491196923, "neither": 0.9988436569576341, "cf_score": 0.024390243902439025}