{"s_given_m": 0.048, "s_given_not_m": 0.058, "both": 0.18292682926829268, "just_main": 0.3852813852813853, "just_spurious": 0.9991122947181535, "neither": 0.995647779730308, "cf_score": 0.0}