{"s_given_m": 0.042, "s_given_not_m": 0.045, "both": 0.125, "just_main": 0.38660110633066996, "just_spurious": 0.9992395437262357, "neither": 0.995688416211555, "cf_score": 0.0}