{"s_given_m": 0.377, "s_given_not_m": 0.008, "both": 0.44461778471138846, "just_main": 0.333648393194707, "just_spurious": 0.8486772486772487, "neither": 0.9970512698563683, "cf_score": 0.11700468018720749}