{"s_given_m": 0.0, "s_given_not_m": 0.006, "both": -1, "just_main": 0.32901706886403764, "just_spurious": 1.0, "neither": 0.9988954376396884, "cf_score": -1}