{"s_given_m": 0.009, "s_given_not_m": 0.048, "both": -1, "just_main": 0.37849079025549615, "just_spurious": 0.999819949585884, "neither": 0.9956499810868743, "cf_score": -1}