{"s_given_m": 0.0, "s_given_not_m": 0.002, "both": -1, "just_main": 0.32901706886403764, "just_spurious": 1.0, "neither": 0.998900334195311, "cf_score": -1}