{"s_given_m": 0.025, "s_given_not_m": 0.039, "both": 0.023255813953488372, "just_main": 0.33695652173913043, "just_spurious": 1.0, "neither": 0.9988578566967075, "cf_score": 0.0}