{"s_given_m": 0.026, "s_given_not_m": 0.04, "both": 0.045454545454545456, "just_main": 0.38429003021148034, "just_spurious": 0.9997833152762731, "neither": 0.995686460128781, "cf_score": 0.022727272727272728}