{"s_given_m": 0.071, "s_given_not_m": 0.024, "both": 0.0743801652892562, "just_main": 0.39860583016476553, "just_spurious": 0.9981857764876633, "neither": 0.9957920444163328, "cf_score": 0.024793388429752067}