{"s_given_m": 0.014, "s_given_not_m": 0.013, "both": 0.08333333333333333, "just_main": 0.37970149253731345, "just_spurious": 0.971314209472982, "neither": 0.9961681828845502, "cf_score": 0.041666666666666664}