{"s_given_m": 0.011, "s_given_not_m": 0.031, "both": -1, "just_main": 0.37953599048185604, "just_spurious": 1.0, "neither": 0.995713931493748, "cf_score": -1}