{"s_given_m": 0.046, "s_given_not_m": 0.02, "both": 0.11538461538461539, "just_main": 0.3880320789636027, "just_spurious": 0.9833843463052033, "neither": 0.9960980218895723, "cf_score": 0.0641025641025641}