{"s_given_m": 0.284, "s_given_not_m": 0.546, "both": 0.2153209109730849, "just_main": 0.43914473684210525, "just_spurious": 0.9986799094795071, "neither": 0.9924465594078102, "cf_score": 0.039337474120082816}