{"s_given_m": 0.067, "s_given_not_m": 0.037, "both": 0.10619469026548672, "just_main": 0.39470365699873894, "just_spurious": 0.9970039179534455, "neither": 0.995803971527586, "cf_score": 0.017699115044247787}