{"s_given_m": 0.001, "s_given_not_m": 0.023, "both": -1, "just_main": 0.375736160188457, "just_spurious": 1.0, "neither": 0.9957528957528957, "cf_score": -1}