{"s_given_m": 0.054, "s_given_not_m": 0.024, "both": 0.20652173913043478, "just_main": 0.3851897946484132, "just_spurious": 0.9901164842922697, "neither": 0.9959913849940661, "cf_score": 0.043478260869565216}