{"s_given_m": 0.034, "s_given_not_m": 0.021, "both": 0.1724137931034483, "just_main": 0.3826934795856185, "just_spurious": 0.9963636363636363, "neither": 0.9958374593604585, "cf_score": 0.017241379310344827}