{"s_given_m": 0.064, "s_given_not_m": 0.019, "both": 0.045871559633027525, "just_main": 0.39811320754716983, "just_spurious": 0.9991115059973346, "neither": 0.9957843917542003, "cf_score": 0.009174311926605505}