{"s_given_m": 0.068, "s_given_not_m": 0.016, "both": 0.2, "just_main": 0.3383838383838384, "just_spurious": 0.9868421052631579, "neither": 0.9990937924784775, "cf_score": 0.06956521739130435}