{"s_given_m": 0.087, "s_given_not_m": 0.029, "both": 0.3346613545816733, "just_main": 0.3351104341203351, "just_spurious": 0.981149012567325, "neither": 0.994913802334297, "cf_score": 0.0199203187250996}