{"s_given_m": 0.001, "s_given_not_m": 0.002, "both": -1, "just_main": 0.335304347826087, "just_spurious": 0.9679144385026738, "neither": 0.9945583781015943, "cf_score": -1}