{"s_given_m": 0.392, "s_given_not_m": 0.064, "both": 0.4849290780141844, "just_main": 0.4396798170383076, "just_spurious": 0.9681269496812694, "neither": 0.996640039986301, "cf_score": 0.05053191489361702}