{"s_given_m": 0.019, "s_given_not_m": 0.038, "both": 0.16666666666666666, "just_main": 0.3382925965285158, "just_spurious": 0.9983837450935119, "neither": 0.9943643713033067, "cf_score": 0.14814814814814814}