{"s_given_m": 0.382, "s_given_not_m": 0.052, "both": 0.3533697632058288, "just_main": 0.32377740303541314, "just_spurious": 0.9679028770996175, "neither": 0.9959779518633967, "cf_score": 0.04371584699453552}