{"s_given_m": 0.02, "s_given_not_m": 0.016, "both": 0.21052631578947367, "just_main": 0.3375886524822695, "just_spurious": 0.9856535600425079, "neither": 0.9946621097878937, "cf_score": 0.03508771929824561}