{"s_given_m": 0.011, "s_given_not_m": 0.048, "both": 0.15151515151515152, "just_main": 0.33720112517580875, "just_spurious": 0.9985441310282075, "neither": 0.9943137879270345, "cf_score": 0.06060606060606061}