{"s_given_m": 0.038, "s_given_not_m": 0.024, "both": 0.17592592592592593, "just_main": 0.4684001444564825, "just_spurious": 0.9936102236421726, "neither": 0.9948487028500884, "cf_score": 0.009259259259259259}