{"s_given_m": 0.042, "s_given_not_m": 0.013, "both": 0.36666666666666664, "just_main": 0.333696046427276, "just_spurious": 0.980218281036835, "neither": 0.994699150459875, "cf_score": 0.03333333333333333}