{"s_given_m": 0.006, "s_given_not_m": 0.021, "both": -1, "just_main": 0.45874125874125876, "just_spurious": 0.9949685534591195, "neither": 0.9948153063481531, "cf_score": -1}