{"s_given_m": 0.038, "s_given_not_m": 0.037, "both": 0.22727272727272727, "just_main": 0.33935670401156487, "just_spurious": 0.9907257129608161, "neither": 0.9946623221149086, "cf_score": 0.08181818181818182}