{"s_given_m": 0.042, "s_given_not_m": 0.014, "both": 0.512396694214876, "just_main": 0.45500725689404936, "just_spurious": 0.9816223067173637, "neither": 0.9950014055801532, "cf_score": 0.024793388429752067}