{"s_given_m": 0.357, "s_given_not_m": 0.547, "both": 0.316147859922179, "just_main": 0.5359653866955111, "just_spurious": 0.9970041371439441, "neither": 0.9921831699252719, "cf_score": 0.1517509727626459}