{"s_given_m": 0.214, "s_given_not_m": 0.105, "both": 0.42045454545454547, "just_main": 0.4674922600619195, "just_spurious": 0.9876624444810002, "neither": 0.9956611009956223, "cf_score": 0.11525974025974026}