{"s_given_m": 0.001, "s_given_not_m": 0.009, "both": -1, "just_main": 0.4573913043478261, "just_spurious": 0.9920398009950249, "neither": 0.994842882741139, "cf_score": -1}