{"s_given_m": 0.003, "s_given_not_m": 0.016, "both": -1, "just_main": 0.4576212068364144, "just_spurious": 0.9914255091103966, "neither": 0.9948742337772141, "cf_score": -1}