{"s_given_m": 0.003, "s_given_not_m": 0.048, "both": -1, "just_main": 0.33565702335308467, "just_spurious": 0.9994606256742179, "neither": 0.9942648022722307, "cf_score": -1}