{"s_given_m": 0.011, "s_given_not_m": 0.013, "both": 0.21875, "just_main": 0.4601054481546573, "just_spurious": 0.9872568745808182, "neither": 0.9949174413398995, "cf_score": 0.0625}