{"s_given_m": 0.034, "s_given_not_m": 0.03, "both": 0.3469387755102041, "just_main": 0.33465275278877293, "just_spurious": 0.9936361006653167, "neither": 0.9945423525943923, "cf_score": 0.030612244897959183}