{"s_given_m": 0.0, "s_given_not_m": 0.015, "both": -1, "just_main": 0.4575799721835883, "just_spurious": 0.9994229659549914, "neither": 0.9947482780157816, "cf_score": -1}