{"s_given_m": 0.072, "s_given_not_m": 0.044, "both": 0.4223300970873786, "just_main": 0.4601272931486335, "just_spurious": 0.9841982052282482, "neither": 0.9953121032969424, "cf_score": 0.05339805825242718}