{"s_given_m": 0.007, "s_given_not_m": 0.028, "both": 0.25, "just_main": 0.33566678333916694, "just_spurious": 0.9978240596829344, "neither": 0.9944203292540533, "cf_score": 0.05}