{"s_given_m": 0.008, "s_given_not_m": 0.032, "both": -1, "just_main": 0.45881528215913076, "just_spurious": 0.9953526517222526, "neither": 0.9948009879017825, "cf_score": 0.041666666666666664}