{"s_given_m": 0.006, "s_given_not_m": 0.021, "both": -1, "just_main": 0.3356643356643357, "just_spurious": 0.9953878406708595, "neither": 0.9944967927449679, "cf_score": -1}