{"s_given_m": 0.214, "s_given_not_m": 0.105, "both": 0.2662337662337662, "just_main": 0.35382574082264484, "just_spurious": 0.9884026978121402, "neither": 0.995234959129121, "cf_score": 0.08766233766233766}