{"s_given_m": 0.014, "s_given_not_m": 0.02, "both": 0.1794871794871795, "just_main": 0.3372093023255814, "just_spurious": 0.9952708512467756, "neither": 0.9944996639666089, "cf_score": 0.0}