{"s_given_m": 0.003, "s_given_not_m": 0.048, "both": -1, "just_main": 0.45765074939003136, "just_spurious": 0.9992808342322905, "neither": 0.9945925278566746, "cf_score": -1}