{"s_given_m": 0.0, "s_given_not_m": 0.023, "both": -1, "just_main": 0.33507125477928396, "just_spurious": 1.0, "neither": 0.9943873524795843, "cf_score": -1}