{"s_given_m": 0.006, "s_given_not_m": 0.033, "both": -1, "just_main": 0.33589653967144356, "just_spurious": 0.9992092778070638, "neither": 0.9943556479357798, "cf_score": -1}