{"s_given_m": 0.0, "s_given_not_m": 0.019, "both": -1, "just_main": 0.4575799721835883, "just_spurious": 0.9995419147961521, "neither": 0.9947274060074011, "cf_score": -1}