{"s_given_m": 0.023, "s_given_not_m": 0.03, "both": 0.27692307692307694, "just_main": 0.4615931721194879, "just_spurious": 0.9924833766984678, "neither": 0.9948906217898902, "cf_score": 0.046153846153846156}