{"s_given_m": 0.356, "s_given_not_m": 0.012, "both": 0.5591397849462365, "just_main": 0.40129449838187703, "just_spurious": 0.8421839940164547, "neither": 0.9966074355894909, "cf_score": 0.10557184750733138}