{"s_given_m": 0.406, "s_given_not_m": 0.03, "both": 0.5787671232876712, "just_main": 0.37448800468110005, "just_spurious": 0.9356125356125357, "neither": 0.9966756032171582, "cf_score": 0.05821917808219178}