{"s_given_m": 0.018, "s_given_not_m": 0.041, "both": 0.28846153846153844, "just_main": 0.46053097345132743, "just_spurious": 0.9966322879393812, "neither": 0.9947405994993629, "cf_score": 0.057692307692307696}