{"s_given_m": 0.061, "s_given_not_m": 0.02, "both": 0.3181818181818182, "just_main": 0.3361717882265827, "just_spurious": 0.9847263470513364, "neither": 0.9947192909520314, "cf_score": 0.017045454545454544}