{"s_given_m": 0.036, "s_given_not_m": 0.039, "both": 0.27884615384615385, "just_main": 0.33717994951316266, "just_spurious": 0.9780121157729414, "neither": 0.9951781384910728, "cf_score": 0.028846153846153848}