{"s_given_m": 0.108, "s_given_not_m": 0.036, "both": 0.5080385852090032, "just_main": 0.4512860483242401, "just_spurious": 0.9818884327457136, "neither": 0.9952996791559194, "cf_score": 0.06752411575562701}