{"s_given_m": 0.003, "s_given_not_m": 0.034, "both": -1, "just_main": 0.33565702335308467, "just_spurious": 1.0, "neither": 0.9943203230148049, "cf_score": -1}