{"s_given_m": 0.002, "s_given_not_m": 0.029, "both": -1, "just_main": 0.335191637630662, "just_spurious": 0.9874476987447699, "neither": 0.9947262278697887, "cf_score": -1}