{"s_given_m": 0.081, "s_given_not_m": 0.038, "both": 0.5384615384615384, "just_main": 0.45024593265228907, "just_spurious": 0.9884745762711864, "neither": 0.9950714060458621, "cf_score": 0.038461538461538464}