{"s_given_m": 0.213, "s_given_not_m": 0.025, "both": 0.3925081433224756, "just_main": 0.3194874060980999, "just_spurious": 0.9735849056603774, "neither": 0.9950575581136939, "cf_score": 0.02768729641693811}