{"s_given_m": 0.211, "s_given_not_m": 0.097, "both": 0.38778877887788776, "just_main": 0.4760017613386173, "just_spurious": 0.9906508770367732, "neither": 0.9952677602971808, "cf_score": 0.12706270627062707}