{"s_given_m": 0.006, "s_given_not_m": 0.106, "both": -1, "just_main": 0.33624606780845856, "just_spurious": 0.9994278708622804, "neither": 0.9939326387206203, "cf_score": -1}