{"s_given_m": 0.108, "s_given_not_m": 0.036, "both": 0.3504823151125402, "just_main": 0.333203429462198, "just_spurious": 0.9850277710697899, "neither": 0.9948682921568451, "cf_score": 0.06752411575562701}