{"s_given_m": 0.001, "s_given_not_m": 0.036, "both": -1, "just_main": 0.3354210160055672, "just_spurious": 0.9997582205029013, "neither": 0.9943203264014954, "cf_score": -1}