{"s_given_m": 0.042, "s_given_not_m": 0.013, "both": 0.5, "just_main": 0.4555676459920203, "just_spurious": 0.9822646657571623, "neither": 0.9949799901706101, "cf_score": 0.03333333333333333}