{"s_given_m": 0.001, "s_given_not_m": 0.026, "both": -1, "just_main": 0.45755045233124564, "just_spurious": 1.0, "neither": 0.9946791472399189, "cf_score": -1}