{"s_given_m": 0.196, "s_given_not_m": 0.033, "both": 0.49557522123893805, "just_main": 0.44809688581314877, "just_spurious": 0.9771337410263228, "neither": 0.9954141998584851, "cf_score": 0.03008849557522124}