{"s_given_m": 0.002, "s_given_not_m": 0.053, "both": -1, "just_main": 0.45802856147683735, "just_spurious": 0.9998366280019605, "neither": 0.9945374191364181, "cf_score": -1}