{"s_given_m": 0.001, "s_given_not_m": 0.03, "both": -1, "just_main": 0.4577391304347826, "just_spurious": 1.0, "neither": 0.9946576615208691, "cf_score": -1}