{"s_given_m": 0.011, "s_given_not_m": 0.013, "both": 0.125, "just_main": 0.3374340949033392, "just_spurious": 0.9872568745808182, "neither": 0.9946102054968882, "cf_score": 0.03125}