{"s_given_m": 0.357, "s_given_not_m": 0.547, "both": 0.21498054474708173, "just_main": 0.4018388318009735, "just_spurious": 0.9970199882701666, "neither": 0.991495135982264, "cf_score": 0.1293774319066148}