{"s_given_m": 0.034, "s_given_not_m": 0.03, "both": 0.3673469387755102, "just_main": 0.46059733717164447, "just_spurious": 0.9947931732716228, "neither": 0.9948192545085884, "cf_score": 0.030612244897959183}