{"s_given_m": 0.001, "s_given_not_m": 0.031, "both": -1, "just_main": 0.4577391304347826, "just_spurious": 0.9997211377579476, "neither": 0.9946612533981972, "cf_score": -1}