{"s_given_m": 0.003, "s_given_not_m": 0.016, "both": -1, "just_main": 0.33554237879316356, "just_spurious": 0.9780278670953912, "neither": 0.9947861621926302, "cf_score": -1}