{"s_given_m": 0.081, "s_given_not_m": 0.038, "both": 0.3803418803418803, "just_main": 0.33106318577374194, "just_spurious": 0.9898305084745763, "neither": 0.9947019867549669, "cf_score": 0.02564102564102564}