{"s_given_m": 0.075, "s_given_not_m": 0.026, "both": 0.2222222222222222, "just_main": 0.47651258925216083, "just_spurious": 0.991864406779661, "neither": 0.9948959630090699, "cf_score": 0.06481481481481481}