{"s_given_m": 0.013, "s_given_not_m": 0.035, "both": 0.4166666666666667, "just_main": 0.45793734600492786, "just_spurious": 0.9965669445806769, "neither": 0.9947544281967449, "cf_score": 0.08333333333333333}