{"s_given_m": 0.196, "s_given_not_m": 0.033, "both": 0.4088495575221239, "just_main": 0.3170415224913495, "just_spurious": 0.9787290614198352, "neither": 0.9950469775815278, "cf_score": 0.033628318584070796}