{"s_given_m": 0.003, "s_given_not_m": 0.034, "both": -1, "just_main": 0.45799930289299406, "just_spurious": 0.9997474747474747, "neither": 0.9946433378196501, "cf_score": -1}