{"s_given_m": 0.013, "s_given_not_m": 0.035, "both": 0.2777777777777778, "just_main": 0.3357972544878564, "just_spurious": 0.9963217263364395, "neither": 0.9944490353177883, "cf_score": 0.08333333333333333}