{"s_given_m": 0.356, "s_given_not_m": 0.012, "both": 0.39002932551319647, "just_main": 0.3047464940668824, "just_spurious": 0.8728496634255797, "neither": 0.9959411955502179, "cf_score": 0.10948191593352884}