{"s_given_m": 0.0, "s_given_not_m": 0.034, "both": -1, "just_main": 0.45742092457420924, "just_spurious": 1.0, "neither": 0.9946347503095336, "cf_score": -1}