{"s_given_m": 0.314, "s_given_not_m": 0.006, "both": 0.4318936877076412, "just_main": 0.2907801418439716, "just_spurious": 0.843167701863354, "neither": 0.9953644807695659, "cf_score": 0.06423034330011074}