{"s_given_m": 0.037, "s_given_not_m": 0.019, "both": 0.4205607476635514, "just_main": 0.4588447653429603, "just_spurious": 0.9911048689138576, "neither": 0.9948885004502357, "cf_score": 0.037383177570093455}