{"s_given_m": 0.019, "s_given_not_m": 0.038, "both": 0.2962962962962963, "just_main": 0.46050301098122565, "just_spurious": 0.9979219579773724, "neither": 0.9946974675681272, "cf_score": 0.12962962962962962}