{"s_given_m": 0.075, "s_given_not_m": 0.026, "both": 0.13425925925925927, "just_main": 0.3513716647876738, "just_spurious": 0.9911864406779661, "neither": 0.994602525342344, "cf_score": 0.027777777777777776}