{"s_given_m": 0.037, "s_given_not_m": 0.019, "both": 0.38317757009345793, "just_main": 0.3332129963898917, "just_spurious": 0.9915730337078652, "neither": 0.994570687006727, "cf_score": 0.06542056074766354}