{"s_given_m": 0.0, "s_given_not_m": 0.017, "both": -1, "just_main": 0.3348400556328234, "just_spurious": 1.0, "neither": 0.9944201052510953, "cf_score": -1}