{"s_given_m": 0.0, "s_given_not_m": 0.03, "both": -1, "just_main": 0.45742092457420924, "just_spurious": 0.9997144488863506, "neither": 0.9946652607499017, "cf_score": -1}