{"s_given_m": 0.017, "s_given_not_m": 0.008, "both": 0.44, "just_main": 0.33321542270958615, "just_spurious": 0.9788182831661093, "neither": 0.9946381633526324, "cf_score": 0.02}