{"s_given_m": 0.02, "s_given_not_m": 0.016, "both": 0.14035087719298245, "just_main": 0.46382978723404256, "just_spurious": 0.9962805526036131, "neither": 0.9947942357832429, "cf_score": 0.03508771929824561}