{"s_given_m": 0.0, "s_given_not_m": 0.015, "both": -1, "just_main": 0.33518776077885953, "just_spurious": 0.9994229659549914, "neither": 0.9944403881172093, "cf_score": -1}