{"s_given_m": 0.01, "s_given_not_m": 0.03, "both": -1, "just_main": 0.24212034383954154, "just_spurious": 1.0, "neither": 0.999868551348225, "cf_score": -1}