{"s_given_m": 0.013, "s_given_not_m": 0.04, "both": -1, "just_main": 0.24281609195402298, "just_spurious": 1.0, "neither": 0.9998671767081075, "cf_score": -1}