{"s_given_m": 0.01, "s_given_not_m": 0.032, "both": -1, "just_main": 0.24212034383954154, "just_spurious": 1.0, "neither": 0.9998681654786912, "cf_score": -1}