{"s_given_m": 0.018, "s_given_not_m": 0.041, "both": -1, "just_main": 0.24421965317919075, "just_spurious": 1.0, "neither": 0.9998670118448116, "cf_score": -1}