{"s_given_m": 0.01, "s_given_not_m": 0.03, "both": -1, "just_main": 0.0830945558739255, "just_spurious": 1.0, "neither": 0.9999649470261933, "cf_score": -1}