{"s_given_m": 0.011, "s_given_not_m": 0.02, "both": -1, "just_main": 0.242467718794835, "just_spurious": 0.9995822890559732, "neither": 0.9998784595617599, "cf_score": -1}