{"s_given_m": 0.006, "s_given_not_m": 0.019, "both": -1, "just_main": 0.24108416547788872, "just_spurious": 1.0, "neither": 0.999870019583716, "cf_score": -1}