{"s_given_m": 0.0, "s_given_not_m": 0.03, "both": -1, "just_main": 0.08226950354609928, "just_spurious": 1.0, "neither": 0.9999649285858329, "cf_score": -1}