{"s_given_m": 0.05, "s_given_not_m": 0.033, "both": 0.0, "just_main": 0.08656716417910448, "just_spurious": 0.9994894051570079, "neither": 0.9999824044340826, "cf_score": 0.0}