{"s_given_m": 0.004, "s_given_not_m": 0.028, "both": -1, "just_main": 0.24074074074074073, "just_spurious": 1.0, "neither": 0.9998688214922867, "cf_score": -1}