{"s_given_m": 0.018, "s_given_not_m": 0.078, "both": -1, "just_main": 0.08236994219653179, "just_spurious": 1.0, "neither": 0.9999631016733391, "cf_score": -1}