{"s_given_m": 0.001, "s_given_not_m": 0.018, "both": -1, "just_main": 0.24005681818181818, "just_spurious": 1.0, "neither": 0.9998700938788235, "cf_score": -1}