{"s_given_m": 0.007, "s_given_not_m": 0.03, "both": -1, "just_main": 0.24142857142857144, "just_spurious": 0.9997209042701647, "neither": 0.9998771919051922, "cf_score": -1}