{"s_given_m": 0.003, "s_given_not_m": 0.03, "both": -1, "just_main": 0.08250355618776671, "just_spurious": 1.0, "neither": 0.9999649307382079, "cf_score": -1}