{"s_given_m": 0.0, "s_given_not_m": 0.04, "both": -1, "just_main": 0.2397163120567376, "just_spurious": 0.999786233433091, "neither": 0.9998760008502798, "cf_score": -1}