{"s_given_m": 0.006, "s_given_not_m": 0.019, "both": -1, "just_main": 0.08273894436519258, "just_spurious": 1.0, "neither": 0.9999653385556576, "cf_score": -1}