{"s_given_m": 0.0, "s_given_not_m": 0.002, "both": -1, "just_main": 0.08226950354609928, "just_spurious": 1.0, "neither": 0.9999659182890981, "cf_score": -1}