{"s_given_m": 0.013, "s_given_not_m": 0.04, "both": -1, "just_main": 0.08333333333333333, "just_spurious": 0.9995698924731182, "neither": 0.9999822902277476, "cf_score": -1}