{"s_given_m": 0.001, "s_given_not_m": 0.038, "both": -1, "just_main": 0.24005681818181818, "just_spurious": 1.0, "neither": 0.9998674443266172, "cf_score": -1}