{"s_given_m": 0.109, "s_given_not_m": 0.027, "both": 0.09090909090909091, "just_main": 0.25796178343949044, "just_spurious": 0.9996850393700787, "neither": 0.9998776298653055, "cf_score": 0.025974025974025976}