{"s_given_m": 0.004, "s_given_not_m": 0.027, "both": -1, "just_main": 0.08262108262108261, "just_spurious": 1.0, "neither": 0.9999650407712006, "cf_score": -1}