{"s_given_m": 0.018, "s_given_not_m": 0.041, "both": -1, "just_main": 0.0838150289017341, "just_spurious": 1.0, "neither": 0.9999645364919498, "cf_score": -1}