{"s_given_m": 0.132, "s_given_not_m": 0.034, "both": 0.0967741935483871, "just_main": 0.26143790849673204, "just_spurious": 0.9987642115669797, "neither": 0.9999119222096956, "cf_score": 0.010752688172043012}