{"s_given_m": 0.001, "s_given_not_m": 0.019, "both": -1, "just_main": 0.08238636363636363, "just_spurious": 1.0, "neither": 0.9999653145106745, "cf_score": -1}