{"s_given_m": 0.003, "s_given_not_m": 0.025, "both": -1, "just_main": 0.24039829302987198, "just_spurious": 1.0, "neither": 0.99986910766331, "cf_score": -1}