{"s_given_m": 0.0, "s_given_not_m": 0.022, "both": -1, "just_main": 0.2397163120567376, "just_spurious": 1.0, "neither": 0.9998696060363712, "cf_score": -1}