{"s_given_m": 0.004, "s_given_not_m": 0.026, "both": -1, "just_main": 0.08262108262108261, "just_spurious": 1.0, "neither": 0.9999650837988827, "cf_score": -1}