{"s_given_m": 0.021, "s_given_not_m": 0.109, "both": -1, "just_main": 0.24347826086956523, "just_spurious": 0.9999216239517204, "neither": 0.9998664415252377, "cf_score": -1}