{"s_given_m": 0.672, "s_given_not_m": 0.1, "both": 0.24472573839662448, "just_main": 0.22943722943722944, "just_spurious": 0.9991508873227477, "neither": 0.9999527432540996, "cf_score": 0.052742616033755275}