{"s_given_m": 0.0, "s_given_not_m": 0.026, "both": -1, "just_main": 0.2397163120567376, "just_spurious": 0.9996749024707412, "neither": 0.9998777356645067, "cf_score": -1}