{"s_given_m": 0.058, "s_given_not_m": 0.047, "both": 0.024390243902439025, "just_main": 0.25301204819277107, "just_spurious": 0.9998177510479315, "neither": 0.9998751059369285, "cf_score": 0.0}