{"s_given_m": 0.109, "s_given_not_m": 0.027, "both": 0.05194805194805195, "just_main": 0.08598726114649681, "just_spurious": 1.0, "neither": 0.999965037104373, "cf_score": 0.012987012987012988}