{"s_given_m": 0.004, "s_given_not_m": 0.072, "both": -1, "just_main": 0.23931623931623933, "just_spurious": 1.0, "neither": 0.9998624912911152, "cf_score": -1}