{"s_given_m": 0.027, "s_given_not_m": 0.034, "both": -1, "just_main": 0.24489795918367346, "just_spurious": 0.9992403140035452, "neither": 0.9998943968741475, "cf_score": -1}