{"s_given_m": 0.004, "s_given_not_m": 0.045, "both": -1, "just_main": 0.24074074074074073, "just_spurious": 1.0, "neither": 0.9998663732817831, "cf_score": -1}