{"s_given_m": 0.041, "s_given_not_m": 0.015, "both": 0.034482758620689655, "just_main": 0.08431952662721894, "just_spurious": 1.0, "neither": 0.9999654806389534, "cf_score": 0.0}