{"s_given_m": 0.05, "s_given_not_m": 0.033, "both": 0.05714285714285714, "just_main": 0.24925373134328357, "just_spurious": 0.9992341077355119, "neither": 0.9998944266044957, "cf_score": 0.02857142857142857}