{"s_given_m": 0.045, "s_given_not_m": 0.03, "both": 0.09375, "just_main": 0.24665676077265974, "just_spurious": 0.9994236311239193, "neither": 0.9998860768367919, "cf_score": 0.03125}