{"s_given_m": 0.001, "s_given_not_m": 0.013, "both": -1, "just_main": 0.24005681818181818, "just_spurious": 0.999353169469599, "neither": 0.9998793477886173, "cf_score": -1}