{"s_given_m": 0.015, "s_given_not_m": 0.026, "both": 0.8128179043743642, "just_main": 0.8936672369004626, "just_spurious": 0.8914616497829233, "neither": 0.8037696533434363, "cf_score": 0.07426246185147507}