{"s_given_m": 0.007, "s_given_not_m": 0.026, "both": 0.6624472573839663, "just_main": 0.8090539117864269, "just_spurious": 0.9543509272467903, "neither": 0.8895205609247678, "cf_score": 0.027426160337552744}