{"s_given_m": 0.032, "s_given_not_m": 0.043, "both": 0.7174231332357247, "just_main": 0.8109593013888441, "just_spurious": 0.855736301369863, "neither": 0.8927965120765491, "cf_score": 0.12396290873596877}