{"s_given_m": 0.025, "s_given_not_m": 0.001, "both": 0.9093711467324291, "just_main": 0.8053381978781624, "just_spurious": 0.65625, "neither": 0.8913372737347617, "cf_score": 0.05055487053020962}