{"s_given_m": 0.002, "s_given_not_m": 0.002, "both": 0.8775510204081632, "just_main": 0.8924504428511176, "just_spurious": 0.8681318681318682, "neither": 0.8059022577245243, "cf_score": 0.04081632653061224}