{"s_given_m": 0.01, "s_given_not_m": 0.025, "both": 0.6308943089430894, "just_main": 0.8096850393700787, "just_spurious": 0.8994826311899483, "neither": 0.8909861981483935, "cf_score": 0.183739837398374}