{"s_given_m": 0.002, "s_given_not_m": 0.033, "both": 0.3425925925925926, "just_main": 0.8087552923898949, "just_spurious": 0.9817477876106194, "neither": 0.8880719578336261, "cf_score": 0.2037037037037037}