{"s_given_m": 0.032, "s_given_not_m": 0.019, "both": 0.8765792031098154, "just_main": 0.8056947644907102, "just_spurious": 0.9587426326129665, "neither": 0.8899048049064981, "cf_score": 0.02575315840621963}