{"s_given_m": 0.009, "s_given_not_m": 0.028, "both": 0.7403685092127303, "just_main": 0.8938568594729053, "just_spurious": 0.9176548089591567, "neither": 0.8027880123067573, "cf_score": 0.048576214405360134}