{"s_given_m": 0.064, "s_given_not_m": 0.003, "both": 0.9614351964852331, "just_main": 0.797494085107801, "just_spurious": 0.8303030303030303, "neither": 0.8913844501638677, "cf_score": 0.007566512082011228}