{"s_given_m": 0.064, "s_given_not_m": 0.027, "both": 0.819620253164557, "just_main": 0.8071724965420701, "just_spurious": 0.832421340629275, "neither": 0.8928286852589642, "cf_score": 0.05233690360272639}