{"s_given_m": 0.013, "s_given_not_m": 0.013, "both": 0.8502994011976048, "just_main": 0.8929835651074589, "just_spurious": 0.875, "neither": 0.8051192880113679, "cf_score": 0.06946107784431138}