{"s_given_m": 0.006, "s_given_not_m": 0.021, "both": 0.5652173913043478, "just_main": 0.8093714214002228, "just_spurious": 0.9526270456503014, "neither": 0.8898530493671125, "cf_score": 0.16304347826086957}