{"s_given_m": 0.043, "s_given_not_m": 0.013, "both": 0.9371859296482412, "just_main": 0.890394430041253, "just_spurious": 0.41201117318435754, "neither": 0.811284046692607, "cf_score": 0.06855707106963388}