{"s_given_m": 0.097, "s_given_not_m": 0.011, "both": 0.9463195114111218, "just_main": 0.8866356899797903, "just_spurious": 0.778675282714055, "neither": 0.806322708345004, "cf_score": 0.008678881388621022}