{"s_given_m": 0.053, "s_given_not_m": 0.001, "both": 0.8934738074334211, "just_main": 0.8031566114204751, "just_spurious": 0.6949152542372882, "neither": 0.8914124147617024, "cf_score": 0.04184957565115598}