{"s_given_m": 0.02, "s_given_not_m": 0.044, "both": 0.6901408450704225, "just_main": 0.8103665038114487, "just_spurious": 0.9122296173044925, "neither": 0.8902217586153608, "cf_score": 0.15571205007824726}