{"s_given_m": 0.016, "s_given_not_m": 0.036, "both": 0.634858812074002, "just_main": 0.8966205934567588, "just_spurious": 0.6467585502807555, "neither": 0.8119816903836209, "cf_score": 0.2609542356377799}