{"s_given_m": 0.014, "s_given_not_m": 0.027, "both": 0.8350515463917526, "just_main": 0.8932196957717973, "just_spurious": 0.9293880295897781, "neither": 0.8025244376957388, "cf_score": 0.050400916380297825}