{"s_given_m": 0.025, "s_given_not_m": 0.036, "both": 0.46281499692685923, "just_main": 0.8169568557162975, "just_spurious": 0.8103008669046405, "neither": 0.8942368466415124, "cf_score": 0.1972956361401352}