{"s_given_m": 0.005, "s_given_not_m": 0.007, "both": 0.7522935779816514, "just_main": 0.8082554712485107, "just_spurious": 0.7275132275132276, "neither": 0.8923485890619772, "cf_score": 0.07951070336391437}