{"s_given_m": 0.057, "s_given_not_m": 0.003, "both": 0.9688876651982379, "just_main": 0.8878362515086884, "just_spurious": 0.6629213483146067, "neither": 0.8064784976108457, "cf_score": 0.004129955947136564}