{"s_given_m": 0.036, "s_given_not_m": 0.056, "both": 0.8310662571303203, "just_main": 0.8946891778252151, "just_spurious": 0.8526039960694399, "neither": 0.8032238502318121, "cf_score": 0.028521281263712155}