{"s_given_m": 0.032, "s_given_not_m": 0.019, "both": 0.9212827988338192, "just_main": 0.8914707446379941, "just_spurious": 0.9086444007858546, "neither": 0.8040410881589344, "cf_score": 0.009718172983479106}