{"s_given_m": 0.035, "s_given_not_m": 0.04, "both": 0.8032200357781754, "just_main": 0.8081416958903667, "just_spurious": 0.9359853680841335, "neither": 0.8893142252572858, "cf_score": 0.050536672629695883}