{"s_given_m": 0.035, "s_given_not_m": 0.04, "both": 0.8627012522361359, "just_main": 0.8935018342248582, "just_spurious": 0.85413808870599, "neither": 0.8039819178609214, "cf_score": 0.04740608228980322}