{"s_given_m": 0.047, "s_given_not_m": 0.001, "both": 0.9845597897503285, "just_main": 0.8878354701904341, "just_spurious": 0.3157894736842105, "neither": 0.8063509070085344, "cf_score": 0.010840998685939553}