{"s_given_m": 0.031, "s_given_not_m": 0.046, "both": 0.7930682976554536, "just_main": 0.8084404614419256, "just_spurious": 0.9076305220883534, "neither": 0.8904067180062691, "cf_score": 0.03567787971457696}