{"s_given_m": 0.012, "s_given_not_m": 0.045, "both": 0.8188679245283019, "just_main": 0.8933512318382817, "just_spurious": 0.7661752661752662, "neither": 0.8078871061279722, "cf_score": 0.06540880503144654}