{"s_given_m": 0.002, "s_given_not_m": 0.033, "both": 0.5277777777777778, "just_main": 0.8930429484275157, "just_spurious": 0.9551991150442478, "neither": 0.8008555496142388, "cf_score": 0.17592592592592593}