{"s_given_m": 0.008, "s_given_not_m": 0.02, "both": 0.7346534653465346, "just_main": 0.8085521144474139, "just_spurious": 0.9509713228492137, "neither": 0.8899813527716562, "cf_score": 0.041584158415841586}