{"s_given_m": 0.013, "s_given_not_m": 0.051, "both": 0.6901072705601907, "just_main": 0.8095328402553891, "just_spurious": 0.939360929557008, "neither": 0.8886187716363919, "cf_score": 0.03575685339690107}