{"s_given_m": 0.092, "s_given_not_m": 0.11, "both": 0.8642017379451354, "just_main": 0.8952717783195413, "just_spurious": 0.8698056300268097, "neither": 0.7981080408264875, "cf_score": 0.056057249957403306}