{"s_given_m": 0.071, "s_given_not_m": 0.073, "both": 0.8945406709055032, "just_main": 0.8922658427645498, "just_spurious": 0.86497461928934, "neither": 0.8013815894250677, "cf_score": 0.02302126726595045}