{"s_given_m": 0.025, "s_given_not_m": 0.001, "both": 0.9636251541307028, "just_main": 0.8905797449314323, "just_spurious": 0.5, "neither": 0.8061876616180274, "cf_score": 0.030826140567200986}