{"s_given_m": 0.026, "s_given_not_m": 0.016, "both": 0.8652094717668488, "just_main": 0.8064609079848882, "just_spurious": 0.9367945823927766, "neither": 0.8904402657358406, "cf_score": 0.024893746205221615}