{"s_given_m": 0.037, "s_given_not_m": 0.036, "both": 0.7822033898305085, "just_main": 0.8089547405068416, "just_spurious": 0.9374364191251272, "neither": 0.8894571505190975, "cf_score": 0.02457627118644068}