{"s_given_m": 0.041, "s_given_not_m": 0.0, "both": 0.9684857801691007, "just_main": 0.8011802383236064, "just_spurious": 0.8518518518518519, "neither": 0.8912180256718072, "cf_score": 0.005380476556495004}