{"s_given_m": 0.025, "s_given_not_m": 0.025, "both": 0.8746041798606713, "just_main": 0.8062875783548676, "just_spurious": 0.913075780089153, "neither": 0.890640972248514, "cf_score": 0.03546548448385054}