{"s_given_m": 0.006, "s_given_not_m": 0.01, "both": 0.8846153846153846, "just_main": 0.8924754805806199, "just_spurious": 0.8563734290843806, "neither": 0.8054835400540893, "cf_score": 0.05384615384615385}