{"s_given_m": 0.043, "s_given_not_m": 0.013, "both": 0.8391959798994975, "just_main": 0.8065515498377602, "just_spurious": 0.5865921787709497, "neither": 0.8952783597725232, "cf_score": 0.12239770279971285}