{"s_given_m": 0.041, "s_given_not_m": 0.011, "both": 0.8286038592508513, "just_main": 0.807082899531494, "just_spurious": 0.7044334975369458, "neither": 0.8933218826428692, "cf_score": 0.057510404842981463}