{"s_given_m": 0.027, "s_given_not_m": 0.033, "both": 0.766248574686431, "just_main": 0.8091435352223345, "just_spurious": 0.9497175141242938, "neither": 0.8892217854280371, "cf_score": 0.06841505131128849}