{"s_given_m": 0.03, "s_given_not_m": 0.051, "both": 0.6661417322834645, "just_main": 0.8123131329368268, "just_spurious": 0.9277414669571532, "neither": 0.8892411217861449, "cf_score": 0.03937007874015748}