{"s_given_m": 0.097, "s_given_not_m": 0.011, "both": 0.8682095789135327, "just_main": 0.8014958630577099, "just_spurious": 0.8546042003231018, "neither": 0.8916213844229082, "cf_score": 0.01800064288010286}