{"s_given_m": 0.001, "s_given_not_m": 0.016, "both": 0.575, "just_main": 0.8082611072069962, "just_spurious": 0.9818181818181818, "neither": 0.8897020190647752, "cf_score": 0.2875}