{"s_given_m": 0.014, "s_given_not_m": 0.024, "both": 0.7747844827586207, "just_main": 0.8084574358649722, "just_spurious": 0.9399239543726235, "neither": 0.8899861891518626, "cf_score": 0.09375}