{"s_given_m": 0.024, "s_given_not_m": 0.016, "both": 0.8058441558441558, "just_main": 0.8080223731522174, "just_spurious": 0.839907192575406, "neither": 0.8920277621459388, "cf_score": 0.06493506493506493}