{"s_given_m": 0.054, "s_given_not_m": 0.01, "both": 0.9326950971859588, "just_main": 0.8901397771477549, "just_spurious": 0.564299424184261, "neither": 0.8083539915379023, "cf_score": 0.05192921380910937}