{"s_given_m": 0.064, "s_given_not_m": 0.003, "both": 0.9819380034171344, "just_main": 0.8863174381019028, "just_spurious": 0.703030303030303, "neither": 0.806321402781121, "cf_score": 0.00366121552355382}