{"s_given_m": 0.009, "s_given_not_m": 0.028, "both": 0.678391959798995, "just_main": 0.8091879467237634, "just_spurious": 0.955862977602108, "neither": 0.889334143654803, "cf_score": 0.04522613065326633}