{"s_given_m": 0.037, "s_given_not_m": 0.036, "both": 0.8673728813559322, "just_main": 0.893385150999919, "just_spurious": 0.8769074262461851, "neither": 0.8033367812128874, "cf_score": 0.022457627118644068}