{"s_given_m": 0.062, "s_given_not_m": 0.039, "both": 0.7134268537074149, "just_main": 0.814247459374948, "just_spurious": 0.643559718969555, "neither": 0.9013586486538424, "cf_score": 0.10721442885771543}