{"s_given_m": 0.054, "s_given_not_m": 0.01, "both": 0.8523353640847113, "just_main": 0.8054493307839388, "just_spurious": 0.7005758157389635, "neither": 0.893049523774021, "cf_score": 0.0777487670438062}