{"s_given_m": 0.045, "s_given_not_m": 0.078, "both": 0.7638121546961326, "just_main": 0.810058968620853, "just_spurious": 0.9580071174377224, "neither": 0.8855615829613468, "cf_score": 0.0369475138121547}