{"s_given_m": 0.133, "s_given_not_m": 0.069, "both": 0.8972884141331142, "just_main": 0.8916828548816461, "just_spurious": 0.4732047159699893, "neither": 0.8306304520222046, "cf_score": 0.04096724967719216}