{"s_given_m": 0.014, "s_given_not_m": 0.027, "both": 0.7709049255441008, "just_main": 0.8084817051959141, "just_spurious": 0.9630127774041695, "neither": 0.8891714909366992, "cf_score": 0.052691867124856816}