{"s_given_m": 0.025, "s_given_not_m": 0.029, "both": 0.8436522826766729, "just_main": 0.8936752191438991, "just_spurious": 0.9061901723037652, "neither": 0.8030225263758198, "cf_score": 0.05503439649781113}