{"s_given_m": 0.006, "s_given_not_m": 0.024, "both": 0.6475409836065574, "just_main": 0.8088911198607037, "just_spurious": 0.9772209567198178, "neither": 0.889054961687636, "cf_score": 0.0546448087431694}