{"s_given_m": 0.004, "s_given_not_m": 0.031, "both": 0.717948717948718, "just_main": 0.8931737727514802, "just_spurious": 0.9585834333733494, "neither": 0.8011655810764484, "cf_score": 0.08424908424908426}