{"s_given_m": 0.004, "s_given_not_m": 0.031, "both": 0.6117216117216118, "just_main": 0.8088092478305817, "just_spurious": 0.9873949579831933, "neither": 0.8881461166342894, "cf_score": 0.06227106227106227}