{"s_given_m": 0.013, "s_given_not_m": 0.013, "both": 0.7832335329341318, "just_main": 0.8082964601769912, "just_spurious": 0.9273255813953488, "neither": 0.8907336773614539, "cf_score": 0.0658682634730539}