{"s_given_m": 0.06, "s_given_not_m": 0.018, "both": 0.9287206266318538, "just_main": 0.8901219208758397, "just_spurious": 0.9033915724563206, "neither": 0.8042256433391605, "cf_score": 0.015665796344647518}