{"s_given_m": 0.039, "s_given_not_m": 0.001, "both": 0.9826402906742027, "just_main": 0.8888023621791752, "just_spurious": 0.7586206896551724, "neither": 0.8060321740575882, "cf_score": 0.006055712555510699}