{"s_given_m": 0.01, "s_given_not_m": 0.02, "both": 0.7089783281733746, "just_main": 0.8089776111172383, "just_spurious": 0.8327205882352942, "neither": 0.8923969557682164, "cf_score": 0.06191950464396285}