{"s_given_m": 0.071, "s_given_not_m": 0.073, "both": 0.8379741284805964, "just_main": 0.8056721630788863, "just_spurious": 0.932233502538071, "neither": 0.887979773849339, "cf_score": 0.022802017101512827}