{"s_given_m": 0.031, "s_given_not_m": 0.017, "both": 0.8152390438247012, "just_main": 0.807735037918431, "just_spurious": 0.8403001071811361, "neither": 0.8920903848682357, "cf_score": 0.15139442231075698}