{"s_given_m": 0.039, "s_given_not_m": 0.001, "both": 0.9652805813484053, "just_main": 0.8016483338200461, "just_spurious": 0.8275862068965517, "neither": 0.8912324769591637, "cf_score": 0.010092854259184497}