{"s_given_m": 0.024, "s_given_not_m": 0.016, "both": 0.8987012987012987, "just_main": 0.8922732720735118, "just_spurious": 0.7529002320185615, "neither": 0.8068655036578503, "cf_score": 0.04155844155844156}