{"s_given_m": 0.036, "s_given_not_m": 0.056, "both": 0.7700745941202282, "just_main": 0.8093667119477327, "just_spurious": 0.9190959711758926, "neither": 0.8895322678456151, "cf_score": 0.035980693286529176}