{"s_given_m": 0.079, "s_given_not_m": 0.009, "both": 0.9463647199046484, "just_main": 0.8878319595132107, "just_spurious": 0.6983805668016194, "neither": 0.8069972800774992, "cf_score": 0.01092570520460866}