{"s_given_m": 0.011, "s_given_not_m": 0.063, "both": 0.4862914862914863, "just_main": 0.8114849736684431, "just_spurious": 0.9365682548962292, "neither": 0.8881401351697503, "cf_score": 0.17893217893217894}