{"s_given_m": 0.03, "s_given_not_m": 0.048, "both": 0.7167182662538699, "just_main": 0.8108142882416327, "just_spurious": 0.9473884864658788, "neither": 0.8883392500339483, "cf_score": 0.047987616099071206}