{"s_given_m": 0.025, "s_given_not_m": 0.036, "both": 0.7154271665642287, "just_main": 0.8970362309563437, "just_spurious": 0.5308516063233044, "neither": 0.8163413839995404, "cf_score": 0.23786109403810696}