{"s_given_m": 0.008, "s_given_not_m": 0.02, "both": 0.8033126293995859, "just_main": 0.8931040985667589, "just_spurious": 0.9492481203007519, "neither": 0.8031370038412292, "cf_score": 0.035196687370600416}