{"s_given_m": 0.045, "s_given_not_m": 0.078, "both": 0.8470303867403315, "just_main": 0.8945752135774842, "just_spurious": 0.8911032028469751, "neither": 0.7988269912124427, "cf_score": 0.030041436464088397}