{"s_given_m": 0.057, "s_given_not_m": 0.003, "both": 0.9333700440528634, "just_main": 0.8004397929996858, "just_spurious": 0.7696629213483146, "neither": 0.8915990665629514, "cf_score": 0.009636563876651983}