{"s_given_m": 0.028, "s_given_not_m": 0.007, "both": 0.9692476661175179, "just_main": 0.8901820400038527, "just_spurious": 0.6639118457300276, "neither": 0.8069653775390734, "cf_score": 0.010982976386600769}