{"s_given_m": 0.008, "s_given_not_m": 0.022, "both": 0.7080745341614907, "just_main": 0.8087283127985919, "just_spurious": 0.9629934210526315, "neither": 0.8895498149407055, "cf_score": 0.07660455486542443}