{"s_given_m": 0.007, "s_given_not_m": 0.039, "both": 0.6141552511415526, "just_main": 0.8943417560500652, "just_spurious": 0.9259962049335864, "neither": 0.8011485863552551, "cf_score": 0.14383561643835616}