{"s_given_m": 0.092, "s_given_not_m": 0.11, "both": 0.7842903390696881, "just_main": 0.8103560759537135, "just_spurious": 0.9385053619302949, "neither": 0.8853414654385529, "cf_score": 0.07428863520190833}