{"s_given_m": 0.053, "s_given_not_m": 0.001, "both": 0.9508340649692713, "just_main": 0.8891396751128539, "just_spurious": 0.559322033898305, "neither": 0.8062757562877682, "cf_score": 0.027216856892010536}