{"s_given_m": 0.004, "s_given_not_m": 0.013, "both": -1, "just_main": 0.6008243500317058, "just_spurious": 0.9516876240900066, "neither": 0.9936361235806707, "cf_score": -1}