{"s_given_m": 0.0, "s_given_not_m": 0.002, "both": -1, "just_main": 0.6380290587492103, "just_spurious": 1.0, "neither": 0.9963456652629381, "cf_score": -1}