{"s_given_m": 0.0, "s_given_not_m": 0.031, "both": -1, "just_main": 0.6380290587492103, "just_spurious": 0.999721293199554, "neither": 0.9962432643253566, "cf_score": -1}