{"s_given_m": 0.006, "s_given_not_m": 0.033, "both": -1, "just_main": 0.6394536213468869, "just_spurious": 0.9981540084388185, "neither": 0.9962902747711737, "cf_score": -1}