{"s_given_m": 0.008, "s_given_not_m": 0.015, "both": 0.375, "just_main": 0.6005728835136855, "just_spurious": 0.9844776119402985, "neither": 0.9932126297974366, "cf_score": 0.0}