{"s_given_m": 0.001, "s_given_not_m": 0.036, "both": -1, "just_main": 0.5996204933586338, "just_spurious": 0.999758162031439, "neither": 0.992836934388121, "cf_score": -1}