{"s_given_m": 0.004, "s_given_not_m": 0.032, "both": -1, "just_main": 0.6397082143989851, "just_spurious": 0.9986372308530935, "neither": 0.9962764239313785, "cf_score": -1}