{"s_given_m": 0.014, "s_given_not_m": 0.04, "both": 0.37777777777777777, "just_main": 0.6417814802947773, "just_spurious": 0.9980574142024606, "neither": 0.9962801390196221, "cf_score": 0.022222222222222223}