{"s_given_m": 0.014, "s_given_not_m": 0.04, "both": 0.4090909090909091, "just_main": 0.6412556053811659, "just_spurious": 0.9978331527627302, "neither": 0.9962897942193184, "cf_score": 0.022727272727272728}