{"s_given_m": 0.005, "s_given_not_m": 0.027, "both": -1, "just_main": 0.6008256589393458, "just_spurious": 0.9954233409610984, "neither": 0.9930217201192197, "cf_score": -1}