{"s_given_m": 0.006, "s_given_not_m": 0.033, "both": -1, "just_main": 0.6000635324015248, "just_spurious": 0.9931434599156118, "neither": 0.9930835631326967, "cf_score": -1}