{"s_given_m": 0.007, "s_given_not_m": 0.01, "both": -1, "just_main": 0.6413354531001589, "just_spurious": 0.9758534554537885, "neither": 0.9965677668539326, "cf_score": 0.047619047619047616}