{"s_given_m": 0.024, "s_given_not_m": 0.046, "both": 0.48, "just_main": 0.6017470074409577, "just_spurious": 0.9950542134297128, "neither": 0.9929913347411345, "cf_score": 0.04}