{"s_given_m": 0.003, "s_given_not_m": 0.019, "both": -1, "just_main": 0.5989863794741843, "just_spurious": 0.997653683716565, "neither": 0.9929993804761483, "cf_score": -1}