{"s_given_m": 0.085, "s_given_not_m": 0.028, "both": 0.5335820895522388, "just_main": 0.6048999309868875, "just_spurious": 0.9377491567003986, "neither": 0.9946987305560522, "cf_score": 0.05223880597014925}