{"s_given_m": 0.025, "s_given_not_m": 0.02, "both": 0.3375, "just_main": 0.6056383668178872, "just_spurious": 0.9150984682713348, "neither": 0.9946648232833493, "cf_score": 0.0625}