{"s_given_m": 0.318, "s_given_not_m": 0.071, "both": 0.6220238095238095, "just_main": 0.6455050973123262, "just_spurious": 0.9811758953673145, "neither": 0.9975126239012531, "cf_score": 0.04563492063492063}