{"s_given_m": 0.012, "s_given_not_m": 0.048, "both": 0.24324324324324326, "just_main": 0.642697347395334, "just_spurious": 0.9994536514296121, "neither": 0.996196296634133, "cf_score": 0.0}