{"s_given_m": 0.002, "s_given_not_m": 0.002, "both": -1, "just_main": 0.5985447643150902, "just_spurious": 0.9811320754716981, "neither": 0.9931075894838525, "cf_score": -1}