{"s_given_m": 0.257, "s_given_not_m": 0.031, "both": 0.6814268142681427, "just_main": 0.6230344241393965, "just_spurious": 0.9661258183888415, "neither": 0.9973030607124937, "cf_score": 0.025830258302583026}