{"s_given_m": 0.209, "s_given_not_m": 0.068, "both": 0.5604229607250756, "just_main": 0.6585463258785943, "just_spurious": 0.9882638091593315, "neither": 0.9969426371618725, "cf_score": 0.03625377643504532}