{"s_given_m": 0.001, "s_given_not_m": 0.015, "both": -1, "just_main": 0.5986093552465234, "just_spurious": 1.0, "neither": 0.9929799186869979, "cf_score": -1}