{"s_given_m": 0.008, "s_given_not_m": 0.008, "both": -1, "just_main": 0.6397199236155315, "just_spurious": 0.9934994582881906, "neither": 0.9963747175957547, "cf_score": 0.0}