{"s_given_m": 0.004, "s_given_not_m": 0.053, "both": -1, "just_main": 0.6397082143989851, "just_spurious": 1.0, "neither": 0.9961470364288532, "cf_score": -1}