{"s_given_m": 0.017, "s_given_not_m": 0.02, "both": 0.4074074074074074, "just_main": 0.6420308483290489, "just_spurious": 0.9978317432784042, "neither": 0.9963214111598635, "cf_score": 0.037037037037037035}