{"s_given_m": 0.004, "s_given_not_m": 0.013, "both": -1, "just_main": 0.6398224476854788, "just_spurious": 0.9761747187293184, "neither": 0.9966200158436758, "cf_score": -1}