{"s_given_m": 0.0, "s_given_not_m": 0.023, "both": -1, "just_main": 0.637914691943128, "just_spurious": 1.0, "neither": 0.9962664343559154, "cf_score": -1}