{"s_given_m": 0.0, "s_given_not_m": 0.008, "both": -1, "just_main": 0.5988629185091598, "just_spurious": 0.9989583333333333, "neither": 0.9930361506994507, "cf_score": -1}