{"s_given_m": 0.209, "s_given_not_m": 0.068, "both": 0.5513595166163142, "just_main": 0.6114217252396166, "just_spurious": 0.9751243781094527, "neither": 0.9943979418728212, "cf_score": 0.04229607250755287}