{"s_given_m": 0.013, "s_given_not_m": 0.025, "both": 0.2857142857142857, "just_main": 0.6030729833546735, "just_spurious": 0.9549080818591744, "neither": 0.9940661807943834, "cf_score": 0.023809523809523808}