{"s_given_m": 0.0, "s_given_not_m": 0.017, "both": -1, "just_main": 0.5988629185091598, "just_spurious": 1.0, "neither": 0.992965277102684, "cf_score": -1}