{"s_given_m": 0.002, "s_given_not_m": 0.03, "both": -1, "just_main": 0.5993670886075949, "just_spurious": 0.9997139588100686, "neither": 0.9928779395296753, "cf_score": -1}