{"s_given_m": 0.03, "s_given_not_m": 0.059, "both": 0.375, "just_main": 0.6462540716612378, "just_spurious": 0.9980726464047442, "neither": 0.9962445559902562, "cf_score": 0.03125}