{"s_given_m": 0.008, "s_given_not_m": 0.03, "both": 0.28, "just_main": 0.6408787010506208, "just_spurious": 0.9994284081166047, "neither": 0.9962552185053126, "cf_score": 0.0}