{"s_given_m": 0.005, "s_given_not_m": 0.027, "both": -1, "just_main": 0.639568116862496, "just_spurious": 0.998365478914678, "neither": 0.9962966929021435, "cf_score": -1}