{"s_given_m": 0.013, "s_given_not_m": 0.025, "both": 0.30952380952380953, "just_main": 0.6424455825864277, "just_spurious": 0.9708636836628513, "neither": 0.9970063614818511, "cf_score": 0.047619047619047616}