{"s_given_m": 0.016, "s_given_not_m": 0.048, "both": 0.34615384615384615, "just_main": 0.642903018625562, "just_spurious": 0.9990938745922435, "neither": 0.9962136072917712, "cf_score": 0.019230769230769232}