{"s_given_m": 0.017, "s_given_not_m": 0.014, "both": 0.4909090909090909, "just_main": 0.600771456123433, "just_spurious": 0.961916461916462, "neither": 0.9935326407796076, "cf_score": 0.03636363636363636}