{"s_given_m": 0.068, "s_given_not_m": 0.023, "both": 0.5277777777777778, "just_main": 0.6461016949152543, "just_spurious": 0.9917324314167606, "neither": 0.996460963898275, "cf_score": 0.10185185185185185}