{"s_given_m": 0.039, "s_given_not_m": 0.016, "both": 0.7398373983739838, "just_main": 0.6339139007558331, "just_spurious": 0.9768722466960352, "neither": 0.9966638718503156, "cf_score": 0.016260162601626018}