{"s_given_m": 0.039, "s_given_not_m": 0.016, "both": 0.6178861788617886, "just_main": 0.598093986197831, "just_spurious": 0.9730176211453745, "neither": 0.9934071753232426, "cf_score": 0.032520325203252036}