{"s_given_m": 0.238, "s_given_not_m": 0.024, "both": 0.6569536423841059, "just_main": 0.5806719203649938, "just_spurious": 0.9121428571428571, "neither": 0.9951033199490745, "cf_score": 0.04370860927152318}