{"s_given_m": 0.008, "s_given_not_m": 0.03, "both": 0.32, "just_main": 0.6010824578159821, "just_spurious": 0.9965704486996285, "neither": 0.9929762949956101, "cf_score": 0.0}