{"s_given_m": 0.009, "s_given_not_m": 0.031, "both": 0.4642857142857143, "just_main": 0.6395793499043977, "just_spurious": 0.9977559607293127, "neither": 0.99630678762236, "cf_score": 0.03571428571428571}