{"s_given_m": 0.238, "s_given_not_m": 0.024, "both": 0.7006622516556291, "just_main": 0.6184155951887184, "just_spurious": 0.9517857142857142, "neither": 0.9974626294281568, "cf_score": 0.02119205298013245}