{"s_given_m": 0.001, "s_given_not_m": 0.006, "both": -1, "just_main": 0.638318052481821, "just_spurious": 1.0, "neither": 0.9963292809760617, "cf_score": -1}