{"s_given_m": 0.017, "s_given_not_m": 0.02, "both": 0.4074074074074074, "just_main": 0.6021850899742931, "just_spurious": 0.9900260190806591, "neither": 0.9931480742809023, "cf_score": 0.037037037037037035}