{"s_given_m": 0.005, "s_given_not_m": 0.019, "both": -1, "just_main": 0.6401142494446208, "just_spurious": 0.994165170556553, "neither": 0.9963948163305076, "cf_score": -1}