{"s_given_m": 0.001, "s_given_not_m": 0.036, "both": -1, "just_main": 0.6388361796331435, "just_spurious": 0.9995163240628778, "neither": 0.9962337592128737, "cf_score": -1}