{"s_given_m": 0.09, "s_given_not_m": 0.02, "both": 0.6456140350877193, "just_main": 0.637278722665741, "just_spurious": 0.9786476868327402, "neither": 0.9967042605406076, "cf_score": 0.03859649122807018}