{"s_given_m": 0.03, "s_given_not_m": 0.059, "both": 0.3958333333333333, "just_main": 0.6052117263843648, "just_spurious": 0.9964418087472202, "neither": 0.9928766516571935, "cf_score": 0.03125}