{"s_given_m": 0.009, "s_given_not_m": 0.038, "both": 0.07142857142857142, "just_main": 0.6035691523263225, "just_spurious": 0.999770484278173, "neither": 0.9928225777328373, "cf_score": 0.2857142857142857}