{"s_given_m": 0.002, "s_given_not_m": 0.028, "both": -1, "just_main": 0.6001899335232669, "just_spurious": 0.9996904024767802, "neither": 0.9928948709011448, "cf_score": -1}