{"s_given_m": 0.0, "s_given_not_m": 0.026, "both": -1, "just_main": 0.6382306477093207, "just_spurious": 1.0, "neither": 0.9962545480487979, "cf_score": -1}