{"s_given_m": 0.006, "s_given_not_m": 0.034, "both": 0.4, "just_main": 0.600127145581691, "just_spurious": 0.9977203647416414, "neither": 0.9929209430347297, "cf_score": 0.0}