{"s_given_m": 0.017, "s_given_not_m": 0.039, "both": 0.3584905660377358, "just_main": 0.6427883070992612, "just_spurious": 0.9977817213842058, "neither": 0.9962933832370517, "cf_score": 0.05660377358490566}