{"s_given_m": 0.065, "s_given_not_m": 0.035, "both": 0.08650519031141868, "just_main": 0.09800624549603651, "just_spurious": 0.9801833044339856, "neither": 0.9943532669083226, "cf_score": 0.02422145328719723}