{"s_given_m": 0.002, "s_given_not_m": 0.031, "both": -1, "just_main": 0.09750056293627561, "just_spurious": 1.0, "neither": 0.993657122145705, "cf_score": -1}