{"s_given_m": 0.001, "s_given_not_m": 0.008, "both": -1, "just_main": 0.07443220148414662, "just_spurious": 1.0, "neither": 0.9980687455705174, "cf_score": -1}