{"s_given_m": 0.015, "s_given_not_m": 0.02, "both": 0.028985507246376812, "just_main": 0.07506274241387177, "just_spurious": 0.9995644599303136, "neither": 0.9980544921507275, "cf_score": 0.028985507246376812}