{"s_given_m": 0.007, "s_given_not_m": 0.013, "both": 0.0, "just_main": 0.07490382439465942, "just_spurious": 0.9986577181208054, "neither": 0.9980773510169567, "cf_score": 0.0}