{"s_given_m": 0.052, "s_given_not_m": 0.029, "both": 0.0603448275862069, "just_main": 0.07511848341232227, "just_spurious": 0.9960570215347285, "neither": 0.9981454341493423, "cf_score": 0.02586206896551724}