{"s_given_m": 0.018, "s_given_not_m": 0.027, "both": 0.036585365853658534, "just_main": 0.09839816933638444, "just_spurious": 0.993514915693904, "neither": 0.9938601005859993, "cf_score": 0.036585365853658534}