{"s_given_m": 0.007, "s_given_not_m": 0.013, "both": 0.0, "just_main": 0.09798596967639737, "just_spurious": 0.9946308724832215, "neither": 0.993840402332102, "cf_score": 0.0}