{"s_given_m": 0.015, "s_given_not_m": 0.02, "both": 0.10144927536231885, "just_main": 0.0971937029431896, "just_spurious": 0.9952090592334495, "neither": 0.993822788441711, "cf_score": 0.0}