{"s_given_m": 0.177, "s_given_not_m": 0.074, "both": 0.0737913486005089, "just_main": 0.07446808510638298, "just_spurious": 0.9933357134356777, "neither": 0.9984634646027771, "cf_score": 0.019083969465648856}