{"s_given_m": 0.21, "s_given_not_m": 0.031, "both": 0.14040728831725616, "just_main": 0.05683432793407218, "just_spurious": 0.9851002865329513, "neither": 0.9984956273505823, "cf_score": 0.08896034297963558}