{"s_given_m": 0.017, "s_given_not_m": 0.025, "both": 0.02702702702702703, "just_main": 0.07514846962083142, "just_spurious": 0.9996512033484478, "neither": 0.9980444812919039, "cf_score": 0.013513513513513514}