{"s_given_m": 0.001, "s_given_not_m": 0.027, "both": -1, "just_main": 0.09736901281762986, "just_spurious": 1.0, "neither": 0.9936799147691363, "cf_score": -1}