{"s_given_m": 0.019, "s_given_not_m": 0.034, "both": 0.0, "just_main": 0.07577838827838827, "just_spurious": 1.0, "neither": 0.9980175870943101, "cf_score": 0.0}