{"s_given_m": 0.028, "s_given_not_m": 0.015, "both": 0.04838709677419355, "just_main": 0.09865988909426987, "just_spurious": 0.9942922374429224, "neither": 0.9938438478627446, "cf_score": 0.008064516129032258}