{"s_given_m": 0.001, "s_given_not_m": 0.008, "both": -1, "just_main": 0.09736901281762986, "just_spurious": 0.9989528795811519, "neither": 0.9938075832742735, "cf_score": -1}