{"s_given_m": 0.063, "s_given_not_m": 0.02, "both": 0.1601423487544484, "just_main": 0.09302325581395349, "just_spurious": 0.9653641207815276, "neither": 0.9944256741618347, "cf_score": 0.017793594306049824}