{"s_given_m": 0.002, "s_given_not_m": 0.02, "both": -1, "just_main": 0.07448244824482449, "just_spurious": 1.0, "neither": 0.9980462798659282, "cf_score": -1}