{"s_given_m": 0.063, "s_given_not_m": 0.018, "both": 0.09608540925266904, "just_main": 0.07288420043155118, "just_spurious": 0.9903799903799904, "neither": 0.9982282830452056, "cf_score": 0.042704626334519574}