{"s_given_m": 0.0, "s_given_not_m": 0.002, "both": -1, "just_main": 0.07438202247191011, "just_spurious": 1.0, "neither": 0.9980817964240462, "cf_score": -1}