{"s_given_m": 0.074, "s_given_not_m": 0.046, "both": 0.048484848484848485, "just_main": 0.07641921397379912, "just_spurious": 0.998854961832061, "neither": 0.9980477922556287, "cf_score": 0.021212121212121213}