{"s_given_m": 0.042, "s_given_not_m": 0.03, "both": 0.04838709677419355, "just_main": 0.07548054383497421, "just_spurious": 0.9976254081329772, "neither": 0.9980989625767205, "cf_score": 0.0}