{"s_given_m": 0.07, "s_given_not_m": 0.023, "both": 0.09003215434083602, "just_main": 0.09780246317314659, "just_spurious": 0.9766173031956352, "neither": 0.9942481733456758, "cf_score": 0.022508038585209004}