{"s_given_m": 0.002, "s_given_not_m": 0.026, "both": -1, "just_main": 0.09727538842603017, "just_spurious": 1.0, "neither": 0.9936857297492333, "cf_score": -1}