{"s_given_m": 0.009, "s_given_not_m": 0.031, "both": 0.0, "just_main": 0.09811919329254476, "just_spurious": 0.9997182304874612, "neither": 0.9936619335183069, "cf_score": 0.02564102564102564}