{"s_given_m": 0.025, "s_given_not_m": 0.014, "both": 0.09734513274336283, "just_main": 0.09725743258815395, "just_spurious": 0.987389659520807, "neither": 0.9939420395727356, "cf_score": 0.02654867256637168}