{"s_given_m": 0.268, "s_given_not_m": 0.094, "both": 0.09403862300587741, "just_main": 0.0671573137074517, "just_spurious": 0.9914521886154424, "neither": 0.9987692486602254, "cf_score": 0.04617968094038623}