{"s_given_m": 0.143, "s_given_not_m": 0.057, "both": 0.15251572327044025, "just_main": 0.0880503144654088, "just_spurious": 0.976061776061776, "neither": 0.9949236214605067, "cf_score": 0.020440251572327043}