{"s_given_m": 0.386, "s_given_not_m": 0.097, "both": 0.10587550901687028, "just_main": 0.05451884376143432, "just_spurious": 0.9901402080506558, "neither": 0.99893948238957, "cf_score": 0.041884816753926704}