{"s_given_m": 0.018, "s_given_not_m": 0.027, "both": 0.036585365853658534, "just_main": 0.07505720823798627, "just_spurious": 1.0, "neither": 0.9980316204819821, "cf_score": 0.024390243902439025}