{"s_given_m": 0.03, "s_given_not_m": 0.017, "both": 0.05970149253731343, "just_main": 0.0984251968503937, "just_spurious": 0.9954568399798082, "neither": 0.9938223040749549, "cf_score": 0.007462686567164179}