{"s_given_m": 0.005, "s_given_not_m": 0.011, "both": -1, "just_main": 0.07447528774542993, "just_spurious": 1.0, "neither": 0.998064527584921, "cf_score": 0.0}