{"s_given_m": 0.031, "s_given_not_m": 0.028, "both": 0.05, "just_main": 0.09879406307977737, "just_spurious": 0.997510115157174, "neither": 0.9937444631266836, "cf_score": 0.02142857142857143}