{"s_given_m": 0.019, "s_given_not_m": 0.034, "both": 0.0, "just_main": 0.09913003663003662, "just_spurious": 0.999741468459152, "neither": 0.9936435476097375, "cf_score": 0.0}