{"s_given_m": 0.165, "s_given_not_m": 0.04, "both": 0.15374149659863945, "just_main": 0.08609093354856066, "just_spurious": 0.963236893626278, "neither": 0.995139054175287, "cf_score": 0.044897959183673466}