{"s_given_m": 0.003, "s_given_not_m": 0.019, "both": -1, "just_main": 0.09734114465975664, "just_spurious": 0.9995302959135745, "neither": 0.9937425026408608, "cf_score": -1}