{"s_given_m": 0.038, "s_given_not_m": 0.031, "both": 0.11242603550295859, "just_main": 0.09666121877188887, "just_spurious": 0.9851978366068886, "neither": 0.9941262848751835, "cf_score": 0.05917159763313609}