{"s_given_m": 0.042, "s_given_not_m": 0.03, "both": 0.10752688172043011, "just_main": 0.09681200187529301, "just_spurious": 0.98337785693084, "neither": 0.9941701519019427, "cf_score": 0.016129032258064516}