{"s_given_m": 0.033, "s_given_not_m": 0.027, "both": 0.0136986301369863, "just_main": 0.07640501625638643, "just_spurious": 0.9980682549903412, "neither": 0.9980854157447462, "cf_score": 0.02054794520547945}