{"s_given_m": 0.005, "s_given_not_m": 0.006, "both": 0.0, "just_main": 0.09778681120144535, "just_spurious": 0.9970631424375918, "neither": 0.9938314155929088, "cf_score": 0.0}