{"s_given_m": 0.007, "s_given_not_m": 0.015, "both": 0.03225806451612903, "just_main": 0.07464374575887808, "just_spurious": 0.9987893462469734, "neither": 0.998074574579036, "cf_score": 0.0}