{"s_given_m": 0.002, "s_given_not_m": 0.02, "both": -1, "just_main": 0.09743474347434744, "just_spurious": 1.0, "neither": 0.9937265867254576, "cf_score": -1}