{"s_given_m": 0.017, "s_given_not_m": 0.019, "both": 0.07792207792207792, "just_main": 0.07428571428571429, "just_spurious": 0.9958448753462604, "neither": 0.998128397317071, "cf_score": 0.025974025974025976}