{"s_given_m": 0.009, "s_given_not_m": 0.015, "both": 0.0, "just_main": 0.07500566508044414, "just_spurious": 0.9994100294985251, "neither": 0.9980649188514357, "cf_score": 0.0}