{"s_given_m": 0.002, "s_given_not_m": 0.026, "both": -1, "just_main": 0.07453276289124071, "just_spurious": 1.0, "neither": 0.9980335558361898, "cf_score": -1}