{"s_given_m": 0.078, "s_given_not_m": 0.057, "both": 0.031609195402298854, "just_main": 0.10282651072124756, "just_spurious": 0.9933774834437086, "neither": 0.9938793761994373, "cf_score": 0.011494252873563218}