{"s_given_m": 0.042, "s_given_not_m": 0.041, "both": 0.05945945945945946, "just_main": 0.09889852355284744, "just_spurious": 0.9922044174967518, "neither": 0.9939203603834568, "cf_score": 0.010810810810810811}