{"s_given_m": 0.053, "s_given_not_m": 0.034, "both": 0.06329113924050633, "just_main": 0.07497034400948992, "just_spurious": 0.9987103430487491, "neither": 0.9980628967423926, "cf_score": 0.05063291139240506}