{"s_given_m": 0.441, "s_given_not_m": 0.546, "both": 0.02854230377166157, "just_main": 0.11044176706827309, "just_spurious": 0.9991633549466639, "neither": 0.9967880499980651, "cf_score": 0.035168195718654434}