{"s_given_m": 0.081, "s_given_not_m": 0.104, "both": 0.013888888888888888, "just_main": 0.07966764418377321, "just_spurious": 0.9995795139180893, "neither": 0.9979106175939731, "cf_score": 0.008333333333333333}