{"s_given_m": 0.03, "s_given_not_m": 0.053, "both": 0.015037593984962405, "just_main": 0.09979161843019217, "just_spurious": 0.9993326659993327, "neither": 0.9935460539127048, "cf_score": 0.007518796992481203}