{"s_given_m": 0.177, "s_given_not_m": 0.074, "both": 0.1183206106870229, "just_main": 0.0927441352973268, "just_spurious": 0.976674997024872, "neither": 0.9952196676530844, "cf_score": 0.022900763358778626}