{"s_given_m": 0.081, "s_given_not_m": 0.104, "both": 0.013888888888888888, "just_main": 0.10459433040078202, "just_spurious": 0.9984021528887393, "neither": 0.9933198618849565, "cf_score": 0.022222222222222223}