{"s_given_m": 0.107, "s_given_not_m": 0.037, "both": 0.09832635983263599, "just_main": 0.09713135379969803, "just_spurious": 0.9833333333333333, "neither": 0.9942536598713915, "cf_score": 0.027196652719665274}