{"s_given_m": 0.028, "s_given_not_m": 0.015, "both": 0.04032258064516129, "just_main": 0.07532347504621072, "just_spurious": 0.9994292237442922, "neither": 0.9980639347626312, "cf_score": 0.008064516129032258}