{"s_given_m": 0.02, "s_given_not_m": 0.013, "both": 0.08791208791208792, "just_main": 0.07406558128869525, "just_spurious": 0.9946488294314382, "neither": 0.9981306747374044, "cf_score": 0.01098901098901099}