{"s_given_m": 0.005, "s_given_not_m": 0.017, "both": 0.08695652173913043, "just_main": 0.09731316324226688, "just_spurious": 0.9921711899791231, "neither": 0.9938795021399405, "cf_score": 0.0}