{"s_given_m": 0.004, "s_given_not_m": 0.019, "both": -1, "just_main": 0.07465042850699143, "just_spurious": 1.0, "neither": 0.9980478019862271, "cf_score": -1}