{"s_given_m": 0.441, "s_given_not_m": 0.546, "both": 0.05504587155963303, "just_main": 0.13052208835341367, "just_spurious": 0.9954788988463952, "neither": 0.9918927286095739, "cf_score": 0.05759429153924567}