{"s_given_m": 0.007, "s_given_not_m": 0.015, "both": 0.16129032258064516, "just_main": 0.09681067631757521, "just_spurious": 0.9921307506053268, "neither": 0.9938760774805452, "cf_score": 0.0}