{"s_given_m": 0.001, "s_given_not_m": 0.015, "both": -1, "just_main": 0.09732524162733198, "just_spurious": 1.0, "neither": 0.9937602510161877, "cf_score": -1}