{"s_given_m": 0.02, "s_given_not_m": 0.013, "both": 0.14285714285714285, "just_main": 0.09630818619582665, "just_spurious": 0.9859531772575251, "neither": 0.9939558483176073, "cf_score": 0.01098901098901099}