{"s_given_m": 0.022, "s_given_not_m": 0.018, "both": 0.04, "just_main": 0.07513786764705882, "just_spurious": 0.9995098039215686, "neither": 0.9980589471801065, "cf_score": 0.01}