{"s_given_m": 0.025, "s_given_not_m": 0.014, "both": 0.08849557522123894, "just_main": 0.0739801797649228, "just_spurious": 0.9955863808322825, "neither": 0.9981202505144812, "cf_score": 0.035398230088495575}