{"s_given_m": 0.08, "s_given_not_m": 0.038, "both": 0.1553672316384181, "just_main": 0.09224011713030747, "just_spurious": 0.9835075493612079, "neither": 0.9942572811101981, "cf_score": 0.031073446327683617}