{"s_given_m": 0.01, "s_given_not_m": 0.008, "both": 0.06976744186046512, "just_main": 0.07439328645951462, "just_spurious": 1.0, "neither": 0.9980685915779961, "cf_score": 0.0}