{"s_given_m": 0.031, "s_given_not_m": 0.028, "both": 0.03571428571428571, "just_main": 0.07560296846011132, "just_spurious": 0.998755057578587, "neither": 0.99806548426172, "cf_score": 0.0}