{"s_given_m": 0.029, "s_given_not_m": 0.025, "both": 0.08396946564885496, "just_main": 0.0976625781069197, "just_spurious": 0.9863994273443092, "neither": 0.994038238128259, "cf_score": 0.05343511450381679}