{"s_given_m": 0.078, "s_given_not_m": 0.057, "both": 0.011494252873563218, "just_main": 0.07967836257309942, "just_spurious": 0.998613891883567, "neither": 0.9980529522460919, "cf_score": 0.0028735632183908046}