{"s_given_m": 0.034, "s_given_not_m": 0.032, "both": 0.0457516339869281, "just_main": 0.09909281228192603, "just_spurious": 0.9953513809133169, "neither": 0.9938009402966109, "cf_score": 0.006535947712418301}