{"s_given_m": 0.004, "s_given_not_m": 0.019, "both": -1, "just_main": 0.09765448804691024, "just_spurious": 1.0, "neither": 0.9937314742677019, "cf_score": -1}