{"s_given_m": 0.053, "s_given_not_m": 0.033, "both": 0.05128205128205128, "just_main": 0.09981033665244192, "just_spurious": 0.9954472415640064, "neither": 0.9937966049354684, "cf_score": 0.02564102564102564}