{"s_given_m": 0.01, "s_given_not_m": 0.008, "both": 0.09302325581395349, "just_main": 0.09730097527784078, "just_spurious": 0.995850622406639, "neither": 0.9938336685242445, "cf_score": 0.0}