{"s_given_m": 0.082, "s_given_not_m": 0.024, "both": 0.11475409836065574, "just_main": 0.09569260890846794, "just_spurious": 0.9826568265682657, "neither": 0.9941237345331834, "cf_score": 0.02459016393442623}