{"s_given_m": 0.309, "s_given_not_m": 0.019, "both": 0.1826783114992722, "just_main": 0.05912930474333983, "just_spurious": 0.8963497070752591, "neither": 0.9957891341743119, "cf_score": 0.036390101892285295}