{"s_given_m": 0.21, "s_given_not_m": 0.031, "both": 0.1864951768488746, "just_main": 0.07360045467462348, "just_spurious": 0.9475644699140401, "neither": 0.9953146948207894, "cf_score": 0.07931404072883172}