{"s_given_m": 0.009, "s_given_not_m": 0.002, "both": 0.10526315789473684, "just_main": 0.07408246488445853, "just_spurious": 0.9776536312849162, "neither": 0.9981171253607377, "cf_score": 0.0}