{"s_given_m": 0.017, "s_given_not_m": 0.028, "both": 0.04054054054054054, "just_main": 0.0749200548195523, "just_spurious": 0.9993676889029403, "neither": 0.9980482868295504, "cf_score": 0.0}