{"s_given_m": 0.143, "s_given_not_m": 0.034, "both": 0.11320754716981132, "just_main": 0.06787211740041929, "just_spurious": 0.9921019108280255, "neither": 0.9982986079519607, "cf_score": 0.04245283018867924}