{"s_given_m": 0.001, "s_given_not_m": 0.023, "both": -1, "just_main": 0.07441546762589928, "just_spurious": 1.0, "neither": 0.9980397446272817, "cf_score": -1}