{"s_given_m": 0.03, "s_given_not_m": 0.053, "both": 0.015037593984962405, "just_main": 0.07617504051863858, "just_spurious": 0.9996663329996663, "neither": 0.9979970512142877, "cf_score": 0.007518796992481203}