{"s_given_m": 0.008, "s_given_not_m": 0.016, "both": -1, "just_main": 0.28547008547008546, "just_spurious": 0.9983836206896551, "neither": 0.9980012448387408, "cf_score": 0.0}