{"s_given_m": 0.099, "s_given_not_m": 0.044, "both": 0.22317596566523606, "just_main": 0.28960977903149976, "just_spurious": 0.9947048440870759, "neither": 0.9981593099216804, "cf_score": 0.030042918454935622}