{"s_given_m": 0.242, "s_given_not_m": 0.097, "both": 0.19230769230769232, "just_main": 0.31208053691275167, "just_spurious": 0.9962716378162451, "neither": 0.9981941870019683, "cf_score": 0.06818181818181818}