{"s_given_m": 0.077, "s_given_not_m": 0.037, "both": 0.10497237569060773, "just_main": 0.262964662689307, "just_spurious": 0.9884488448844885, "neither": 0.996785602363791, "cf_score": 0.08839779005524862}