{"s_given_m": 0.001, "s_given_not_m": 0.019, "both": -1, "just_main": 0.28329092451229854, "just_spurious": 1.0, "neither": 0.9979677657740085, "cf_score": -1}