{"s_given_m": 0.0, "s_given_not_m": 0.014, "both": -1, "just_main": 0.25084745762711863, "just_spurious": 1.0, "neither": 0.9964296027933107, "cf_score": -1}