{"s_given_m": 0.342, "s_given_not_m": 0.033, "both": 0.34572490706319703, "just_main": 0.2504829362524147, "just_spurious": 0.9664169465254456, "neither": 0.9990986649532376, "cf_score": 0.05452292441140025}