{"s_given_m": 0.005, "s_given_not_m": 0.053, "both": -1, "just_main": 0.28437633035334187, "just_spurious": 1.0, "neither": 0.9978963856079992, "cf_score": -1}