{"s_given_m": 0.009, "s_given_not_m": 0.033, "both": -1, "just_main": 0.28559213339033773, "just_spurious": 0.9994721562417525, "neither": 0.9979578733346413, "cf_score": 0.0}