{"s_given_m": 0.253, "s_given_not_m": 0.074, "both": 0.22110552763819097, "just_main": 0.26091888825865, "just_spurious": 0.9852188081936686, "neither": 0.9973820282293753, "cf_score": 0.031825795644891124}