{"s_given_m": 0.087, "s_given_not_m": 0.029, "both": 0.2731707317073171, "just_main": 0.24872389791183294, "just_spurious": 0.981404958677686, "neither": 0.996934396076027, "cf_score": 0.04390243902439024}