{"s_given_m": 0.046, "s_given_not_m": 0.014, "both": 0.3669724770642202, "just_main": 0.27898711683696137, "just_spurious": 0.9937106918238994, "neither": 0.9980671173810752, "cf_score": 0.009174311926605505}