{"s_given_m": 0.046, "s_given_not_m": 0.014, "both": 0.3486238532110092, "just_main": 0.24611283873833853, "just_spurious": 0.9874213836477987, "neither": 0.9966065228228832, "cf_score": 0.03669724770642202}