{"s_given_m": 0.024, "s_given_not_m": 0.037, "both": 0.17857142857142858, "just_main": 0.2526041666666667, "just_spurious": 0.9976899976899977, "neither": 0.9964336278427929, "cf_score": 0.03571428571428571}