{"s_given_m": 0.087, "s_given_not_m": 0.029, "both": 0.23902439024390243, "just_main": 0.28723897911832946, "just_spurious": 0.9920306965761512, "neither": 0.9981872950710421, "cf_score": 0.01951219512195122}