{"s_given_m": 0.006, "s_given_not_m": 0.028, "both": -1, "just_main": 0.2514919011082694, "just_spurious": 1.0, "neither": 0.9963798977853492, "cf_score": -1}