{"s_given_m": 0.289, "s_given_not_m": 0.007, "both": 0.34750733137829914, "just_main": 0.25685339690107273, "just_spurious": 0.915606936416185, "neither": 0.9986268272757296, "cf_score": 0.05278592375366569}