{"s_given_m": 0.0, "s_given_not_m": 0.013, "both": -1, "just_main": 0.2509537939805002, "just_spurious": 1.0, "neither": 0.9964335352581754, "cf_score": -1}