{"s_given_m": 0.028, "s_given_not_m": 0.026, "both": 0.03076923076923077, "just_main": 0.2901960784313726, "just_spurious": 0.9990036532713384, "neither": 0.9979807998866413, "cf_score": 0.015384615384615385}