{"s_given_m": 0.0, "s_given_not_m": 0.031, "both": -1, "just_main": 0.2831708350996185, "just_spurious": 0.9991636465012546, "neither": 0.9979704468577533, "cf_score": -1}