{"s_given_m": 0.003, "s_given_not_m": 0.009, "both": -1, "just_main": 0.2833474936278675, "just_spurious": 0.998001998001998, "neither": 0.9980074134660564, "cf_score": -1}