{"s_given_m": 0.001, "s_given_not_m": 0.026, "both": -1, "just_main": 0.28298684768773863, "just_spurious": 0.999669093315685, "neither": 0.997962889154599, "cf_score": -1}