{"s_given_m": 0.005, "s_given_not_m": 0.018, "both": -1, "just_main": 0.2836456558773424, "just_spurious": 0.9995300751879699, "neither": 0.9979788926088982, "cf_score": -1}