{"s_given_m": 0.007, "s_given_not_m": 0.017, "both": -1, "just_main": 0.283397353819889, "just_spurious": 1.0, "neither": 0.997973773080128, "cf_score": -1}