{"s_given_m": 0.012, "s_given_not_m": 0.014, "both": 0.2857142857142857, "just_main": 0.2830188679245283, "just_spurious": 0.9981873111782478, "neither": 0.9980047605712685, "cf_score": 0.0}