{"s_given_m": 0.296, "s_given_not_m": 0.104, "both": 0.20487106017191978, "just_main": 0.315884476534296, "just_spurious": 0.9955283206359722, "neither": 0.9982956350925846, "cf_score": 0.09742120343839542}