{"s_given_m": 0.099, "s_given_not_m": 0.044, "both": 0.22746781115879827, "just_main": 0.2534085566525623, "just_spurious": 0.982349480290253, "neither": 0.9971306889955607, "cf_score": 0.008583690987124463}