{"s_given_m": 0.008, "s_given_not_m": 0.028, "both": -1, "just_main": 0.2519214346712212, "just_spurious": 0.9996907854050712, "neither": 0.9963884180916295, "cf_score": -1}