{"s_given_m": 0.005, "s_given_not_m": 0.034, "both": -1, "just_main": 0.28437633035334187, "just_spurious": 1.0, "neither": 0.9979369473966241, "cf_score": -1}