{"s_given_m": 0.421, "s_given_not_m": 0.065, "both": 0.27895266868076535, "just_main": 0.28602779809802487, "just_spurious": 0.9870804475226426, "neither": 0.9987640542709304, "cf_score": 0.03625377643504532}