{"s_given_m": 0.006, "s_given_not_m": 0.01, "both": -1, "just_main": 0.2846186621218577, "just_spurious": 0.9966914805624483, "neither": 0.9980212346798236, "cf_score": -1}