{"s_given_m": 0.04, "s_given_not_m": 0.019, "both": 0.3191489361702128, "just_main": 0.2815533980582524, "just_spurious": 0.9962773382968823, "neither": 0.9980400428905413, "cf_score": 0.02127659574468085}