{"s_given_m": 0.009, "s_given_not_m": 0.018, "both": -1, "just_main": 0.28528656971770744, "just_spurious": 0.998088867654085, "neither": 0.9980058681940369, "cf_score": 0.0}