{"s_given_m": 0.289, "s_given_not_m": 0.007, "both": 0.33724340175953077, "just_main": 0.21573301549463647, "just_spurious": 0.8867052023121387, "neither": 0.997305800351115, "cf_score": 0.06158357771260997}