{"s_given_m": 0.112, "s_given_not_m": 0.028, "both": 0.26037735849056604, "just_main": 0.2496420047732697, "just_spurious": 0.9788602941176471, "neither": 0.9969910263351766, "cf_score": 0.04150943396226415}