{"s_given_m": 0.031, "s_given_not_m": 0.03, "both": 0.1891891891891892, "just_main": 0.25284339457567806, "just_spurious": 0.9921739130434782, "neither": 0.9966126408065649, "cf_score": 0.02702702702702703}