{"s_given_m": 0.009, "s_given_not_m": 0.018, "both": 0.13636363636363635, "just_main": 0.25192472198460225, "just_spurious": 0.9904443382704252, "neither": 0.9965915280144773, "cf_score": 0.0}