{"s_given_m": 0.061, "s_given_not_m": 0.038, "both": 0.16783216783216784, "just_main": 0.25620207487595853, "just_spurious": 0.9868718877320054, "neither": 0.9968612398999184, "cf_score": 0.02097902097902098}