{"s_given_m": 0.032, "s_given_not_m": 0.041, "both": 0.07894736842105263, "just_main": 0.2565674255691769, "just_spurious": 0.9972498413370002, "neither": 0.9964478417266187, "cf_score": 0.039473684210526314}