{"s_given_m": 0.039, "s_given_not_m": 0.035, "both": 0.15384615384615385, "just_main": 0.2882327016306743, "just_spurious": 0.9987571464081532, "neither": 0.9979804117815271, "cf_score": 0.07692307692307693}