{"s_given_m": 0.299, "s_given_not_m": 0.055, "both": 0.26203966005665724, "just_main": 0.2920193470374849, "just_spurious": 0.9887587822014051, "neither": 0.9985482368839137, "cf_score": 0.026912181303116147}