{"s_given_m": 0.37, "s_given_not_m": 0.546, "both": 0.13058419243986255, "just_main": 0.3725622057834566, "just_spurious": 0.9991777616141172, "neither": 0.9966024485147575, "cf_score": 0.10309278350515463}