{"s_given_m": 0.023, "s_given_not_m": 0.027, "both": 0.0, "just_main": 0.2896790980052038, "just_spurious": 0.9990359897172236, "neither": 0.9979789921552985, "cf_score": 0.018518518518518517}