{"s_given_m": 0.005, "s_given_not_m": 0.018, "both": -1, "just_main": 0.2512776831345826, "just_spurious": 0.9948308270676691, "neither": 0.9965113928944894, "cf_score": -1}