{"s_given_m": 0.024, "s_given_not_m": 0.037, "both": 0.19642857142857142, "just_main": 0.28515625, "just_spurious": 0.9997689997689998, "neither": 0.997939031165433, "cf_score": 0.07142857142857142}