{"s_given_m": 0.433, "s_given_not_m": 0.016, "both": 0.32453567937438904, "just_main": 0.1944652206432311, "just_spurious": 0.9050701186623517, "neither": 0.9979662146169558, "cf_score": 0.09579667644183773}