{"s_given_m": 0.011, "s_given_not_m": 0.013, "both": 0.0, "just_main": 0.2535331905781585, "just_spurious": 0.9986648865153538, "neither": 0.9964519483697315, "cf_score": 0.04}