{"s_given_m": 0.009, "s_given_not_m": 0.033, "both": 0.0, "just_main": 0.25309961522017954, "just_spurious": 0.9989443124835049, "neither": 0.9963972961886247, "cf_score": 0.047619047619047616}