{"s_given_m": 0.0, "s_given_not_m": 0.03, "both": -1, "just_main": 0.25052988554472233, "just_spurious": 1.0, "neither": 0.996371462620729, "cf_score": -1}