{"s_given_m": 0.02, "s_given_not_m": 0.031, "both": 0.2127659574468085, "just_main": 0.251621271076524, "just_spurious": 0.9933975240715268, "neither": 0.9965803441028747, "cf_score": 0.0851063829787234}