{"s_given_m": 0.253, "s_given_not_m": 0.074, "both": 0.22780569514237856, "just_main": 0.3017583664208735, "just_spurious": 0.9919692737430168, "neither": 0.9984907066660456, "cf_score": 0.023450586264656615}