{"s_given_m": 0.001, "s_given_not_m": 0.029, "both": -1, "just_main": 0.2834111158252015, "just_spurious": 1.0, "neither": 0.9979473235231393, "cf_score": -1}