{"s_given_m": 0.05, "s_given_not_m": 0.013, "both": 0.3504273504273504, "just_main": 0.2795363352652697, "just_spurious": 0.9925119128658951, "neither": 0.9980778975694141, "cf_score": 0.03418803418803419}