{"s_given_m": 0.112, "s_given_not_m": 0.028, "both": 0.25660377358490566, "just_main": 0.2863961813842482, "just_spurious": 0.9898897058823529, "neither": 0.9982425463550589, "cf_score": 0.03018867924528302}