{"s_given_m": 0.002, "s_given_not_m": 0.03, "both": -1, "just_main": 0.251380042462845, "just_spurious": 1.0, "neither": 0.9963710753357645, "cf_score": -1}