{"s_given_m": 0.015, "s_given_not_m": 0.105, "both": 0.02857142857142857, "just_main": 0.2541935483870968, "just_spurious": 0.9997544204322201, "neither": 0.9960949176075826, "cf_score": 0.0}