{"s_given_m": 0.005, "s_given_not_m": 0.053, "both": -1, "just_main": 0.25202213707960835, "just_spurious": 1.0, "neither": 0.9962845252297129, "cf_score": -1}