{"s_given_m": 0.002, "s_given_not_m": 0.029, "both": -1, "just_main": 0.2832271762208068, "just_spurious": 0.9934289127837514, "neither": 0.9981435258796045, "cf_score": -1}