{"s_given_m": 0.008, "s_given_not_m": 0.028, "both": -1, "just_main": 0.2843723313407344, "just_spurious": 0.9996907854050712, "neither": 0.9979590569068176, "cf_score": -1}