{"s_given_m": 0.002, "s_given_not_m": 0.019, "both": -1, "just_main": 0.25127334465195245, "just_spurious": 0.9995412844036697, "neither": 0.9964218836540744, "cf_score": -1}