{"s_given_m": 0.055, "s_given_not_m": 0.021, "both": 0.2153846153846154, "just_main": 0.28699551569506726, "just_spurious": 0.9904286308780691, "neither": 0.99816778830908, "cf_score": 0.038461538461538464}