{"s_given_m": 0.001, "s_given_not_m": 0.036, "both": -1, "just_main": 0.13760572543916721, "just_spurious": 1.0, "neither": 0.9957775897149648, "cf_score": -1}