{"s_given_m": 0.001, "s_given_not_m": 0.03, "both": -1, "just_main": 0.16037735849056603, "just_spurious": 1.0, "neither": 0.997959019255042, "cf_score": -1}