{"s_given_m": 0.47, "s_given_not_m": 0.026, "both": 0.16931582584657912, "just_main": 0.1092694904849601, "just_spurious": 0.9700940860215054, "neither": 0.9966142468926805, "cf_score": 0.08707671043538355}