{"s_given_m": 0.47, "s_given_not_m": 0.026, "both": 0.20525224602626124, "just_main": 0.12031921424186617, "just_spurious": 0.9791666666666666, "neither": 0.9985209604846973, "cf_score": 0.09191430545957152}