{"s_given_m": 0.066, "s_given_not_m": 0.034, "both": 0.034482758620689655, "just_main": 0.14479638009049775, "just_spurious": 0.9943748401943237, "neither": 0.9959838274932614, "cf_score": 0.0049261083743842365}