{"s_given_m": 0.122, "s_given_not_m": 0.027, "both": 0.08288770053475936, "just_main": 0.17098445595854922, "just_spurious": 0.9812698412698413, "neither": 0.9984918928083811, "cf_score": 0.029411764705882353}