{"s_given_m": 0.0, "s_given_not_m": 0.011, "both": -1, "just_main": 0.1375609756097561, "just_spurious": 0.9967239967239967, "neither": 0.9959206947977893, "cf_score": -1}