{"s_given_m": 0.0, "s_given_not_m": 0.008, "both": -1, "just_main": 0.1375609756097561, "just_spurious": 1.0, "neither": 0.9958950390365158, "cf_score": -1}