{"s_given_m": 0.36, "s_given_not_m": 0.101, "both": 0.157942238267148, "just_main": 0.16158536585365854, "just_spurious": 0.9928853077318704, "neither": 0.9985996426674393, "cf_score": 0.05956678700361011}