{"s_given_m": 0.001, "s_given_not_m": 0.053, "both": -1, "just_main": 0.1376505043931012, "just_spurious": 0.9998367080339647, "neither": 0.9957098462694913, "cf_score": -1}