{"s_given_m": 0.001, "s_given_not_m": 0.026, "both": -1, "just_main": 0.16048177083333334, "just_spurious": 0.9996689837802052, "neither": 0.9979766467599608, "cf_score": -1}