{"s_given_m": 0.0, "s_given_not_m": 0.02, "both": -1, "just_main": 0.16027308192457737, "just_spurious": 0.9995577178239717, "neither": 0.9979902611775122, "cf_score": -1}