{"s_given_m": 0.0, "s_given_not_m": 0.002, "both": -1, "just_main": 0.1375609756097561, "just_spurious": 0.9953703703703703, "neither": 0.9959302578372973, "cf_score": -1}