{"s_given_m": 0.087, "s_given_not_m": 0.039, "both": 0.07116104868913857, "just_main": 0.1687433250266999, "just_spurious": 0.9911816578483245, "neither": 0.9983013327309691, "cf_score": 0.018726591760299626}