{"s_given_m": 0.004, "s_given_not_m": 0.014, "both": -1, "just_main": 0.16062683643486778, "just_spurious": 0.9993642720915448, "neither": 0.9980024287650258, "cf_score": -1}