{"s_given_m": 0.003, "s_given_not_m": 0.013, "both": -1, "just_main": 0.13791979132702967, "just_spurious": 0.9973579920739762, "neither": 0.9959101823267105, "cf_score": -1}