{"s_given_m": 0.072, "s_given_not_m": 0.029, "both": 0.1210762331838565, "just_main": 0.138801261829653, "just_spurious": 0.9931750741839762, "neither": 0.9960121958852299, "cf_score": 0.026905829596412557}