{"s_given_m": 0.137, "s_given_not_m": 0.07, "both": 0.1619047619047619, "just_main": 0.13365963855421686, "just_spurious": 0.9871303056552407, "neither": 0.9965929244842714, "cf_score": 0.02142857142857143}