{"s_given_m": 0.041, "s_given_not_m": 0.037, "both": 0.03968253968253968, "just_main": 0.14169491525423727, "just_spurious": 0.9955388588870627, "neither": 0.995944192083063, "cf_score": 0.07142857142857142}