{"s_given_m": 0.01, "s_given_not_m": 0.037, "both": 0.0, "just_main": 0.1618516086671044, "just_spurious": 0.9988361266294227, "neither": 0.9979894513816887, "cf_score": 0.0}