{"s_given_m": 0.001, "s_given_not_m": 0.009, "both": -1, "just_main": 0.16048177083333334, "just_spurious": 0.9940179461615155, "neither": 0.9980561782011768, "cf_score": -1}