{"s_given_m": 0.048, "s_given_not_m": 0.058, "both": 0.16216216216216217, "just_main": 0.1362704918032787, "just_spurious": 0.9950694755714926, "neither": 0.9959822333622071, "cf_score": 0.04054054054054054}