{"s_given_m": 0.06, "s_given_not_m": 0.039, "both": 0.1837837837837838, "just_main": 0.1345555171221031, "just_spurious": 0.9937416182387125, "neither": 0.9960175912296703, "cf_score": 0.021621621621621623}