{"s_given_m": 0.159, "s_given_not_m": 0.076, "both": 0.14754098360655737, "just_main": 0.13562596599690882, "just_spurious": 0.988621997471555, "neither": 0.9965261477795512, "cf_score": 0.02459016393442623}