{"s_given_m": 0.003, "s_given_not_m": 0.028, "both": -1, "just_main": 0.1379647749510763, "just_spurious": 0.9996901146575767, "neither": 0.9958208315473639, "cf_score": -1}