{"s_given_m": 0.003, "s_given_not_m": 0.019, "both": -1, "just_main": 0.16041734594065862, "just_spurious": 0.9995523724261415, "neither": 0.997990741478354, "cf_score": -1}