{"s_given_m": 0.021, "s_given_not_m": 0.02, "both": 0.23076923076923078, "just_main": 0.1355031550979741, "just_spurious": 0.9851851851851852, "neither": 0.9961475787310922, "cf_score": 0.03076923076923077}