{"s_given_m": 0.014, "s_given_not_m": 0.013, "both": 0.023809523809523808, "just_main": 0.16216216216216217, "just_spurious": 0.9953488372093023, "neither": 0.9980563910435685, "cf_score": 0.047619047619047616}