{"s_given_m": 0.366, "s_given_not_m": 0.03, "both": 0.12433392539964476, "just_main": 0.14512820512820512, "just_spurious": 0.9714701601164484, "neither": 0.9966808617234469, "cf_score": 0.0452930728241563}