{"s_given_m": 0.159, "s_given_not_m": 0.076, "both": 0.1557377049180328, "just_main": 0.16112828438948995, "just_spurious": 0.9954028272612343, "neither": 0.9982349075204207, "cf_score": 0.036885245901639344}