{"s_given_m": 0.001, "s_given_not_m": 0.019, "both": -1, "just_main": 0.13760572543916721, "just_spurious": 0.997250229147571, "neither": 0.9959037061285156, "cf_score": -1}