{"s_given_m": 0.001, "s_given_not_m": 0.026, "both": -1, "just_main": 0.16037735849056603, "just_spurious": 1.0, "neither": 0.9979692176143651, "cf_score": -1}