{"s_given_m": 0.005, "s_given_not_m": 0.025, "both": -1, "just_main": 0.13819013394315582, "just_spurious": 0.9924398625429554, "neither": 0.9960196258270184, "cf_score": -1}