{"s_given_m": 0.003, "s_given_not_m": 0.029, "both": -1, "just_main": 0.16079582517938681, "just_spurious": 0.9991026024528866, "neither": 0.9979887009689992, "cf_score": -1}