{"s_given_m": 0.079, "s_given_not_m": 0.016, "both": 0.08677685950413223, "just_main": 0.14184897671136204, "just_spurious": 0.9679658302189001, "neither": 0.9963913250630856, "cf_score": 0.01652892561983471}