{"s_given_m": 0.004, "s_given_not_m": 0.015, "both": -1, "just_main": 0.1377284595300261, "just_spurious": 0.997628927089508, "neither": 0.9959039498255875, "cf_score": -1}