{"s_given_m": 0.059, "s_given_not_m": 0.06, "both": 0.143646408839779, "just_main": 0.1613126079447323, "just_spurious": 0.996969696969697, "neither": 0.9980883072745911, "cf_score": 0.022099447513812154}