{"s_given_m": 0.018, "s_given_not_m": 0.018, "both": 0.17857142857142858, "just_main": 0.15993377483443708, "just_spurious": 0.9956813819577736, "neither": 0.9980641226232464, "cf_score": 0.017857142857142856}