{"s_given_m": 0.0, "s_given_not_m": 0.017, "both": -1, "just_main": 0.13751625487646293, "just_spurious": 1.0, "neither": 0.9958584636577978, "cf_score": -1}