{"s_given_m": 0.003, "s_given_not_m": 0.048, "both": -1, "just_main": 0.16036505867014342, "just_spurious": 0.9998202085580726, "neither": 0.9979297576813286, "cf_score": -1}