{"s_given_m": 0.087, "s_given_not_m": 0.039, "both": 0.06367041198501873, "just_main": 0.14453542185831256, "just_spurious": 0.984347442680776, "neither": 0.9964038852496047, "cf_score": 0.0149812734082397}