{"s_given_m": 0.004, "s_given_not_m": 0.015, "both": -1, "just_main": 0.16057441253263707, "just_spurious": 0.998814463544754, "neither": 0.998009231528135, "cf_score": -1}