{"s_given_m": 0.141, "s_given_not_m": 0.099, "both": 0.12471131639722864, "just_main": 0.13961407491486946, "just_spurious": 0.9914942125569975, "neither": 0.9964164266378953, "cf_score": 0.057736720554272515}