{"s_given_m": 0.119, "s_given_not_m": 0.035, "both": 0.15300546448087432, "just_main": 0.16125461254612547, "just_spurious": 0.9951052373959863, "neither": 0.9981282339707537, "cf_score": 0.07103825136612021}