{"s_given_m": 0.122, "s_given_not_m": 0.027, "both": 0.0855614973262032, "just_main": 0.14470762398223538, "just_spurious": 0.9666666666666667, "neither": 0.996751769125744, "cf_score": 0.034759358288770054}