{"s_given_m": 0.06, "s_given_not_m": 0.039, "both": 0.17297297297297298, "just_main": 0.15946039432722242, "just_spurious": 0.9970943227536879, "neither": 0.998058462844397, "cf_score": 0.043243243243243246}