{"s_given_m": 0.0, "s_given_not_m": 0.011, "both": -1, "just_main": 0.16032520325203253, "just_spurious": 0.9983619983619983, "neither": 0.998017369944732, "cf_score": -1}