{"s_given_m": 0.005, "s_given_not_m": 0.02, "both": -1, "just_main": 0.1378184193337688, "just_spurious": 0.9948957890259464, "neither": 0.9959507354244196, "cf_score": -1}