{"s_given_m": 0.012, "s_given_not_m": 0.025, "both": 0.10810810810810811, "just_main": 0.1378743007568279, "just_spurious": 0.9908450704225352, "neither": 0.9960577017201947, "cf_score": 0.02702702702702703}