{"s_given_m": 0.137, "s_given_not_m": 0.07, "both": 0.15, "just_main": 0.16189759036144577, "just_spurious": 0.9954213587427299, "neither": 0.9982171193876599, "cf_score": 0.03333333333333333}