{"s_given_m": 0.004, "s_given_not_m": 0.014, "both": -1, "just_main": 0.1374469474371531, "just_spurious": 0.9974570883661793, "neither": 0.9959080589239515, "cf_score": -1}