{"s_given_m": 0.275, "s_given_not_m": 0.039, "both": 0.13964497041420118, "just_main": 0.13670999551770507, "just_spurious": 0.9752618676175618, "neither": 0.9967667353058054, "cf_score": 0.03550295857988166}