{"s_given_m": 0.08, "s_given_not_m": 0.03, "both": 0.08130081300813008, "just_main": 0.14240282685512368, "just_spurious": 0.9726426076833528, "neither": 0.9966450458510401, "cf_score": 0.056910569105691054}