{"s_given_m": 0.003, "s_given_not_m": 0.048, "both": -1, "just_main": 0.13754889178617993, "just_spurious": 0.9991010427903632, "neither": 0.9957683152605131, "cf_score": -1}