{"s_given_m": 0.005, "s_given_not_m": 0.037, "both": -1, "just_main": 0.13790849673202615, "just_spurious": 0.999057936881771, "neither": 0.9958094894786644, "cf_score": -1}