{"s_given_m": 0.01, "s_given_not_m": 0.033, "both": 0.1935483870967742, "just_main": 0.13694581280788176, "just_spurious": 0.9865043662344536, "neither": 0.9962488333692296, "cf_score": 0.0}