{"s_given_m": 0.0, "s_given_not_m": 0.02, "both": -1, "just_main": 0.13751625487646293, "just_spurious": 0.9995577178239717, "neither": 0.9958565737051793, "cf_score": -1}