{"s_given_m": 0.032, "s_given_not_m": 0.021, "both": 0.2268041237113402, "just_main": 0.1581067472306143, "just_spurious": 0.9926108374384236, "neither": 0.9981378851695855, "cf_score": 0.030927835051546393}