{"s_given_m": 0.001, "s_given_not_m": 0.029, "both": -1, "just_main": 0.1376505043931012, "just_spurious": 0.9997051017398997, "neither": 0.9958147021999643, "cf_score": -1}