{"s_given_m": 0.004, "s_given_not_m": 0.106, "both": -1, "just_main": 0.16024804177545693, "just_spurious": 1.0, "neither": 0.997785805850134, "cf_score": -1}