{"s_given_m": 0.0, "s_given_not_m": 0.013, "both": -1, "just_main": 0.13751625487646293, "just_spurious": 0.999345977763244, "neither": 0.9958832532854806, "cf_score": -1}