{"s_given_m": 0.001, "s_given_not_m": 0.017, "both": -1, "just_main": 0.1376953125, "just_spurious": 0.9989664082687338, "neither": 0.9958773261767718, "cf_score": -1}