{"s_given_m": 0.012, "s_given_not_m": 0.025, "both": 0.08108108108108109, "just_main": 0.16123724909509707, "just_spurious": 0.9964788732394366, "neither": 0.9980599976862358, "cf_score": 0.02702702702702703}