{"s_given_m": 0.001, "s_given_not_m": 0.019, "both": -1, "just_main": 0.16037735849056603, "just_spurious": 0.9967919340054996, "neither": 0.9980447495775421, "cf_score": -1}