{"s_given_m": 0.119, "s_given_not_m": 0.035, "both": 0.13934426229508196, "just_main": 0.13726937269372694, "just_spurious": 0.9904552129221733, "neither": 0.9961304836895388, "cf_score": 0.03551912568306011}