{"s_given_m": 0.669, "s_given_not_m": 0.539, "both": 0.19047619047619047, "just_main": 0.030451866404715127, "just_spurious": 0.9938121404515203, "neither": 0.9984008729352447, "cf_score": 0.184645286686103}