{"s_given_m": 0.027, "s_given_not_m": 0.045, "both": 0.23809523809523808, "just_main": 0.2523892267593397, "just_spurious": 0.9994306319984817, "neither": 0.9979123927954958, "cf_score": 0.015873015873015872}