{"s_given_m": 0.001, "s_given_not_m": 0.031, "both": -1, "just_main": 0.25222175201015656, "just_spurious": 1.0, "neither": 0.9979169633955277, "cf_score": -1}