{"s_given_m": 0.0, "s_given_not_m": 0.03, "both": -1, "just_main": 0.2397463002114165, "just_spurious": 0.9997131382673551, "neither": 0.9952061617275606, "cf_score": -1}