{"s_given_m": 0.018, "s_given_not_m": 0.031, "both": 0.046511627906976744, "just_main": 0.2558139534883721, "just_spurious": 0.9997183098591549, "neither": 0.9979265297405048, "cf_score": 0.023255813953488372}