{"s_given_m": 0.001, "s_given_not_m": 0.03, "both": -1, "just_main": 0.25222175201015656, "just_spurious": 0.9997121473805411, "neither": 0.9979279311326124, "cf_score": -1}