{"s_given_m": 0.014, "s_given_not_m": 0.039, "both": 0.09375, "just_main": 0.24174882126018002, "just_spurious": 0.9993376021196733, "neither": 0.9951792302927474, "cf_score": 0.0}