{"s_given_m": 0.159, "s_given_not_m": 0.107, "both": 0.11466666666666667, "just_main": 0.2778894472361809, "just_spurious": 0.9980643600290346, "neither": 0.9979714652782473, "cf_score": 0.032}