{"s_given_m": 0.015, "s_given_not_m": 0.04, "both": 0.0, "just_main": 0.24345212537569771, "just_spurious": 0.9993510707332901, "neither": 0.9951751588064582, "cf_score": 0.027777777777777776}