{"s_given_m": 0.013, "s_given_not_m": 0.034, "both": 0.0, "just_main": 0.24282655246252677, "just_spurious": 0.9992381919756221, "neither": 0.9952046720960137, "cf_score": 0.0}