{"s_given_m": 0.028, "s_given_not_m": 0.013, "both": 0.11940298507462686, "just_main": 0.2558746736292428, "just_spurious": 0.9855769230769231, "neither": 0.9981391854349764, "cf_score": 0.029850746268656716}