{"s_given_m": 0.029, "s_given_not_m": 0.038, "both": 0.057971014492753624, "just_main": 0.2578397212543554, "just_spurious": 1.0, "neither": 0.9979020790934112, "cf_score": 0.028985507246376812}