{"s_given_m": 0.081, "s_given_not_m": 0.02, "both": 0.1875, "just_main": 0.24436263230556834, "just_spurious": 0.9863306279367792, "neither": 0.9955274209594914, "cf_score": 0.015625}