{"s_given_m": 0.014, "s_given_not_m": 0.039, "both": 0.0625, "just_main": 0.2546078011144449, "just_spurious": 0.9993376021196733, "neither": 0.9979262610756511, "cf_score": 0.03125}