{"s_given_m": 0.159, "s_given_not_m": 0.107, "both": 0.11733333333333333, "just_main": 0.2628140703517588, "just_spurious": 0.9951609000725865, "neither": 0.9953633492074225, "cf_score": 0.02666666666666667}