{"s_given_m": 0.002, "s_given_not_m": 0.036, "both": -1, "just_main": 0.25254237288135595, "just_spurious": 1.0, "neither": 0.9979067520664114, "cf_score": -1}