{"s_given_m": 0.012, "s_given_not_m": 0.02, "both": 0.07142857142857142, "just_main": 0.24176294394522893, "just_spurious": 0.9995711835334476, "neither": 0.9952548639845057, "cf_score": 0.03571428571428571}