{"s_given_m": 0.008, "s_given_not_m": 0.013, "both": -1, "just_main": 0.2537313432835821, "just_spurious": 0.9993451211525868, "neither": 0.9979631976922069, "cf_score": 0.0}