{"s_given_m": 0.013, "s_given_not_m": 0.047, "both": 0.06666666666666667, "just_main": 0.24197002141327623, "just_spurious": 0.9998181156784285, "neither": 0.9951188147504165, "cf_score": 0.0}