{"s_given_m": 0.416, "s_given_not_m": 0.545, "both": 0.1688708036622584, "just_main": 0.3111432706222865, "just_spurious": 0.9986060951656845, "neither": 0.997234324682705, "cf_score": 0.08240081383519837}