{"s_given_m": 0.029, "s_given_not_m": 0.038, "both": 0.057971014492753624, "just_main": 0.2452090592334495, "just_spurious": 0.999315537303217, "neither": 0.9951855404835976, "cf_score": 0.0}