{"s_given_m": 0.0, "s_given_not_m": 0.029, "both": -1, "just_main": 0.2397463002114165, "just_spurious": 0.9994035192365046, "neither": 0.9952207090762111, "cf_score": -1}