{"s_given_m": 0.005, "s_given_not_m": 0.026, "both": -1, "just_main": 0.24086661002548854, "just_spurious": 1.0, "neither": 0.9952173450951217, "cf_score": -1}