{"s_given_m": 0.034, "s_given_not_m": 0.027, "both": 0.0625, "just_main": 0.24595185995623634, "just_spurious": 0.9863901490602722, "neither": 0.9955865149420398, "cf_score": 0.0}