{"s_given_m": 0.002, "s_given_not_m": 0.002, "both": -1, "just_main": 0.25201185938161796, "just_spurious": 1.0, "neither": 0.9979776854004442, "cf_score": -1}