{"s_given_m": 0.029, "s_given_not_m": 0.013, "both": 0.17391304347826086, "just_main": 0.25435540069686413, "just_spurious": 0.998681608437706, "neither": 0.9979721166032953, "cf_score": 0.014492753623188406}