{"s_given_m": 0.0, "s_given_not_m": 0.022, "both": -1, "just_main": 0.2398477157360406, "just_spurious": 1.0, "neither": 0.9952388089968875, "cf_score": -1}