{"s_given_m": 0.006, "s_given_not_m": 0.033, "both": -1, "just_main": 0.2526584432156529, "just_spurious": 1.0, "neither": 0.9979130620908621, "cf_score": -1}