{"s_given_m": 0.567, "s_given_not_m": 0.091, "both": 0.2595078299776286, "just_main": 0.2138671875, "just_spurious": 0.9705602134146342, "neither": 0.997808889647715, "cf_score": 0.2140193885160328}