{"s_given_m": 0.013, "s_given_not_m": 0.04, "both": 0.0967741935483871, "just_main": 0.254070265638389, "just_spurious": 0.9997848074026253, "neither": 0.9979060885194339, "cf_score": 0.0}