{"s_given_m": 0.061, "s_given_not_m": 0.024, "both": 0.14482758620689656, "just_main": 0.25900900900900903, "just_spurious": 0.9852517985611511, "neither": 0.9982941789963056, "cf_score": 0.04827586206896552}