{"s_given_m": 0.197, "s_given_not_m": 0.069, "both": 0.18629550321199143, "just_main": 0.26817702845100105, "just_spurious": 0.9952701020662186, "neither": 0.9981833012012458, "cf_score": 0.044967880085653104}