{"s_given_m": 0.013, "s_given_not_m": 0.04, "both": 0.06451612903225806, "just_main": 0.24207369323050557, "just_spurious": 0.9995696148052508, "neither": 0.995165131431139, "cf_score": 0.0}