{"s_given_m": 0.023, "s_given_not_m": 0.105, "both": 0.07407407407407407, "just_main": 0.2561661618347036, "just_spurious": 0.9997540378781667, "neither": 0.9977729573391179, "cf_score": 0.037037037037037035}