{"s_given_m": 0.001, "s_given_not_m": 0.025, "both": -1, "just_main": 0.2399492170969107, "just_spurious": 1.0, "neither": 0.9952205199012241, "cf_score": -1}