{"s_given_m": 0.006, "s_given_not_m": 0.026, "both": -1, "just_main": 0.25223309230114843, "just_spurious": 1.0, "neither": 0.99792663476874, "cf_score": -1}