{"s_given_m": 0.006, "s_given_not_m": 0.033, "both": -1, "just_main": 0.24074861760952787, "just_spurious": 0.9997365648050579, "neither": 0.9951929079785241, "cf_score": -1}