{"s_given_m": 0.004, "s_given_not_m": 0.038, "both": -1, "just_main": 0.24076433121019108, "just_spurious": 1.0, "neither": 0.9951589912772195, "cf_score": -1}