{"s_given_m": 0.022, "s_given_not_m": 0.048, "both": 0.11764705882352941, "just_main": 0.2424373379429559, "just_spurious": 0.9996376155100561, "neither": 0.9951269440142025, "cf_score": 0.0}