{"s_given_m": 0.012, "s_given_not_m": 0.02, "both": 0.07142857142857142, "just_main": 0.25417201540436457, "just_spurious": 0.9995711835334476, "neither": 0.9979487630953429, "cf_score": 0.0}