{"s_given_m": 0.005, "s_given_not_m": 0.032, "both": -1, "just_main": 0.2534013605442177, "just_spurious": 1.0, "neither": 0.9979154231958166, "cf_score": -1}