{"s_given_m": 0.033, "s_given_not_m": 0.058, "both": 0.012987012987012988, "just_main": 0.26005244755244755, "just_spurious": 0.9997043169722057, "neither": 0.9978746404294692, "cf_score": 0.025974025974025976}