{"s_given_m": 0.001, "s_given_not_m": 0.015, "both": -1, "just_main": 0.2523285351397121, "just_spurious": 0.9994145199063232, "neither": 0.9979599698811004, "cf_score": -1}