{"s_given_m": 0.008, "s_given_not_m": 0.028, "both": -1, "just_main": 0.25308904985087344, "just_spurious": 1.0, "neither": 0.9979234701121681, "cf_score": -1}