{"s_given_m": 0.126, "s_given_not_m": 0.008, "both": 0.20735785953177258, "just_main": 0.24443368828654405, "just_spurious": 0.8819068255687974, "neither": 0.996252141322968, "cf_score": 0.09364548494983277}