{"s_given_m": 0.023, "s_given_not_m": 0.105, "both": 0.05555555555555555, "just_main": 0.24405019472090003, "just_spurious": 0.9998360252521111, "neither": 0.9948132080019282, "cf_score": 0.0}