{"s_given_m": 0.567, "s_given_not_m": 0.091, "both": 0.26249067859806113, "just_main": 0.23828125, "just_spurious": 0.9870426829268293, "neither": 0.999070438032364, "cf_score": 0.20507084265473527}