{"s_given_m": 0.266, "s_given_not_m": 0.025, "both": 0.2984126984126984, "just_main": 0.21844380403458213, "just_spurious": 0.9463247863247863, "neither": 0.9966105294830836, "cf_score": 0.03492063492063492}