{"s_given_m": 0.0, "s_given_not_m": 0.028, "both": -1, "just_main": 0.2398477157360406, "just_spurious": 0.9993819530284301, "neither": 0.9952256713345047, "cf_score": -1}