{"s_given_m": 0.0, "s_given_not_m": 0.028, "both": -1, "just_main": 0.2521150592216582, "just_spurious": 0.9996909765142151, "neither": 0.9979323074738654, "cf_score": -1}