{"s_given_m": 0.0, "s_given_not_m": 0.017, "both": -1, "just_main": 0.25200845665961946, "just_spurious": 1.0, "neither": 0.9979474764486079, "cf_score": -1}