{"s_given_m": 0.034, "s_given_not_m": 0.027, "both": 0.075, "just_main": 0.25820568927789933, "just_spurious": 0.992546986390149, "neither": 0.9981300294232337, "cf_score": 0.0}