{"s_given_m": 0.016, "s_given_not_m": 0.024, "both": 0.10256410256410256, "just_main": 0.24204643164230438, "just_spurious": 0.9961240310077519, "neither": 0.9953220614764247, "cf_score": 0.02564102564102564}