{"s_given_m": 0.081, "s_given_not_m": 0.02, "both": 0.19791666666666666, "just_main": 0.2567878508973769, "just_spurious": 0.9948739854762921, "neither": 0.99804544774214, "cf_score": 0.036458333333333336}