{"s_given_m": 0.003, "s_given_not_m": 0.053, "both": -1, "just_main": 0.25243954179041156, "just_spurious": 1.0, "neither": 0.9978689106855004, "cf_score": -1}