{"s_given_m": 0.309, "s_given_not_m": 0.055, "both": 0.2589041095890411, "just_main": 0.23119266055045873, "just_spurious": 0.973985268766651, "neither": 0.996585753279594, "cf_score": 0.07808219178082192}