{"s_given_m": 0.001, "s_given_not_m": 0.025, "both": -1, "just_main": 0.25222175201015656, "just_spurious": 1.0, "neither": 0.9979288919571971, "cf_score": -1}