{"s_given_m": 0.054, "s_given_not_m": 0.016, "both": 0.2440944881889764, "just_main": 0.23949955317247543, "just_spurious": 0.9586092715231788, "neither": 0.9959249846639208, "cf_score": 0.03937007874015748}