{"s_given_m": 0.242, "s_given_not_m": 0.032, "both": 0.2879581151832461, "just_main": 0.22433035714285715, "just_spurious": 0.9645616839861444, "neither": 0.996371546505719, "cf_score": 0.03315881326352531}