{"s_given_m": 0.408, "s_given_not_m": 0.071, "both": 0.2839378238341969, "just_main": 0.23, "just_spurious": 0.9890564202334631, "neither": 0.9986629278166725, "cf_score": 0.06217616580310881}