{"s_given_m": 0.003, "s_given_not_m": 0.008, "both": -1, "just_main": 0.24003392705682783, "just_spurious": 0.997872340425532, "neither": 0.9953210067662764, "cf_score": -1}