{"s_given_m": 0.001, "s_given_not_m": 0.03, "both": -1, "just_main": 0.2399492170969107, "just_spurious": 1.0, "neither": 0.9951966696909857, "cf_score": -1}