{"s_given_m": 0.011, "s_given_not_m": 0.018, "both": 0.19230769230769232, "just_main": 0.24027362120564344, "just_spurious": 0.9990426041168023, "neither": 0.9952737782541091, "cf_score": 0.0}