{"s_given_m": 0.015, "s_given_not_m": 0.04, "both": 0.0, "just_main": 0.2559038213825676, "just_spurious": 0.9991347609777201, "neither": 0.9979334944608667, "cf_score": 0.0}