{"s_given_m": 0.003, "s_given_not_m": 0.034, "both": -1, "just_main": 0.25286380992787444, "just_spurious": 1.0, "neither": 0.9979103038096769, "cf_score": -1}