{"s_given_m": 0.015, "s_given_not_m": 0.038, "both": 0.05714285714285714, "just_main": 0.2549356223175966, "just_spurious": 1.0, "neither": 0.997901985044919, "cf_score": 0.02857142857142857}