{"s_given_m": 0.022, "s_given_not_m": 0.048, "both": 0.0784313725490196, "just_main": 0.25583405358686256, "just_spurious": 0.9998188077550281, "neither": 0.9978895501028052, "cf_score": 0.0392156862745098}