{"s_given_m": 0.126, "s_given_not_m": 0.008, "both": 0.22073578595317725, "just_main": 0.25653436592449175, "just_spurious": 0.9219934994582882, "neither": 0.9985912920981922, "cf_score": 0.09698996655518395}