{"s_given_m": 0.003, "s_given_not_m": 0.008, "both": -1, "just_main": 0.25233248515691264, "just_spurious": 1.0, "neither": 0.9979648988537336, "cf_score": -1}