{"s_given_m": 0.197, "s_given_not_m": 0.069, "both": 0.1905781584582441, "just_main": 0.2518440463645943, "just_spurious": 0.990789146128952, "neither": 0.9956807059172476, "cf_score": 0.023554603854389723}