{"s_given_m": 0.001, "s_given_not_m": 0.037, "both": -1, "just_main": 0.2399492170969107, "just_spurious": 0.9997652582159624, "neither": 0.9951729326001684, "cf_score": -1}