{"s_given_m": 0.005, "s_given_not_m": 0.026, "both": -1, "just_main": 0.2531860662701784, "just_spurious": 0.9996682149966821, "neither": 0.9979363729762284, "cf_score": -1}