{"s_given_m": 0.029, "s_given_not_m": 0.019, "both": 0.16176470588235295, "just_main": 0.24205485415759687, "just_spurious": 0.984367816091954, "neither": 0.9955515310293898, "cf_score": 0.04411764705882353}