{"s_given_m": 0.011, "s_given_not_m": 0.018, "both": 0.23076923076923078, "just_main": 0.25224454895254383, "just_spurious": 0.9995213020584012, "neither": 0.9979531418832852, "cf_score": 0.038461538461538464}