{"s_given_m": 0.013, "s_given_not_m": 0.034, "both": 0.03333333333333333, "just_main": 0.25481798715203424, "just_spurious": 0.999746063991874, "neither": 0.997919345620803, "cf_score": 0.06666666666666667}