{"s_given_m": 0.008, "s_given_not_m": 0.013, "both": 0.0, "just_main": 0.2417910447761194, "just_spurious": 0.9993451211525868, "neither": 0.9952882556055772, "cf_score": 0.0}