{"s_given_m": 0.016, "s_given_not_m": 0.03, "both": 0.08108108108108109, "just_main": 0.2422680412371134, "just_spurious": 0.9982793232004589, "neither": 0.9952505892293325, "cf_score": 0.02702702702702703}