{"s_given_m": 0.025, "s_given_not_m": 0.027, "both": 0.0, "just_main": 0.02600216684723727, "just_spurious": 1.0, "neither": 0.999868649188252, "cf_score": 0.0}