{"s_given_m": 0.011, "s_given_not_m": 0.037, "both": -1, "just_main": 0.025613660618996798, "just_spurious": 1.0, "neither": 0.9998672155092285, "cf_score": -1}