{"s_given_m": 0.033, "s_given_not_m": 0.035, "both": 0.0, "just_main": 0.08406113537117904, "just_spurious": 1.0, "neither": 0.9996468209470496, "cf_score": 0.0}