{"s_given_m": 0.029, "s_given_not_m": 0.037, "both": 0.0, "just_main": 0.02608695652173913, "just_spurious": 0.9997725204731575, "neither": 0.9998760447655475, "cf_score": 0.0}