{"s_given_m": 0.037, "s_given_not_m": 0.03, "both": 0.0, "just_main": 0.08442982456140351, "just_spurious": 1.0, "neither": 0.9996484505457806, "cf_score": 0.0}