{"s_given_m": 0.013, "s_given_not_m": 0.014, "both": -1, "just_main": 0.025668449197860963, "just_spurious": 0.9994015559545183, "neither": 0.9998789649776517, "cf_score": -1}