{"s_given_m": 0.073, "s_given_not_m": 0.039, "both": 0.0, "just_main": 0.02733485193621868, "just_spurious": 1.0, "neither": 0.9998669398834393, "cf_score": 0.0}