{"s_given_m": 0.067, "s_given_not_m": 0.03, "both": 0.031746031746031744, "just_main": 0.024886877828054297, "just_spurious": 0.9997114829774957, "neither": 0.9998770570981963, "cf_score": 0.015873015873015872}