{"s_given_m": 0.082, "s_given_not_m": 0.029, "both": 0.0, "just_main": 0.02761795166858458, "just_spurious": 1.0, "neither": 0.999868298593429, "cf_score": 0.0}