{"s_given_m": 0.004, "s_given_not_m": 0.02, "both": -1, "just_main": 0.0816542948038176, "just_spurious": 0.9995829858215179, "neither": 0.9996606984392128, "cf_score": -1}