{"s_given_m": 0.053, "s_given_not_m": 0.024, "both": 0.0, "just_main": 0.026755852842809364, "just_spurious": 0.9996462681287585, "neither": 0.9998777431383337, "cf_score": 0.0}