{"s_given_m": 0.012, "s_given_not_m": 0.002, "both": -1, "just_main": 0.02564102564102564, "just_spurious": 1.0, "neither": 0.9998719415370431, "cf_score": -1}