{"s_given_m": 0.412, "s_given_not_m": 0.543, "both": 0.04871794871794872, "just_main": 0.10412926391382406, "just_spurious": 0.999733228717144, "neither": 0.9995710155739999, "cf_score": 0.035897435897435895}