{"s_given_m": 0.037, "s_given_not_m": 0.039, "both": 0.02857142857142857, "just_main": 0.08333333333333333, "just_spurious": 1.0, "neither": 0.9996451258029029, "cf_score": 0.0}