{"s_given_m": 0.011, "s_given_not_m": 0.028, "both": -1, "just_main": 0.025613660618996798, "just_spurious": 1.0, "neither": 0.999868551348225, "cf_score": -1}