{"s_given_m": 0.006, "s_given_not_m": 0.034, "both": -1, "just_main": 0.025504782146652496, "just_spurious": 1.0, "neither": 0.9998676992009031, "cf_score": -1}