{"s_given_m": 0.02, "s_given_not_m": 0.021, "both": -1, "just_main": 0.02586206896551724, "just_spurious": 1.0, "neither": 0.9998693675648372, "cf_score": -1}