{"s_given_m": 0.001, "s_given_not_m": 0.035, "both": -1, "just_main": 0.08139534883720931, "just_spurious": 1.0, "neither": 0.9996466493524849, "cf_score": -1}