{"s_given_m": 0.006, "s_given_not_m": 0.047, "both": -1, "just_main": 0.08076514346439957, "just_spurious": 1.0, "neither": 0.9996421414257085, "cf_score": -1}