{"s_given_m": 0.412, "s_given_not_m": 0.543, "both": 0.007692307692307693, "just_main": 0.03770197486535009, "just_spurious": 0.9999686151431935, "neither": 0.999757530541826, "cf_score": 0.007692307692307693}