{"s_given_m": 0.139, "s_given_not_m": 0.1, "both": 0.030303030303030304, "just_main": 0.08957055214723926, "just_spurious": 0.999316531396839, "neither": 0.9996970700998722, "cf_score": 0.03787878787878788}