{"s_given_m": 0.15, "s_given_not_m": 0.044, "both": 0.0, "just_main": 0.02981366459627329, "just_spurious": 0.9998073217726396, "neither": 0.9998751671868034, "cf_score": 0.0}