{"s_given_m": 0.024, "s_given_not_m": 0.026, "both": -1, "just_main": 0.08225108225108226, "just_spurious": 0.9983622666229938, "neither": 0.9996937534452738, "cf_score": 0.0}