{"s_given_m": 0.001, "s_given_not_m": 0.029, "both": -1, "just_main": 0.08139534883720931, "just_spurious": 0.9997052755673446, "neither": 0.9996577356139258, "cf_score": -1}