{"s_given_m": 0.007, "s_given_not_m": 0.02, "both": -1, "just_main": 0.08191489361702127, "just_spurious": 1.0, "neither": 0.9996521194621767, "cf_score": -1}