{"s_given_m": 0.003, "s_given_not_m": 0.013, "both": -1, "just_main": 0.025423728813559324, "just_spurious": 0.9986842105263158, "neither": 0.9998877568640995, "cf_score": -1}