{"s_given_m": 0.027, "s_given_not_m": 0.058, "both": 0.0, "just_main": 0.026058631921824105, "just_spurious": 1.0, "neither": 0.9998642840986203, "cf_score": 0.0}