{"s_given_m": 0.016, "s_given_not_m": 0.008, "both": -1, "just_main": 0.02575107296137339, "just_spurious": 0.998991935483871, "neither": 0.9998796713308351, "cf_score": -1}