{"s_given_m": 0.105, "s_given_not_m": 0.036, "both": 0.04040404040404041, "just_main": 0.02358490566037736, "just_spurious": 0.9992902767920511, "neither": 0.9998939113983362, "cf_score": 0.010101010101010102}