{"s_given_m": 0.001, "s_given_not_m": 0.019, "both": -1, "just_main": 0.02536997885835095, "just_spurious": 1.0, "neither": 0.9998697430464496, "cf_score": -1}