{"s_given_m": 0.17, "s_given_not_m": 0.071, "both": 0.0, "just_main": 0.030534351145038167, "just_spurious": 0.9996402877697842, "neither": 0.9998899082568807, "cf_score": 0.0}