{"s_given_m": 0.077, "s_given_not_m": 0.017, "both": 0.0136986301369863, "just_main": 0.08695652173913043, "just_spurious": 0.9980411361410382, "neither": 0.9996877656160558, "cf_score": 0.0}