{"s_given_m": 0.082, "s_given_not_m": 0.029, "both": 0.01282051282051282, "just_main": 0.08745684695051784, "just_spurious": 0.9988392338943702, "neither": 0.9996839166242295, "cf_score": 0.0}