{"s_given_m": 0.002, "s_given_not_m": 0.002, "both": -1, "just_main": 0.08148148148148149, "just_spurious": 0.9893048128342246, "neither": 0.9996756378411138, "cf_score": -1}