{"s_given_m": 0.037, "s_given_not_m": 0.039, "both": 0.0, "just_main": 0.02631578947368421, "just_spurious": 1.0, "neither": 0.9998669221760885, "cf_score": 0.0}