{"s_given_m": 0.015, "s_given_not_m": 0.047, "both": -1, "just_main": 0.08252947481243302, "just_spurious": 0.9996372869060574, "neither": 0.9996601863609537, "cf_score": -1}