{"s_given_m": 0.002, "s_given_not_m": 0.021, "both": -1, "just_main": 0.08148148148148149, "just_spurious": 1.0, "neither": 0.9996516771744053, "cf_score": -1}