{"s_given_m": 0.01, "s_given_not_m": 0.018, "both": -1, "just_main": 0.0255863539445629, "just_spurious": 1.0, "neither": 0.999869801838398, "cf_score": -1}