{"s_given_m": 0.016, "s_given_not_m": 0.008, "both": -1, "just_main": 0.08261802575107297, "just_spurious": 0.9929435483870968, "neither": 0.9997163681369684, "cf_score": -1}