{"s_given_m": 0.008, "s_given_not_m": 0.014, "both": -1, "just_main": 0.025559105431309903, "just_spurious": 1.0, "neither": 0.9998702971923665, "cf_score": -1}