{"s_given_m": 0.005, "s_given_not_m": 0.028, "both": -1, "just_main": 0.025477707006369428, "just_spurious": 1.0, "neither": 0.9998685283058557, "cf_score": -1}