{"s_given_m": 0.041, "s_given_not_m": 0.038, "both": 0.0, "just_main": 0.08480176211453745, "just_spurious": 1.0, "neither": 0.9996457888724575, "cf_score": 0.02564102564102564}