{"s_given_m": 0.011, "s_given_not_m": 0.037, "both": -1, "just_main": 0.08217716115261472, "just_spurious": 1.0, "neither": 0.9996459080246094, "cf_score": -1}