{"s_given_m": 0.005, "s_given_not_m": 0.029, "both": -1, "just_main": 0.08067940552016985, "just_spurious": 0.9997013142174432, "neither": 0.9996578707277703, "cf_score": -1}