{"s_given_m": 0.012, "s_given_not_m": 0.019, "both": -1, "just_main": 0.08226495726495726, "just_spurious": 1.0, "neither": 0.9996525002606248, "cf_score": -1}