{"s_given_m": 0.025, "s_given_not_m": 0.027, "both": -1, "just_main": 0.08342361863488625, "just_spurious": 1.0, "neither": 0.999649731168672, "cf_score": 0.0}