{"s_given_m": 0.054, "s_given_not_m": 0.04, "both": 0.0, "just_main": 0.0859375, "just_spurious": 0.998526936026936, "neither": 0.9997068959391765, "cf_score": 0.0}