{"s_given_m": 0.144, "s_given_not_m": 0.108, "both": 0.0, "just_main": 0.029593094944512947, "just_spurious": 0.9998417471118848, "neither": 0.9998758380928731, "cf_score": 0.0}