{"s_given_m": 0.013, "s_given_not_m": 0.031, "both": -1, "just_main": 0.025668449197860963, "just_spurious": 0.9997275204359674, "neither": 0.9998768364564089, "cf_score": -1}