{"s_given_m": 0.005, "s_given_not_m": 0.052, "both": -1, "just_main": 0.08174097664543524, "just_spurious": 1.0, "neither": 0.9996403459871603, "cf_score": -1}