{"s_given_m": 0.026, "s_given_not_m": 0.03, "both": 0.04, "just_main": 0.024945770065075923, "just_spurious": 1.0, "neither": 0.9998682013882787, "cf_score": 0.0}