{"s_given_m": 0.0, "s_given_not_m": 0.034, "both": -1, "just_main": 0.025343189017951427, "just_spurious": 1.0, "neither": 0.999867710868875, "cf_score": -1}