{"s_given_m": 0.003, "s_given_not_m": 0.019, "both": -1, "just_main": 0.025423728813559324, "just_spurious": 1.0, "neither": 0.9998696581567925, "cf_score": -1}