{"s_given_m": 0.026, "s_given_not_m": 0.03, "both": 0.08, "just_main": 0.08134490238611713, "just_spurious": 0.9997167138810198, "neither": 0.9996573236095246, "cf_score": 0.0}