{"s_given_m": 0.002, "s_given_not_m": 0.021, "both": -1, "just_main": 0.025396825396825397, "just_spurious": 1.0, "neither": 0.999869378940402, "cf_score": -1}