{"s_given_m": 0.001, "s_given_not_m": 0.04, "both": -1, "just_main": 0.4856020942408377, "just_spurious": 1.0, "neither": 0.998304797423292, "cf_score": -1}