{"s_given_m": 0.009, "s_given_not_m": 0.035, "both": -1, "just_main": 0.48548812664907653, "just_spurious": 0.9990246281394781, "neither": 0.9983489707696814, "cf_score": -1}