{"s_given_m": 0.0, "s_given_not_m": 0.03, "both": -1, "just_main": 0.48528449967298887, "just_spurious": 1.0, "neither": 0.9983215992509032, "cf_score": -1}