{"s_given_m": 0.009, "s_given_not_m": 0.03, "both": -1, "just_main": 0.4871287128712871, "just_spurious": 0.9997133027522935, "neither": 0.998331420499691, "cf_score": -1}