{"s_given_m": 0.002, "s_given_not_m": 0.03, "both": -1, "just_main": 0.48623853211009177, "just_spurious": 1.0, "neither": 0.9983221031994842, "cf_score": -1}