{"s_given_m": 0.001, "s_given_not_m": 0.022, "both": -1, "just_main": 0.4856020942408377, "just_spurious": 0.9992141453831042, "neither": 0.9983539527024069, "cf_score": -1}