{"s_given_m": 0.001, "s_given_not_m": 0.019, "both": -1, "just_main": 0.4856020942408377, "just_spurious": 0.9982300884955753, "neither": 0.9983755174762878, "cf_score": -1}