{"s_given_m": 0.018, "s_given_not_m": 0.109, "both": 0.2962962962962963, "just_main": 0.48868175765645805, "just_spurious": 0.9998431003373343, "neither": 0.9981924988703118, "cf_score": 0.037037037037037035}