{"s_given_m": 0.0, "s_given_not_m": 0.021, "both": -1, "just_main": 0.34139960758665794, "just_spurious": 0.9996009577015164, "neither": 0.998573329132094, "cf_score": -1}