{"s_given_m": 0.001, "s_given_not_m": 0.008, "both": -1, "just_main": 0.3416230366492147, "just_spurious": 0.9739311783107404, "neither": 0.9987996442110899, "cf_score": -1}