{"s_given_m": 0.005, "s_given_not_m": 0.016, "both": -1, "just_main": 0.34296977660972405, "just_spurious": 0.997904662126768, "neither": 0.9986068664071955, "cf_score": -1}