{"s_given_m": 0.011, "s_given_not_m": 0.034, "both": -1, "just_main": 0.3439153439153439, "just_spurious": 1.0, "neither": 0.9985463956817315, "cf_score": -1}