{"s_given_m": 0.003, "s_given_not_m": 0.015, "both": -1, "just_main": 0.3416393442622951, "just_spurious": 1.0, "neither": 0.9985742601801301, "cf_score": -1}