{"s_given_m": 0.003, "s_given_not_m": 0.021, "both": -1, "just_main": 0.4868766404199475, "just_spurious": 1.0, "neither": 0.9983385944509054, "cf_score": -1}