{"s_given_m": 0.037, "s_given_not_m": 0.025, "both": 0.07142857142857142, "just_main": 0.351663272233537, "just_spurious": 0.9871750433275563, "neither": 0.9988847224539619, "cf_score": 0.017857142857142856}