{"s_given_m": 0.005, "s_given_not_m": 0.034, "both": -1, "just_main": 0.3416557161629435, "just_spurious": 0.9997475385003787, "neither": 0.9985549261061908, "cf_score": -1}