{"s_given_m": 0.003, "s_given_not_m": 0.015, "both": -1, "just_main": 0.48655737704918034, "just_spurious": 1.0, "neither": 0.9983482282574677, "cf_score": -1}