{"s_given_m": 0.001, "s_given_not_m": 0.04, "both": -1, "just_main": 0.4859201047806156, "just_spurious": 1.0, "neither": 0.9983050998653, "cf_score": -1}