{"s_given_m": 0.001, "s_given_not_m": 0.032, "both": -1, "just_main": 0.3418467583497053, "just_spurious": 0.9994565217391305, "neither": 0.9985673605829605, "cf_score": -1}