{"s_given_m": 0.001, "s_given_not_m": 0.014, "both": -1, "just_main": 0.34096858638743455, "just_spurious": 1.0, "neither": 0.9985760551518151, "cf_score": -1}