{"s_given_m": 0.068, "s_given_not_m": 0.016, "both": 0.25961538461538464, "just_main": 0.5017543859649123, "just_spurious": 0.9560085836909872, "neither": 0.9990600031333229, "cf_score": 0.07692307692307693}