{"s_given_m": 0.005, "s_given_not_m": 0.034, "both": -1, "just_main": 0.48620236530880423, "just_spurious": 0.999242615501136, "neither": 0.9983421544899244, "cf_score": -1}