{"s_given_m": 0.018, "s_given_not_m": 0.109, "both": 0.1111111111111111, "just_main": 0.3455392809587217, "just_spurious": 0.9998431003373343, "neither": 0.9984424724308006, "cf_score": 0.037037037037037035}