{"s_given_m": 0.005, "s_given_not_m": 0.038, "both": -1, "just_main": 0.3418803418803419, "just_spurious": 0.9997749774977498, "neither": 0.998548711647702, "cf_score": -1}