{"s_given_m": 0.001, "s_given_not_m": 0.03, "both": -1, "just_main": 0.3416230366492147, "just_spurious": 1.0, "neither": 0.9985521704201354, "cf_score": -1}