{"s_given_m": 0.006, "s_given_not_m": 0.079, "both": -1, "just_main": 0.4881578947368421, "just_spurious": 0.9998910675381264, "neither": 0.9982431352135195, "cf_score": -1}