{"s_given_m": 0.001, "s_given_not_m": 0.019, "both": -1, "just_main": 0.3416230366492147, "just_spurious": 1.0, "neither": 0.9985678857102938, "cf_score": -1}