{"s_given_m": 0.005, "s_given_not_m": 0.018, "both": -1, "just_main": 0.34296977660972405, "just_spurious": 0.9967182372245663, "neither": 0.9986303162486369, "cf_score": -1}