{"s_given_m": 0.001, "s_given_not_m": 0.022, "both": -1, "just_main": 0.4859201047806156, "just_spurious": 1.0, "neither": 0.9983366454516007, "cf_score": -1}