{"s_given_m": 0.001, "s_given_not_m": 0.013, "both": -1, "just_main": 0.4856020942408377, "just_spurious": 0.9993429697766097, "neither": 0.9983598875351453, "cf_score": -1}