{"s_given_m": 0.0, "s_given_not_m": 0.023, "both": -1, "just_main": 0.48528449967298887, "just_spurious": 0.99961962723469, "neither": 0.9983439791814526, "cf_score": -1}