{"s_given_m": 0.054, "s_given_not_m": 0.052, "both": 0.2289156626506024, "just_main": 0.5, "just_spurious": 0.9995036399735274, "neither": 0.9983109633831313, "cf_score": 0.060240963855421686}