{"s_given_m": 0.007, "s_given_not_m": 0.026, "both": -1, "just_main": 0.34298880842659646, "just_spurious": 1.0, "neither": 0.9985581530291974, "cf_score": -1}