{"s_given_m": 0.007, "s_given_not_m": 0.028, "both": -1, "just_main": 0.4871626069782752, "just_spurious": 0.999383096853794, "neither": 0.998343845801473, "cf_score": -1}