{"s_given_m": 0.002, "s_given_not_m": 0.031, "both": -1, "just_main": 0.48623853211009177, "just_spurious": 1.0, "neither": 0.998321080164004, "cf_score": -1}