{"s_given_m": 0.002, "s_given_not_m": 0.03, "both": -1, "just_main": 0.3414154652686763, "just_spurious": 1.0, "neither": 0.9985516461777589, "cf_score": -1}