{"s_given_m": 0.011, "s_given_not_m": 0.032, "both": -1, "just_main": 0.4880952380952381, "just_spurious": 0.9994727128921698, "neither": 0.9983357677156641, "cf_score": -1}