{"s_given_m": 0.005, "s_given_not_m": 0.038, "both": -1, "just_main": 0.48586456278763973, "just_spurious": 1.0, "neither": 0.9983083141905729, "cf_score": -1}