{"s_given_m": 0.056, "s_given_not_m": 0.104, "both": 0.29069767441860467, "just_main": 0.4968814968814969, "just_spurious": 0.9990957665433621, "neither": 0.9982886043999121, "cf_score": 0.046511627906976744}