{"s_given_m": 0.056, "s_given_not_m": 0.104, "both": 0.2441860465116279, "just_main": 0.3471933471933472, "just_spurious": 0.9995889847924373, "neither": 0.9984798217853967, "cf_score": 0.023255813953488372}