{"s_given_m": 0.0, "s_given_not_m": 0.019, "both": -1, "just_main": 0.48528449967298887, "just_spurious": 0.9977106227106227, "neither": 0.9983853230226754, "cf_score": -1}