{"s_given_m": 0.0, "s_given_not_m": 0.03, "both": -1, "just_main": 0.34139960758665794, "just_spurious": 1.0, "neither": 0.9985522854469377, "cf_score": -1}