{"s_given_m": 0.027, "s_given_not_m": 0.027, "both": 0.5476190476190477, "just_main": 0.4835238735709482, "just_spurious": 0.9956181533646322, "neither": 0.9984501994487641, "cf_score": 0.047619047619047616}