{"s_given_m": 0.241, "s_given_not_m": 0.546, "both": 0.14945652173913043, "just_main": 0.40223944875107664, "just_spurious": 0.9996078246819459, "neither": 0.9973779026994397, "cf_score": 0.059782608695652176}