{"s_given_m": 0.001, "s_given_not_m": 0.036, "both": -1, "just_main": 0.4856020942408377, "just_spurious": 0.9997653133067355, "neither": 0.9983199551988053, "cf_score": -1}