{"s_given_m": 0.002, "s_given_not_m": 0.038, "both": -1, "just_main": 0.48623853211009177, "just_spurious": 0.9997737556561086, "neither": 0.9983175773113283, "cf_score": -1}