{"s_given_m": 0.002, "s_given_not_m": 0.046, "both": -1, "just_main": 0.3420707732634338, "just_spurious": 0.99981234753237, "neither": 0.9985371851133906, "cf_score": -1}