{"s_given_m": 0.027, "s_given_not_m": 0.027, "both": 0.38095238095238093, "just_main": 0.3402824478816409, "just_spurious": 0.9978090766823161, "neither": 0.998617507462818, "cf_score": 0.07142857142857142}