{"s_given_m": 0.009, "s_given_not_m": 0.041, "both": -1, "just_main": 0.4864686468646865, "just_spurious": 1.0, "neither": 0.9983031017513776, "cf_score": -1}