{"s_given_m": 0.054, "s_given_not_m": 0.052, "both": 0.12048192771084337, "just_main": 0.35408022130013833, "just_spurious": 0.9995036399735274, "neither": 0.9985458026988456, "cf_score": 0.012048192771084338}