{"s_given_m": 0.016, "s_given_not_m": 0.047, "both": 0.32, "just_main": 0.34175531914893614, "just_spurious": 0.9992731237506814, "neither": 0.9985618623882073, "cf_score": 0.04}