{"s_given_m": 0.005, "s_given_not_m": 0.016, "both": -1, "just_main": 0.48751642575558474, "just_spurious": 0.9963331587218439, "neither": 0.9984066034532298, "cf_score": -1}