{"s_given_m": 0.006, "s_given_not_m": 0.021, "both": 0.32142857142857145, "just_main": 0.5440860215053763, "just_spurious": 0.9962089300758215, "neither": 0.9916842720366791, "cf_score": 0.10714285714285714}