{"s_given_m": 0.037, "s_given_not_m": 0.021, "both": 0.4425287356321839, "just_main": 0.5466252220248667, "just_spurious": 0.9881305637982196, "neither": 0.9918561797752808, "cf_score": 0.022988505747126436}