{"s_given_m": 0.173, "s_given_not_m": 0.014, "both": 0.48203221809169766, "just_main": 0.48204598295014206, "just_spurious": 0.8821635544108177, "neither": 0.9925751410009281, "cf_score": 0.1090458488228005}