{"s_given_m": 0.0, "s_given_not_m": 0.054, "both": -1, "just_main": 0.5429854576561164, "just_spurious": 1.0, "neither": 0.9913103345614231, "cf_score": -1}