{"s_given_m": 0.017, "s_given_not_m": 0.032, "both": 0.3974358974358974, "just_main": 0.4834782608695652, "just_spurious": 0.9794672586015538, "neither": 0.9914458433707559, "cf_score": 0.1282051282051282}