{"s_given_m": 0.004, "s_given_not_m": 0.028, "both": -1, "just_main": 0.48272161408027475, "just_spurious": 0.9978247358607831, "neither": 0.9908688208277848, "cf_score": -1}