{"s_given_m": 0.004, "s_given_not_m": 0.033, "both": -1, "just_main": 0.4837948057523074, "just_spurious": 0.9994724347137959, "neither": 0.990775646979548, "cf_score": -1}