{"s_given_m": 0.02, "s_given_not_m": 0.041, "both": 0.2553191489361702, "just_main": 0.48669284467713786, "just_spurious": 0.9957528137608834, "neither": 0.9908631772268136, "cf_score": 0.0}