{"s_given_m": 0.037, "s_given_not_m": 0.021, "both": 0.41379310344827586, "just_main": 0.48468028419182946, "just_spurious": 0.9838914794404409, "neither": 0.9912179775280899, "cf_score": 0.011494252873563218}