{"s_given_m": 0.0, "s_given_not_m": 0.032, "both": -1, "just_main": 0.4821466752191576, "just_spurious": 0.9997212155004181, "neither": 0.9907836614495282, "cf_score": -1}