{"s_given_m": 0.002, "s_given_not_m": 0.035, "both": -1, "just_main": 0.48201284796573873, "just_spurious": 0.9994949494949495, "neither": 0.9907614296528012, "cf_score": -1}