{"s_given_m": 0.024, "s_given_not_m": 0.014, "both": 0.4090909090909091, "just_main": 0.483800350262697, "just_spurious": 0.9842668344870988, "neither": 0.9911622924477772, "cf_score": 0.00909090909090909}