{"s_given_m": 0.025, "s_given_not_m": 0.001, "both": 0.5862068965517241, "just_main": 0.479395002192021, "just_spurious": 0.8910891089108911, "neither": 0.9911548084716496, "cf_score": 0.0603448275862069}