{"s_given_m": 0.0, "s_given_not_m": 0.015, "both": -1, "just_main": 0.5427533133817871, "just_spurious": 0.9994232987312572, "neither": 0.9916603351955308, "cf_score": -1}