{"s_given_m": 0.136, "s_given_not_m": 0.107, "both": 0.43217665615141954, "just_main": 0.5600890207715133, "just_spurious": 0.9862438220757825, "neither": 0.9924410411061506, "cf_score": 0.0914826498422713}