{"s_given_m": 0.002, "s_given_not_m": 0.016, "both": -1, "just_main": 0.4823302634397087, "just_spurious": 0.9871451526513123, "neither": 0.991131356159725, "cf_score": -1}