{"s_given_m": 0.012, "s_given_not_m": 0.038, "both": 0.21818181818181817, "just_main": 0.48518278174345664, "just_spurious": 0.9963048498845266, "neither": 0.9908582618801417, "cf_score": 0.14545454545454545}