{"s_given_m": 0.102, "s_given_not_m": 0.035, "both": 0.497907949790795, "just_main": 0.48023809523809524, "just_spurious": 0.9723200805234021, "neither": 0.9917453367993797, "cf_score": 0.07112970711297072}