{"s_given_m": 0.212, "s_given_not_m": 0.054, "both": 0.4415322580645161, "just_main": 0.5699945740640261, "just_spurious": 0.9731982350057199, "neither": 0.9928365429342264, "cf_score": 0.03931451612903226}