{"s_given_m": 0.003, "s_given_not_m": 0.018, "both": -1, "just_main": 0.543972543972544, "just_spurious": 0.9961886612672701, "neither": 0.9916958120347951, "cf_score": -1}