{"s_given_m": 0.015, "s_given_not_m": 0.008, "both": 0.37681159420289856, "just_main": 0.5452375786504665, "just_spurious": 0.9920273348519362, "neither": 0.9917768847965511, "cf_score": 0.028985507246376812}