{"s_given_m": 0.092, "s_given_not_m": 0.027, "both": 0.3986013986013986, "just_main": 0.5573076017886561, "just_spurious": 0.9758064516129032, "neither": 0.9922268774488956, "cf_score": 0.009324009324009324}