{"s_given_m": 0.1, "s_given_not_m": 0.034, "both": 0.373134328358209, "just_main": 0.4941791399382276, "just_spurious": 0.9792584910552242, "neither": 0.9914807930607187, "cf_score": 0.023454157782515993}