{"s_given_m": 0.027, "s_given_not_m": 0.038, "both": 0.4, "just_main": 0.4842960685262464, "just_spurious": 0.9709167054443928, "neither": 0.9918580929641115, "cf_score": 0.088}