{"s_given_m": 0.02, "s_given_not_m": 0.041, "both": 0.2978723404255319, "just_main": 0.5477748691099477, "just_spurious": 0.9976640475684859, "neither": 0.991524334251607, "cf_score": 0.010638297872340425}