{"s_given_m": 0.003, "s_given_not_m": 0.018, "both": -1, "just_main": 0.4826254826254826, "just_spurious": 0.9852310624106717, "neither": 0.9911756793112725, "cf_score": -1}