{"s_given_m": 0.0, "s_given_not_m": 0.006, "both": -1, "just_main": 0.48204360837964944, "just_spurious": 1.0, "neither": 0.9910100616452916, "cf_score": -1}