{"s_given_m": 0.0, "s_given_not_m": 0.013, "both": -1, "just_main": 0.5428693607013042, "just_spurious": 1.0, "neither": 0.9916667410176568, "cf_score": -1}