{"s_given_m": 0.238, "s_given_not_m": 0.071, "both": 0.4501347708894879, "just_main": 0.4920056100981767, "just_spurious": 0.9822932144626052, "neither": 0.9917371817346233, "cf_score": 0.03773584905660377}