{"s_given_m": 0.017, "s_given_not_m": 0.032, "both": 0.47435897435897434, "just_main": 0.5439130434782609, "just_spurious": 0.9897336293007769, "neither": 0.991845825189764, "cf_score": 0.14102564102564102}