{"s_given_m": 0.109, "s_given_not_m": 0.1, "both": 0.37254901960784315, "just_main": 0.4954414587332054, "just_spurious": 0.9849916129601837, "neither": 0.991738526818013, "cf_score": 0.12549019607843137}