{"s_given_m": 0.016, "s_given_not_m": 0.031, "both": 0.23684210526315788, "just_main": 0.5478053020425901, "just_spurious": 0.9945386605346364, "neither": 0.9916916371560882, "cf_score": 0.02631578947368421}