{"s_given_m": 0.007, "s_given_not_m": 0.021, "both": 0.0967741935483871, "just_main": 0.4846137292877125, "just_spurious": 0.9987146529562982, "neither": 0.9909054145135925, "cf_score": 0.06451612903225806}