{"s_given_m": 0.001, "s_given_not_m": 0.027, "both": -1, "just_main": 0.4823453884014552, "just_spurious": 0.9996688741721854, "neither": 0.9908309144670808, "cf_score": -1}