{"s_given_m": 0.0, "s_given_not_m": 0.019, "both": -1, "just_main": 0.4820359281437126, "just_spurious": 1.0, "neither": 0.9908942476764632, "cf_score": -1}