{"s_given_m": 0.021, "s_given_not_m": 0.019, "both": 0.3402061855670103, "just_main": 0.4850469329840646, "just_spurious": 0.9911463187325257, "neither": 0.9910642993639145, "cf_score": 0.020618556701030927}