{"s_given_m": 0.002, "s_given_not_m": 0.108, "both": -1, "just_main": 0.48253696164559673, "just_spurious": 0.9996732026143791, "neither": 0.9900265367124071, "cf_score": -1}