{"s_given_m": 0.379, "s_given_not_m": 0.059, "both": 0.5372040586245772, "just_main": 0.5461432506887053, "just_spurious": 0.9693771369109558, "neither": 0.9931887502105126, "cf_score": 0.044532130777903044}