{"s_given_m": 0.016, "s_given_not_m": 0.031, "both": 0.25, "just_main": 0.4858757062146893, "just_spurious": 0.9945386605346364, "neither": 0.9909561427403977, "cf_score": 0.013157894736842105}