{"s_given_m": 0.009, "s_given_not_m": 0.048, "both": 0.46511627906976744, "just_main": 0.5434735706580367, "just_spurious": 0.9979945305378305, "neither": 0.9914635048647849, "cf_score": 0.0}