{"s_given_m": 0.004, "s_given_not_m": 0.028, "both": -1, "just_main": 0.5432496243829148, "just_spurious": 0.9987569919204475, "neither": 0.991575400168492, "cf_score": -1}