{"s_given_m": 0.0, "s_given_not_m": 0.022, "both": -1, "just_main": 0.4821466752191576, "just_spurious": 1.0, "neither": 0.9908611251170496, "cf_score": -1}