{"s_given_m": 0.012, "s_given_not_m": 0.038, "both": 0.2727272727272727, "just_main": 0.54596582305862, "just_spurious": 0.9981524249422633, "neither": 0.9915262767777889, "cf_score": 0.10909090909090909}