{"s_given_m": 0.143, "s_given_not_m": 0.008, "both": 0.5673652694610778, "just_main": 0.5386533665835411, "just_spurious": 0.8179749715585893, "neither": 0.9931340370797481, "cf_score": 0.061377245508982034}