{"s_given_m": 0.358, "s_given_not_m": 0.015, "both": 0.5784138342277877, "just_main": 0.42819060313228924, "just_spurious": 0.8013126491646778, "neither": 0.993907069407592, "cf_score": 0.13059033989266547}