{"s_given_m": 0.024, "s_given_not_m": 0.014, "both": 0.4818181818181818, "just_main": 0.5442206654991243, "just_spurious": 0.9861548143486469, "neither": 0.9918585966791644, "cf_score": 0.03636363636363636}