{"s_given_m": 0.006, "s_given_not_m": 0.017, "both": 0.13793103448275862, "just_main": 0.5452785545278555, "just_spurious": 0.9989528795811519, "neither": 0.991656147324506, "cf_score": 0.034482758620689655}