{"s_given_m": 0.021, "s_given_not_m": 0.019, "both": 0.38144329896907214, "just_main": 0.5461689587426326, "just_spurious": 0.9911463187325257, "neither": 0.9917909979096202, "cf_score": 0.020618556701030927}