{"s_given_m": 0.014, "s_given_not_m": 0.03, "both": 0.2537313432835821, "just_main": 0.4853610930383865, "just_spurious": 0.9835117153601388, "neither": 0.991302926864696, "cf_score": 0.014925373134328358}