{"s_given_m": 0.047, "s_given_not_m": 0.045, "both": 0.36363636363636365, "just_main": 0.4878869448183042, "just_spurious": 0.9700704225352113, "neither": 0.9920550798639594, "cf_score": 0.05909090909090909}