{"s_given_m": 0.379, "s_given_not_m": 0.059, "both": 0.4740698985343856, "just_main": 0.4869146005509642, "just_spurious": 0.9675932808086815, "neither": 0.9925431784584869, "cf_score": 0.04340473506200677}