{"s_given_m": 0.0, "s_given_not_m": 0.031, "both": -1, "just_main": 0.5427533133817871, "just_spurious": 1.0, "neither": 0.9915185746846708, "cf_score": -1}