{"s_given_m": 0.005, "s_given_not_m": 0.049, "both": 0.43478260869565216, "just_main": 0.4822771213748657, "just_spurious": 0.9981972237245358, "neither": 0.9906997834576446, "cf_score": 0.08695652173913043}