{"s_given_m": 0.023, "s_given_not_m": 0.013, "both": 0.44339622641509435, "just_main": 0.5450568678915135, "just_spurious": 0.9817567567567568, "neither": 0.9919111023909961, "cf_score": 0.018867924528301886}