{"s_given_m": 0.25, "s_given_not_m": 0.015, "both": 0.5282534246575342, "just_main": 0.5475783475783476, "just_spurious": 0.8624926857811586, "neither": 0.9937533512064343, "cf_score": 0.10787671232876712}