{"s_given_m": 0.217, "s_given_not_m": 0.555, "both": 0.27120315581854043, "just_main": 0.6179039301310044, "just_spurious": 0.9977813346856627, "neither": 0.984279718064465, "cf_score": 0.1222879684418146}