{"s_given_m": 0.102, "s_given_not_m": 0.035, "both": 0.5209205020920502, "just_main": 0.5452380952380952, "just_spurious": 0.9791142425767488, "neither": 0.9922378802389747, "cf_score": 0.07112970711297072}