{"s_given_m": 0.006, "s_given_not_m": 0.015, "both": 0.06666666666666667, "just_main": 0.48472461273666095, "just_spurious": 0.9981851179673321, "neither": 0.990960734574297, "cf_score": 0.0}