{"s_given_m": 0.014, "s_given_not_m": 0.03, "both": 0.26865671641791045, "just_main": 0.5467360659292995, "just_spurious": 0.9939253688168933, "neither": 0.9917114532645799, "cf_score": 0.014925373134328358}