{"s_given_m": 0.041, "s_given_not_m": 0.039, "both": 0.45263157894736844, "just_main": 0.4832887700534759, "just_spurious": 0.9820989035578429, "neither": 0.9914330218068536, "cf_score": 0.04736842105263158}