{"s_given_m": 0.0, "s_given_not_m": 0.035, "both": -1, "just_main": 0.48204360837964944, "just_spurious": 1.0, "neither": 0.9907438649607412, "cf_score": -1}