{"s_given_m": 0.0, "s_given_not_m": 0.015, "both": -1, "just_main": 0.48204360837964944, "just_spurious": 0.9994232987312572, "neither": 0.9909363128491621, "cf_score": -1}