{"s_given_m": 0.091, "s_given_not_m": 0.028, "both": 0.5023364485981309, "just_main": 0.48, "just_spurious": 0.9576619273301737, "neither": 0.9920231067328239, "cf_score": 0.04205607476635514}