{"s_given_m": 0.0, "s_given_not_m": 0.023, "both": -1, "just_main": 0.5427533133817871, "just_spurious": 1.0, "neither": 0.991584069201658, "cf_score": -1}