{"s_given_m": 0.03, "s_given_not_m": 0.039, "both": 0.4084507042253521, "just_main": 0.546957671957672, "just_spurious": 0.9848381986874859, "neither": 0.992059712427878, "cf_score": 0.06338028169014084}