{"s_given_m": 0.002, "s_given_not_m": 0.029, "both": -1, "just_main": 0.48222698072805137, "just_spurious": 0.9993834771886559, "neither": 0.9908213654691251, "cf_score": -1}