{"s_given_m": 0.25, "s_given_not_m": 0.015, "both": 0.4717465753424658, "just_main": 0.48547008547008547, "just_spurious": 0.8759508484493856, "neither": 0.9928239499553172, "cf_score": 0.10017123287671233}