{"s_given_m": 0.006, "s_given_not_m": 0.021, "both": 0.21428571428571427, "just_main": 0.4836559139784946, "just_spurious": 0.9949452401010952, "neither": 0.9909830538949072, "cf_score": 0.0}