{"s_given_m": 0.009, "s_given_not_m": 0.025, "both": 0.046511627906976744, "just_main": 0.486084142394822, "just_spurious": 0.9954892435808467, "neither": 0.9909507166273809, "cf_score": 0.0}