{"s_given_m": 0.0, "s_given_not_m": 0.037, "both": -1, "just_main": 0.48182207014542344, "just_spurious": 0.9995305164319249, "neither": 0.9907360835490037, "cf_score": -1}