{"s_given_m": 0.029, "s_given_not_m": 0.059, "both": 0.4701492537313433, "just_main": 0.5448943661971831, "just_spurious": 0.9968689428954823, "neither": 0.9914594675497185, "cf_score": 0.05970149253731343}