{"s_given_m": 0.009, "s_given_not_m": 0.025, "both": 0.11627906976744186, "just_main": 0.5467098166127292, "just_spurious": 0.9961832061068703, "neither": 0.9916641830809108, "cf_score": 0.023255813953488372}