{"s_given_m": 0.092, "s_given_not_m": 0.027, "both": 0.3543123543123543, "just_main": 0.4949399858790304, "just_spurious": 0.9764516129032258, "neither": 0.9914758074003023, "cf_score": 0.030303030303030304}