{"s_given_m": 0.0, "s_given_not_m": 0.017, "both": -1, "just_main": 0.4821466752191576, "just_spurious": 0.9994916115912558, "neither": 0.9909173966786693, "cf_score": -1}