{"s_given_m": 0.002, "s_given_not_m": 0.011, "both": -1, "just_main": 0.543254817987152, "just_spurious": 0.999176276771005, "neither": 0.9916989189910583, "cf_score": -1}