{"s_given_m": 0.1, "s_given_not_m": 0.034, "both": 0.4200426439232409, "just_main": 0.5564267046804466, "just_spurious": 0.9792584910552242, "neither": 0.9922188206137473, "cf_score": 0.0255863539445629}