{"s_given_m": 0.003, "s_given_not_m": 0.019, "both": -1, "just_main": 0.4833797984130388, "just_spurious": 0.995764705882353, "neither": 0.9909762835922643, "cf_score": -1}