{"s_given_m": 0.0, "s_given_not_m": 0.025, "both": -1, "just_main": 0.3122302158273381, "just_spurious": 0.9996580027359782, "neither": 0.9985521106115992, "cf_score": -1}