{"s_given_m": 0.016, "s_given_not_m": 0.034, "both": 0.12727272727272726, "just_main": 0.2078339666764104, "just_spurious": 0.9964221824686941, "neither": 0.9982506447366049, "cf_score": 0.01818181818181818}