{"s_given_m": 0.001, "s_given_not_m": 0.011, "both": -1, "just_main": 0.31232009211283823, "just_spurious": 0.9991803278688525, "neither": 0.9985738306732047, "cf_score": -1}