{"s_given_m": 0.004, "s_given_not_m": 0.038, "both": -1, "just_main": 0.313312157089229, "just_spurious": 0.999546485260771, "neither": 0.9985416798760881, "cf_score": -1}