{"s_given_m": 0.016, "s_given_not_m": 0.034, "both": 0.23636363636363636, "just_main": 0.31335866705641624, "just_spurious": 0.9966777408637874, "neither": 0.998647405724179, "cf_score": 0.05454545454545454}