{"s_given_m": 0.003, "s_given_not_m": 0.031, "both": -1, "just_main": 0.206866705135603, "just_spurious": 0.9991462720546386, "neither": 0.998158081529601, "cf_score": -1}