{"s_given_m": 0.001, "s_given_not_m": 0.02, "both": -1, "just_main": 0.31201382886776147, "just_spurious": 0.9995567375886525, "neither": 0.9985607036559904, "cf_score": -1}