{"s_given_m": 0.001, "s_given_not_m": 0.026, "both": -1, "just_main": 0.206678180771445, "just_spurious": 0.9983243967828418, "neither": 0.9981846960036485, "cf_score": -1}