{"s_given_m": 0.071, "s_given_not_m": 0.026, "both": 0.2886178861788618, "just_main": 0.3139318885448916, "just_spurious": 0.9956753160345975, "neither": 0.9986583784267251, "cf_score": 0.056910569105691054}