{"s_given_m": 0.0, "s_given_not_m": 0.038, "both": -1, "just_main": 0.3121403912543153, "just_spurious": 1.0, "neither": 0.9985246866090419, "cf_score": -1}