{"s_given_m": 0.013, "s_given_not_m": 0.038, "both": 0.20454545454545456, "just_main": 0.3135198135198135, "just_spurious": 0.9993194192377496, "neither": 0.9985507640190937, "cf_score": 0.022727272727272728}