{"s_given_m": 0.007, "s_given_not_m": 0.08, "both": 0.07692307692307693, "just_main": 0.3139130434782609, "just_spurious": 0.9996725963112518, "neither": 0.998485536877177, "cf_score": 0.038461538461538464}