{"s_given_m": 0.007, "s_given_not_m": 0.014, "both": -1, "just_main": 0.3133507095279467, "just_spurious": 0.9865113427345187, "neither": 0.9987541968545679, "cf_score": 0.0}