{"s_given_m": 0.009, "s_given_not_m": 0.03, "both": 0.26666666666666666, "just_main": 0.2060359837492745, "just_spurious": 0.9951036866359447, "neither": 0.9982845184526536, "cf_score": 0.1}