{"s_given_m": 0.045, "s_given_not_m": 0.052, "both": 0.2709677419354839, "just_main": 0.314062029509184, "just_spurious": 0.9989953114534494, "neither": 0.9985575023658799, "cf_score": 0.03870967741935484}