{"s_given_m": 0.093, "s_given_not_m": 0.046, "both": 0.33540372670807456, "just_main": 0.3097653772986684, "just_spurious": 0.9975228658536586, "neither": 0.9986309246734756, "cf_score": 0.07142857142857142}