{"s_given_m": 0.021, "s_given_not_m": 0.073, "both": 0.3108108108108108, "just_main": 0.31216931216931215, "just_spurious": 0.9996440014239943, "neither": 0.9984960144382614, "cf_score": 0.06756756756756757}