{"s_given_m": 0.007, "s_given_not_m": 0.026, "both": 0.12, "just_main": 0.20718632280498406, "just_spurious": 0.999, "neither": 0.9981665489084258, "cf_score": 0.12}