{"s_given_m": 0.009, "s_given_not_m": 0.015, "both": 0.21875, "just_main": 0.3130081300813008, "just_spurious": 0.9964264443120905, "neither": 0.9986122405685394, "cf_score": 0.03125}