{"s_given_m": 0.0, "s_given_not_m": 0.014, "both": -1, "just_main": 0.20655926352128884, "just_spurious": 0.9993694829760403, "neither": 0.9981717818502981, "cf_score": -1}