{"s_given_m": 0.0, "s_given_not_m": 0.03, "both": -1, "just_main": 0.3121403912543153, "just_spurious": 0.9929286977018268, "neither": 0.9987524345476902, "cf_score": -1}