{"s_given_m": 0.0, "s_given_not_m": 0.019, "both": -1, "just_main": 0.2066187050359712, "just_spurious": 0.9958772331653688, "neither": 0.9982331214262883, "cf_score": -1}