{"s_given_m": 0.007, "s_given_not_m": 0.08, "both": 0.038461538461538464, "just_main": 0.20782608695652174, "just_spurious": 0.9997817308741679, "neither": 0.9980501287293655, "cf_score": 0.0}