{"s_given_m": 0.179, "s_given_not_m": 0.101, "both": 0.28502415458937197, "just_main": 0.3180385288966725, "just_spurious": 0.9975064488392089, "neither": 0.9987013112879309, "cf_score": 0.0821256038647343}