{"s_given_m": 0.003, "s_given_not_m": 0.046, "both": -1, "just_main": 0.3130409694171956, "just_spurious": 0.9996242014280345, "neither": 0.9985295326471152, "cf_score": -1}