{"s_given_m": 0.091, "s_given_not_m": 0.045, "both": 0.2626582278481013, "just_main": 0.31708860759493673, "just_spurious": 0.9975057559478128, "neither": 0.9986313743738537, "cf_score": 0.04430379746835443}