{"s_given_m": 0.093, "s_given_not_m": 0.046, "both": 0.2732919254658385, "just_main": 0.19974635383639822, "just_spurious": 0.9963795731707317, "neither": 0.9982749650885792, "cf_score": 0.07142857142857142}