{"s_given_m": 0.043, "s_given_not_m": 0.058, "both": 0.11486486486486487, "just_main": 0.21063701923076922, "just_spurious": 0.9949200657403258, "neither": 0.9983906472557761, "cf_score": 0.013513513513513514}