{"s_given_m": 0.013, "s_given_not_m": 0.038, "both": 0.18181818181818182, "just_main": 0.20687645687645687, "just_spurious": 0.9995462794918331, "neither": 0.9981341086745831, "cf_score": 0.06818181818181818}