{"s_given_m": 0.004, "s_given_not_m": 0.04, "both": -1, "just_main": 0.2067571469823852, "just_spurious": 0.9989238054240207, "neither": 0.99815730949031, "cf_score": -1}