{"s_given_m": 0.004, "s_given_not_m": 0.038, "both": -1, "just_main": 0.2070459139474444, "just_spurious": 0.999092970521542, "neither": 0.998152190650447, "cf_score": -1}