{"s_given_m": 0.0, "s_given_not_m": 0.022, "both": -1, "just_main": 0.2066187050359712, "just_spurious": 1.0, "neither": 0.9981474719226213, "cf_score": -1}