{"s_given_m": 0.009, "s_given_not_m": 0.03, "both": 0.3333333333333333, "just_main": 0.3119558908879861, "just_spurious": 0.9962557603686636, "neither": 0.9986527631827122, "cf_score": 0.06666666666666667}