{"s_given_m": 0.003, "s_given_not_m": 0.046, "both": -1, "just_main": 0.20715522215810733, "just_spurious": 0.9988726042841037, "neither": 0.9981550658056974, "cf_score": -1}