{"s_given_m": 0.003, "s_given_not_m": 0.031, "both": -1, "just_main": 0.31217541834968265, "just_spurious": 1.0, "neither": 0.9985346075355335, "cf_score": -1}