{"s_given_m": 0.0, "s_given_not_m": 0.016, "both": -1, "just_main": 0.20655926352128884, "just_spurious": 0.9994669509594882, "neither": 0.9981670872625846, "cf_score": -1}