{"s_given_m": 0.043, "s_given_not_m": 0.058, "both": 0.18243243243243243, "just_main": 0.31790865384615385, "just_spurious": 0.9953682952338264, "neither": 0.9987791117112784, "cf_score": 0.02702702702702703}