{"s_given_m": 0.002, "s_given_not_m": 0.006, "both": -1, "just_main": 0.3116171807437302, "just_spurious": 0.997134670487106, "neither": 0.9985891178042817, "cf_score": -1}