{"s_given_m": 0.0, "s_given_not_m": 0.02, "both": -1, "just_main": 0.20655926352128884, "just_spurious": 0.9995541685242978, "neither": 0.9981611115059342, "cf_score": -1}