{"s_given_m": 0.001, "s_given_not_m": 0.025, "both": -1, "just_main": 0.31232009211283823, "just_spurious": 1.0, "neither": 0.9985438107489994, "cf_score": -1}