{"s_given_m": 0.0, "s_given_not_m": 0.029, "both": -1, "just_main": 0.3121403912543153, "just_spurious": 0.9994035192365046, "neither": 0.9985555096987206, "cf_score": -1}