{"s_given_m": 0.045, "s_given_not_m": 0.052, "both": 0.2, "just_main": 0.2068654019873532, "just_spurious": 0.9984929671801741, "neither": 0.9981716112790452, "cf_score": 0.01935483870967742}