{"s_given_m": 0.004, "s_given_not_m": 0.037, "both": -1, "just_main": 0.3121570892289922, "just_spurious": 0.9950576606260296, "neither": 0.9987156527559198, "cf_score": -1}