{"s_given_m": 0.001, "s_given_not_m": 0.026, "both": -1, "just_main": 0.3120322394933794, "just_spurious": 0.9993297587131368, "neither": 0.9985602761408247, "cf_score": -1}