{"s_given_m": 0.007, "s_given_not_m": 0.015, "both": -1, "just_main": 0.3105446118192352, "just_spurious": 0.9982456140350877, "neither": 0.9985853352313419, "cf_score": 0.041666666666666664}