{"s_given_m": 0.024, "s_given_not_m": 0.035, "both": 0.10714285714285714, "just_main": 0.31721698113207547, "just_spurious": 0.9977805178791616, "neither": 0.998609556141428, "cf_score": 0.023809523809523808}