{"s_given_m": 0.006, "s_given_not_m": 0.028, "both": 0.23809523809523808, "just_main": 0.20636758321273516, "just_spurious": 0.9981343283582089, "neither": 0.9981898830592768, "cf_score": 0.047619047619047616}