{"s_given_m": 0.0, "s_given_not_m": 0.018, "both": -1, "just_main": 0.2066187050359712, "just_spurious": 0.9995269631031221, "neither": 0.9981632164121494, "cf_score": -1}