{"s_given_m": 0.003, "s_given_not_m": 0.031, "both": -1, "just_main": 0.206866705135603, "just_spurious": 0.9997205142537731, "neither": 0.9981390414715058, "cf_score": -1}