{"s_given_m": 0.0, "s_given_not_m": 0.014, "both": -1, "just_main": 0.3121403912543153, "just_spurious": 0.9993694829760403, "neither": 0.9985692205784942, "cf_score": -1}