{"s_given_m": 0.009, "s_given_not_m": 0.103, "both": 0.12903225806451613, "just_main": 0.20725689404934688, "just_spurious": 0.9996611892258174, "neither": 0.9980195136158438, "cf_score": 0.03225806451612903}