{"s_given_m": 0.001, "s_given_not_m": 0.019, "both": -1, "just_main": 0.20673769075727036, "just_spurious": 0.99859616284511, "neither": 0.9981805917958003, "cf_score": -1}