{"s_given_m": 0.0, "s_given_not_m": 0.008, "both": -1, "just_main": 0.3121403912543153, "just_spurious": 0.9978880675818373, "neither": 0.9985860324597766, "cf_score": -1}