{"s_given_m": 0.015, "s_given_not_m": 0.041, "both": 0.1509433962264151, "just_main": 0.31463628396143734, "just_spurious": 0.9974736842105263, "neither": 0.9986280335450342, "cf_score": 0.03773584905660377}