{"s_given_m": 0.001, "s_given_not_m": 0.031, "both": -1, "just_main": 0.3124100201554852, "just_spurious": 1.0, "neither": 0.9985344494295142, "cf_score": -1}