{"s_given_m": 0.001, "s_given_not_m": 0.02, "both": -1, "just_main": 0.2062806107749928, "just_spurious": 0.99822695035461, "neither": 0.9981875527519879, "cf_score": -1}