{"s_given_m": 0.001, "s_given_not_m": 0.011, "both": -1, "just_main": 0.206678180771445, "just_spurious": 0.9991803278688525, "neither": 0.9981776725268727, "cf_score": -1}