{"s_given_m": 0.005, "s_given_not_m": 0.021, "both": -1, "just_main": 0.3132947976878613, "just_spurious": 0.9949706621961442, "neither": 0.9986568823660218, "cf_score": -1}