{"s_given_m": 0.0, "s_given_not_m": 0.041, "both": -1, "just_main": 0.3122302158273381, "just_spurious": 1.0, "neither": 0.998519984745855, "cf_score": -1}