{"s_given_m": 0.006, "s_given_not_m": 0.033, "both": 0.1, "just_main": 0.20717592592592593, "just_spurious": 0.9992084432717678, "neither": 0.9981535024905198, "cf_score": 0.05}