{"s_given_m": 0.002, "s_given_not_m": 0.04, "both": -1, "just_main": 0.3126801152737752, "just_spurious": 1.0, "neither": 0.9985216224060368, "cf_score": -1}