{"s_given_m": 0.025, "s_given_not_m": 0.111, "both": 0.1511627906976744, "just_main": 0.31622418879056047, "just_spurious": 0.9993694829760403, "neither": 0.9984822224180645, "cf_score": 0.05813953488372093}