{"s_given_m": 0.001, "s_given_not_m": 0.023, "both": -1, "just_main": 0.206678180771445, "just_spurious": 0.99885801294252, "neither": 0.998172644940455, "cf_score": -1}