{"s_given_m": 0.002, "s_given_not_m": 0.015, "both": -1, "just_main": 0.7785365853658537, "just_spurious": 0.9965257672264042, "neither": 0.9935053490544423, "cf_score": -1}