{"s_given_m": 0.211, "s_given_not_m": 0.042, "both": 0.8248847926267281, "just_main": 0.7655285890580008, "just_spurious": 0.9809309001435309, "neither": 0.9941084765426728, "cf_score": 0.029185867895545316}