{"s_given_m": 0.006, "s_given_not_m": 0.026, "both": 0.1, "just_main": 0.6606792945787068, "just_spurious": 0.9963394342762063, "neither": 0.9937789661319073, "cf_score": 0.05}