{"s_given_m": 0.024, "s_given_not_m": 0.106, "both": 0.5405405405405406, "just_main": 0.7839095744680851, "just_spurious": 0.9982754372998276, "neither": 0.9929921962961525, "cf_score": 0.1891891891891892}