{"s_given_m": 0.001, "s_given_not_m": 0.04, "both": -1, "just_main": 0.7790773229369721, "just_spurious": 1.0, "neither": 0.9932850119297231, "cf_score": -1}