{"s_given_m": 0.001, "s_given_not_m": 0.028, "both": -1, "just_main": 0.777849951282884, "just_spurious": 0.9984539270253556, "neither": 0.993409007689491, "cf_score": -1}