{"s_given_m": 0.002, "s_given_not_m": 0.033, "both": -1, "just_main": 0.6574585635359116, "just_spurious": 1.0, "neither": 0.9936355475763016, "cf_score": -1}