{"s_given_m": 0.002, "s_given_not_m": 0.039, "both": -1, "just_main": 0.6581085472863178, "just_spurious": 1.0, "neither": 0.9935986565304538, "cf_score": -1}