{"s_given_m": 0.0, "s_given_not_m": 0.019, "both": -1, "just_main": 0.7779941577409932, "just_spurious": 1.0, "neither": 0.993422625107336, "cf_score": -1}