{"s_given_m": 0.009, "s_given_not_m": 0.111, "both": 0.37037037037037035, "just_main": 0.6595744680851063, "just_spurious": 0.9996077508433356, "neither": 0.9931288918386071, "cf_score": 0.0}