{"s_given_m": 0.003, "s_given_not_m": 0.034, "both": -1, "just_main": 0.77878985035784, "just_spurious": 0.996969696969697, "neither": 0.9934289181536249, "cf_score": -1}