{"s_given_m": 0.0, "s_given_not_m": 0.037, "both": -1, "just_main": 0.7780661907852044, "just_spurious": 0.998122946973252, "neither": 0.9933749763392012, "cf_score": -1}