{"s_given_m": 0.148, "s_given_not_m": 0.01, "both": 0.7527352297592997, "just_main": 0.7824761904761904, "just_spurious": 0.6098579782790309, "neither": 0.9975791172549294, "cf_score": 0.09409190371991247}