{"s_given_m": 0.001, "s_given_not_m": 0.02, "both": -1, "just_main": 0.6572449642625081, "just_spurious": 0.9920248116969429, "neither": 0.9938821404540142, "cf_score": -1}