{"s_given_m": 0.024, "s_given_not_m": 0.106, "both": 0.3783783783783784, "just_main": 0.6638962765957447, "just_spurious": 0.9984396813665106, "neither": 0.9933027914741623, "cf_score": 0.06756756756756757}