{"s_given_m": 0.004, "s_given_not_m": 0.074, "both": -1, "just_main": 0.7785016286644951, "just_spurious": 0.9997644009895158, "neither": 0.9930563364443945, "cf_score": -1}