{"s_given_m": 0.0, "s_given_not_m": 0.013, "both": -1, "just_main": 0.6570408825438028, "just_spurious": 0.9986919555264879, "neither": 0.9937805693374151, "cf_score": -1}