{"s_given_m": 0.001, "s_given_not_m": 0.025, "both": -1, "just_main": 0.7785714285714286, "just_spurious": 1.0, "neither": 0.9933827327621524, "cf_score": -1}