{"s_given_m": 0.004, "s_given_not_m": 0.034, "both": -1, "just_main": 0.778248127645718, "just_spurious": 1.0, "neither": 0.9933221886683923, "cf_score": -1}