{"s_given_m": 0.001, "s_given_not_m": 0.019, "both": -1, "just_main": 0.7781747320558623, "just_spurious": 0.9990641085634067, "neither": 0.9934464216223865, "cf_score": -1}