{"s_given_m": 0.002, "s_given_not_m": 0.015, "both": -1, "just_main": 0.6572357723577236, "just_spurious": 0.9971048060220035, "neither": 0.9937961543206613, "cf_score": -1}