{"s_given_m": 0.001, "s_given_not_m": 0.04, "both": -1, "just_main": 0.6578947368421053, "just_spurious": 0.9997851772287862, "neither": 0.99359565807327, "cf_score": -1}