{"s_given_m": 0.002, "s_given_not_m": 0.039, "both": -1, "just_main": 0.7790055248618785, "just_spurious": 1.0, "neither": 0.9932916809620975, "cf_score": -1}