{"s_given_m": 0.001, "s_given_not_m": 0.023, "both": -1, "just_main": 0.6570315037349789, "just_spurious": 1.0, "neither": 0.9937022002327255, "cf_score": -1}