{"s_given_m": 0.0, "s_given_not_m": 0.032, "both": -1, "just_main": 0.7783187276858163, "just_spurious": 1.0, "neither": 0.9933377568953767, "cf_score": -1}