{"s_given_m": 0.148, "s_given_not_m": 0.01, "both": 0.6389496717724289, "just_main": 0.6601904761904762, "just_spurious": 0.6248955722639933, "neither": 0.9977194582836292, "cf_score": 0.08971553610503283}