{"s_given_m": 0.003, "s_given_not_m": 0.025, "both": -1, "just_main": 0.6584255042290176, "just_spurious": 0.9976133651551312, "neither": 0.9937473279179136, "cf_score": -1}