{"s_given_m": 0.0, "s_given_not_m": 0.031, "both": -1, "just_main": 0.6570408825438028, "just_spurious": 1.0, "neither": 0.9936476364548615, "cf_score": -1}