{"s_given_m": 0.01, "s_given_not_m": 0.053, "both": 0.6129032258064516, "just_main": 0.7797443461160275, "just_spurious": 0.9981955380577427, "neither": 0.9932911125571676, "cf_score": 0.03225806451612903}