{"s_given_m": 0.001, "s_given_not_m": 0.006, "both": -1, "just_main": 0.7779220779220779, "just_spurious": 0.9971550497866287, "neither": 0.9935284973188241, "cf_score": -1}