{"s_given_m": 0.003, "s_given_not_m": 0.036, "both": -1, "just_main": 0.6576635209892613, "just_spurious": 0.998547215496368, "neither": 0.9936709430564934, "cf_score": -1}