{"s_given_m": 0.0, "s_given_not_m": 0.014, "both": -1, "just_main": 0.7780661907852044, "just_spurious": 1.0, "neither": 0.9934606007797991, "cf_score": -1}