{"s_given_m": 0.001, "s_given_not_m": 0.028, "both": -1, "just_main": 0.6575698505523067, "just_spurious": 0.9981527093596059, "neither": 0.993720803522781, "cf_score": -1}