{"s_given_m": 0.0, "s_given_not_m": 0.029, "both": -1, "just_main": 0.6570408825438028, "just_spurious": 0.9991160872127284, "neither": 0.9936857733138957, "cf_score": -1}