{"s_given_m": 0.001, "s_given_not_m": 0.028, "both": -1, "just_main": 0.6570315037349789, "just_spurious": 0.9953617810760668, "neither": 0.9938019665806325, "cf_score": -1}