{"s_given_m": 0.001, "s_given_not_m": 0.031, "both": -1, "just_main": 0.7784995128288406, "just_spurious": 0.99860529986053, "neither": 0.9933882816699516, "cf_score": -1}