{"s_given_m": 0.0, "s_given_not_m": 0.025, "both": -1, "just_main": 0.7783187276858163, "just_spurious": 1.0, "neither": 0.9933855015178628, "cf_score": -1}