{"s_given_m": 0.008, "s_given_not_m": 0.059, "both": 0.6153846153846154, "just_main": 0.6573952879581152, "just_spurious": 0.9991195891415994, "neither": 0.9935141618230464, "cf_score": 0.07692307692307693}