{"s_given_m": 0.0, "s_given_not_m": 0.015, "both": -1, "just_main": 0.7780661907852044, "just_spurious": 0.994739918176505, "neither": 0.9935326977637584, "cf_score": -1}