{"s_given_m": 0.0, "s_given_not_m": 0.022, "both": -1, "just_main": 0.6570408825438028, "just_spurious": 0.9996072270227808, "neither": 0.9937155486911832, "cf_score": -1}