{"s_given_m": 0.0, "s_given_not_m": 0.015, "both": -1, "just_main": 0.7779941577409932, "just_spurious": 1.0, "neither": 0.9934541482023135, "cf_score": -1}