{"s_given_m": 0.0, "s_given_not_m": 0.029, "both": -1, "just_main": 0.7780661907852044, "just_spurious": 0.997348261638185, "neither": 0.9934353507257784, "cf_score": -1}