{"s_given_m": 0.0, "s_given_not_m": 0.013, "both": -1, "just_main": 0.7780661907852044, "just_spurious": 0.999345977763244, "neither": 0.9934726767303564, "cf_score": -1}