{"s_given_m": 0.01, "s_given_not_m": 0.053, "both": 0.5806451612903226, "just_main": 0.6578171091445427, "just_spurious": 0.9986876640419947, "neither": 0.9935752321073422, "cf_score": 0.03225806451612903}