{"s_given_m": 0.0, "s_given_not_m": 0.03, "both": -1, "just_main": 0.6572541382667965, "just_spurious": 0.9933812949640288, "neither": 0.9938601986932785, "cf_score": -1}