{"s_given_m": 0.002, "s_given_not_m": 0.103, "both": -1, "just_main": 0.6576723016905072, "just_spurious": 0.9999154762910997, "neither": 0.9931510824772186, "cf_score": -1}