{"s_given_m": 0.004, "s_given_not_m": 0.042, "both": -1, "just_main": 0.6588465298142717, "just_spurious": 0.9995824634655532, "neither": 0.9935968844812751, "cf_score": -1}