{"s_given_m": 0.001, "s_given_not_m": 0.021, "both": -1, "just_main": 0.7781026640675763, "just_spurious": 0.9991659716430359, "neither": 0.993431258698485, "cf_score": -1}