{"s_given_m": 0.001, "s_given_not_m": 0.062, "both": -1, "just_main": 0.6573562845079571, "just_spurious": 1.0, "neither": 0.9934410760705662, "cf_score": -1}