{"s_given_m": 0.003, "s_given_not_m": 0.025, "both": -1, "just_main": 0.77878985035784, "just_spurious": 0.9969314694851688, "neither": 0.9934623058287018, "cf_score": -1}