{"s_given_m": 0.001, "s_given_not_m": 0.019, "both": -1, "just_main": 0.6573562845079571, "just_spurious": 1.0, "neither": 0.9937294371528638, "cf_score": -1}