{"s_given_m": 0.0, "s_given_not_m": 0.015, "both": -1, "just_main": 0.6570408825438028, "just_spurious": 0.994155464640561, "neither": 0.9938410841101732, "cf_score": -1}