{"s_given_m": 0.021, "s_given_not_m": 0.048, "both": 0.5384615384615384, "just_main": 0.6595956247928406, "just_spurious": 0.9976385104450499, "neither": 0.9936554238833182, "cf_score": 0.015384615384615385}