{"s_given_m": 0.003, "s_given_not_m": 0.08, "both": -1, "just_main": 0.7791151594014314, "just_spurious": 0.9997821588062302, "neither": 0.9930110163736513, "cf_score": -1}