{"s_given_m": 0.001, "s_given_not_m": 0.03, "both": -1, "just_main": 0.7790773229369721, "just_spurious": 0.9905226881102814, "neither": 0.9936449970015127, "cf_score": -1}