{"s_given_m": 0.003, "s_given_not_m": 0.041, "both": -1, "just_main": 0.19830200121285627, "just_spurious": 0.9997915798249271, "neither": 0.9966289623105468, "cf_score": -1}