{"s_given_m": 0.001, "s_given_not_m": 0.046, "both": -1, "just_main": 0.2536319612590799, "just_spurious": 1.0, "neither": 0.9980323980485701, "cf_score": -1}