{"s_given_m": 0.001, "s_given_not_m": 0.021, "both": -1, "just_main": 0.2534785238959468, "just_spurious": 1.0, "neither": 0.9980828489390013, "cf_score": -1}