{"s_given_m": 0.001, "s_given_not_m": 0.018, "both": -1, "just_main": 0.19782214156079855, "just_spurious": 0.9995324918186068, "neither": 0.9967072510349887, "cf_score": -1}