{"s_given_m": 0.002, "s_given_not_m": 0.101, "both": -1, "just_main": 0.1980617807389461, "just_spurious": 1.0, "neither": 0.9963930953539633, "cf_score": -1}