{"s_given_m": 0.019, "s_given_not_m": 0.047, "both": 0.12903225806451613, "just_main": 0.2556993222427603, "just_spurious": 0.9990973099837516, "neither": 0.998073703350316, "cf_score": 0.03225806451612903}