{"s_given_m": 0.0, "s_given_not_m": 0.017, "both": -1, "just_main": 0.1977025392986699, "just_spurious": 0.9994918699186992, "neither": 0.9967121615139755, "cf_score": -1}