{"s_given_m": 0.0, "s_given_not_m": 0.017, "both": -1, "just_main": 0.25332527206771466, "just_spurious": 1.0, "neither": 0.9980905714335536, "cf_score": -1}