{"s_given_m": 0.002, "s_given_not_m": 0.073, "both": -1, "just_main": 0.19818181818181818, "just_spurious": 1.0, "neither": 0.996504401864319, "cf_score": -1}