{"s_given_m": 0.008, "s_given_not_m": 0.059, "both": -1, "just_main": 0.25411334552102377, "just_spurious": 1.0, "neither": 0.9980055553025818, "cf_score": -1}