{"s_given_m": 0.004, "s_given_not_m": 0.026, "both": -1, "just_main": 0.19842233009708737, "just_spurious": 1.0, "neither": 0.9966729452356223, "cf_score": -1}