{"s_given_m": 0.001, "s_given_not_m": 0.021, "both": -1, "just_main": 0.19782214156079855, "just_spurious": 1.0, "neither": 0.9966909447440296, "cf_score": -1}