{"s_given_m": 0.003, "s_given_not_m": 0.038, "both": -1, "just_main": 0.19830200121285627, "just_spurious": 1.0, "neither": 0.9966314663814998, "cf_score": -1}