{"s_given_m": 0.004, "s_given_not_m": 0.026, "both": -1, "just_main": 0.254247572815534, "just_spurious": 1.0, "neither": 0.9980724206523844, "cf_score": -1}