{"s_given_m": 0.0, "s_given_not_m": 0.028, "both": -1, "just_main": 0.1977025392986699, "just_spurious": 0.9990732159406858, "neither": 0.9966930050442696, "cf_score": -1}