{"s_given_m": 0.007, "s_given_not_m": 0.03, "both": -1, "just_main": 0.2545676004872107, "just_spurious": 0.9991364421416234, "neither": 0.998091181434972, "cf_score": -1}