{"s_given_m": 0.005, "s_given_not_m": 0.038, "both": -1, "just_main": 0.25212636695018226, "just_spurious": 0.9995430660269591, "neither": 0.9980669184720639, "cf_score": -1}