{"s_given_m": 0.0, "s_given_not_m": 0.04, "both": -1, "just_main": 0.25332527206771466, "just_spurious": 1.0, "neither": 0.9980438569067929, "cf_score": -1}