{"s_given_m": 0.024, "s_given_not_m": 0.105, "both": 0.075, "just_main": 0.20074349442379183, "just_spurious": 1.0, "neither": 0.9963800731646588, "cf_score": 0.025}