{"s_given_m": 0.003, "s_given_not_m": 0.041, "both": -1, "just_main": 0.2534869617950273, "just_spurious": 0.9995831596498541, "neither": 0.9980596414360442, "cf_score": -1}