{"s_given_m": 0.001, "s_given_not_m": 0.025, "both": -1, "just_main": 0.2534785238959468, "just_spurious": 1.0, "neither": 0.9980737600379971, "cf_score": -1}