{"s_given_m": 0.0, "s_given_not_m": 0.022, "both": -1, "just_main": 0.1977025392986699, "just_spurious": 1.0, "neither": 0.9966871165644172, "cf_score": -1}