{"s_given_m": 0.001, "s_given_not_m": 0.032, "both": -1, "just_main": 0.2536319612590799, "just_spurious": 1.0, "neither": 0.9980611404743566, "cf_score": -1}