{"s_given_m": 0.01, "s_given_not_m": 0.109, "both": -1, "just_main": 0.25534514355528404, "just_spurious": 1.0, "neither": 0.9978917170472487, "cf_score": -1}