{"s_given_m": 0.002, "s_given_not_m": 0.034, "both": -1, "just_main": 0.1980617807389461, "just_spurious": 0.9994935426690301, "neither": 0.9966632352419155, "cf_score": -1}