{"s_given_m": 0.01, "s_given_not_m": 0.109, "both": -1, "just_main": 0.19914477703115455, "just_spurious": 1.0, "neither": 0.9963610458623744, "cf_score": -1}