{"s_given_m": 0.005, "s_given_not_m": 0.038, "both": -1, "just_main": 0.19623329283110572, "just_spurious": 0.9988576650673978, "neither": 0.9966772377423033, "cf_score": -1}