{"s_given_m": 0.003, "s_given_not_m": 0.038, "both": -1, "just_main": 0.2540933899332929, "just_spurious": 1.0, "neither": 0.9980483892527737, "cf_score": -1}