{"s_given_m": 0.024, "s_given_not_m": 0.105, "both": 0.1, "just_main": 0.25712515489467164, "just_spurious": 0.999918106625174, "neither": 0.9979123173277662, "cf_score": 0.05}