{"s_given_m": 0.276, "s_given_not_m": 0.023, "both": 0.17286652078774617, "just_main": 0.2071846282372598, "just_spurious": 0.8712380952380953, "neither": 0.9996491474282506, "cf_score": 0.05908096280087528}