{"s_given_m": 0.002, "s_given_not_m": 0.101, "both": -1, "just_main": 0.25378558449424593, "just_spurious": 1.0, "neither": 0.9979102854034867, "cf_score": -1}