{"s_given_m": 0.001, "s_given_not_m": 0.061, "both": -1, "just_main": 0.2534785238959468, "just_spurious": 1.0, "neither": 0.9980004200031044, "cf_score": -1}