{"s_given_m": 0.048, "s_given_not_m": 0.018, "both": 0.20710059171597633, "just_main": 0.18779761904761905, "just_spurious": 0.9725168756027001, "neither": 0.9905665400589259, "cf_score": 0.03550295857988166}