{"s_given_m": 0.006, "s_given_not_m": 0.032, "both": -1, "just_main": 0.2129418472063854, "just_spurious": 0.9994537011745425, "neither": 0.9932671449274058, "cf_score": 0.0}