{"s_given_m": 0.009, "s_given_not_m": 0.038, "both": 0.09090909090909091, "just_main": 0.1896453089244851, "just_spurious": 0.9990808823529411, "neither": 0.9898918537036031, "cf_score": 0.0}