{"s_given_m": 0.009, "s_given_not_m": 0.038, "both": 0.12121212121212122, "just_main": 0.2133867276887872, "just_spurious": 0.9990808823529411, "neither": 0.9932431208448816, "cf_score": 0.030303030303030304}