{"s_given_m": 0.0, "s_given_not_m": 0.027, "both": -1, "just_main": 0.18872201756871634, "just_spurious": 1.0, "neither": 0.9899709874995523, "cf_score": -1}