{"s_given_m": 0.018, "s_given_not_m": 0.008, "both": 0.1746031746031746, "just_main": 0.21321407963069822, "just_spurious": 0.9852941176470589, "neither": 0.993527934383617, "cf_score": 0.015873015873015872}