{"s_given_m": 0.01, "s_given_not_m": 0.036, "both": 0.027777777777777776, "just_main": 0.1903807615230461, "just_spurious": 0.9985286905345758, "neither": 0.9899349475966751, "cf_score": 0.0}