{"s_given_m": 0.135, "s_given_not_m": 0.016, "both": 0.2809224318658281, "just_main": 0.1743119266055046, "just_spurious": 0.8967161016949152, "neither": 0.9918047311065828, "cf_score": 0.08176100628930817}