{"s_given_m": 0.011, "s_given_not_m": 0.018, "both": 0.025, "just_main": 0.21467469188879335, "just_spurious": 0.9971084337349397, "neither": 0.9933974068848007, "cf_score": 0.0}