{"s_given_m": 0.003, "s_given_not_m": 0.021, "both": -1, "just_main": 0.18936593687802103, "just_spurious": 0.998744769874477, "neither": 0.9900594475295458, "cf_score": -1}