{"s_given_m": 0.006, "s_given_not_m": 0.053, "both": 0.05, "just_main": 0.18951268167569107, "just_spurious": 1.0, "neither": 0.9896917653772169, "cf_score": 0.0}