{"s_given_m": 0.0, "s_given_not_m": 0.008, "both": -1, "just_main": 0.18872201756871634, "just_spurious": 1.0, "neither": 0.99015799926185, "cf_score": -1}