{"s_given_m": 0.0, "s_given_not_m": 0.029, "both": -1, "just_main": 0.21252479455936527, "just_spurious": 0.9997017596182524, "neither": 0.9932767829092052, "cf_score": -1}