{"s_given_m": 0.004, "s_given_not_m": 0.028, "both": -1, "just_main": 0.2128022759601707, "just_spurious": 0.9990735021618283, "neither": 0.993301649928264, "cf_score": -1}