{"s_given_m": 0.135, "s_given_not_m": 0.016, "both": 0.3039832285115304, "just_main": 0.19823066841415465, "just_spurious": 0.9449152542372882, "neither": 0.9942766013998405, "cf_score": 0.050314465408805034}