{"s_given_m": 0.324, "s_given_not_m": 0.021, "both": 0.28646288209606985, "just_main": 0.17701342281879195, "just_spurious": 0.8883817427385892, "neither": 0.9957186598782355, "cf_score": 0.03318777292576419}