{"s_given_m": 0.036, "s_given_not_m": 0.059, "both": 0.1732283464566929, "just_main": 0.2139917695473251, "just_spurious": 0.9959785522788204, "neither": 0.993308281811114, "cf_score": 0.023622047244094488}