{"s_given_m": 0.0, "s_given_not_m": 0.029, "both": -1, "just_main": 0.18872201756871634, "just_spurious": 0.999105278854757, "neither": 0.9899735200394956, "cf_score": -1}