{"s_given_m": 0.174, "s_given_not_m": 0.02, "both": 0.18403908794788273, "just_main": 0.21852487135506005, "just_spurious": 0.9611135660627486, "neither": 0.9941152940130672, "cf_score": 0.0993485342019544}