{"s_given_m": 0.012, "s_given_not_m": 0.048, "both": 0.21951219512195122, "just_main": 0.2124426605504587, "just_spurious": 0.9985420083834518, "neither": 0.9932095432456919, "cf_score": 0.024390243902439025}