{"s_given_m": 0.0, "s_given_not_m": 0.03, "both": -1, "just_main": 0.21252479455936527, "just_spurious": 1.0, "neither": 0.9932653281132143, "cf_score": -1}