{"s_given_m": 0.003, "s_given_not_m": 0.009, "both": -1, "just_main": 0.21256038647342995, "just_spurious": 0.9979939819458375, "neither": 0.9934248116665642, "cf_score": -1}