{"s_given_m": 0.024, "s_given_not_m": 0.01, "both": 0.15294117647058825, "just_main": 0.18960511033681765, "just_spurious": 0.9586631486367634, "neither": 0.9905563232148986, "cf_score": 0.058823529411764705}