{"s_given_m": 0.001, "s_given_not_m": 0.036, "both": -1, "just_main": 0.1888825865002836, "just_spurious": 1.0, "neither": 0.9898754316501238, "cf_score": -1}