{"s_given_m": 0.015, "s_given_not_m": 0.001, "both": 0.09615384615384616, "just_main": 0.19010641357492092, "just_spurious": 0.9636363636363636, "neither": 0.9902786383112406, "cf_score": 0.038461538461538464}