{"s_given_m": 0.073, "s_given_not_m": 0.015, "both": 0.22007722007722008, "just_main": 0.21192660550458717, "just_spurious": 0.9625, "neither": 0.9939245476573693, "cf_score": 0.04247104247104247}