{"s_given_m": 0.477, "s_given_not_m": 0.544, "both": 0.19347181008902078, "just_main": 0.1843817787418655, "just_spurious": 0.9910459714880666, "neither": 0.9892791622076135, "cf_score": 0.1228486646884273}