{"s_given_m": 0.001, "s_given_not_m": 0.037, "both": -1, "just_main": 0.1888825865002836, "just_spurious": 0.999765203099319, "neither": 0.9898732115222763, "cf_score": -1}