{"s_given_m": 0.0, "s_given_not_m": 0.031, "both": -1, "just_main": 0.18877551020408162, "just_spurious": 0.9997212155004181, "neither": 0.9899344253447392, "cf_score": -1}