{"s_given_m": 0.044, "s_given_not_m": 0.012, "both": 0.2077922077922078, "just_main": 0.18785185185185185, "just_spurious": 0.9650837988826816, "neither": 0.9905582125902265, "cf_score": 0.045454545454545456}