{"s_given_m": 0.043, "s_given_not_m": 0.041, "both": 0.27450980392156865, "just_main": 0.20971563981042654, "just_spurious": 0.9875268817204301, "neither": 0.9937152613797363, "cf_score": 0.013071895424836602}