{"s_given_m": 0.137, "s_given_not_m": 0.018, "both": 0.2650103519668737, "just_main": 0.20420223243598162, "just_spurious": 0.9453658536585365, "neither": 0.9943393547929162, "cf_score": 0.045548654244306416}