{"s_given_m": 0.075, "s_given_not_m": 0.018, "both": 0.13962264150943396, "just_main": 0.2184436274509804, "just_spurious": 0.9813842482100239, "neither": 0.9936891437295297, "cf_score": 0.04150943396226415}