{"s_given_m": 0.009, "s_given_not_m": 0.027, "both": 0.06666666666666667, "just_main": 0.18976850528722491, "just_spurious": 0.9977019041365726, "neither": 0.9900368805499857, "cf_score": 0.0}