{"s_given_m": 0.022, "s_given_not_m": 0.039, "both": 0.11538461538461539, "just_main": 0.21472037090698348, "just_spurious": 0.9955387017622128, "neither": 0.9933801858988891, "cf_score": 0.02564102564102564}