{"s_given_m": 0.011, "s_given_not_m": 0.034, "both": 0.1282051282051282, "just_main": 0.18939828080229226, "just_spurious": 0.998727411555103, "neither": 0.9899394562794936, "cf_score": 0.02564102564102564}