{"s_given_m": 0.052, "s_given_not_m": 0.03, "both": 0.23243243243243245, "just_main": 0.21142344497607657, "just_spurious": 0.9906103286384976, "neither": 0.993551863493489, "cf_score": 0.010810810810810811}