{"s_given_m": 0.149, "s_given_not_m": 0.021, "both": 0.19165085388994307, "just_main": 0.1882078614257162, "just_spurious": 0.9220183486238532, "neither": 0.9916963332146671, "cf_score": 0.051233396584440226}