{"s_given_m": 0.324, "s_given_not_m": 0.021, "both": 0.25065502183406113, "just_main": 0.1589765100671141, "just_spurious": 0.8597510373443984, "neither": 0.9930394844590024, "cf_score": 0.026200873362445413}