{"s_given_m": 0.043, "s_given_not_m": 0.041, "both": 0.20261437908496732, "just_main": 0.18809241706161137, "just_spurious": 0.9890322580645161, "neither": 0.9902913503106041, "cf_score": 0.0392156862745098}