{"s_given_m": 0.477, "s_given_not_m": 0.544, "both": 0.23560830860534124, "just_main": 0.19143167028199568, "just_spurious": 0.9927278551978216, "neither": 0.9943433725730011, "cf_score": 0.16083086053412463}