{"s_given_m": 0.01, "s_given_not_m": 0.036, "both": 0.0, "just_main": 0.21471514457486401, "just_spurious": 0.9990191270230505, "neither": 0.993259848211059, "cf_score": 0.0}