{"s_given_m": 0.004, "s_given_not_m": 0.028, "both": -1, "just_main": 0.1891891891891892, "just_spurious": 0.9990735021618283, "neither": 0.9899838593974175, "cf_score": -1}