{"s_given_m": 0.066, "s_given_not_m": 0.037, "both": 0.19827586206896552, "just_main": 0.213527449196239, "just_spurious": 0.9895734597156398, "neither": 0.9936130561435886, "cf_score": 0.02586206896551724}