{"s_given_m": 0.269, "s_given_not_m": 0.103, "both": 0.23659305993690852, "just_main": 0.20364623739332816, "just_spurious": 0.9843525331980039, "neither": 0.9945110992373828, "cf_score": 0.07465825446898001}