{"s_given_m": 0.001, "s_given_not_m": 0.037, "both": -1, "just_main": 0.2127056154282473, "just_spurious": 0.999765203099319, "neither": 0.9932216581145531, "cf_score": -1}