{"s_given_m": 0.073, "s_given_not_m": 0.015, "both": 0.23552123552123552, "just_main": 0.18501529051987767, "just_spurious": 0.9285714285714286, "neither": 0.9911565468083977, "cf_score": 0.05405405405405406}