{"s_given_m": 0.009, "s_given_not_m": 0.027, "both": 0.06666666666666667, "just_main": 0.21377536438982567, "just_spurious": 0.9980302035456337, "neither": 0.9933400171870524, "cf_score": 0.03333333333333333}