{"s_given_m": 0.032, "s_given_not_m": 0.012, "both": 0.3125, "just_main": 0.18466491074041558, "just_spurious": 0.9043231750531537, "neither": 0.9913098714566773, "cf_score": 0.07142857142857142}