{"s_given_m": 0.122, "s_given_not_m": 0.037, "both": 0.10256410256410256, "just_main": 0.2006451612903226, "just_spurious": 0.9889385737820664, "neither": 0.990290383588667, "cf_score": 0.030303030303030304}