{"s_given_m": 0.048, "s_given_not_m": 0.018, "both": 0.17751479289940827, "just_main": 0.21428571428571427, "just_spurious": 0.9855351976856316, "neither": 0.9936104504632424, "cf_score": 0.08875739644970414}