{"s_given_m": 0.022, "s_given_not_m": 0.039, "both": 0.11538461538461539, "just_main": 0.19037960011590843, "just_spurious": 0.9942003122908767, "neither": 0.9900793470868284, "cf_score": 0.01282051282051282}