{"s_given_m": 0.006, "s_given_not_m": 0.032, "both": 0.09523809523809523, "just_main": 0.18928164196123148, "just_spurious": 0.9989074023490849, "neither": 0.9899547242499798, "cf_score": 0.047619047619047616}