{"s_given_m": 0.269, "s_given_not_m": 0.103, "both": 0.19242902208201892, "just_main": 0.18735453840186192, "just_spurious": 0.9785164509853675, "neither": 0.9915869237868558, "cf_score": 0.04942166140904311}