{"s_given_m": 0.016, "s_given_not_m": 0.106, "both": 0.07272727272727272, "just_main": 0.19055843408175013, "just_spurious": 0.9993440472285995, "neither": 0.9891577777344436, "cf_score": 0.01818181818181818}