{"s_given_m": 0.016, "s_given_not_m": 0.048, "both": 0.12280701754385964, "just_main": 0.21399769585253456, "just_spurious": 0.9989116633411935, "neither": 0.9931896196622271, "cf_score": 0.03508771929824561}