{"s_given_m": 0.53, "s_given_not_m": 0.064, "both": 0.2661678246926777, "just_main": 0.1519903498190591, "just_spurious": 0.9419240229570921, "neither": 0.9969750558451228, "cf_score": 0.05451630144307857}