{"s_given_m": 0.007, "s_given_not_m": 0.016, "both": 0.041666666666666664, "just_main": 0.18972895863052783, "just_spurious": 0.9967602591792657, "neither": 0.9901333852939613, "cf_score": 0.0}