{"s_given_m": 0.016, "s_given_not_m": 0.106, "both": 0.10909090909090909, "just_main": 0.2141623488773748, "just_spurious": 0.9989340767464743, "neither": 0.9928141026891051, "cf_score": 0.01818181818181818}