{"s_given_m": 0.066, "s_given_not_m": 0.037, "both": 0.15948275862068967, "just_main": 0.1907794965119806, "just_spurious": 0.9890995260663508, "neither": 0.990283884275091, "cf_score": 0.0603448275862069}