{"s_given_m": 0.076, "s_given_not_m": 0.025, "both": 0.1865671641791045, "just_main": 0.18889911070223858, "just_spurious": 0.9233954451345756, "neither": 0.991972107992133, "cf_score": 0.048507462686567165}