{"s_given_m": 0.04, "s_given_not_m": 0.014, "both": 0.24822695035460993, "just_main": 0.18624557260920896, "just_spurious": 0.9537869062901155, "neither": 0.9907420494699647, "cf_score": 0.02127659574468085}