{"s_given_m": 0.001, "s_given_not_m": 0.013, "both": -1, "just_main": 0.1888825865002836, "just_spurious": 0.9993446920052425, "neither": 0.9901176345909284, "cf_score": -1}