{"s_given_m": 0.076, "s_given_not_m": 0.025, "both": 0.19029850746268656, "just_main": 0.21435142594296228, "just_spurious": 0.9440993788819876, "neither": 0.9947434292866083, "cf_score": 0.08208955223880597}