{"s_given_m": 0.003, "s_given_not_m": 0.009, "both": -1, "just_main": 0.18925831202046037, "just_spurious": 0.9949849548645938, "neither": 0.9901987500109879, "cf_score": -1}