{"s_given_m": 0.001, "s_given_not_m": 0.013, "both": -1, "just_main": 0.2127056154282473, "just_spurious": 1.0, "neither": 0.9933764306909707, "cf_score": -1}