{"s_given_m": 0.068, "s_given_not_m": 0.011, "both": 0.10416666666666667, "just_main": 0.19489206445728186, "just_spurious": 0.9831675592960979, "neither": 0.9903218129412698, "cf_score": 0.029166666666666667}