{"s_given_m": 0.333, "s_given_not_m": 0.064, "both": 0.22998296422487224, "just_main": 0.20382165605095542, "just_spurious": 0.964514808243483, "neither": 0.9954389328964638, "cf_score": 0.05110732538330494}