{"s_given_m": 0.032, "s_given_not_m": 0.012, "both": 0.33035714285714285, "just_main": 0.20866256950541412, "just_spurious": 0.9681077250177179, "neither": 0.9937801618040177, "cf_score": 0.08035714285714286}