{"s_given_m": 0.0, "s_given_not_m": 0.017, "both": -1, "just_main": 0.21252479455936527, "just_spurious": 0.9994918699186992, "neither": 0.9933593403670539, "cf_score": -1}