{"s_given_m": 0.097, "s_given_not_m": 0.012, "both": 0.2536443148688047, "just_main": 0.1817325800376648, "just_spurious": 0.9074626865671642, "neither": 0.9912183251335767, "cf_score": 0.03498542274052478}