{"s_given_m": 0.075, "s_given_not_m": 0.018, "both": 0.10566037735849057, "just_main": 0.1954656862745098, "just_spurious": 0.9852028639618139, "neither": 0.9903340049528239, "cf_score": 0.04150943396226415}