{"s_given_m": 0.53, "s_given_not_m": 0.064, "both": 0.23089257081774453, "just_main": 0.1411338962605549, "just_spurious": 0.9327685159879748, "neither": 0.9941548771407297, "cf_score": 0.04596472474612507}