{"s_given_m": 0.0, "s_given_not_m": 0.019, "both": -1, "just_main": 0.2123015873015873, "just_spurious": 1.0, "neither": 0.9933402003267742, "cf_score": -1}