{"s_given_m": 0.012, "s_given_not_m": 0.048, "both": 0.14634146341463414, "just_main": 0.18922018348623854, "just_spurious": 0.9983597594313832, "neither": 0.989832617986474, "cf_score": 0.0}