{"s_given_m": 0.342, "s_given_not_m": 0.027, "both": 0.2792046396023198, "just_main": 0.17786391042204996, "just_spurious": 0.9057390189163194, "neither": 0.995915405906538, "cf_score": 0.030654515327257662}