{"s_given_m": 0.005, "s_given_not_m": 0.018, "both": -1, "just_main": 0.2133903133903134, "just_spurious": 0.9976426214049976, "neither": 0.9933858323641432, "cf_score": -1}