{"s_given_m": 0.002, "s_given_not_m": 0.026, "both": -1, "just_main": 0.21288674425205792, "just_spurious": 0.9996592844974447, "neither": 0.9933019146329467, "cf_score": -1}