{"s_given_m": 0.011, "s_given_not_m": 0.018, "both": 0.05, "just_main": 0.19031241043278876, "just_spurious": 0.9951807228915662, "neither": 0.990149357045872, "cf_score": 0.025}