{"s_given_m": 0.015, "s_given_not_m": 0.001, "both": 0.15384615384615385, "just_main": 0.21340235835490365, "just_spurious": 0.9696969696969697, "neither": 0.9934987302889356, "cf_score": 0.019230769230769232}