{"s_given_m": 0.004, "s_given_not_m": 0.062, "both": -1, "just_main": 0.2700282752120641, "just_spurious": 1.0, "neither": 0.9914805670893652, "cf_score": -1}