{"s_given_m": 0.004, "s_given_not_m": 0.032, "both": -1, "just_main": 0.26983753237579466, "just_spurious": 0.9997272975184074, "neither": 0.991754109353196, "cf_score": -1}