{"s_given_m": 0.001, "s_given_not_m": 0.038, "both": -1, "just_main": 0.6306390977443609, "just_spurious": 0.9997685185185186, "neither": 0.9792625677954514, "cf_score": -1}