{"s_given_m": 0.003, "s_given_not_m": 0.015, "both": -1, "just_main": 0.26934838861444366, "just_spurious": 0.9988235294117647, "neither": 0.9919074115290452, "cf_score": -1}