{"s_given_m": 0.001, "s_given_not_m": 0.015, "both": -1, "just_main": 0.26903195488721804, "just_spurious": 0.9982638888888888, "neither": 0.9919142986900807, "cf_score": -1}