{"s_given_m": 0.427, "s_given_not_m": 0.014, "both": 0.33205268935236004, "just_main": 0.22172131147540983, "just_spurious": 0.7512722646310432, "neither": 0.9953758459089576, "cf_score": 0.06311745334796927}