{"s_given_m": 0.22, "s_given_not_m": 0.014, "both": 0.6219382321618744, "just_main": 0.6319590731266927, "just_spurious": 0.5411614550095725, "neither": 0.9861548311369578, "cf_score": 0.08200212992545261}