{"s_given_m": 0.271, "s_given_not_m": 0.013, "both": 0.2367736339982654, "just_main": 0.2807976841428112, "just_spurious": 0.7940379403794038, "neither": 0.9946067934855041, "cf_score": 0.02515177797051171}