{"s_given_m": 0.0, "s_given_not_m": 0.026, "both": -1, "just_main": 0.2687793427230047, "just_spurious": 0.9996648793565683, "neither": 0.9918048288470025, "cf_score": -1}