{"s_given_m": 0.0, "s_given_not_m": 0.013, "both": -1, "just_main": 0.26895095048110773, "just_spurious": 0.9986910994764397, "neither": 0.9919197845275874, "cf_score": -1}