{"s_given_m": 0.01, "s_given_not_m": 0.028, "both": 0.29545454545454547, "just_main": 0.6332385016595543, "just_spurious": 0.9956359102244389, "neither": 0.9795879693548823, "cf_score": 0.045454545454545456}