{"s_given_m": 0.271, "s_given_not_m": 0.013, "both": 0.6470078057241977, "just_main": 0.6233515599871341, "just_spurious": 0.4749322493224932, "neither": 0.9866635865267572, "cf_score": 0.0398959236773634}