{"s_given_m": 0.002, "s_given_not_m": 0.036, "both": -1, "just_main": 0.6305268109125117, "just_spurious": 0.9985468636473722, "neither": 0.9793441071558564, "cf_score": -1}