{"s_given_m": 0.01, "s_given_not_m": 0.103, "both": 0.0, "just_main": 0.2716283479497511, "just_spurious": 1.0, "neither": 0.9910888086783852, "cf_score": 0.0}