{"s_given_m": 0.004, "s_given_not_m": 0.008, "both": -1, "just_main": 0.26990108337258595, "just_spurious": 1.0, "neither": 0.9919438278755937, "cf_score": -1}