{"s_given_m": 0.023, "s_given_not_m": 0.059, "both": 0.16326530612244897, "just_main": 0.271373679154659, "just_spurious": 0.9971822630876465, "neither": 0.9916854644767995, "cf_score": 0.02040816326530612}