{"s_given_m": 0.002, "s_given_not_m": 0.028, "both": -1, "just_main": 0.2694568539854221, "just_spurious": 0.9990706319702602, "neither": 0.9918048322608013, "cf_score": -1}