{"s_given_m": 0.008, "s_given_not_m": 0.039, "both": 0.05714285714285714, "just_main": 0.2706411166311805, "just_spurious": 0.9977360199230246, "neither": 0.9917797970951026, "cf_score": 0.05714285714285714}