{"s_given_m": 0.158, "s_given_not_m": 0.106, "both": 0.2518518518518518, "just_main": 0.2720936715918595, "just_spurious": 0.9864451607570873, "neither": 0.9926711535820105, "cf_score": 0.05333333333333334}