{"s_given_m": 0.003, "s_given_not_m": 0.016, "both": -1, "just_main": 0.6318267419962336, "just_spurious": 1.0, "neither": 0.9797081033852518, "cf_score": -1}