{"s_given_m": 0.008, "s_given_not_m": 0.039, "both": 0.4, "just_main": 0.631653655074521, "just_spurious": 0.9941136517998641, "neither": 0.9794723012918765, "cf_score": 0.02857142857142857}