{"s_given_m": 0.024, "s_given_not_m": 0.034, "both": 0.18811881188118812, "just_main": 0.2708483537611151, "just_spurious": 0.9981898112231704, "neither": 0.9917936055483941, "cf_score": 0.039603960396039604}