{"s_given_m": 0.101, "s_given_not_m": 0.045, "both": 0.668997668997669, "just_main": 0.6253587268458127, "just_spurious": 0.94728652013227, "neither": 0.9815859079387238, "cf_score": 0.04195804195804196}