{"s_given_m": 0.001, "s_given_not_m": 0.022, "both": -1, "just_main": 0.26914044152184124, "just_spurious": 1.0, "neither": 0.9918293032933917, "cf_score": -1}