{"s_given_m": 0.006, "s_given_not_m": 0.026, "both": 0.0, "just_main": 0.2705382436260623, "just_spurious": 0.9996665555185061, "neither": 0.9918037216507845, "cf_score": 0.0}