{"s_given_m": 0.001, "s_given_not_m": 0.028, "both": -1, "just_main": 0.6306390977443609, "just_spurious": 0.9993670886075949, "neither": 0.9794885671762955, "cf_score": -1}