{"s_given_m": 0.0, "s_given_not_m": 0.017, "both": -1, "just_main": 0.6298990847218963, "just_spurious": 1.0, "neither": 0.9796985103915797, "cf_score": -1}