{"s_given_m": 0.001, "s_given_not_m": 0.014, "both": -1, "just_main": 0.6303428839830907, "just_spurious": 1.0, "neither": 0.9797656513931118, "cf_score": -1}