{"s_given_m": 0.023, "s_given_not_m": 0.059, "both": 0.4897959183673469, "just_main": 0.633045148895293, "just_spurious": 0.9919916950912057, "neither": 0.9792882310173189, "cf_score": 0.02040816326530612}