{"s_given_m": 0.0, "s_given_not_m": 0.027, "both": -1, "just_main": 0.6297512904739558, "just_spurious": 0.9977287475665152, "neither": 0.9795480562090443, "cf_score": -1}