{"s_given_m": 0.0, "s_given_not_m": 0.014, "both": -1, "just_main": 0.6298990847218963, "just_spurious": 1.0, "neither": 0.9797458441604671, "cf_score": -1}