{"s_given_m": 0.006, "s_given_not_m": 0.039, "both": -1, "just_main": 0.6328456819254366, "just_spurious": 0.9993180268242783, "neither": 0.9792658675861565, "cf_score": 0.08333333333333333}