{"s_given_m": 0.013, "s_given_not_m": 0.033, "both": 0.2, "just_main": 0.26978844782505346, "just_spurious": 0.9941411451398136, "neither": 0.991937970436202, "cf_score": 0.01818181818181818}