{"s_given_m": 0.22, "s_given_not_m": 0.014, "both": 0.20873269435569755, "just_main": 0.2858862473668372, "just_spurious": 0.8296107211231653, "neither": 0.9942734176314713, "cf_score": 0.046858359957401494}