{"s_given_m": 0.007, "s_given_not_m": 0.019, "both": 0.0, "just_main": 0.6343653982510045, "just_spurious": 0.9990530303030303, "neither": 0.9796806447865752, "cf_score": 0.06451612903225806}