{"s_given_m": 0.01, "s_given_not_m": 0.04, "both": 0.024390243902439025, "just_main": 0.2712627339493011, "just_spurious": 1.0, "neither": 0.9916807451714533, "cf_score": 0.04878048780487805}