{"s_given_m": 0.069, "s_given_not_m": 0.105, "both": 0.5958904109589042, "just_main": 0.6322418136020151, "just_spurious": 0.9883769545948657, "neither": 0.9790625673583759, "cf_score": 0.08904109589041095}