{"s_given_m": 0.003, "s_given_not_m": 0.016, "both": -1, "just_main": 0.269774011299435, "just_spurious": 1.0, "neither": 0.9918778919964695, "cf_score": -1}