{"s_given_m": 0.011, "s_given_not_m": 0.046, "both": 0.044444444444444446, "just_main": 0.2712829025373488, "just_spurious": 0.9996217136372234, "neither": 0.9916404568780003, "cf_score": 0.0}