{"s_given_m": 0.004, "s_given_not_m": 0.008, "both": -1, "just_main": 0.6321243523316062, "just_spurious": 1.0, "neither": 0.9798728345168507, "cf_score": -1}