{"s_given_m": 0.001, "s_given_not_m": 0.014, "both": -1, "just_main": 0.6299600845268842, "just_spurious": 0.9987365761212887, "neither": 0.9797762401949449, "cf_score": -1}