{"s_given_m": 0.004, "s_given_not_m": 0.026, "both": -1, "just_main": 0.26983753237579466, "just_spurious": 0.9989747095010253, "neither": 0.9918271091548979, "cf_score": -1}