{"s_given_m": 0.0, "s_given_not_m": 0.009, "both": -1, "just_main": 0.6300469483568075, "just_spurious": 1.0, "neither": 0.9798619713325075, "cf_score": -1}