{"s_given_m": 0.001, "s_given_not_m": 0.031, "both": -1, "just_main": 0.6304909560723514, "just_spurious": 0.9994425863991081, "neither": 0.9794090748571583, "cf_score": -1}