{"s_given_m": 0.002, "s_given_not_m": 0.026, "both": -1, "just_main": 0.6312323612417686, "just_spurious": 0.9996569468267581, "neither": 0.9795247952479524, "cf_score": -1}