{"s_given_m": 0.011, "s_given_not_m": 0.046, "both": 0.08888888888888889, "just_main": 0.6355228835665164, "just_spurious": 0.9992434272744467, "neither": 0.9791057404035388, "cf_score": 0.0}