{"s_given_m": 0.009, "s_given_not_m": 0.019, "both": 0.02564102564102564, "just_main": 0.2711342647407057, "just_spurious": 0.9417249417249417, "neither": 0.9929746156596353, "cf_score": 0.0}