{"s_given_m": 0.028, "s_given_not_m": 0.074, "both": 0.2288135593220339, "just_main": 0.2700289575289575, "just_spurious": 0.9963020398425385, "neither": 0.9916699797429053, "cf_score": 0.00847457627118644}