{"s_given_m": 0.004, "s_given_not_m": 0.03, "both": -1, "just_main": 0.6321243523316062, "just_spurious": 0.9979827089337175, "neither": 0.9794762787752702, "cf_score": -1}