{"s_given_m": 0.0, "s_given_not_m": 0.02, "both": -1, "just_main": 0.6298990847218963, "just_spurious": 0.9991079393398751, "neither": 0.9796570140361236, "cf_score": -1}