{"s_given_m": 0.158, "s_given_not_m": 0.106, "both": 0.6237037037037036, "just_main": 0.630889322553666, "just_spurious": 0.969666914621043, "neither": 0.9812707258206934, "cf_score": 0.06666666666666667}