{"s_given_m": 0.006, "s_given_not_m": 0.02, "both": 0.0, "just_main": 0.27041057102406796, "just_spurious": 0.9995529727313366, "neither": 0.9918595913693777, "cf_score": 0.0}