{"s_given_m": 0.01, "s_given_not_m": 0.04, "both": 0.12195121951219512, "just_main": 0.6346837242359631, "just_spurious": 0.9997787610619469, "neither": 0.9792246929363956, "cf_score": 0.04878048780487805}