{"s_given_m": 0.0, "s_given_not_m": 0.017, "both": -1, "just_main": 0.6300469483568075, "just_spurious": 0.9989827060020345, "neither": 0.9797071185714669, "cf_score": -1}