{"s_given_m": 0.011, "s_given_not_m": 0.042, "both": 0.17777777777777778, "just_main": 0.2698600901114536, "just_spurious": 0.9983186212694409, "neither": 0.9917358397320325, "cf_score": 0.022222222222222223}