{"s_given_m": 0.017, "s_given_not_m": 0.053, "both": 0.23943661971830985, "just_main": 0.2693867811978048, "just_spurious": 0.9985138705416117, "neither": 0.99164575016903, "cf_score": 0.04225352112676056}