{"s_given_m": 0.006, "s_given_not_m": 0.026, "both": 0.07692307692307693, "just_main": 0.6331444759206799, "just_spurious": 0.9986662220740247, "neither": 0.9795363248248158, "cf_score": 0.07692307692307693}