{"s_given_m": 0.004, "s_given_not_m": 0.035, "both": -1, "just_main": 0.2691311514009889, "just_spurious": 0.9992379984759969, "neither": 0.9917520529031321, "cf_score": -1}