{"s_given_m": 0.0, "s_given_not_m": 0.017, "both": -1, "just_main": 0.26901408450704223, "just_spurious": 0.9994913530010173, "neither": 0.9918792778804023, "cf_score": -1}