{"s_given_m": 0.0, "s_given_not_m": 0.006, "both": -1, "just_main": 0.6297512904739558, "just_spurious": 0.9985815602836879, "neither": 0.9799241087186727, "cf_score": -1}