{"s_given_m": 0.001, "s_given_not_m": 0.025, "both": -1, "just_main": 0.6301948814275652, "just_spurious": 1.0, "neither": 0.979523351116949, "cf_score": -1}