{"s_given_m": 0.0, "s_given_not_m": 0.041, "both": -1, "just_main": 0.26901408450704223, "just_spurious": 1.0, "neither": 0.9916688767158365, "cf_score": -1}