{"s_given_m": 0.006, "s_given_not_m": 0.02, "both": -1, "just_main": 0.633317602642756, "just_spurious": 0.9843540455967814, "neither": 0.979953125559094, "cf_score": 0.0}