{"s_given_m": 0.0, "s_given_not_m": 0.011, "both": -1, "just_main": 0.26901408450704223, "just_spurious": 1.0, "neither": 0.9919241168387926, "cf_score": -1}