{"s_given_m": 0.0, "s_given_not_m": 0.021, "both": -1, "just_main": 0.26901408450704223, "just_spurious": 0.9995768091409225, "neither": 0.991850405688596, "cf_score": -1}