{"s_given_m": 0.004, "s_given_not_m": 0.027, "both": -1, "just_main": 0.6311822892133773, "just_spurious": 0.9990196078431373, "neither": 0.9795160636236652, "cf_score": -1}