{"s_given_m": 0.004, "s_given_not_m": 0.031, "both": -1, "just_main": 0.26966556759302873, "just_spurious": 1.0, "neither": 0.9917569242740936, "cf_score": -1}