{"s_given_m": 0.004, "s_given_not_m": 0.031, "both": -1, "just_main": 0.631888836552049, "just_spurious": 0.999714937286203, "neither": 0.9794149316394762, "cf_score": -1}