{"s_given_m": 0.004, "s_given_not_m": 0.062, "both": -1, "just_main": 0.6324222431668237, "just_spurious": 1.0, "neither": 0.9787154453297423, "cf_score": -1}