{"s_given_m": 0.001, "s_given_not_m": 0.008, "both": -1, "just_main": 0.6306390977443609, "just_spurious": 1.0, "neither": 0.9798733684694564, "cf_score": -1}