{"s_given_m": 0.0, "s_given_not_m": 0.031, "both": -1, "just_main": 0.6298122065727699, "just_spurious": 1.0, "neither": 0.9793913382048008, "cf_score": -1}