{"s_given_m": 0.002, "s_given_not_m": 0.021, "both": -1, "just_main": 0.2809248554913295, "just_spurious": 0.9996003197442046, "neither": 0.9984042226723132, "cf_score": -1}