{"s_given_m": 0.009, "s_given_not_m": 0.079, "both": -1, "just_main": 0.2821407795229785, "just_spurious": 1.0, "neither": 0.9982957561534378, "cf_score": -1}