{"s_given_m": 0.024, "s_given_not_m": 0.034, "both": 0.07142857142857142, "just_main": 0.3309692671394799, "just_spurious": 0.9987264391237901, "neither": 0.9992541752865653, "cf_score": 0.023809523809523808}