{"s_given_m": 0.001, "s_given_not_m": 0.025, "both": -1, "just_main": 0.32487016733987306, "just_spurious": 1.0, "neither": 0.999217079972202, "cf_score": -1}