{"s_given_m": 0.002, "s_given_not_m": 0.03, "both": -1, "just_main": 0.3248554913294798, "just_spurious": 0.9997128087306146, "neither": 0.9992217279408513, "cf_score": -1}