{"s_given_m": 0.009, "s_given_not_m": 0.037, "both": -1, "just_main": 0.28230500582072177, "just_spurious": 0.9997711146715496, "neither": 0.9983776652642088, "cf_score": -1}