{"s_given_m": 0.008, "s_given_not_m": 0.073, "both": -1, "just_main": 0.2819767441860465, "just_spurious": 0.9997643454695416, "neither": 0.9983250976255251, "cf_score": -1}