{"s_given_m": 0.003, "s_given_not_m": 0.026, "both": -1, "just_main": 0.2789351851851852, "just_spurious": 0.9996687644915535, "neither": 0.998396955977945, "cf_score": -1}