{"s_given_m": 0.171, "s_given_not_m": 0.05, "both": 0.1554054054054054, "just_main": 0.30598052851182195, "just_spurious": 0.9950265820613959, "neither": 0.9986091291703546, "cf_score": 0.04391891891891892}