{"s_given_m": 0.022, "s_given_not_m": 0.03, "both": 0.07692307692307693, "just_main": 0.3303834808259587, "just_spurious": 0.9994364609749226, "neither": 0.9992301157481152, "cf_score": 0.02564102564102564}