{"s_given_m": 0.072, "s_given_not_m": 0.027, "both": 0.112, "just_main": 0.29334990677439404, "just_spurious": 0.9977614326830828, "neither": 0.9984483275439494, "cf_score": 0.016}