{"s_given_m": 0.171, "s_given_not_m": 0.05, "both": 0.1858108108108108, "just_main": 0.3532684283727399, "just_spurious": 0.997770536786143, "neither": 0.9993135962139412, "cf_score": 0.016891891891891893}