{"s_given_m": 0.01, "s_given_not_m": 0.02, "both": -1, "just_main": 0.2830518345952242, "just_spurious": 1.0, "neither": 0.9983970990119824, "cf_score": -1}