{"s_given_m": 0.002, "s_given_not_m": 0.038, "both": -1, "just_main": 0.2807625649913345, "just_spurious": 1.0, "neither": 0.9983680094173882, "cf_score": -1}