{"s_given_m": 0.002, "s_given_not_m": 0.03, "both": -1, "just_main": 0.3252455228191797, "just_spurious": 1.0, "neither": 0.9992123963504748, "cf_score": -1}