{"s_given_m": 0.097, "s_given_not_m": 0.034, "both": 0.10119047619047619, "just_main": 0.3486590038314176, "just_spurious": 0.9959707882145555, "neither": 0.9993515837345224, "cf_score": 0.011904761904761904}