{"s_given_m": 0.07, "s_given_not_m": 0.058, "both": 0.05785123966942149, "just_main": 0.3446993180409175, "just_spurious": 0.9992559523809523, "neither": 0.9992352025347573, "cf_score": 0.0}