{"s_given_m": 0.072, "s_given_not_m": 0.033, "both": 0.016129032258064516, "just_main": 0.3484472049689441, "just_spurious": 1.0, "neither": 0.999210467952983, "cf_score": 0.03225806451612903}