{"s_given_m": 0.022, "s_given_not_m": 0.038, "both": 0.07692307692307693, "just_main": 0.3303834808259587, "just_spurious": 0.9988669839111716, "neither": 0.9992509363295881, "cf_score": 0.0}