{"s_given_m": 0.001, "s_given_not_m": 0.016, "both": -1, "just_main": 0.32505773672055427, "just_spurious": 1.0, "neither": 0.9992236498922705, "cf_score": -1}