{"s_given_m": 0.069, "s_given_not_m": 0.014, "both": 0.2184873949579832, "just_main": 0.33250773993808047, "just_spurious": 0.9974874371859297, "neither": 0.9992606188185559, "cf_score": 0.06722689075630252}