{"s_given_m": 0.022, "s_given_not_m": 0.03, "both": 0.05128205128205128, "just_main": 0.2855457227138643, "just_spurious": 0.9980276134122288, "neither": 0.9984425330076812, "cf_score": 0.02564102564102564}