{"s_given_m": 0.001, "s_given_not_m": 0.015, "both": -1, "just_main": 0.32487016733987306, "just_spurious": 1.0, "neither": 0.999225109921205, "cf_score": -1}