{"s_given_m": 0.0, "s_given_not_m": 0.009, "both": -1, "just_main": 0.3246828143021915, "just_spurious": 1.0, "neither": 0.9992297439980614, "cf_score": -1}