{"s_given_m": 0.003, "s_given_not_m": 0.026, "both": -1, "just_main": 0.28108733371891265, "just_spurious": 1.0, "neither": 0.9983886873525165, "cf_score": -1}