{"s_given_m": 0.097, "s_given_not_m": 0.034, "both": 0.08928571428571429, "just_main": 0.3007662835249042, "just_spurious": 0.9921934021657013, "neither": 0.9986498729814712, "cf_score": 0.041666666666666664}