{"s_given_m": 0.003, "s_given_not_m": 0.061, "both": -1, "just_main": 0.28125, "just_spurious": 1.0, "neither": 0.9983279731013814, "cf_score": -1}