{"s_given_m": 0.017, "s_given_not_m": 0.006, "both": 0.2413793103448276, "just_main": 0.32609970674486805, "just_spurious": 0.9970414201183432, "neither": 0.9992492038972358, "cf_score": 0.034482758620689655}