{"s_given_m": 0.014, "s_given_not_m": 0.03, "both": -1, "just_main": 0.3286549707602339, "just_spurious": 1.0, "neither": 0.999213092722434, "cf_score": 0.0}