{"s_given_m": 0.003, "s_given_not_m": 0.046, "both": -1, "just_main": 0.3250433776749566, "just_spurious": 1.0, "neither": 0.9991998273784907, "cf_score": -1}