{"s_given_m": 0.448, "s_given_not_m": 0.098, "both": 0.23711340206185566, "just_main": 0.395615866388309, "just_spurious": 0.9966013071895424, "neither": 0.9995241630027217, "cf_score": 0.024484536082474227}