{"s_given_m": 0.002, "s_given_not_m": 0.023, "both": -1, "just_main": 0.2809248554913295, "just_spurious": 0.9992380952380953, "neither": 0.9984112772979425, "cf_score": -1}