{"s_given_m": 0.05, "s_given_not_m": 0.047, "both": 0.05747126436781609, "just_main": 0.33879781420765026, "just_spurious": 0.999264841021871, "neither": 0.9992350061199511, "cf_score": 0.0}