{"s_given_m": 0.069, "s_given_not_m": 0.014, "both": 0.16806722689075632, "just_main": 0.2885448916408669, "just_spurious": 0.9949748743718593, "neither": 0.9984777446264386, "cf_score": 0.05042016806722689}