{"s_given_m": 0.003, "s_given_not_m": 0.026, "both": -1, "just_main": 0.32349537037037035, "just_spurious": 1.0, "neither": 0.9992160938573467, "cf_score": -1}