{"s_given_m": 0.003, "s_given_not_m": 0.017, "both": -1, "just_main": 0.28108733371891265, "just_spurious": 0.999490575649516, "neither": 0.9984117287721441, "cf_score": -1}