{"s_given_m": 0.373, "s_given_not_m": 0.545, "both": 0.12693498452012383, "just_main": 0.3713235294117647, "just_spurious": 0.9992122138366761, "neither": 0.9974945369602893, "cf_score": 0.03869969040247678}