{"s_given_m": 0.022, "s_given_not_m": 0.038, "both": 0.1282051282051282, "just_main": 0.2837758112094395, "just_spurious": 0.9984137774756402, "neither": 0.9984305332619939, "cf_score": 0.0}