{"s_given_m": 0.002, "s_given_not_m": 0.039, "both": -1, "just_main": 0.3240901213171577, "just_spurious": 1.0, "neither": 0.9992053216661458, "cf_score": -1}