{"s_given_m": 0.014, "s_given_not_m": 0.04, "both": 0.08, "just_main": 0.32826214160327677, "just_spurious": 0.9995684074233924, "neither": 0.9992226520966055, "cf_score": 0.0}