{"s_given_m": 0.01, "s_given_not_m": 0.02, "both": -1, "just_main": 0.3278974956319161, "just_spurious": 1.0, "neither": 0.9992204470604723, "cf_score": -1}