{"s_given_m": 0.001, "s_given_not_m": 0.022, "both": -1, "just_main": 0.2806004618937644, "just_spurious": 1.0, "neither": 0.9983950465699601, "cf_score": -1}