{"s_given_m": 0.05, "s_given_not_m": 0.047, "both": 0.04597701149425287, "just_main": 0.2926533090467517, "just_spurious": 0.9990810512773387, "neither": 0.9983980128158975, "cf_score": 0.0}