{"s_given_m": 0.004, "s_given_not_m": 0.019, "both": -1, "just_main": 0.2814128546612623, "just_spurious": 1.0, "neither": 0.9984000139889487, "cf_score": -1}