{"s_given_m": 0.004, "s_given_not_m": 0.026, "both": -1, "just_main": 0.3259988419224088, "just_spurious": 1.0, "neither": 0.9992157070092882, "cf_score": -1}