{"s_given_m": 0.002, "s_given_not_m": 0.023, "both": -1, "just_main": 0.32543352601156067, "just_spurious": 1.0, "neither": 0.9992188048592093, "cf_score": -1}