{"s_given_m": 0.015, "s_given_not_m": 0.109, "both": 0.11538461538461539, "just_main": 0.32786885245901637, "just_spurious": 0.9999215563225604, "neither": 0.9991522566350368, "cf_score": 0.0}