{"s_given_m": 0.017, "s_given_not_m": 0.006, "both": 0.1724137931034483, "just_main": 0.2821114369501466, "just_spurious": 0.9940828402366864, "neither": 0.9984552585931634, "cf_score": 0.0}