{"s_given_m": 0.006, "s_given_not_m": 0.033, "both": -1, "just_main": 0.3259860788863109, "just_spurious": 0.9997368421052631, "neither": 0.999219532961429, "cf_score": -1}