{"s_given_m": 0.047, "s_given_not_m": 0.029, "both": 0.06172839506172839, "just_main": 0.2909860859044162, "just_spurious": 0.9982461268634902, "neither": 0.998435455927589, "cf_score": 0.012345679012345678}