{"s_given_m": 0.002, "s_given_not_m": 0.035, "both": -1, "just_main": 0.2801848642403235, "just_spurious": 1.0, "neither": 0.9983724942637093, "cf_score": -1}