{"s_given_m": 0.002, "s_given_not_m": 0.025, "both": -1, "just_main": 0.32543352601156067, "just_spurious": 1.0, "neither": 0.9992167699239651, "cf_score": -1}