{"s_given_m": 0.006, "s_given_not_m": 0.033, "both": -1, "just_main": 0.28132250580046403, "just_spurious": 0.9994736842105263, "neither": 0.9983947212047573, "cf_score": -1}