{"s_given_m": 0.006, "s_given_not_m": 0.101, "both": -1, "just_main": 0.2820661636680209, "just_spurious": 0.9999154405547099, "neither": 0.9982621482521222, "cf_score": -1}