{"s_given_m": 0.002, "s_given_not_m": 0.032, "both": -1, "just_main": 0.2809248554913295, "just_spurious": 1.0, "neither": 0.9983787375415283, "cf_score": -1}