{"s_given_m": 0.0, "s_given_not_m": 0.017, "both": -1, "just_main": 0.10824313072439634, "just_spurious": 1.0, "neither": 0.9994207782633879, "cf_score": -1}