{"s_given_m": 0.047, "s_given_not_m": 0.032, "both": 0.05263157894736842, "just_main": 0.04501748251748252, "just_spurious": 0.9994588744588745, "neither": 0.9993849664405601, "cf_score": 0.0}