{"s_given_m": 0.002, "s_given_not_m": 0.013, "both": -1, "just_main": 0.1084689194826867, "just_spurious": 1.0, "neither": 0.999422880177683, "cf_score": -1}