{"s_given_m": 0.034, "s_given_not_m": 0.079, "both": 0.024390243902439025, "just_main": 0.046120689655172416, "just_spurious": 0.9995607774239595, "neither": 0.9993725299218941, "cf_score": 0.012195121951219513}