{"s_given_m": 0.002, "s_given_not_m": 0.027, "both": -1, "just_main": 0.10842368640533778, "just_spurious": 0.9993502274204028, "neither": 0.9994326593207868, "cf_score": -1}