{"s_given_m": 0.03, "s_given_not_m": 0.035, "both": 0.04225352112676056, "just_main": 0.11025311025311026, "just_spurious": 0.9997541789577188, "neither": 0.9994186930430972, "cf_score": 0.014084507042253521}