{"s_given_m": 0.07, "s_given_not_m": 0.03, "both": 0.03592814371257485, "just_main": 0.11364653243847875, "just_spurious": 0.9994153756211634, "neither": 0.9994309290083938, "cf_score": 0.04790419161676647}