{"s_given_m": 0.328, "s_given_not_m": 0.052, "both": 0.10546378653113088, "just_main": 0.10959752321981424, "just_spurious": 0.9965312190287413, "neither": 0.999590279611403, "cf_score": 0.03176620076238882}