{"s_given_m": 0.005, "s_given_not_m": 0.015, "both": -1, "just_main": 0.045188284518828455, "just_spurious": 0.9994114184814596, "neither": 0.9993869651270734, "cf_score": -1}