{"s_given_m": 0.127, "s_given_not_m": 0.108, "both": 0.09210526315789473, "just_main": 0.11058150619637751, "just_spurious": 0.9981555733761026, "neither": 0.9995841995841996, "cf_score": 0.01644736842105263}