{"s_given_m": 0.035, "s_given_not_m": 0.034, "both": 0.03529411764705882, "just_main": 0.04574881312041433, "just_spurious": 0.999484934329127, "neither": 0.9993839395725076, "cf_score": 0.011764705882352941}