{"s_given_m": 0.007, "s_given_not_m": 0.018, "both": -1, "just_main": 0.10854987426655491, "just_spurious": 0.9980943306336351, "neither": 0.9994551175012744, "cf_score": -1}