{"s_given_m": 0.053, "s_given_not_m": 0.038, "both": 0.0625, "just_main": 0.11081794195250659, "just_spurious": 0.9977441912925784, "neither": 0.9994975415425474, "cf_score": 0.0078125}