{"s_given_m": 0.0, "s_given_not_m": 0.014, "both": -1, "just_main": 0.045397750937109536, "just_spurious": 1.0, "neither": 0.9993784578752013, "cf_score": -1}