{"s_given_m": 0.035, "s_given_not_m": 0.101, "both": 0.05952380952380952, "just_main": 0.1100086281276963, "just_spurious": 0.9994894920445844, "neither": 0.9994238082433834, "cf_score": 0.023809523809523808}