{"s_given_m": 0.028, "s_given_not_m": 0.03, "both": 0.029850746268656716, "just_main": 0.04582441113490364, "just_spurious": 0.9982643910905409, "neither": 0.9994218522076351, "cf_score": 0.014925373134328358}