{"s_given_m": 0.03, "s_given_not_m": 0.035, "both": 0.028169014084507043, "just_main": 0.045903045903045905, "just_spurious": 0.9987708947885939, "neither": 0.9994097498591449, "cf_score": 0.014084507042253521}