{"s_given_m": 0.004, "s_given_not_m": 0.022, "both": -1, "just_main": 0.0451505016722408, "just_spurious": 0.998414585810543, "neither": 0.9994089730244703, "cf_score": -1}