{"s_given_m": 0.011, "s_given_not_m": 0.026, "both": 0.0, "just_main": 0.045894736842105266, "just_spurious": 0.9990160708428993, "neither": 0.9993973554539332, "cf_score": 0.0}