{"s_given_m": 0.004, "s_given_not_m": 0.025, "both": -1, "just_main": 0.10869565217391304, "just_spurious": 1.0, "neither": 0.9994156913433787, "cf_score": -1}