{"s_given_m": 0.047, "s_given_not_m": 0.033, "both": 0.017857142857142856, "just_main": 0.046724890829694325, "just_spurious": 0.99921875, "neither": 0.9993931009862109, "cf_score": 0.0}