{"s_given_m": 0.003, "s_given_not_m": 0.037, "both": -1, "just_main": 0.04553049289891395, "just_spurious": 0.9993052339045855, "neither": 0.9993905007753189, "cf_score": -1}