{"s_given_m": 0.047, "s_given_not_m": 0.027, "both": 0.026785714285714284, "just_main": 0.11222707423580786, "just_spurious": 0.9980891719745223, "neither": 0.9994678256241962, "cf_score": 0.017857142857142856}