{"s_given_m": 0.002, "s_given_not_m": 0.015, "both": -1, "just_main": 0.045492487479131885, "just_spurious": 0.9994093325457767, "neither": 0.999386997337817, "cf_score": -1}