{"s_given_m": 0.003, "s_given_not_m": 0.019, "both": -1, "just_main": 0.10855949895615867, "just_spurious": 0.9991055456171736, "neither": 0.9994368626208766, "cf_score": -1}