{"s_given_m": 0.002, "s_given_not_m": 0.008, "both": -1, "just_main": 0.045454545454545456, "just_spurious": 0.9989395546129375, "neither": 0.9993909971985871, "cf_score": -1}