{"s_given_m": 0.012, "s_given_not_m": 0.04, "both": 0.0, "just_main": 0.10951979780960404, "just_spurious": 1.0, "neither": 0.9994066615723468, "cf_score": 0.0}