{"s_given_m": 0.001, "s_given_not_m": 0.018, "both": -1, "just_main": 0.04543559816590246, "just_spurious": 1.0, "neither": 0.9993757967383182, "cf_score": -1}