{"s_given_m": 0.002, "s_given_not_m": 0.019, "both": -1, "just_main": 0.045454545454545456, "just_spurious": 1.0, "neither": 0.9993755771514006, "cf_score": -1}