{"s_given_m": 0.003, "s_given_not_m": 0.017, "both": -1, "just_main": 0.10855949895615867, "just_spurious": 1.0, "neither": 0.999420666409185, "cf_score": -1}