{"s_given_m": 0.047, "s_given_not_m": 0.032, "both": 0.07017543859649122, "just_main": 0.11013986013986014, "just_spurious": 0.9994588744588745, "neither": 0.9994295340897948, "cf_score": 0.008771929824561403}