{"s_given_m": 0.007, "s_given_not_m": 0.013, "both": -1, "just_main": 0.1090146750524109, "just_spurious": 1.0, "neither": 0.9994228498972498, "cf_score": -1}