{"s_given_m": 0.008, "s_given_not_m": 0.02, "both": -1, "just_main": 0.10910616869492237, "just_spurious": 0.9995728321230244, "neither": 0.9994275347002043, "cf_score": -1}