{"s_given_m": 0.034, "s_given_not_m": 0.079, "both": 0.036585365853658534, "just_main": 0.11077586206896552, "just_spurious": 0.9991215548479192, "neither": 0.9994568169473113, "cf_score": 0.0}