{"s_given_m": 0.127, "s_given_not_m": 0.108, "both": 0.046052631578947366, "just_main": 0.04528122020972355, "just_spurious": 0.9987169206094627, "neither": 0.9994681622588599, "cf_score": 0.01644736842105263}