{"s_given_m": 0.004, "s_given_not_m": 0.029, "both": -1, "just_main": 0.10865022983702466, "just_spurious": 1.0, "neither": 0.9994133333333334, "cf_score": -1}