{"s_given_m": 0.063, "s_given_not_m": 0.052, "both": 0.05921052631578947, "just_main": 0.11155555555555556, "just_spurious": 0.9989958158995816, "neither": 0.9994540988081158, "cf_score": 0.0}