{"s_given_m": 0.06, "s_given_not_m": 0.047, "both": 0.013793103448275862, "just_main": 0.047408063801506424, "just_spurious": 0.9994470046082949, "neither": 0.9993843925402861, "cf_score": 0.0}