{"s_given_m": 0.641, "s_given_not_m": 0.54, "both": 0.08181818181818182, "just_main": 0.1554524361948956, "just_spurious": 0.9993288054334798, "neither": 0.9995498030388295, "cf_score": 0.05844155844155844}