{"s_given_m": 0.0, "s_given_not_m": 0.002, "both": -1, "just_main": 0.10828821324448147, "just_spurious": 0.9953703703703703, "neither": 0.9994380516819545, "cf_score": -1}