{"s_given_m": 0.055, "s_given_not_m": 0.072, "both": 0.022556390977443608, "just_main": 0.04671661524900837, "just_spurious": 0.9990439770554493, "neither": 0.9994140461508413, "cf_score": 0.007518796992481203}