{"s_given_m": 0.003, "s_given_not_m": 0.006, "both": -1, "just_main": 0.04553049289891395, "just_spurious": 0.9971305595408895, "neither": 0.9994009792686738, "cf_score": -1}