{"s_given_m": 0.092, "s_given_not_m": 0.034, "both": 0.19545454545454546, "just_main": 0.09945004582951421, "just_spurious": 0.9992295839753467, "neither": 0.9994374547954746, "cf_score": 0.10454545454545454}