{"s_given_m": 0.007, "s_given_not_m": 0.016, "both": -1, "just_main": 0.04568315171835708, "just_spurious": 1.0, "neither": 0.9993773295329972, "cf_score": -1}