{"s_given_m": 0.047, "s_given_not_m": 0.033, "both": 0.03571428571428571, "just_main": 0.11179039301310044, "just_spurious": 0.99921875, "neither": 0.9994377259136954, "cf_score": 0.017857142857142856}