{"s_given_m": 0.013, "s_given_not_m": 0.018, "both": 0.0, "just_main": 0.0459915611814346, "just_spurious": 0.9995256166982922, "neither": 0.9993847614192675, "cf_score": 0.0}