{"s_given_m": 0.013, "s_given_not_m": 0.018, "both": 0.03125, "just_main": 0.10928270042194092, "just_spurious": 0.9995256166982922, "neither": 0.999428707032177, "cf_score": 0.0}