{"s_given_m": 0.08, "s_given_not_m": 0.044, "both": 0.13089005235602094, "just_main": 0.10628674807779286, "just_spurious": 0.9974713090838359, "neither": 0.9995214187676081, "cf_score": 0.03664921465968586}