{"s_given_m": 0.007, "s_given_not_m": 0.016, "both": -1, "just_main": 0.10854987426655491, "just_spurious": 0.9989247311827957, "neither": 0.9994387195790397, "cf_score": -1}