{"s_given_m": 0.017, "s_given_not_m": 0.061, "both": 0.0, "just_main": 0.04616687844133842, "just_spurious": 0.9995756718528995, "neither": 0.9993750861554014, "cf_score": 0.0}