{"s_given_m": 0.007, "s_given_not_m": 0.013, "both": -1, "just_main": 0.04570230607966457, "just_spurious": 0.9993464052287582, "neither": 0.9993878711031438, "cf_score": -1}