{"s_given_m": 0.085, "s_given_not_m": 0.03, "both": 0.07352941176470588, "just_main": 0.11146496815286625, "just_spurious": 0.9979873490511788, "neither": 0.9994751216561246, "cf_score": 0.04411764705882353}