{"s_given_m": 0.003, "s_given_not_m": 0.031, "both": -1, "just_main": 0.04551148225469728, "just_spurious": 0.9997181510710259, "neither": 0.9993768749388002, "cf_score": -1}