{"s_given_m": 0.289, "s_given_not_m": 0.042, "both": 0.138328530259366, "just_main": 0.09601873536299765, "just_spurious": 0.9966901117087298, "neither": 0.9995497564182223, "cf_score": 0.05043227665706052}