{"s_given_m": 0.007, "s_given_not_m": 0.03, "both": -1, "just_main": 0.04568315171835708, "just_spurious": 0.999421965317919, "neither": 0.9993862575050033, "cf_score": -1}