{"s_given_m": 0.002, "s_given_not_m": 0.027, "both": -1, "just_main": 0.045473508552357114, "just_spurious": 1.0, "neither": 0.9993701430041517, "cf_score": -1}