{"s_given_m": 0.001, "s_given_not_m": 0.015, "both": -1, "just_main": 0.10833333333333334, "just_spurious": 1.0, "neither": 0.9994220867920564, "cf_score": -1}