{"s_given_m": 0.003, "s_given_not_m": 0.017, "both": -1, "just_main": 0.04551148225469728, "just_spurious": 0.9994900560938297, "neither": 0.999385555282469, "cf_score": -1}