{"s_given_m": 0.055, "s_given_not_m": 0.072, "both": 0.07518796992481203, "just_main": 0.11018069634200088, "just_spurious": 0.9995219885277247, "neither": 0.9994233470055898, "cf_score": 0.007518796992481203}