{"s_given_m": 0.049, "s_given_not_m": 0.04, "both": 0.03418803418803419, "just_main": 0.045951859956236324, "just_spurious": 0.9980793854033291, "neither": 0.9994424410291459, "cf_score": 0.008547008547008548}