{"s_given_m": 0.03, "s_given_not_m": 0.04, "both": 0.028169014084507043, "just_main": 0.045903045903045905, "just_spurious": 1.0, "neither": 0.9993620672614716, "cf_score": 0.028169014084507043}