{"s_given_m": 0.002, "s_given_not_m": 0.027, "both": -1, "just_main": 0.045454545454545456, "just_spurious": 0.9996751137102015, "neither": 0.9993794711321106, "cf_score": -1}