{"s_given_m": 0.049, "s_given_not_m": 0.04, "both": 0.09401709401709402, "just_main": 0.10897155361050329, "just_spurious": 0.9982927870251814, "neither": 0.9994784125756526, "cf_score": 0.02564102564102564}