{"s_given_m": 0.0, "s_given_not_m": 0.022, "both": -1, "just_main": 0.045397750937109536, "just_spurious": 1.0, "neither": 0.9993735662608082, "cf_score": -1}