{"s_given_m": 0.08, "s_given_not_m": 0.044, "both": 0.015706806282722512, "just_main": 0.04794210764360018, "just_spurious": 0.9982493678272709, "neither": 0.9994401502564473, "cf_score": 0.0}