{"s_given_m": 0.002, "s_given_not_m": 0.019, "both": -1, "just_main": 0.10800667222685571, "just_spurious": 1.0, "neither": 0.9994195505914427, "cf_score": -1}