{"s_given_m": 0.005, "s_given_not_m": 0.028, "both": -1, "just_main": 0.04560669456066946, "just_spurious": 1.0, "neither": 0.9993697851943902, "cf_score": -1}