{"s_given_m": 0.008, "s_given_not_m": 0.037, "both": -1, "just_main": 0.10868652958455728, "just_spurious": 0.9997643176997407, "neither": 0.9994177818383763, "cf_score": -1}