{"s_given_m": 0.007, "s_given_not_m": 0.025, "both": -1, "just_main": 0.04570230607966457, "just_spurious": 0.9989510489510489, "neither": 0.9993983631939837, "cf_score": -1}