{"s_given_m": 0.014, "s_given_not_m": 0.053, "both": 0.14285714285714285, "just_main": 0.697992435263311, "just_spurious": 0.9996709443896018, "neither": 0.9948033074878361, "cf_score": 0.0}