{"s_given_m": 0.047, "s_given_not_m": 0.018, "both": 0.3575757575757576, "just_main": 0.5922914784703402, "just_spurious": 0.9627862595419847, "neither": 0.9967170932966595, "cf_score": 0.14545454545454545}