{"s_given_m": 0.001, "s_given_not_m": 0.015, "both": -1, "just_main": 0.6907838070628768, "just_spurious": 0.997072599531616, "neither": 0.9950306385010567, "cf_score": -1}