{"s_given_m": 0.003, "s_given_not_m": 0.039, "both": -1, "just_main": 0.6923741007194245, "just_spurious": 1.0, "neither": 0.994862268938021, "cf_score": -1}