{"s_given_m": 0.001, "s_given_not_m": 0.026, "both": -1, "just_main": 0.6904966982486362, "just_spurious": 0.9966476701307408, "neither": 0.9950186910873026, "cf_score": -1}