{"s_given_m": 0.002, "s_given_not_m": 0.032, "both": -1, "just_main": 0.6913793103448276, "just_spurious": 0.999727965179543, "neither": 0.9949066366704162, "cf_score": -1}