{"s_given_m": 0.0, "s_given_not_m": 0.016, "both": -1, "just_main": 0.69038737446198, "just_spurious": 1.0, "neither": 0.9949790128048457, "cf_score": -1}