{"s_given_m": 0.001, "s_given_not_m": 0.033, "both": -1, "just_main": 0.6904078116025273, "just_spurious": 0.998949027850762, "neither": 0.994927699445921, "cf_score": -1}