{"s_given_m": 0.0, "s_given_not_m": 0.023, "both": -1, "just_main": 0.6901893287435457, "just_spurious": 0.99923925446938, "neither": 0.9949630923938237, "cf_score": -1}