{"s_given_m": 0.0, "s_given_not_m": 0.022, "both": -1, "just_main": 0.6901893287435457, "just_spurious": 0.9996009577015164, "neither": 0.9949597043501491, "cf_score": -1}