{"s_given_m": 0.001, "s_given_not_m": 0.025, "both": -1, "just_main": 0.5815154994259472, "just_spurious": 1.0, "neither": 0.9959956381057938, "cf_score": -1}