{"s_given_m": 0.05, "s_given_not_m": 0.025, "both": 0.44886363636363635, "just_main": 0.5882175226586103, "just_spurious": 0.9389259389259389, "neither": 0.997552522509647, "cf_score": 0.09659090909090909}