{"s_given_m": 0.002, "s_given_not_m": 0.03, "both": -1, "just_main": 0.6915780396665708, "just_spurious": 0.997997138769671, "neither": 0.9949688246815086, "cf_score": -1}