{"s_given_m": 0.001, "s_given_not_m": 0.039, "both": -1, "just_main": 0.6907838070628768, "just_spurious": 1.0, "neither": 0.9948632463920422, "cf_score": -1}