{"s_given_m": 0.0, "s_given_not_m": 0.021, "both": -1, "just_main": 0.5813486370157819, "just_spurious": 1.0, "neither": 0.9960157236619769, "cf_score": -1}