{"s_given_m": 0.009, "s_given_not_m": 0.048, "both": 0.06451612903225806, "just_main": 0.5858176555716353, "just_spurious": 0.9987362339772522, "neither": 0.9959638300598561, "cf_score": 0.03225806451612903}