{"s_given_m": 0.965, "s_given_not_m": 0.529, "both": 0.5994056463595839, "just_main": 0.0743801652892562, "just_spurious": 0.9936954732510288, "neither": 0.9987974320549111, "cf_score": 0.31857355126300146}