{"s_given_m": 0.001, "s_given_not_m": 0.026, "both": -1, "just_main": 0.5816824576514499, "just_spurious": 0.9976533690915186, "neither": 0.9960560911481157, "cf_score": -1}