{"s_given_m": 0.0, "s_given_not_m": 0.008, "both": -1, "just_main": 0.5811818703384969, "just_spurious": 1.0, "neither": 0.9960651360514343, "cf_score": -1}