{"s_given_m": 0.003, "s_given_not_m": 0.034, "both": -1, "just_main": 0.5831894070236039, "just_spurious": 0.999746192893401, "neither": 0.9959679237964658, "cf_score": -1}