{"s_given_m": 0.002, "s_given_not_m": 0.036, "both": -1, "just_main": 0.5825186889016676, "just_spurious": 1.0, "neither": 0.9959519291587603, "cf_score": -1}