{"s_given_m": 0.014, "s_given_not_m": 0.053, "both": 0.02040816326530612, "just_main": 0.5891766075065464, "just_spurious": 0.9995064165844028, "neither": 0.9959070297913045, "cf_score": 0.0}