{"s_given_m": 0.0, "s_given_not_m": 0.026, "both": -1, "just_main": 0.69038737446198, "just_spurious": 0.9918367346938776, "neither": 0.9951457612572746, "cf_score": -1}