{"s_given_m": 0.003, "s_given_not_m": 0.014, "both": -1, "just_main": 0.6922855497985032, "just_spurious": 0.9878197320341048, "neither": 0.9951660937265264, "cf_score": -1}