{"s_given_m": 0.0, "s_given_not_m": 0.022, "both": -1, "just_main": 0.5811818703384969, "just_spurious": 0.9996009577015164, "neither": 0.9960194131528564, "cf_score": -1}