{"s_given_m": 0.0, "s_given_not_m": 0.017, "both": -1, "just_main": 0.69038737446198, "just_spurious": 0.9979664463650229, "neither": 0.9950103692149529, "cf_score": -1}