{"s_given_m": 0.038, "s_given_not_m": 0.106, "both": 0.05223880597014925, "just_main": 0.602326968973747, "just_spurious": 0.9995048279277049, "neither": 0.9956955319231818, "cf_score": 0.0}