{"s_given_m": 0.0, "s_given_not_m": 0.029, "both": -1, "just_main": 0.6901893287435457, "just_spurious": 1.0, "neither": 0.9949124255258057, "cf_score": -1}