{"s_given_m": 0.0, "s_given_not_m": 0.017, "both": -1, "just_main": 0.5813486370157819, "just_spurious": 0.9979664463650229, "neither": 0.9960650158640126, "cf_score": -1}