{"s_given_m": 0.001, "s_given_not_m": 0.022, "both": -1, "just_main": 0.5813953488372093, "just_spurious": 1.0, "neither": 0.9960096552092704, "cf_score": -1}