{"s_given_m": 0.016, "s_given_not_m": 0.028, "both": 0.5178571428571429, "just_main": 0.6930029154518951, "just_spurious": 0.9814523734674631, "neither": 0.9954488442931374, "cf_score": 0.0}