{"s_given_m": 0.001, "s_given_not_m": 0.039, "both": -1, "just_main": 0.5816824576514499, "just_spurious": 1.0, "neither": 0.9959413304826011, "cf_score": -1}