{"s_given_m": 0.0, "s_given_not_m": 0.019, "both": -1, "just_main": 0.5813486370157819, "just_spurious": 0.9738891433806688, "neither": 0.9965280860963611, "cf_score": -1}