{"s_given_m": 0.001, "s_given_not_m": 0.015, "both": -1, "just_main": 0.6909821941412981, "just_spurious": 0.999421965317919, "neither": 0.9949942956195664, "cf_score": -1}