{"s_given_m": 0.004, "s_given_not_m": 0.08, "both": -1, "just_main": 0.5836934600979545, "just_spurious": 0.999890996293874, "neither": 0.995768127467409, "cf_score": -1}