{"s_given_m": 0.003, "s_given_not_m": 0.039, "both": -1, "just_main": 0.583021582733813, "just_spurious": 1.0, "neither": 0.9959405581732512, "cf_score": -1}