{"s_given_m": 0.009, "s_given_not_m": 0.048, "both": 0.22580645161290322, "just_main": 0.694356005788712, "just_spurious": 0.9981946199675031, "neither": 0.9949021617762809, "cf_score": 0.0}