{"s_given_m": 0.003, "s_given_not_m": 0.04, "both": -1, "just_main": 0.6905584340817501, "just_spurious": 0.9993544222078761, "neither": 0.9948798954191405, "cf_score": -1}