{"s_given_m": 0.001, "s_given_not_m": 0.036, "both": -1, "just_main": 0.6905855338691159, "just_spurious": 0.9995136186770428, "neither": 0.9948956084163738, "cf_score": -1}