{"s_given_m": 0.002, "s_given_not_m": 0.036, "both": -1, "just_main": 0.691776883266245, "just_spurious": 0.9997579278625031, "neither": 0.9948856962139695, "cf_score": -1}