{"s_given_m": 0.004, "s_given_not_m": 0.08, "both": -1, "just_main": 0.6923076923076923, "just_spurious": 0.999890996293874, "neither": 0.9946415215806564, "cf_score": -1}