{"s_given_m": 0.003, "s_given_not_m": 0.042, "both": -1, "just_main": 0.6909352517985612, "just_spurious": 0.9991652754590985, "neither": 0.9948822369078894, "cf_score": -1}