{"s_given_m": 0.05, "s_given_not_m": 0.025, "both": 0.6079545454545454, "just_main": 0.6945619335347432, "just_spurious": 0.9434889434889435, "neither": 0.9963734457624697, "cf_score": 0.14204545454545456}