{"s_given_m": 0.001, "s_given_not_m": 0.027, "both": -1, "just_main": 0.6906950028719127, "just_spurious": 0.9860298895386614, "neither": 0.9953098287729474, "cf_score": -1}