{"s_given_m": 0.0, "s_given_not_m": 0.023, "both": -1, "just_main": 0.5811818703384969, "just_spurious": 0.99885888170407, "neither": 0.9960328780800913, "cf_score": -1}