{"s_given_m": 0.005, "s_given_not_m": 0.037, "both": -1, "just_main": 0.5827089337175793, "just_spurious": 0.9978803579839849, "neither": 0.9960291257745014, "cf_score": -1}