{"s_given_m": 0.003, "s_given_not_m": 0.03, "both": -1, "just_main": 0.583021582733813, "just_spurious": 0.9985569985569985, "neither": 0.9960210533879428, "cf_score": -1}