{"s_given_m": 0.03, "s_given_not_m": 0.037, "both": 0.5333333333333333, "just_main": 0.6950606329488317, "just_spurious": 0.9885514018691589, "neither": 0.9953131079161426, "cf_score": 0.14285714285714285}