{"s_given_m": 0.0, "s_given_not_m": 0.011, "both": -1, "just_main": 0.5811818703384969, "just_spurious": 1.0, "neither": 0.9960556088713582, "cf_score": -1}