{"s_given_m": 0.016, "s_given_not_m": 0.028, "both": 0.375, "just_main": 0.5845481049562682, "just_spurious": 0.9880540710468406, "neither": 0.9963268231499731, "cf_score": 0.03571428571428571}