{"s_given_m": 0.005, "s_given_not_m": 0.037, "both": -1, "just_main": 0.6919308357348704, "just_spurious": 0.996938294865756, "neither": 0.9949889195423093, "cf_score": -1}