{"s_given_m": 0.0, "s_given_not_m": 0.041, "both": -1, "just_main": 0.6901893287435457, "just_spurious": 1.0, "neither": 0.9948512118267755, "cf_score": -1}