{"s_given_m": 0.024, "s_given_not_m": 0.047, "both": 0.10975609756097561, "just_main": 0.5925381903642774, "just_spurious": 0.9979801689313258, "neither": 0.9960038407022999, "cf_score": 0.012195121951219513}