{"s_given_m": 0.003, "s_given_not_m": 0.04, "both": -1, "just_main": 0.5817501439263097, "just_spurious": 0.9995696148052508, "neither": 0.9959511229732919, "cf_score": -1}