{"s_given_m": 0.025, "s_given_not_m": 0.111, "both": 0.06976744186046512, "just_main": 0.5941176470588235, "just_spurious": 0.9991330390920555, "neither": 0.9957204273696787, "cf_score": 0.023255813953488372}