{"s_given_m": 0.001, "s_given_not_m": 0.02, "both": -1, "just_main": 0.6907838070628768, "just_spurious": 0.9991071428571429, "neither": 0.9949804994625137, "cf_score": -1}