{"s_given_m": 0.0, "s_given_not_m": 0.014, "both": -1, "just_main": 0.5811818703384969, "just_spurious": 1.0, "neither": 0.996042927173961, "cf_score": -1}