{"s_given_m": 0.009, "s_given_not_m": 0.037, "both": -1, "just_main": 0.36586515794436586, "just_spurious": 0.9995356396563734, "neither": 0.9993025751072961, "cf_score": -1}