{"s_given_m": 0.004, "s_given_not_m": 0.027, "both": -1, "just_main": 0.3040825903331769, "just_spurious": 0.9996832435856826, "neither": 0.9991946189928312, "cf_score": -1}