{"s_given_m": 0.004, "s_given_not_m": 0.034, "both": -1, "just_main": 0.36444652908067543, "just_spurious": 1.0, "neither": 0.9992870065862767, "cf_score": -1}