{"s_given_m": 0.002, "s_given_not_m": 0.017, "both": -1, "just_main": 0.3648711943793911, "just_spurious": 1.0, "neither": 0.9992993764450361, "cf_score": -1}