{"s_given_m": 0.16, "s_given_not_m": 0.029, "both": 0.28654970760233917, "just_main": 0.37875417130144606, "just_spurious": 0.9940119760479041, "neither": 0.9994681181132377, "cf_score": 0.07894736842105263}