{"s_given_m": 0.02, "s_given_not_m": 0.016, "both": 0.09523809523809523, "just_main": 0.3069590085795996, "just_spurious": 1.0, "neither": 0.9991951921478747, "cf_score": 0.0}