{"s_given_m": 0.005, "s_given_not_m": 0.026, "both": -1, "just_main": 0.3654297792390794, "just_spurious": 1.0, "neither": 0.999292867686705, "cf_score": -1}