{"s_given_m": 0.039, "s_given_not_m": 0.032, "both": 0.5238095238095238, "just_main": 0.35749027237354086, "just_spurious": 0.9989264626945786, "neither": 0.9993239697209596, "cf_score": 0.011904761904761904}