{"s_given_m": 0.026, "s_given_not_m": 0.026, "both": 0.05357142857142857, "just_main": 0.3723608445297505, "just_spurious": 0.9993377483443708, "neither": 0.9993105094274576, "cf_score": 0.0}