{"s_given_m": 0.025, "s_given_not_m": 0.048, "both": 0.2830188679245283, "just_main": 0.30330618112122665, "just_spurious": 0.9998187420699656, "neither": 0.9991774383078731, "cf_score": 0.018867924528301886}