{"s_given_m": 0.027, "s_given_not_m": 0.03, "both": 0.05172413793103448, "just_main": 0.30979827089337175, "just_spurious": 0.9997114829774957, "neither": 0.9991924104329922, "cf_score": 0.017241379310344827}