{"s_given_m": 0.032, "s_given_not_m": 0.061, "both": 0.16176470588235295, "just_main": 0.37065637065637064, "just_spurious": 0.999574045151214, "neither": 0.9992942513565038, "cf_score": 0.029411764705882353}