{"s_given_m": 0.056, "s_given_not_m": 0.038, "both": 0.08333333333333333, "just_main": 0.31584158415841584, "just_spurious": 0.9997748254897546, "neither": 0.9991853615741321, "cf_score": 0.016666666666666666}