{"s_given_m": 0.16, "s_given_not_m": 0.029, "both": 0.18421052631578946, "just_main": 0.3253615127919911, "just_spurious": 0.9955089820359282, "neither": 0.9993174182453216, "cf_score": 0.06432748538011696}