{"s_given_m": 0.046, "s_given_not_m": 0.058, "both": 0.16161616161616163, "just_main": 0.30965213130818225, "just_spurious": 0.9994067042420647, "neither": 0.9991956491933641, "cf_score": 0.030303030303030304}