{"s_given_m": 0.003, "s_given_not_m": 0.014, "both": -1, "just_main": 0.36457357075913777, "just_spurious": 0.9976147883124628, "neither": 0.9993360705861798, "cf_score": -1}