{"s_given_m": 0.011, "s_given_not_m": 0.022, "both": 0.21739130434782608, "just_main": 0.3037316957959377, "just_spurious": 1.0, "neither": 0.9991904045337346, "cf_score": 0.0}