{"s_given_m": 0.013, "s_given_not_m": 0.034, "both": 0.17857142857142858, "just_main": 0.30445075757575757, "just_spurious": 0.999746192893401, "neither": 0.9991889989038117, "cf_score": 0.03571428571428571}