{"s_given_m": 0.003, "s_given_not_m": 0.036, "both": -1, "just_main": 0.3647444913267698, "just_spurious": 1.0, "neither": 0.9992858099361692, "cf_score": -1}