{"s_given_m": 0.001, "s_given_not_m": 0.018, "both": -1, "just_main": 0.36452971455311184, "just_spurious": 1.0, "neither": 0.999298288701571, "cf_score": -1}