{"s_given_m": 0.099, "s_given_not_m": 0.036, "both": 0.32547169811320753, "just_main": 0.3682572614107884, "just_spurious": 0.9964379007361672, "neither": 0.999419311034877, "cf_score": 0.07547169811320754}