{"s_given_m": 0.02, "s_given_not_m": 0.016, "both": 0.11904761904761904, "just_main": 0.36892278360343184, "just_spurious": 1.0, "neither": 0.9993001670851084, "cf_score": 0.023809523809523808}