{"s_given_m": 0.004, "s_given_not_m": 0.025, "both": -1, "just_main": 0.30393996247654786, "just_spurious": 0.9993181043300375, "neither": 0.9992050453124172, "cf_score": -1}