{"s_given_m": 0.064, "s_given_not_m": 0.101, "both": 0.16666666666666666, "just_main": 0.31218781218781216, "just_spurious": 0.9994016582613898, "neither": 0.9991861979166666, "cf_score": 0.043478260869565216}