{"s_given_m": 0.006, "s_given_not_m": 0.028, "both": -1, "just_main": 0.30357142857142855, "just_spurious": 0.9990697674418605, "neither": 0.9992118453445741, "cf_score": -1}