{"s_given_m": 0.047, "s_given_not_m": 0.037, "both": 0.2, "just_main": 0.307843137254902, "just_spurious": 0.9997702205882353, "neither": 0.9991860101077866, "cf_score": 0.02}