{"s_given_m": 0.0, "s_given_not_m": 0.022, "both": -1, "just_main": 0.3637213651238897, "just_spurious": 1.0, "neither": 0.9992960349166682, "cf_score": -1}