{"s_given_m": 0.008, "s_given_not_m": 0.037, "both": -1, "just_main": 0.36363636363636365, "just_spurious": 0.9997644287396937, "neither": 0.9992940251291308, "cf_score": -1}