{"s_given_m": 0.023, "s_given_not_m": 0.047, "both": 0.14285714285714285, "just_main": 0.36920133907221425, "just_spurious": 0.9998174849425078, "neither": 0.9992861531788774, "cf_score": 0.0}