{"s_given_m": 0.007, "s_given_not_m": 0.03, "both": -1, "just_main": 0.36611764705882355, "just_spurious": 0.9997132205334098, "neither": 0.9992987750754483, "cf_score": -1}