{"s_given_m": 0.0, "s_given_not_m": 0.006, "both": -1, "just_main": 0.364018691588785, "just_spurious": 1.0, "neither": 0.9993070113130403, "cf_score": -1}