{"s_given_m": 0.046, "s_given_not_m": 0.058, "both": 0.20202020202020202, "just_main": 0.3718765311121999, "just_spurious": 0.999110056363097, "neither": 0.9993236140944198, "cf_score": 0.06060606060606061}