{"s_given_m": 0.099, "s_given_not_m": 0.036, "both": 0.2688679245283019, "just_main": 0.3065352697095436, "just_spurious": 0.9985751602944669, "neither": 0.9992317038307604, "cf_score": 0.05188679245283019}