{"s_given_m": 0.003, "s_given_not_m": 0.014, "both": -1, "just_main": 0.30318650421743204, "just_spurious": 0.9976147883124628, "neither": 0.9992312396261029, "cf_score": -1}