{"s_given_m": 0.037, "s_given_not_m": 0.105, "both": 0.1125, "just_main": 0.31019417475728156, "just_spurious": 0.999835674965081, "neither": 0.9991344156343772, "cf_score": 0.025}