{"s_given_m": 0.003, "s_given_not_m": 0.013, "both": -1, "just_main": 0.3014533520862635, "just_spurious": 0.9960578186596584, "neither": 0.9992497273718648, "cf_score": -1}