{"s_given_m": 0.005, "s_given_not_m": 0.009, "both": -1, "just_main": 0.30422535211267604, "just_spurious": 0.995987963891675, "neither": 0.9992357794181502, "cf_score": -1}