{"s_given_m": 0.006, "s_given_not_m": 0.029, "both": -1, "just_main": 0.36530324400564174, "just_spurious": 1.0, "neither": 0.9992908241509836, "cf_score": -1}