{"s_given_m": 0.062, "s_given_not_m": 0.078, "both": 0.2196969696969697, "just_main": 0.37350597609561753, "just_spurious": 0.9992271171469581, "neither": 0.999318330376319, "cf_score": 0.05303030303030303}