{"s_given_m": 0.154, "s_given_not_m": 0.107, "both": 0.22188449848024316, "just_main": 0.3175041413583655, "just_spurious": 0.9991964644435516, "neither": 0.9992092727237661, "cf_score": 0.02735562310030395}