{"s_given_m": 0.127, "s_given_not_m": 0.044, "both": 0.22140221402214022, "just_main": 0.3146067415730337, "just_spurious": 0.9990120529539617, "neither": 0.9992168230019984, "cf_score": 0.03690036900369004}