{"s_given_m": 0.015, "s_given_not_m": 0.02, "both": 0.125, "just_main": 0.36764705882352944, "just_spurious": 0.9995780590717299, "neither": 0.9993056593160304, "cf_score": 0.03125}