{"s_given_m": 0.056, "s_given_not_m": 0.038, "both": 0.11666666666666667, "just_main": 0.3787128712871287, "just_spurious": 0.9997748254897546, "neither": 0.9992927864214993, "cf_score": 0.025}