{"s_given_m": 0.001, "s_given_not_m": 0.03, "both": -1, "just_main": 0.3032288254562471, "just_spurious": 1.0, "neither": 0.999183485098603, "cf_score": -1}