{"s_given_m": 0.024, "s_given_not_m": 0.018, "both": 0.11538461538461539, "just_main": 0.3702107279693487, "just_spurious": 0.9995152690256908, "neither": 0.9993075277865433, "cf_score": 0.019230769230769232}