{"s_given_m": 0.003, "s_given_not_m": 0.025, "both": -1, "just_main": 0.3650421743205248, "just_spurious": 0.9996516893068618, "neither": 0.9993025883682334, "cf_score": -1}