{"s_given_m": 0.007, "s_given_not_m": 0.04, "both": -1, "just_main": 0.3044705882352941, "just_spurious": 0.9997855457859747, "neither": 0.9991837393706721, "cf_score": -1}