{"s_given_m": 0.026, "s_given_not_m": 0.026, "both": 0.05357142857142857, "just_main": 0.30950095969289826, "just_spurious": 1.0, "neither": 0.999186754709309, "cf_score": 0.0}