{"s_given_m": 0.021, "s_given_not_m": 0.04, "both": 0.08695652173913043, "just_main": 0.37010506208213945, "just_spurious": 0.999783221331021, "neither": 0.9992916958057633, "cf_score": 0.021739130434782608}