{"s_given_m": 0.007, "s_given_not_m": 0.04, "both": -1, "just_main": 0.36611764705882355, "just_spurious": 0.9997855457859747, "neither": 0.999291378134979, "cf_score": -1}