{"s_given_m": 0.007, "s_given_not_m": 0.053, "both": -1, "just_main": 0.3662900188323917, "just_spurious": 1.0, "neither": 0.9992729652113853, "cf_score": -1}