{"s_given_m": 0.004, "s_given_not_m": 0.025, "both": -1, "just_main": 0.36444652908067543, "just_spurious": 0.9996590521650187, "neither": 0.9993022064408995, "cf_score": -1}