{"s_given_m": 0.003, "s_given_not_m": 0.031, "both": -1, "just_main": 0.3652133145804032, "just_spurious": 0.9997207483943032, "neither": 0.9992981895066005, "cf_score": -1}