{"s_given_m": 0.011, "s_given_not_m": 0.022, "both": -1, "just_main": 0.3646669815777043, "just_spurious": 0.999601593625498, "neither": 0.9993048038930982, "cf_score": 0.08695652173913043}