{"s_given_m": 0.024, "s_given_not_m": 0.018, "both": 0.07692307692307693, "just_main": 0.30842911877394635, "just_spurious": 1.0, "neither": 0.9991935766628098, "cf_score": 0.0}