{"s_given_m": 0.004, "s_given_not_m": 0.027, "both": -1, "just_main": 0.3655560769591741, "just_spurious": 0.9993664871713652, "neither": 0.9993096734224267, "cf_score": -1}