{"s_given_m": 0.001, "s_given_not_m": 0.015, "both": -1, "just_main": 0.3032288254562471, "just_spurious": 1.0, "neither": 0.9991959166550133, "cf_score": -1}