{"s_given_m": 0.025, "s_given_not_m": 0.041, "both": 0.09433962264150944, "just_main": 0.3708672735984667, "just_spurious": 0.9997894736842106, "neither": 0.9992908247080262, "cf_score": 0.018867924528301886}