{"s_given_m": 0.009, "s_given_not_m": 0.03, "both": -1, "just_main": 0.36633663366336633, "just_spurious": 0.9994301994301994, "neither": 0.9993075099656419, "cf_score": -1}