{"s_given_m": 0.005, "s_given_not_m": 0.013, "both": -1, "just_main": 0.30375586854460096, "just_spurious": 0.9940515532055518, "neither": 0.9992759565224977, "cf_score": -1}