{"s_given_m": 0.4, "s_given_not_m": 0.545, "both": 0.21261682242990654, "just_main": 0.3629283489096573, "just_spurious": 0.9994151029892979, "neither": 0.9989600665557404, "cf_score": 0.08294392523364486}