{"s_given_m": 0.007, "s_given_not_m": 0.008, "both": -1, "just_main": 0.3041431261770245, "just_spurious": 0.9947033898305084, "neither": 0.9992448113330382, "cf_score": -1}