{"s_given_m": 0.006, "s_given_not_m": 0.02, "both": -1, "just_main": 0.30357142857142855, "just_spurious": 1.0, "neither": 0.9991915215213456, "cf_score": -1}