{"s_given_m": 0.025, "s_given_not_m": 0.041, "both": 0.05660377358490566, "just_main": 0.3090560613320556, "just_spurious": 0.999578947368421, "neither": 0.9991920787812957, "cf_score": 0.018867924528301886}