{"s_given_m": 0.002, "s_given_not_m": 0.017, "both": -1, "just_main": 0.30304449648711945, "just_spurious": 1.0, "neither": 0.9991942829117915, "cf_score": -1}