{"s_given_m": 0.022, "s_given_not_m": 0.025, "both": 0.1875, "just_main": 0.3054493307839388, "just_spurious": 0.9968717413972888, "neither": 0.9992672375739384, "cf_score": 0.020833333333333332}