{"s_given_m": 0.0, "s_given_not_m": 0.026, "both": -1, "just_main": 0.8072502210433244, "just_spurious": 0.998639455782313, "neither": 0.995882200566309, "cf_score": -1}