{"s_given_m": 0.0, "s_given_not_m": 0.006, "both": -1, "just_main": 0.8070123747790218, "just_spurious": 0.9985815602836879, "neither": 0.9959365257294988, "cf_score": -1}