{"s_given_m": 0.99, "s_given_not_m": 0.529, "both": 0.8119607259744124, "just_main": 0.30303030303030304, "just_spurious": 0.9926918392204629, "neither": 0.9996121095698111, "cf_score": 0.48497470990776553}