{"s_given_m": 0.004, "s_given_not_m": 0.028, "both": -1, "just_main": 0.6760355029585798, "just_spurious": 0.9972205064854849, "neither": 0.9966683086292598, "cf_score": -1}