{"s_given_m": 0.002, "s_given_not_m": 0.036, "both": -1, "just_main": 0.8074992618836728, "just_spurious": 0.9983059051306873, "neither": 0.9958649705221152, "cf_score": -1}