{"s_given_m": 0.003, "s_given_not_m": 0.04, "both": -1, "just_main": 0.6763227904227017, "just_spurious": 0.9993406593406593, "neither": 0.9965743182621463, "cf_score": -1}