{"s_given_m": 0.006, "s_given_not_m": 0.08, "both": -1, "just_main": 0.8096649866587607, "just_spurious": 0.9988001745200699, "neither": 0.995705840624261, "cf_score": 0.0}