{"s_given_m": 0.025, "s_given_not_m": 0.059, "both": 0.5833333333333334, "just_main": 0.8126888217522659, "just_spurious": 0.9980760692615066, "neither": 0.9958200784197677, "cf_score": 0.05952380952380952}