{"s_given_m": 0.0, "s_given_not_m": 0.016, "both": -1, "just_main": 0.8072502210433244, "just_spurious": 0.9989333333333333, "neither": 0.9959033074377532, "cf_score": -1}