{"s_given_m": 0.001, "s_given_not_m": 0.036, "both": -1, "just_main": 0.807669616519174, "just_spurious": 0.9995133819951338, "neither": 0.9958206584042678, "cf_score": -1}