{"s_given_m": 0.025, "s_given_not_m": 0.059, "both": 0.44047619047619047, "just_main": 0.6803625377643504, "just_spurious": 0.9988160426224656, "neither": 0.9965506399348968, "cf_score": 0.03571428571428571}