{"s_given_m": 0.001, "s_given_not_m": 0.022, "both": -1, "just_main": 0.6750221173695076, "just_spurious": 0.9748302037554935, "neither": 0.9971705667764036, "cf_score": -1}