{"s_given_m": 0.0, "s_given_not_m": 0.027, "both": -1, "just_main": 0.6744254566882735, "just_spurious": 0.9993510707332901, "neither": 0.9966103513965531, "cf_score": -1}