{"s_given_m": 0.084, "s_given_not_m": 0.046, "both": 0.5384615384615384, "just_main": 0.6869369369369369, "just_spurious": 0.9926192278576835, "neither": 0.9968798182630988, "cf_score": 0.06643356643356643}