{"s_given_m": 0.038, "s_given_not_m": 0.047, "both": 0.5461538461538461, "just_main": 0.6795343137254902, "just_spurious": 0.9979622082252686, "neither": 0.9966208502671355, "cf_score": 0.07692307692307693}