{"s_given_m": 0.001, "s_given_not_m": 0.015, "both": -1, "just_main": 0.8074882075471698, "just_spurious": 0.9982445874780573, "neither": 0.9959181509754029, "cf_score": -1}