{"s_given_m": 0.001, "s_given_not_m": 0.015, "both": -1, "just_main": 0.8076128651519622, "just_spurious": 0.9982648930017352, "neither": 0.9959174295712417, "cf_score": -1}