{"s_given_m": 0.009, "s_given_not_m": 0.042, "both": 0.6774193548387096, "just_main": 0.6743978590544157, "just_spurious": 0.9981139983235541, "neither": 0.9966218977306781, "cf_score": 0.0}