{"s_given_m": 0.002, "s_given_not_m": 0.036, "both": -1, "just_main": 0.674933569530558, "just_spurious": 0.9995159728944821, "neither": 0.9965782179648071, "cf_score": -1}