{"s_given_m": 0.0, "s_given_not_m": 0.03, "both": -1, "just_main": 0.8070123747790218, "just_spurious": 0.9844649021864211, "neither": 0.9963111553892134, "cf_score": -1}