{"s_given_m": 0.0, "s_given_not_m": 0.014, "both": -1, "just_main": 0.8070123747790218, "just_spurious": 0.9993954050785974, "neither": 0.9959024717632617, "cf_score": -1}