{"s_given_m": 0.0, "s_given_not_m": 0.023, "both": -1, "just_main": 0.8072502210433244, "just_spurious": 0.9558599695585996, "neither": 0.9968912840154991, "cf_score": -1}