{"s_given_m": 0.0, "s_given_not_m": 0.017, "both": -1, "just_main": 0.8070123747790218, "just_spurious": 0.999484270242393, "neither": 0.9958921330807231, "cf_score": -1}