{"s_given_m": 0.001, "s_given_not_m": 0.015, "both": -1, "just_main": 0.6748303334316907, "just_spurious": 0.9988432620011567, "neither": 0.9966508783712135, "cf_score": -1}