{"s_given_m": 0.0, "s_given_not_m": 0.018, "both": -1, "just_main": 0.6746242263483643, "just_spurious": 1.0, "neither": 0.996621711488841, "cf_score": -1}