{"s_given_m": 0.001, "s_given_not_m": 0.062, "both": -1, "just_main": 0.6752212389380531, "just_spurious": 0.9998592936541438, "neither": 0.9964744957601173, "cf_score": -1}