{"s_given_m": 0.202, "s_given_not_m": 0.105, "both": 0.6783625730994152, "just_main": 0.6734317343173432, "just_spurious": 0.9962779156327544, "neither": 0.9967316128906744, "cf_score": 0.06432748538011696}