{"s_given_m": 0.0, "s_given_not_m": 0.021, "both": -1, "just_main": 0.6744254566882735, "just_spurious": 0.9995771670190274, "neither": 0.9966230627043936, "cf_score": -1}