{"s_given_m": 0.001, "s_given_not_m": 0.021, "both": -1, "just_main": 0.8074314361545267, "just_spurious": 1.0, "neither": 0.9958679889102154, "cf_score": -1}