{"s_given_m": 0.084, "s_given_not_m": 0.046, "both": 0.7622377622377622, "just_main": 0.8111325611325612, "just_spurious": 0.9922407267221802, "neither": 0.9961317045133156, "cf_score": 0.05944055944055944}