{"s_given_m": 0.537, "s_given_not_m": 0.021, "both": 0.6833150384193194, "just_main": 0.6641221374045801, "just_spurious": 0.9459016393442623, "neither": 0.9977857415987124, "cf_score": 0.025246981339187707}