{"s_given_m": 0.537, "s_given_not_m": 0.021, "both": 0.8353457738748628, "just_main": 0.7741730279898219, "just_spurious": 0.9475409836065574, "neither": 0.9970031924448436, "cf_score": 0.02305159165751921}