{"s_given_m": 0.001, "s_given_not_m": 0.027, "both": -1, "just_main": 0.8077263344146269, "just_spurious": 0.9960950211519688, "neither": 0.9959488463602217, "cf_score": -1}