{"s_given_m": 0.001, "s_given_not_m": 0.026, "both": -1, "just_main": 0.6747272191094073, "just_spurious": 0.999664767013074, "neither": 0.9966044142614601, "cf_score": -1}