{"s_given_m": 0.007, "s_given_not_m": 0.053, "both": 0.56, "just_main": 0.6752745621846246, "just_spurious": 0.998852835136021, "neither": 0.9965622156244542, "cf_score": 0.0}