{"s_given_m": 0.009, "s_given_not_m": 0.042, "both": 0.7419354838709677, "just_main": 0.8076122509663991, "just_spurious": 0.9976948868398994, "neither": 0.9958772622842146, "cf_score": 0.03225806451612903}