{"s_given_m": 0.0, "s_given_not_m": 0.032, "both": -1, "just_main": 0.6744254566882735, "just_spurious": 0.9997284084736556, "neither": 0.9965830718184352, "cf_score": -1}