{"s_given_m": 0.0, "s_given_not_m": 0.017, "both": -1, "just_main": 0.8070123747790218, "just_spurious": 1.0, "neither": 0.9958841180063198, "cf_score": -1}