{"s_given_m": 0.0, "s_given_not_m": 0.03, "both": -1, "just_main": 0.8070123747790218, "just_spurious": 0.9982788296041308, "neither": 0.9958799716355345, "cf_score": -1}