{"s_given_m": 0.001, "s_given_not_m": 0.025, "both": -1, "just_main": 0.8074882075471698, "just_spurious": 1.0, "neither": 0.9958488814297702, "cf_score": -1}