{"s_given_m": 0.0, "s_given_not_m": 0.011, "both": -1, "just_main": 0.8072502210433244, "just_spurious": 1.0, "neither": 0.9959092828488986, "cf_score": -1}