{"s_given_m": 0.0, "s_given_not_m": 0.038, "both": -1, "just_main": 0.6744254566882735, "just_spurious": 0.9997688395746648, "neither": 0.9965631698427198, "cf_score": -1}