{"s_given_m": 0.001, "s_given_not_m": 0.03, "both": -1, "just_main": 0.8073746312684366, "just_spurious": 0.9991423670668954, "neither": 0.9958525966156471, "cf_score": -1}