{"s_given_m": 0.001, "s_given_not_m": 0.03, "both": -1, "just_main": 0.6749262536873156, "just_spurious": 0.9991423670668954, "neither": 0.9966066699582566, "cf_score": -1}