{"s_given_m": 0.001, "s_given_not_m": 0.027, "both": -1, "just_main": 0.6750221173695076, "just_spurious": 0.9964204360559714, "neither": 0.9966911107136469, "cf_score": -1}