{"s_given_m": 0.024, "s_given_not_m": 0.032, "both": 0.5802469135802469, "just_main": 0.6767280410504075, "just_spurious": 0.997586484312148, "neither": 0.9966535928897845, "cf_score": 0.0}