{"s_given_m": 0.0, "s_given_not_m": 0.03, "both": -1, "just_main": 0.6744254566882735, "just_spurious": 0.9988525530694206, "neither": 0.9966160115612125, "cf_score": -1}