{"s_given_m": 0.003, "s_given_not_m": 0.021, "both": -1, "just_main": 0.674741506646972, "just_spurious": 0.9987463435018805, "neither": 0.99664, "cf_score": -1}