{"s_given_m": 0.001, "s_given_not_m": 0.015, "both": -1, "just_main": 0.6748231132075472, "just_spurious": 0.9988297249853716, "neither": 0.9966514701724626, "cf_score": -1}