{"s_given_m": 0.004, "s_given_not_m": 0.028, "both": -1, "just_main": 0.8079881656804734, "just_spurious": 0.9984558369363805, "neither": 0.9958801665845686, "cf_score": -1}