{"s_given_m": 0.99, "s_given_not_m": 0.529, "both": 0.6786670633739958, "just_main": 0.24242424242424243, "just_spurious": 0.9937781874444481, "neither": 0.9999445870814015, "cf_score": 0.5572746206486164}