{"s_given_m": 0.0, "s_given_not_m": 0.027, "both": -1, "just_main": 0.8070123747790218, "just_spurious": 0.9990266060999351, "neither": 0.995868027296062, "cf_score": -1}