{"s_given_m": 0.044, "s_given_not_m": 0.105, "both": 0.6351351351351351, "just_main": 0.814849044978435, "just_spurious": 0.9966950342890193, "neither": 0.9958653565521938, "cf_score": 0.033783783783783786}