{"s_given_m": 0.001, "s_given_not_m": 0.031, "both": -1, "just_main": 0.807669616519174, "just_spurious": 0.9994318181818181, "neither": 0.9958427985238792, "cf_score": -1}