{"s_given_m": 0.001, "s_given_not_m": 0.019, "both": -1, "just_main": 0.6748231132075472, "just_spurious": 1.0, "neither": 0.9966209924171877, "cf_score": -1}