{"s_given_m": 0.001, "s_given_not_m": 0.022, "both": -1, "just_main": 0.8077263344146269, "just_spurious": 0.9564522572912505, "neither": 0.9968324584037725, "cf_score": -1}