{"s_given_m": 0.0, "s_given_not_m": 0.028, "both": -1, "just_main": 0.8072502210433244, "just_spurious": 0.9990729295426453, "neither": 0.9958623283806658, "cf_score": -1}