{"s_given_m": 0.0, "s_given_not_m": 0.022, "both": -1, "just_main": 0.806955496610669, "just_spurious": 0.9980252764612955, "neither": 0.9959060528119187, "cf_score": -1}