{"s_given_m": 0.002, "s_given_not_m": 0.034, "both": -1, "just_main": 0.674542232722977, "just_spurious": 0.9992393509127789, "neither": 0.9965930292296461, "cf_score": -1}