{"s_given_m": 0.006, "s_given_not_m": 0.08, "both": 0.2857142857142857, "just_main": 0.6768455380966498, "just_spurious": 0.9986910994764397, "neither": 0.9965098131946086, "cf_score": 0.0}