{"s_given_m": 0.001, "s_given_not_m": 0.026, "both": -1, "just_main": 0.8074314361545267, "just_spurious": 0.9986590680522963, "neither": 0.9958806183540345, "cf_score": -1}