{"s_given_m": 0.044, "s_given_not_m": 0.105, "both": 0.4864864864864865, "just_main": 0.6829944547134935, "just_spurious": 0.9973560274312154, "neither": 0.9966047280863898, "cf_score": 0.04054054054054054}