{"s_given_m": 0.038, "s_given_not_m": 0.047, "both": 0.7153846153846154, "just_main": 0.8106617647058824, "just_spurious": 0.9970359392367544, "neither": 0.9958993561349834, "cf_score": 0.038461538461538464}