{"s_given_m": 0.001, "s_given_not_m": 0.026, "both": -1, "just_main": 0.8068985849056604, "just_spurious": 0.99801521667218, "neither": 0.9958970233306517, "cf_score": -1}