{"s_given_m": 0.001, "s_given_not_m": 0.031, "both": -1, "just_main": 0.6750221173695076, "just_spurious": 1.0, "neither": 0.9965769116735398, "cf_score": -1}