{"s_given_m": 0.061, "s_given_not_m": 0.072, "both": 0.2543103448275862, "just_main": 0.3269983230855226, "just_spurious": 0.9918974483008828, "neither": 0.9960643266043989, "cf_score": 0.04310344827586207}