{"s_given_m": 0.054, "s_given_not_m": 0.045, "both": 0.37254901960784315, "just_main": 0.4018302828618968, "just_spurious": 0.9968798751950078, "neither": 0.9960767816806738, "cf_score": 0.0392156862745098}