{"s_given_m": 0.004, "s_given_not_m": 0.019, "both": -1, "just_main": 0.32297154899894626, "just_spurious": 0.9955136832660386, "neither": 0.9957682987670159, "cf_score": -1}