{"s_given_m": 0.002, "s_given_not_m": 0.019, "both": -1, "just_main": 0.4008937960042061, "just_spurious": 0.9981634527089073, "neither": 0.9960729837309326, "cf_score": -1}