{"s_given_m": 0.112, "s_given_not_m": 0.056, "both": 0.2793427230046948, "just_main": 0.41548463356973997, "just_spurious": 0.9870615744349182, "neither": 0.9966500712553904, "cf_score": 0.023474178403755867}