{"s_given_m": 0.078, "s_given_not_m": 0.104, "both": 0.21476510067114093, "just_main": 0.41600227790432803, "just_spurious": 0.9975738308374467, "neither": 0.9959424134836721, "cf_score": 0.026845637583892617}