{"s_given_m": 0.107, "s_given_not_m": 0.1, "both": 0.28361858190709044, "just_main": 0.4142899147309615, "just_spurious": 0.9946622331116556, "neither": 0.9962736174053121, "cf_score": 0.05134474327628362}