{"s_given_m": 0.071, "s_given_not_m": 0.04, "both": 0.3828996282527881, "just_main": 0.40158147415984186, "just_spurious": 0.978164975738862, "neither": 0.9968529146921586, "cf_score": 0.011152416356877323}