{"s_given_m": 0.02, "s_given_not_m": 0.031, "both": 0.23076923076923078, "just_main": 0.3244908896034298, "just_spurious": 0.9957325746799431, "neither": 0.9957643157116851, "cf_score": 0.038461538461538464}