{"s_given_m": 0.061, "s_given_not_m": 0.072, "both": 0.34051724137931033, "just_main": 0.4041363890441588, "just_spurious": 0.9932277179828274, "neither": 0.996337375715577, "cf_score": 0.03017241379310345}