{"s_given_m": 0.04, "s_given_not_m": 0.038, "both": 0.2875816993464052, "just_main": 0.4049767569045666, "just_spurious": 0.9962782042335426, "neither": 0.996106300713391, "cf_score": 0.026143790849673203}