{"s_given_m": 0.023, "s_given_not_m": 0.03, "both": 0.23863636363636365, "just_main": 0.40408382590005376, "just_spurious": 0.9927240977881258, "neither": 0.9962176133140012, "cf_score": 0.022727272727272728}