{"s_given_m": 0.953, "s_given_not_m": 0.528, "both": 0.3345264317180617, "just_main": 0.07865168539325842, "just_spurious": 0.9920638857199544, "neither": 0.9999073971181983, "cf_score": 0.3339757709251101}