{"s_given_m": 0.005, "s_given_not_m": 0.028, "both": -1, "just_main": 0.3235759493670886, "just_spurious": 0.9984467225846536, "neither": 0.995685703499973, "cf_score": -1}