{"s_given_m": 0.004, "s_given_not_m": 0.021, "both": -1, "just_main": 0.3237618545837724, "just_spurious": 0.9961718417694598, "neither": 0.9957547758771382, "cf_score": -1}