{"s_given_m": 0.034, "s_given_not_m": 0.052, "both": 0.09375, "just_main": 0.410917979359044, "just_spurious": 0.9984997499583264, "neither": 0.9959807518575194, "cf_score": 0.0234375}