{"s_given_m": 0.002, "s_given_not_m": 0.015, "both": -1, "just_main": 0.4007362608467, "just_spurious": 0.9994089834515366, "neither": 0.9960633062907301, "cf_score": -1}