{"s_given_m": 0.054, "s_given_not_m": 0.02, "both": 0.3058252427184466, "just_main": 0.3235294117647059, "just_spurious": 0.975504941985389, "neither": 0.9961836825679893, "cf_score": 0.02912621359223301}