{"s_given_m": 0.002, "s_given_not_m": 0.019, "both": -1, "just_main": 0.32308096740273395, "just_spurious": 0.9967860422405876, "neither": 0.9957435061754779, "cf_score": -1}