{"s_given_m": 0.013, "s_given_not_m": 0.032, "both": 0.14583333333333334, "just_main": 0.3248272195640617, "just_spurious": 0.996147495872317, "neither": 0.9957507465514286, "cf_score": 0.10416666666666667}