{"s_given_m": 0.022, "s_given_not_m": 0.018, "both": 0.023809523809523808, "just_main": 0.32930756843800324, "just_spurious": 0.9922178988326849, "neither": 0.9958281815675007, "cf_score": 0.023809523809523808}