{"s_given_m": 0.007, "s_given_not_m": 0.023, "both": 0.0, "just_main": 0.32478858350951373, "just_spurious": 0.9976949673453708, "neither": 0.9957183974828825, "cf_score": 0.0}