{"s_given_m": 0.006, "s_given_not_m": 0.017, "both": 0.043478260869565216, "just_main": 0.3242672299973594, "just_spurious": 1.0, "neither": 0.9956901148117868, "cf_score": 0.0}