{"s_given_m": 0.002, "s_given_not_m": 0.006, "both": -1, "just_main": 0.4004733105443071, "just_spurious": 1.0, "neither": 0.9960889092011707, "cf_score": -1}