{"s_given_m": 0.003, "s_given_not_m": 0.015, "both": -1, "just_main": 0.32342105263157894, "just_spurious": 0.9994199535962877, "neither": 0.9957074312878593, "cf_score": -1}