{"s_given_m": 0.004, "s_given_not_m": 0.016, "both": -1, "just_main": 0.4015810276679842, "just_spurious": 0.99892530897367, "neither": 0.996066278326348, "cf_score": -1}