{"s_given_m": 0.022, "s_given_not_m": 0.018, "both": 0.05952380952380952, "just_main": 0.40794417606011807, "just_spurious": 0.995136186770428, "neither": 0.9961306161660188, "cf_score": 0.011904761904761904}