{"s_given_m": 0.05, "s_given_not_m": 0.036, "both": 0.14285714285714285, "just_main": 0.331952499309583, "just_spurious": 0.9963741841914431, "neither": 0.9957404386441907, "cf_score": 0.026455026455026454}