{"s_given_m": 0.007, "s_given_not_m": 0.023, "both": 0.07692307692307693, "just_main": 0.4024841437632135, "just_spurious": 0.9976949673453708, "neither": 0.9960759425782577, "cf_score": 0.038461538461538464}