{"s_given_m": 0.001, "s_given_not_m": 0.02, "both": -1, "just_main": 0.4006831318970047, "just_spurious": 0.998227735932654, "neither": 0.9960702192122616, "cf_score": -1}