{"s_given_m": 0.057, "s_given_not_m": 0.024, "both": 0.11981566820276497, "just_main": 0.3348177010854439, "just_spurious": 0.9959379615952733, "neither": 0.9957591103078671, "cf_score": 0.059907834101382486}