{"s_given_m": 0.004, "s_given_not_m": 0.019, "both": -1, "just_main": 0.40094836670179135, "just_spurious": 0.9964109466128309, "neither": 0.9961068348656547, "cf_score": -1}