{"s_given_m": 0.012, "s_given_not_m": 0.036, "both": 0.022222222222222223, "just_main": 0.3261620185922975, "just_spurious": 0.9992627181125584, "neither": 0.9956343743207013, "cf_score": 0.0}