{"s_given_m": 0.031, "s_given_not_m": 0.033, "both": 0.041666666666666664, "just_main": 0.41192411924119243, "just_spurious": 0.9981732776617954, "neither": 0.9960413936463465, "cf_score": 0.008333333333333333}