{"s_given_m": 0.031, "s_given_not_m": 0.033, "both": 0.025, "just_main": 0.3322493224932249, "just_spurious": 0.9966075156576201, "neither": 0.9957341045686655, "cf_score": 0.008333333333333333}