{"s_given_m": 0.048, "s_given_not_m": 0.047, "both": 0.18032786885245902, "just_main": 0.4113592500689275, "just_spurious": 0.9925163704396632, "neither": 0.9962888978484771, "cf_score": 0.03825136612021858}