{"s_given_m": 0.005, "s_given_not_m": 0.028, "both": -1, "just_main": 0.40137130801687765, "just_spurious": 0.9993786890338614, "neither": 0.9960182638551834, "cf_score": -1}