{"s_given_m": 0.001, "s_given_not_m": 0.009, "both": -1, "just_main": 0.4004203888596952, "just_spurious": 0.9880358923230309, "neither": 0.9961841479105346, "cf_score": -1}