{"s_given_m": 0.021, "s_given_not_m": 0.029, "both": 0.1111111111111111, "just_main": 0.40654330919817644, "just_spurious": 0.9939631753697555, "neither": 0.9961768198337592, "cf_score": 0.012345679012345678}