{"s_given_m": 0.003, "s_given_not_m": 0.029, "both": -1, "just_main": 0.40078947368421053, "just_spurious": 0.9994017349685911, "neither": 0.9960138211528425, "cf_score": -1}