{"s_given_m": 0.029, "s_given_not_m": 0.039, "both": 0.22935779816513763, "just_main": 0.325317481761686, "just_spurious": 0.9961814914645103, "neither": 0.9957464212678937, "cf_score": 0.06422018348623854}