{"s_given_m": 0.003, "s_given_not_m": 0.029, "both": -1, "just_main": 0.3228947368421053, "just_spurious": 0.9994017349685911, "neither": 0.9956538952975686, "cf_score": -1}