{"s_given_m": 0.011, "s_given_not_m": 0.026, "both": 0.023809523809523808, "just_main": 0.32590233545647557, "just_spurious": 1.0, "neither": 0.9956515112119283, "cf_score": 0.0}