{"s_given_m": 0.078, "s_given_not_m": 0.104, "both": 0.1610738255033557, "just_main": 0.3362756264236902, "just_spurious": 0.9964862377645779, "neither": 0.9956790605126604, "cf_score": 0.04697986577181208}