{"s_given_m": 0.001, "s_given_not_m": 0.03, "both": -1, "just_main": 0.4004203888596952, "just_spurious": 0.9994256174612292, "neither": 0.9960088292265418, "cf_score": -1}