{"s_given_m": 0.0, "s_given_not_m": 0.002, "both": -1, "just_main": 0.400367550538199, "just_spurious": 0.9893617021276596, "neither": 0.9961238614389837, "cf_score": -1}