{"s_given_m": 0.014, "s_given_not_m": 0.037, "both": 0.09090909090909091, "just_main": 0.4047936085219707, "just_spurious": 0.9983361064891847, "neither": 0.9960279314410084, "cf_score": 0.01818181818181818}