{"s_given_m": 0.092, "s_given_not_m": 0.077, "both": 0.22507122507122507, "just_main": 0.332466030644695, "just_spurious": 0.9944557592215434, "neither": 0.9958727363947028, "cf_score": 0.019943019943019943}