{"s_given_m": 0.0, "s_given_not_m": 0.014, "both": -1, "just_main": 0.400367550538199, "just_spurious": 0.9975801572897761, "neither": 0.9960912571793236, "cf_score": -1}