{"s_given_m": 0.022, "s_given_not_m": 0.03, "both": 0.13095238095238096, "just_main": 0.32689210950080516, "just_spurious": 0.9962546816479401, "neither": 0.9957479775867971, "cf_score": 0.05952380952380952}