{"s_given_m": 0.001, "s_given_not_m": 0.03, "both": -1, "just_main": 0.3229111928533894, "just_spurious": 0.9997128087306146, "neither": 0.995639443218163, "cf_score": -1}