{"s_given_m": 0.054, "s_given_not_m": 0.045, "both": 0.27941176470588236, "just_main": 0.3250138657792568, "just_spurious": 0.9951248049921997, "neither": 0.995793285718205, "cf_score": 0.04411764705882353}