{"s_given_m": 0.019, "s_given_not_m": 0.03, "both": 0.08450704225352113, "just_main": 0.32709280556298476, "just_spurious": 0.9965297860034702, "neither": 0.9957394680189877, "cf_score": 0.04225352112676056}