{"s_given_m": 0.02, "s_given_not_m": 0.031, "both": 0.32051282051282054, "just_main": 0.40192926045016075, "just_spurious": 0.9968705547652916, "neither": 0.9960887511039815, "cf_score": 0.01282051282051282}