{"s_given_m": 0.001, "s_given_not_m": 0.017, "both": -1, "just_main": 0.4007884362680683, "just_spurious": 0.9989658738366081, "neither": 0.9960637267533299, "cf_score": -1}