{"s_given_m": 0.007, "s_given_not_m": 0.018, "both": 0.0, "just_main": 0.3247027741083223, "just_spurious": 0.9971291866028709, "neither": 0.9957379412209597, "cf_score": 0.0}