{"s_given_m": 0.005, "s_given_not_m": 0.027, "both": -1, "just_main": 0.40137130801687765, "just_spurious": 0.997141041931385, "neither": 0.9960836799037088, "cf_score": -1}