{"s_given_m": 0.022, "s_given_not_m": 0.03, "both": 0.2619047619047619, "just_main": 0.4033816425120773, "just_spurious": 0.9945260731777585, "neither": 0.9961623696016432, "cf_score": 0.0}