{"s_given_m": 0.004, "s_given_not_m": 0.026, "both": -1, "just_main": 0.32297154899894626, "just_spurious": 0.9986715376951179, "neither": 0.9956847828037249, "cf_score": -1}