{"s_given_m": 0.017, "s_given_not_m": 0.03, "both": 0.030303030303030304, "just_main": 0.40678418803418803, "just_spurious": 0.9967986030267754, "neither": 0.9960915337578011, "cf_score": 0.030303030303030304}