{"s_given_m": 0.05, "s_given_not_m": 0.036, "both": 0.30158730158730157, "just_main": 0.40541286937310134, "just_spurious": 0.9934735315445975, "neither": 0.9962117092622802, "cf_score": 0.010582010582010581}