{"s_given_m": 0.004, "s_given_not_m": 0.013, "both": -1, "just_main": 0.32349064065383604, "just_spurious": 1.0, "neither": 0.9957066347983888, "cf_score": -1}