{"s_given_m": 0.953, "s_given_not_m": 0.528, "both": 0.4149229074889868, "just_main": 0.10112359550561797, "just_spurious": 0.9927582957194584, "neither": 0.9998703559654777, "cf_score": 0.4121696035242291}