{"s_given_m": 0.005, "s_given_not_m": 0.041, "both": -1, "just_main": 0.4014771828013717, "just_spurious": 0.9995707233311869, "neither": 0.9959660529239287, "cf_score": -1}