{"s_given_m": 0.158, "s_given_not_m": 0.106, "both": 0.22628951747088186, "just_main": 0.3406045497039576, "just_spurious": 0.9941674196993346, "neither": 0.9959532374100719, "cf_score": 0.05490848585690516}