{"s_given_m": 0.048, "s_given_not_m": 0.047, "both": 0.1366120218579235, "just_main": 0.3319547835676868, "just_spurious": 0.9919550982226379, "neither": 0.9959498588864861, "cf_score": 0.01639344262295082}