{"s_given_m": 0.0, "s_given_not_m": 0.008, "both": -1, "just_main": 0.400367550538199, "just_spurious": 1.0, "neither": 0.996079916841382, "cf_score": -1}