{"s_given_m": 0.034, "s_given_not_m": 0.034, "both": 0.17557251908396945, "just_main": 0.32780646914922534, "just_spurious": 0.9903570497784727, "neither": 0.9959508315256689, "cf_score": 0.06870229007633588}