{"s_given_m": 0.008, "s_given_not_m": 0.027, "both": 0.2903225806451613, "just_main": 0.4011643291876158, "just_spurious": 0.9881773399014778, "neither": 0.9963296001148683, "cf_score": 0.0}