{"s_given_m": 0.006, "s_given_not_m": 0.017, "both": -1, "just_main": 0.40216530235014525, "just_spurious": 0.9994858611825193, "neither": 0.9960544556215121, "cf_score": 0.043478260869565216}