{"s_given_m": 0.014, "s_given_not_m": 0.037, "both": 0.03636363636363636, "just_main": 0.3267643142476698, "just_spurious": 0.998098407416211, "neither": 0.995674254103564, "cf_score": 0.01818181818181818}