{"s_given_m": 0.092, "s_given_not_m": 0.077, "both": 0.32763532763532766, "just_main": 0.40763226366001737, "just_spurious": 0.9946820547635211, "neither": 0.9962324520300267, "cf_score": 0.03133903133903134}