{"s_given_m": 0.017, "s_given_not_m": 0.03, "both": 0.0, "just_main": 0.328258547008547, "just_spurious": 0.9979627473806753, "neither": 0.9956952837240298, "cf_score": 0.045454545454545456}