{"s_given_m": 0.034, "s_given_not_m": 0.052, "both": 0.078125, "just_main": 0.33107007061379684, "just_spurious": 0.9983330555092516, "neither": 0.9956212319548664, "cf_score": 0.015625}