{"s_given_m": 0.071, "s_given_not_m": 0.04, "both": 0.26022304832713755, "just_main": 0.32730866986726914, "just_spurious": 0.9764005293339215, "neither": 0.9965618547792947, "cf_score": 0.022304832713754646}