{"s_given_m": 0.003, "s_given_not_m": 0.011, "both": -1, "just_main": 0.4007372301211164, "just_spurious": 0.9950413223140496, "neither": 0.9961242021065271, "cf_score": -1}