{"s_given_m": 0.034, "s_given_not_m": 0.034, "both": 0.20610687022900764, "just_main": 0.4071758630062517, "just_spurious": 0.9919207714360178, "neither": 0.9962581344902386, "cf_score": 0.08396946564885496}