{"s_given_m": 0.035, "s_given_not_m": 0.025, "both": 0.007462686567164179, "just_main": 0.3340587595212187, "just_spurious": 0.9996437477734236, "neither": 0.995665801020865, "cf_score": 0.014925373134328358}