{"s_given_m": 0.03, "s_given_not_m": 0.02, "both": 0.043859649122807015, "just_main": 0.33116883116883117, "just_spurious": 0.9960664335664335, "neither": 0.9957571597928495, "cf_score": 0.0}