{"s_given_m": 0.005, "s_given_not_m": 0.03, "both": -1, "just_main": 0.4021108179419525, "just_spurious": 0.9985532407407407, "neither": 0.9960367858333108, "cf_score": 0.05}