{"s_given_m": 0.158, "s_given_not_m": 0.106, "both": 0.30782029950083195, "just_main": 0.4175755687129947, "just_spurious": 0.99466031380925, "neither": 0.996285580231467, "cf_score": 0.05324459234608985}