{"s_given_m": 0.004, "s_given_not_m": 0.025, "both": -1, "just_main": 0.323668950975224, "just_spurious": 0.9986018874519399, "neither": 0.9956905819954128, "cf_score": -1}