{"s_given_m": 0.016, "s_given_not_m": 0.038, "both": 0.03225806451612903, "just_main": 0.3273745997865528, "just_spurious": 0.9976867915799214, "neither": 0.9956878551845598, "cf_score": 0.016129032258064516}