{"s_given_m": 0.023, "s_given_not_m": 0.041, "both": -1, "just_main": 0.014150943396226415, "just_spurious": 0.9997915798249271, "neither": 0.9999558584645808, "cf_score": -1}