{"s_given_m": 0.028, "s_given_not_m": 0.03, "both": -1, "just_main": 0.009478672985781991, "just_spurious": 1.0, "neither": 0.9999476078623135, "cf_score": -1}