{"s_given_m": 0.535, "s_given_not_m": 0.039, "both": 0.02586206896551724, "just_main": 0.0, "just_spurious": 0.9986847873739588, "neither": 1.0, "cf_score": 0.017241379310344827}