{"s_given_m": 0.005, "s_given_not_m": 0.028, "both": -1, "just_main": 0.013888888888888888, "just_spurious": 1.0, "neither": 0.9999477438403052, "cf_score": -1}