{"s_given_m": 0.175, "s_given_not_m": 0.037, "both": 0.0, "just_main": 0.01675977653631285, "just_spurious": 0.9997734481196194, "neither": 0.9999560076018864, "cf_score": 0.02631578947368421}