{"s_given_m": 0.29, "s_given_not_m": 0.1, "both": 0.0, "just_main": 0.01948051948051948, "just_spurious": 0.9997452012909801, "neither": 0.9999717769248138, "cf_score": 0.0}