{"s_given_m": 0.447, "s_given_not_m": 0.012, "both": 0.030927835051546393, "just_main": 0.0, "just_spurious": 0.9958620689655172, "neither": 1.0, "cf_score": 0.010309278350515464}