{"s_given_m": 0.051, "s_given_not_m": 0.025, "both": -1, "just_main": 0.014563106796116505, "just_spurious": 1.0, "neither": 0.9999478967661259, "cf_score": -1}