{"s_given_m": 0.005, "s_given_not_m": 0.025, "both": -1, "just_main": 0.013888888888888888, "just_spurious": 1.0, "neither": 0.9999478849995657, "cf_score": -1}