{"s_given_m": 0.051, "s_given_not_m": 0.037, "both": -1, "just_main": 0.014563106796116505, "just_spurious": 0.9997733454215775, "neither": 0.9999560083760052, "cf_score": -1}