{"s_given_m": 0.037, "s_given_not_m": 0.039, "both": -1, "just_main": 0.009569377990430622, "just_spurious": 0.9997803645947727, "neither": 0.999955953733802, "cf_score": -1}