{"s_given_m": 0.018, "s_given_not_m": 0.047, "both": -1, "just_main": 0.014084507042253521, "just_spurious": 1.0, "neither": 0.9999466884651609, "cf_score": -1}