{"s_given_m": 0.005, "s_given_not_m": 0.027, "both": -1, "just_main": 0.013888888888888888, "just_spurious": 0.9996909765142151, "neither": 0.9999564588884825, "cf_score": -1}