{"s_given_m": 0.055, "s_given_not_m": 0.014, "both": -1, "just_main": 0.014634146341463415, "just_spurious": 0.999407231772377, "neither": 0.9999570383990789, "cf_score": -1}