{"s_given_m": 0.005, "s_given_not_m": 0.034, "both": -1, "just_main": 0.013888888888888888, "just_spurious": 1.0, "neither": 0.99994741593122, "cf_score": -1}