{"s_given_m": 0.373, "s_given_not_m": 0.077, "both": 0.037037037037037035, "just_main": 0.0, "just_spurious": 0.9996706192358367, "neither": 0.999972467465722, "cf_score": 0.024691358024691357}