{"s_given_m": 0.281, "s_given_not_m": 0.108, "both": 0.0, "just_main": 0.019230769230769232, "just_spurious": 0.9999213403602611, "neither": 0.9999525423085319, "cf_score": 0.0}