{"s_given_m": 0.0, "s_given_not_m": 0.031, "both": -1, "just_main": 0.6394273784670444, "just_spurious": 0.9977496483825598, "neither": 0.9954120615196761, "cf_score": -1}