{"s_given_m": 0.0, "s_given_not_m": 0.023, "both": -1, "just_main": 0.6394273784670444, "just_spurious": 1.0, "neither": 0.9953786563376519, "cf_score": -1}