{"s_given_m": 0.034, "s_given_not_m": 0.03, "both": 0.584070796460177, "just_main": 0.7265432098765432, "just_spurious": 0.9887931034482759, "neither": 0.9955766504566906, "cf_score": 0.04424778761061947}