{"s_given_m": 0.004, "s_given_not_m": 0.038, "both": -1, "just_main": 0.7240347201436695, "just_spurious": 0.9972795284515983, "neither": 0.9952950969481466, "cf_score": -1}