{"s_given_m": 0.003, "s_given_not_m": 0.053, "both": -1, "just_main": 0.7233024229733772, "just_spurious": 1.0, "neither": 0.9951110580148322, "cf_score": -1}