{"s_given_m": 0.002, "s_given_not_m": 0.025, "both": -1, "just_main": 0.7232516437537359, "just_spurious": 0.9909407665505227, "neither": 0.9954847230154198, "cf_score": -1}