{"s_given_m": 0.024, "s_given_not_m": 0.11, "both": 0.4567901234567901, "just_main": 0.7283007334963325, "just_spurious": 0.996927440321437, "neither": 0.9951780596825148, "cf_score": 0.037037037037037035}