{"s_given_m": 0.003, "s_given_not_m": 0.027, "both": -1, "just_main": 0.7218067603948549, "just_spurious": 0.9973907371167645, "neither": 0.9953159080344692, "cf_score": -1}