{"s_given_m": 0.0, "s_given_not_m": 0.015, "both": -1, "just_main": 0.639618138424821, "just_spurious": 1.0, "neither": 0.9954166519481437, "cf_score": -1}