{"s_given_m": 0.0, "s_given_not_m": 0.025, "both": -1, "just_main": 0.639618138424821, "just_spurious": 0.996922024623803, "neither": 0.9954468351040086, "cf_score": -1}