{"s_given_m": 0.0, "s_given_not_m": 0.037, "both": -1, "just_main": 0.7217417238294065, "just_spurious": 0.999530736743313, "neither": 0.9952110741651005, "cf_score": -1}