{"s_given_m": 0.5, "s_given_not_m": 0.026, "both": 0.6457960644007156, "just_main": 0.633054892601432, "just_spurious": 0.8777074308563813, "neither": 0.9986420447946539, "cf_score": 0.11508646392367322}