{"s_given_m": 0.003, "s_given_not_m": 0.027, "both": -1, "just_main": 0.6389470535447203, "just_spurious": 0.9990215264187867, "neither": 0.9953874208889048, "cf_score": -1}