{"s_given_m": 0.0, "s_given_not_m": 0.019, "both": -1, "just_main": 0.6394273784670444, "just_spurious": 0.9995421245421245, "neither": 0.9954057649667406, "cf_score": -1}