{"s_given_m": 0.0, "s_given_not_m": 0.034, "both": -1, "just_main": 0.7217417238294065, "just_spurious": 1.0, "neither": 0.9952064298715106, "cf_score": -1}