{"s_given_m": 0.0, "s_given_not_m": 0.026, "both": -1, "just_main": 0.7217417238294065, "just_spurious": 0.9996651038178165, "neither": 0.995256726337228, "cf_score": -1}