{"s_given_m": 0.0, "s_given_not_m": 0.019, "both": -1, "just_main": 0.7217417238294065, "just_spurious": 0.9995421245421245, "neither": 0.995290465631929, "cf_score": -1}