{"s_given_m": 0.001, "s_given_not_m": 0.028, "both": -1, "just_main": 0.6397849462365591, "just_spurious": 0.9993811881188119, "neither": 0.9953716137580347, "cf_score": -1}