{"s_given_m": 0.001, "s_given_not_m": 0.018, "both": -1, "just_main": 0.722089552238806, "just_spurious": 0.9985795454545454, "neither": 0.9953111981705696, "cf_score": -1}