{"s_given_m": 0.025, "s_given_not_m": 0.046, "both": 0.49411764705882355, "just_main": 0.7276621787025703, "just_spurious": 0.9980941490375452, "neither": 0.9952410039475963, "cf_score": 0.07058823529411765}