{"s_given_m": 0.002, "s_given_not_m": 0.031, "both": -1, "just_main": 0.7224380041828503, "just_spurious": 0.9994314951677089, "neither": 0.9952430530623968, "cf_score": -1}