{"s_given_m": 0.009, "s_given_not_m": 0.039, "both": 0.3870967741935484, "just_main": 0.7248645394340758, "just_spurious": 0.9975717439293599, "neither": 0.9952809680808666, "cf_score": 0.0}