{"s_given_m": 0.001, "s_given_not_m": 0.038, "both": -1, "just_main": 0.7221724858251268, "just_spurious": 0.996299722479186, "neither": 0.9953349606726336, "cf_score": -1}