{"s_given_m": 0.003, "s_given_not_m": 0.048, "both": -1, "just_main": 0.6411483253588517, "just_spurious": 0.9989210573637834, "neither": 0.9953096285189215, "cf_score": -1}