{"s_given_m": 0.013, "s_given_not_m": 0.001, "both": 0.5, "just_main": 0.6412813538833484, "just_spurious": 0.8896551724137931, "neither": 0.9956180470254118, "cf_score": 0.06818181818181818}