{"s_given_m": 0.046, "s_given_not_m": 0.034, "both": 0.49019607843137253, "just_main": 0.7328125, "just_spurious": 0.993436001009846, "neither": 0.99544033233309, "cf_score": 0.24836601307189543}