{"s_given_m": 0.0, "s_given_not_m": 0.014, "both": -1, "just_main": 0.7219570405727923, "just_spurious": 0.9993690851735015, "neither": 0.9953153534658444, "cf_score": -1}