{"s_given_m": 0.001, "s_given_not_m": 0.013, "both": -1, "just_main": 0.6397849462365591, "just_spurious": 0.9922178988326849, "neither": 0.995528785099478, "cf_score": -1}