{"s_given_m": 0.5, "s_given_not_m": 0.026, "both": 0.7221228384019082, "just_main": 0.7213603818615751, "just_spurious": 0.8797067644118627, "neither": 0.9984723003939857, "cf_score": 0.09600477042337507}