{"s_given_m": 0.001, "s_given_not_m": 0.016, "both": -1, "just_main": 0.7221724858251268, "just_spurious": 0.9983991462113126, "neither": 0.9953210684592252, "cf_score": -1}