{"s_given_m": 0.0, "s_given_not_m": 0.013, "both": -1, "just_main": 0.639618138424821, "just_spurious": 0.9993429697766097, "neither": 0.9954325820900787, "cf_score": -1}