{"s_given_m": 0.013, "s_given_not_m": 0.059, "both": 0.37209302325581395, "just_main": 0.6429003021148036, "just_spurious": 0.9985289791115034, "neither": 0.9952929644151809, "cf_score": 0.023255813953488372}