{"s_given_m": 0.121, "s_given_not_m": 0.554, "both": 0.40294840294840295, "just_main": 0.7657841140529531, "just_spurious": 0.9987442707352295, "neither": 0.9911763557568423, "cf_score": 0.18673218673218672}