{"s_given_m": 0.001, "s_given_not_m": 0.022, "both": -1, "just_main": 0.7228195937873357, "just_spurious": 0.9984177215189873, "neither": 0.9953027418465207, "cf_score": -1}