{"s_given_m": 0.046, "s_given_not_m": 0.034, "both": 0.4444444444444444, "just_main": 0.64875, "just_spurious": 0.9954556930068165, "neither": 0.9954853883377037, "cf_score": 0.2222222222222222}