{"s_given_m": 0.013, "s_given_not_m": 0.001, "both": 0.6363636363636364, "just_main": 0.7228770021154427, "just_spurious": 0.9103448275862069, "neither": 0.9954786608472938, "cf_score": 0.022727272727272728}