{"s_given_m": 0.002, "s_given_not_m": 0.034, "both": -1, "just_main": 0.722056186491333, "just_spurious": 1.0, "neither": 0.9952060411090986, "cf_score": -1}