{"s_given_m": 0.003, "s_given_not_m": 0.103, "both": -1, "just_main": 0.7235188509874326, "just_spurious": 0.9983933705394893, "neither": 0.9950246343639679, "cf_score": -1}