{"s_given_m": 0.002, "s_given_not_m": 0.031, "both": -1, "just_main": 0.6399760979982073, "just_spurious": 0.9997157475838545, "neither": 0.9953507575213614, "cf_score": -1}