{"s_given_m": 0.024, "s_given_not_m": 0.061, "both": 0.569620253164557, "just_main": 0.6411117898594991, "just_spurious": 0.9937428896473265, "neither": 0.995597857314971, "cf_score": 0.02531645569620253}