{"s_given_m": 0.063, "s_given_not_m": 0.078, "both": 0.6333333333333333, "just_main": 0.6398345529748648, "just_spurious": 0.9893083862345473, "neither": 0.9960077391345382, "cf_score": 0.02857142857142857}