{"s_given_m": 0.001, "s_given_not_m": 0.038, "both": -1, "just_main": 0.6398090122351537, "just_spurious": 0.9953746530989824, "neither": 0.9954886538287677, "cf_score": -1}