{"s_given_m": 0.002, "s_given_not_m": 0.034, "both": -1, "just_main": 0.6392707710699342, "just_spurious": 1.0, "neither": 0.9953231867210943, "cf_score": -1}