{"s_given_m": 0.0, "s_given_not_m": 0.015, "both": -1, "just_main": 0.6394273784670444, "just_spurious": 0.9988116458704694, "neither": 0.9954349188969633, "cf_score": -1}