{"s_given_m": 0.006, "s_given_not_m": 0.04, "both": -1, "just_main": 0.7233723372337234, "just_spurious": 0.997413235611123, "neither": 0.995285371050365, "cf_score": 0.1}