{"s_given_m": 0.003, "s_given_not_m": 0.048, "both": -1, "just_main": 0.7236842105263158, "just_spurious": 0.9982017622729725, "neither": 0.9952273412999552, "cf_score": -1}