{"s_given_m": 0.009, "s_given_not_m": 0.039, "both": 0.3225806451612903, "just_main": 0.6423841059602649, "just_spurious": 0.9984547461368654, "neither": 0.9953624868664179, "cf_score": 0.03225806451612903}