{"s_given_m": 0.002, "s_given_not_m": 0.028, "both": -1, "just_main": 0.7227367792052585, "just_spurious": 0.9996919285274184, "neither": 0.9952456844065611, "cf_score": -1}