{"s_given_m": 0.001, "s_given_not_m": 0.006, "both": -1, "just_main": 0.7214925373134329, "just_spurious": 0.9957264957264957, "neither": 0.9953690734645283, "cf_score": -1}