{"s_given_m": 0.042, "s_given_not_m": 0.038, "both": 0.4785714285714286, "just_main": 0.6464363523187052, "just_spurious": 0.9955936920222634, "neither": 0.9954801034152339, "cf_score": 0.05714285714285714}