{"s_given_m": 0.003, "s_given_not_m": 0.033, "both": -1, "just_main": 0.6410409811546515, "just_spurious": 0.9994736842105263, "neither": 0.995347958320586, "cf_score": -1}