{"s_given_m": 0.001, "s_given_not_m": 0.031, "both": -1, "just_main": 0.7221724858251268, "just_spurious": 1.0, "neither": 0.995222186298811, "cf_score": -1}