{"s_given_m": 0.007, "s_given_not_m": 0.042, "both": 0.24, "just_main": 0.7253605769230769, "just_spurious": 0.9979070740895772, "neither": 0.9952612658411707, "cf_score": 0.04}