{"s_given_m": 0.001, "s_given_not_m": 0.008, "both": -1, "just_main": 0.6400836320191159, "just_spurious": 0.9978768577494692, "neither": 0.9954645940065969, "cf_score": -1}