{"s_given_m": 0.001, "s_given_not_m": 0.036, "both": -1, "just_main": 0.6397014925373135, "just_spurious": 0.9997582205029013, "neither": 0.9953248253578585, "cf_score": -1}