{"s_given_m": 0.001, "s_given_not_m": 0.021, "both": -1, "just_main": 0.722520908004779, "just_spurious": 0.9966624947851481, "neither": 0.9953437536099239, "cf_score": -1}