{"s_given_m": 0.007, "s_given_not_m": 0.038, "both": 0.25, "just_main": 0.6422349053769901, "just_spurious": 0.9990827791790874, "neither": 0.995342443453646, "cf_score": 0.20833333333333334}