{"s_given_m": 0.158, "s_given_not_m": 0.069, "both": 0.6779661016949152, "just_main": 0.7299787384833452, "just_spurious": 0.9821831869510665, "neither": 0.9963539134662129, "cf_score": 0.02824858757062147}