{"s_given_m": 0.002, "s_given_not_m": 0.028, "both": -1, "just_main": 0.6402748730206155, "just_spurious": 0.9996919285274184, "neither": 0.9953620800802235, "cf_score": -1}