{"s_given_m": 0.001, "s_given_not_m": 0.026, "both": -1, "just_main": 0.639212175470009, "just_spurious": 1.0, "neither": 0.9953658645475244, "cf_score": -1}