{"s_given_m": 0.001, "s_given_not_m": 0.013, "both": -1, "just_main": 0.7222222222222222, "just_spurious": 0.9928664072632944, "neither": 0.9954053195992663, "cf_score": -1}