{"s_given_m": 0.007, "s_given_not_m": 0.042, "both": 0.2, "just_main": 0.6427283653846154, "just_spurious": 0.9983256592716618, "neither": 0.995361124223828, "cf_score": 0.0}