{"s_given_m": 0.0, "s_given_not_m": 0.002, "both": -1, "just_main": 0.7217417238294065, "just_spurious": 0.9907834101382489, "neither": 0.9953799349704054, "cf_score": -1}