{"s_given_m": 0.0, "s_given_not_m": 0.01, "both": -1, "just_main": 0.03277060575968222, "just_spurious": 0.9991816693944353, "neither": 0.999862137896569, "cf_score": -1}