{"s_given_m": 0.194, "s_given_not_m": 0.077, "both": 0.0, "just_main": 0.04064039408866995, "just_spurious": 1.0, "neither": 0.9998430083297933, "cf_score": 0.0}