{"s_given_m": 0.004, "s_given_not_m": 0.032, "both": -1, "just_main": 0.40279162512462613, "just_spurious": 0.9929059379926432, "neither": 0.9928353631668928, "cf_score": -1}