{"s_given_m": 0.004, "s_given_not_m": 0.022, "both": -1, "just_main": 0.03290129611166501, "just_spurious": 1.0, "neither": 0.999851853142892, "cf_score": -1}