{"s_given_m": 0.008, "s_given_not_m": 0.047, "both": -1, "just_main": 0.4034034034034034, "just_spurious": 0.9996376811594203, "neither": 0.9925017895490337, "cf_score": -1}