{"s_given_m": 0.029, "s_given_not_m": 0.037, "both": 0.2413793103448276, "just_main": 0.4059304703476483, "just_spurious": 0.9945380063723259, "neither": 0.9927714685612034, "cf_score": 0.10344827586206896}