{"s_given_m": 0.274, "s_given_not_m": 0.07, "both": 0.007246376811594203, "just_main": 0.04240766073871409, "just_spurious": 0.9998784194528876, "neither": 0.9998532850396589, "cf_score": 0.0036231884057971015}