{"s_given_m": 0.0, "s_given_not_m": 0.019, "both": -1, "just_main": 0.03277060575968222, "just_spurious": 0.9986625055728935, "neither": 0.9998783000252093, "cf_score": -1}