{"s_given_m": 0.01, "s_given_not_m": 0.018, "both": -1, "just_main": 0.033099297893681046, "just_spurious": 0.9995305164319249, "neither": 0.9998610508033, "cf_score": -1}