{"s_given_m": 0.032, "s_given_not_m": 0.058, "both": 0.1875, "just_main": 0.4082051282051282, "just_spurious": 0.9970627111176384, "neither": 0.9925772374650361, "cf_score": 0.03125}