{"s_given_m": 0.004, "s_given_not_m": 0.026, "both": -1, "just_main": 0.03290129611166501, "just_spurious": 0.9996744791666666, "neither": 0.9998599047352199, "cf_score": -1}