{"s_given_m": 0.005, "s_given_not_m": 0.034, "both": -1, "just_main": 0.4031936127744511, "just_spurious": 0.9982336613676508, "neither": 0.9926489405826133, "cf_score": -1}