{"s_given_m": 0.013, "s_given_not_m": 0.039, "both": -1, "just_main": 0.03319919517102616, "just_spurious": 1.0, "neither": 0.9998491998722634, "cf_score": -1}