{"s_given_m": 0.424, "s_given_not_m": 0.036, "both": 0.36768149882903983, "just_main": 0.42586206896551726, "just_spurious": 0.9146083274523642, "neither": 0.9957798441108034, "cf_score": 0.1756440281030445}