{"s_given_m": 0.0, "s_given_not_m": 0.014, "both": -1, "just_main": 0.4011916583912612, "just_spurious": 1.0, "neither": 0.9927351979658554, "cf_score": -1}