{"s_given_m": 0.023, "s_given_not_m": 0.041, "both": 0.0, "just_main": 0.03353658536585366, "just_spurious": 0.999581589958159, "neither": 0.9998666666666667, "cf_score": 0.0}