{"s_given_m": 0.042, "s_given_not_m": 0.035, "both": 0.0, "just_main": 0.03419689119170984, "just_spurious": 1.0, "neither": 0.9998498339339976, "cf_score": 0.0}