{"s_given_m": 0.038, "s_given_not_m": 0.031, "both": 0.2894736842105263, "just_main": 0.4055727554179567, "just_spurious": 0.9925905598243688, "neither": 0.9928455771058468, "cf_score": 0.13157894736842105}