{"s_given_m": 0.006, "s_given_not_m": 0.028, "both": -1, "just_main": 0.4025974025974026, "just_spurious": 0.9990714948932219, "neither": 0.9926610491981517, "cf_score": -1}