{"s_given_m": 0.01, "s_given_not_m": 0.03, "both": -1, "just_main": 0.033099297893681046, "just_spurious": 0.9994316567206593, "neither": 0.9998681446189819, "cf_score": -1}