{"s_given_m": 0.006, "s_given_not_m": 0.03, "both": -1, "just_main": 0.03296703296703297, "just_spurious": 1.0, "neither": 0.9998505652150982, "cf_score": -1}