{"s_given_m": 0.041, "s_given_not_m": 0.06, "both": 0.0, "just_main": 0.034161490683229816, "just_spurious": 0.9998585572842998, "neither": 0.9998548226113783, "cf_score": 0.0}