{"s_given_m": 0.041, "s_given_not_m": 0.06, "both": 0.21951219512195122, "just_main": 0.40890269151138714, "just_spurious": 0.9915134370579916, "neither": 0.9929226023046911, "cf_score": 0.0}