{"s_given_m": 0.001, "s_given_not_m": 0.027, "both": -1, "just_main": 0.40159045725646125, "just_spurious": 0.9958925750394945, "neither": 0.9927529246812427, "cf_score": -1}