{"s_given_m": 0.197, "s_given_not_m": 0.027, "both": 0.3181818181818182, "just_main": 0.4215080346106304, "just_spurious": 0.8919175911251981, "neither": 0.9956276013143484, "cf_score": 0.12121212121212122}