{"s_given_m": 0.006, "s_given_not_m": 0.02, "both": -1, "just_main": 0.03296703296703297, "just_spurious": 0.9987255734919286, "neither": 0.999878182482641, "cf_score": -1}