{"s_given_m": 0.006, "s_given_not_m": 0.013, "both": -1, "just_main": 0.4035964035964036, "just_spurious": 0.9896171317326411, "neither": 0.9928805329232152, "cf_score": -1}