{"s_given_m": 0.536, "s_given_not_m": 0.542, "both": 0.05925925925925926, "just_main": 0.0021413276231263384, "just_spurious": 0.9997483287455761, "neither": 0.999981379759799, "cf_score": 0.05925925925925926}