{"s_given_m": 0.001, "s_given_not_m": 0.014, "both": -1, "just_main": 0.40159045725646125, "just_spurious": 0.9974763406940063, "neither": 0.9927741043260296, "cf_score": -1}