{"s_given_m": 0.006, "s_given_not_m": 0.02, "both": -1, "just_main": 0.4015984015984016, "just_spurious": 0.9864061172472387, "neither": 0.9929693889981379, "cf_score": -1}