{"s_given_m": 0.015, "s_given_not_m": 0.008, "both": -1, "just_main": 0.03326612903225806, "just_spurious": 1.0, "neither": 0.999853886616014, "cf_score": -1}