{"s_given_m": 0.0, "s_given_not_m": 0.01, "both": -1, "just_main": 0.4011916583912612, "just_spurious": 0.9909983633387889, "neither": 0.9928570197659791, "cf_score": -1}