{"s_given_m": 0.0, "s_given_not_m": 0.002, "both": -1, "just_main": 0.4011916583912612, "just_spurious": 0.9953917050691244, "neither": 0.992832919026507, "cf_score": -1}