{"s_given_m": 0.0, "s_given_not_m": 0.025, "both": -1, "just_main": 0.4011916583912612, "just_spurious": 0.9894017094017094, "neither": 0.9929255388920467, "cf_score": -1}