{"s_given_m": 0.004, "s_given_not_m": 0.022, "both": -1, "just_main": 0.4017946161515454, "just_spurious": 0.9956504547251879, "neither": 0.9927756620857334, "cf_score": -1}