{"s_given_m": 0.0, "s_given_not_m": 0.008, "both": -1, "just_main": 0.03277060575968222, "just_spurious": 1.0, "neither": 0.9998538514442916, "cf_score": -1}