{"s_given_m": 0.001, "s_given_not_m": 0.052, "both": -1, "just_main": 0.40159045725646125, "just_spurious": 0.9996735226901731, "neither": 0.9924609100887057, "cf_score": -1}