{"s_given_m": 0.006, "s_given_not_m": 0.013, "both": -1, "just_main": 0.03296703296703297, "just_spurious": 0.9993510707332901, "neither": 0.9998617579208391, "cf_score": -1}