{"s_given_m": 0.001, "s_given_not_m": 0.035, "both": -1, "just_main": 0.40159045725646125, "just_spurious": 1.0, "neither": 0.9925757013310706, "cf_score": -1}