{"s_given_m": 0.0, "s_given_not_m": 0.021, "both": -1, "just_main": 0.4011916583912612, "just_spurious": 0.9992019154030327, "neither": 0.9926986948263544, "cf_score": -1}