{"s_given_m": 0.032, "s_given_not_m": 0.058, "both": 0.0, "just_main": 0.033846153846153845, "just_spurious": 1.0, "neither": 0.999846113459641, "cf_score": 0.0}