{"s_given_m": 0.0, "s_given_not_m": 0.03, "both": -1, "just_main": 0.03277060575968222, "just_spurious": 1.0, "neither": 0.99985060723764, "cf_score": -1}