{"s_given_m": 0.052, "s_given_not_m": 0.045, "both": 0.019230769230769232, "just_main": 0.033507853403141365, "just_spurious": 0.999810606060606, "neither": 0.9998571428571429, "cf_score": 0.0}