{"s_given_m": 0.042, "s_given_not_m": 0.035, "both": 0.23809523809523808, "just_main": 0.4082901554404145, "just_spurious": 0.994351669941061, "neither": 0.9927831955338845, "cf_score": 0.23809523809523808}