{"s_given_m": 0.01, "s_given_not_m": 0.03, "both": -1, "just_main": 0.40421263791374124, "just_spurious": 0.9892014776925263, "neither": 0.9929501322948989, "cf_score": -1}