{"s_given_m": 0.0, "s_given_not_m": 0.02, "both": -1, "just_main": 0.4011916583912612, "just_spurious": 0.9945031712473573, "neither": 0.9928033764086499, "cf_score": -1}