{"s_given_m": 0.029, "s_given_not_m": 0.037, "both": 0.034482758620689655, "just_main": 0.032719836400818, "just_spurious": 0.9993172507965408, "neither": 0.9998759810782559, "cf_score": 0.06896551724137931}