{"s_given_m": 0.001, "s_given_not_m": 0.035, "both": -1, "just_main": 0.032803180914512925, "just_spurious": 1.0, "neither": 0.9998497463364622, "cf_score": -1}