{"s_given_m": 0.001, "s_given_not_m": 0.029, "both": -1, "just_main": 0.40059642147117297, "just_spurious": 0.999410551134689, "neither": 0.9926418291815572, "cf_score": -1}