{"s_given_m": 0.043, "s_given_not_m": 0.038, "both": 0.32558139534883723, "just_main": 0.4045643153526971, "just_spurious": 0.9909276479927421, "neither": 0.9929122626715454, "cf_score": 0.09302325581395349}