{"s_given_m": 0.001, "s_given_not_m": 0.026, "both": -1, "just_main": 0.40159045725646125, "just_spurious": 0.9993508601103538, "neither": 0.9926619322410879, "cf_score": -1}