{"s_given_m": 0.006, "s_given_not_m": 0.03, "both": -1, "just_main": 0.4025974025974026, "just_spurious": 0.9982944855031268, "neither": 0.9926689052583464, "cf_score": -1}