{"s_given_m": 0.005, "s_given_not_m": 0.03, "both": -1, "just_main": 0.03293413173652695, "just_spurious": 1.0, "neither": 0.9998505231689088, "cf_score": -1}