{"s_given_m": 0.0, "s_given_not_m": 0.039, "both": -1, "just_main": 0.33921237013771444, "just_spurious": 0.9995478182229256, "neither": 0.9908771929824561, "cf_score": -1}