{"s_given_m": 0.111, "s_given_not_m": 0.024, "both": 0.3812636165577342, "just_main": 0.3339673913043478, "just_spurious": 0.9588256355173649, "neither": 0.992025504018679, "cf_score": 0.054466230936819175}