{"s_given_m": 0.02, "s_given_not_m": 0.025, "both": 0.036585365853658534, "just_main": 0.32141976830170077, "just_spurious": 0.9975515914655474, "neither": 0.9958127038611183, "cf_score": 0.06097560975609756}