{"s_given_m": 0.02, "s_given_not_m": 0.03, "both": 0.25, "just_main": 0.3410604192355117, "just_spurious": 0.9873231132075472, "neither": 0.9913322980244863, "cf_score": 0.03571428571428571}