{"s_given_m": 0.005, "s_given_not_m": 0.026, "both": 0.13636363636363635, "just_main": 0.340296332280787, "just_spurious": 0.9986504723346828, "neither": 0.9910148942293855, "cf_score": 0.045454545454545456}