{"s_given_m": 0.014, "s_given_not_m": 0.111, "both": 0.16071428571428573, "just_main": 0.31790350232672054, "just_spurious": 0.9993709702783456, "neither": 0.9954155575273588, "cf_score": 0.017857142857142856}