{"s_given_m": 0.044, "s_given_not_m": 0.047, "both": 0.2459016393442623, "just_main": 0.3190091001011122, "just_spurious": 0.9961017263783182, "neither": 0.995844098527965, "cf_score": 0.03825136612021858}