{"s_given_m": 0.014, "s_given_not_m": 0.111, "both": 0.17857142857142858, "just_main": 0.3414156257653686, "just_spurious": 0.997326623682969, "neither": 0.9904466134279799, "cf_score": 0.0}