{"s_given_m": 0.002, "s_given_not_m": 0.019, "both": -1, "just_main": 0.31631171345595355, "just_spurious": 0.9990623534927332, "neither": 0.9957952059991966, "cf_score": -1}