{"s_given_m": 0.0, "s_given_not_m": 0.032, "both": -1, "just_main": 0.31585306911551475, "just_spurious": 1.0, "neither": 0.9957181782794862, "cf_score": -1}