{"s_given_m": 0.001, "s_given_not_m": 0.021, "both": -1, "just_main": 0.31591678761490083, "just_spurious": 1.0, "neither": 0.9957687766128743, "cf_score": -1}