{"s_given_m": 0.02, "s_given_not_m": 0.025, "both": 0.04878048780487805, "just_main": 0.3450825733300468, "just_spurious": 0.9954529555788737, "neither": 0.9911042421083844, "cf_score": 0.0975609756097561}