{"s_given_m": 0.026, "s_given_not_m": 0.038, "both": 0.3867924528301887, "just_main": 0.33796181502603523, "just_spurious": 0.9933271974229176, "neither": 0.9911294876231762, "cf_score": 0.04716981132075472}