{"s_given_m": 0.017, "s_given_not_m": 0.02, "both": 0.22535211267605634, "just_main": 0.3173549655850541, "just_spurious": 0.996996996996997, "neither": 0.9958324762782046, "cf_score": 0.028169014084507043}