{"s_given_m": 0.001, "s_given_not_m": 0.031, "both": -1, "just_main": 0.339540507859734, "just_spurious": 0.9997213708553915, "neither": 0.9909369657829756, "cf_score": -1}