{"s_given_m": 0.161, "s_given_not_m": 0.054, "both": 0.3268365817091454, "just_main": 0.3415898617511521, "just_spurious": 0.9761904761904762, "neither": 0.9920721655213293, "cf_score": 0.02848575712143928}