{"s_given_m": 0.109, "s_given_not_m": 0.044, "both": 0.3022222222222222, "just_main": 0.3437245866088371, "just_spurious": 0.9795194958645136, "neither": 0.9917575868708169, "cf_score": 0.03111111111111111}