{"s_given_m": 0.003, "s_given_not_m": 0.026, "both": -1, "just_main": 0.31604459524963646, "just_spurious": 0.99800796812749, "neither": 0.9957979412611575, "cf_score": -1}