{"s_given_m": 0.002, "s_given_not_m": 0.03, "both": -1, "just_main": 0.33962720890825465, "just_spurious": 1.0, "neither": 0.9909370199692781, "cf_score": -1}