{"s_given_m": 0.098, "s_given_not_m": 0.028, "both": 0.2814814814814815, "just_main": 0.34547402249598286, "just_spurious": 0.9387370405278039, "neither": 0.992718424728518, "cf_score": 0.20493827160493827}