{"s_given_m": 0.0, "s_given_not_m": 0.008, "both": -1, "just_main": 0.315776757670935, "just_spurious": 1.0, "neither": 0.9958211117786337, "cf_score": -1}