{"s_given_m": 0.003, "s_given_not_m": 0.026, "both": -1, "just_main": 0.3395540475036355, "just_spurious": 0.9950199203187251, "neither": 0.9911099913619349, "cf_score": -1}