{"s_given_m": 0.592, "s_given_not_m": 0.54, "both": 0.2922448979591837, "just_main": 0.34991119005328597, "just_spurious": 0.9949566204492013, "neither": 0.9969132862069623, "cf_score": 0.07265306122448979}