{"s_given_m": 0.001, "s_given_not_m": 0.014, "both": -1, "just_main": 0.31608222490931076, "just_spurious": 1.0, "neither": 0.9957980207167351, "cf_score": -1}