{"s_given_m": 0.007, "s_given_not_m": 0.08, "both": 0.10344827586206896, "just_main": 0.34087591240875914, "just_spurious": 0.9996724890829695, "neither": 0.9904751019164095, "cf_score": 0.0}