{"s_given_m": 0.0, "s_given_not_m": 0.021, "both": -1, "just_main": 0.3390526824552924, "just_spurious": 1.0, "neither": 0.9910277397597259, "cf_score": -1}