{"s_given_m": 0.06, "s_given_not_m": 0.013, "both": 0.344, "just_main": 0.3139624582154796, "just_spurious": 0.9787816563997263, "neither": 0.996077630960093, "cf_score": 0.036}