{"s_given_m": 0.0, "s_given_not_m": 0.038, "both": -1, "just_main": 0.33921237013771444, "just_spurious": 1.0, "neither": 0.9908670393910145, "cf_score": -1}