{"s_given_m": 0.0, "s_given_not_m": 0.027, "both": -1, "just_main": 0.3393763596809282, "just_spurious": 0.9996746909564086, "neither": 0.9909789869816519, "cf_score": -1}