{"s_given_m": 0.013, "s_given_not_m": 0.028, "both": 0.24074074074074073, "just_main": 0.3167686658506732, "just_spurious": 0.9987433239082626, "neither": 0.9957734420763303, "cf_score": 0.037037037037037035}