{"s_given_m": 0.001, "s_given_not_m": 0.015, "both": -1, "just_main": 0.33945841392649906, "just_spurious": 0.9994103773584906, "neither": 0.9910895315334542, "cf_score": -1}