{"s_given_m": 0.003, "s_given_not_m": 0.047, "both": -1, "just_main": 0.3165293262239457, "just_spurious": 0.9998119947358526, "neither": 0.9956629207288499, "cf_score": -1}