{"s_given_m": 0.612, "s_given_not_m": 0.085, "both": 0.3654301499605367, "just_main": 0.23738317757009345, "just_spurious": 0.9692291859627457, "neither": 0.9983338280778696, "cf_score": 0.09589581689029203}