{"s_given_m": 0.258, "s_given_not_m": 0.044, "both": 0.3910196445275959, "just_main": 0.3211726384364821, "just_spurious": 0.955713720838276, "neither": 0.9928591071592263, "cf_score": 0.0626753975678204}