{"s_given_m": 0.002, "s_given_not_m": 0.027, "both": -1, "just_main": 0.3164648910411622, "just_spurious": 0.9993491701919948, "neither": 0.9957596218771101, "cf_score": -1}