{"s_given_m": 0.004, "s_given_not_m": 0.04, "both": -1, "just_main": 0.33875272991992234, "just_spurious": 0.9991195245432534, "neither": 0.9908854523060079, "cf_score": -1}