{"s_given_m": 0.02, "s_given_not_m": 0.03, "both": 0.13095238095238096, "just_main": 0.31960542540073983, "just_spurious": 0.995872641509434, "neither": 0.9958557549929575, "cf_score": 0.011904761904761904}