{"s_given_m": 0.111, "s_given_not_m": 0.024, "both": 0.3159041394335512, "just_main": 0.3157608695652174, "just_spurious": 0.9781596849266022, "neither": 0.9963001212338916, "cf_score": 0.06971677559912855}