{"s_given_m": 0.044, "s_given_not_m": 0.047, "both": 0.26229508196721313, "just_main": 0.34277047522750254, "just_spurious": 0.9845925375904956, "neither": 0.9915410854993978, "cf_score": 0.0273224043715847}