{"s_given_m": 0.001, "s_given_not_m": 0.031, "both": -1, "just_main": 0.3162351802564723, "just_spurious": 0.9997157475838545, "neither": 0.9957335261683088, "cf_score": -1}