{"s_given_m": 0.027, "s_given_not_m": 0.041, "both": 0.15454545454545454, "just_main": 0.32017870439314966, "just_spurious": 0.9987215001065417, "neither": 0.9957334064227308, "cf_score": 0.00909090909090909}