{"s_given_m": 0.109, "s_given_not_m": 0.044, "both": 0.24444444444444444, "just_main": 0.32447817836812143, "just_spurious": 0.9911382434029146, "neither": 0.9960759145502888, "cf_score": 0.015555555555555555}