{"s_given_m": 0.006, "s_given_not_m": 0.103, "both": 0.11538461538461539, "just_main": 0.31704352054461465, "just_spurious": 0.9994073321479976, "neither": 0.9954464172293501, "cf_score": 0.038461538461538464}