{"s_given_m": 0.001, "s_given_not_m": 0.036, "both": -1, "just_main": 0.31576402321083175, "just_spurious": 0.9997567501824374, "neither": 0.9957105337295636, "cf_score": -1}