{"s_given_m": 0.026, "s_given_not_m": 0.038, "both": 0.27358490566037735, "just_main": 0.31688569303248204, "just_spurious": 0.9965485503911643, "neither": 0.9958288555764011, "cf_score": 0.018867924528301886}