{"s_given_m": 0.013, "s_given_not_m": 0.028, "both": 0.2037037037037037, "just_main": 0.34100367197062426, "just_spurious": 0.9971724787935909, "neither": 0.9910422205199838, "cf_score": 0.037037037037037035}