{"s_given_m": 0.0, "s_given_not_m": 0.015, "both": -1, "just_main": 0.31585306911551475, "just_spurious": 1.0, "neither": 0.9957942844948695, "cf_score": -1}