{"s_given_m": 0.002, "s_given_not_m": 0.017, "both": -1, "just_main": 0.3162227602905569, "just_spurious": 1.0, "neither": 0.9957839003823904, "cf_score": -1}