{"s_given_m": 0.022, "s_given_not_m": 0.005, "both": 0.3763440860215054, "just_main": 0.3383588729609491, "just_spurious": 0.9297385620915033, "neither": 0.9915445321307779, "cf_score": 0.043010752688172046}