{"s_given_m": 0.001, "s_given_not_m": 0.062, "both": -1, "just_main": 0.31608222490931076, "just_spurious": 1.0, "neither": 0.9955811324632617, "cf_score": -1}