{"s_given_m": 0.02, "s_given_not_m": 0.033, "both": 0.18518518518518517, "just_main": 0.31838344011828484, "just_spurious": 0.9973183159023867, "neither": 0.995806881062136, "cf_score": 0.0}