{"s_given_m": 0.002, "s_given_not_m": 0.011, "both": -1, "just_main": 0.33995157384987895, "just_spurious": 1.0, "neither": 0.9911187851418958, "cf_score": -1}