{"s_given_m": 0.001, "s_given_not_m": 0.029, "both": -1, "just_main": 0.3160058027079304, "just_spurious": 1.0, "neither": 0.9957309698731024, "cf_score": -1}