{"s_given_m": 0.041, "s_given_not_m": 0.014, "both": 0.3273809523809524, "just_main": 0.3397129186602871, "just_spurious": 0.9227330779054917, "neither": 0.9921657103266952, "cf_score": 0.047619047619047616}