{"s_given_m": 0.002, "s_given_not_m": 0.03, "both": -1, "just_main": 0.33978702807357214, "just_spurious": 0.9973427812223207, "neither": 0.9910257220501801, "cf_score": -1}