{"s_given_m": 0.002, "s_given_not_m": 0.02, "both": -1, "just_main": 0.31605715669653667, "just_spurious": 0.9986672589960017, "neither": 0.9957997086606433, "cf_score": -1}