{"s_given_m": 0.002, "s_given_not_m": 0.017, "both": -1, "just_main": 0.3397094430992736, "just_spurious": 0.9994895354772844, "neither": 0.9910686430933514, "cf_score": -1}