{"s_given_m": 0.007, "s_given_not_m": 0.08, "both": 0.06896551724137931, "just_main": 0.3175182481751825, "just_spurious": 0.9998908296943232, "neither": 0.9955042481045453, "cf_score": 0.0}