{"s_given_m": 0.0, "s_given_not_m": 0.031, "both": -1, "just_main": 0.315776757670935, "just_spurious": 1.0, "neither": 0.9957230566129863, "cf_score": -1}