{"s_given_m": 0.027, "s_given_not_m": 0.041, "both": 0.20909090909090908, "just_main": 0.342764954082899, "just_spurious": 0.9955252503728959, "neither": 0.991028276460646, "cf_score": 0.01818181818181818}