{"s_given_m": 0.055, "s_given_not_m": 0.033, "both": 0.24890829694323144, "just_main": 0.319693094629156, "just_spurious": 0.9930462690558973, "neither": 0.9959514170040485, "cf_score": 0.043668122270742356}