{"s_given_m": 0.001, "s_given_not_m": 0.013, "both": -1, "just_main": 0.33945841392649906, "just_spurious": 0.9986893840104849, "neither": 0.9911118609152741, "cf_score": -1}