{"s_given_m": 0.001, "s_given_not_m": 0.011, "both": -1, "just_main": 0.6500278862242053, "just_spurious": 1.0, "neither": 0.9975854563399396, "cf_score": -1}