{"s_given_m": 0.001, "s_given_not_m": 0.025, "both": -1, "just_main": 0.5822643614054657, "just_spurious": 1.0, "neither": 0.9964408355987981, "cf_score": -1}