{"s_given_m": 0.0, "s_given_not_m": 0.041, "both": -1, "just_main": 0.582102035126847, "just_spurious": 0.9997861877271755, "neither": 0.9963916307647561, "cf_score": -1}