{"s_given_m": 0.002, "s_given_not_m": 0.031, "both": -1, "just_main": 0.6506562412733873, "just_spurious": 1.0, "neither": 0.9975355723048694, "cf_score": -1}