{"s_given_m": 0.0, "s_given_not_m": 0.03, "both": -1, "just_main": 0.6496655518394648, "just_spurious": 0.9994107248084856, "neither": 0.9975562643187638, "cf_score": -1}