{"s_given_m": 0.096, "s_given_not_m": 0.057, "both": 0.4318840579710145, "just_main": 0.5979031760715386, "just_spurious": 0.9935344827586207, "neither": 0.9967098878958994, "cf_score": 0.020289855072463767}