{"s_given_m": 0.118, "s_given_not_m": 0.103, "both": 0.4786729857819905, "just_main": 0.5957043588123816, "just_spurious": 0.9890945980218108, "neither": 0.9973850490910858, "cf_score": 0.05687203791469194}