{"s_given_m": 0.001, "s_given_not_m": 0.029, "both": -1, "just_main": 0.6500278862242053, "just_spurious": 1.0, "neither": 0.9975392463268312, "cf_score": -1}