{"s_given_m": 0.0, "s_given_not_m": 0.021, "both": -1, "just_main": 0.582102035126847, "just_spurious": 0.9991521831284442, "neither": 0.9964749866476766, "cf_score": -1}