{"s_given_m": 0.047, "s_given_not_m": 0.019, "both": 0.39520958083832336, "just_main": 0.5910552470038001, "just_spurious": 0.9937360178970918, "neither": 0.9965855740503627, "cf_score": 0.023952095808383235}