{"s_given_m": 0.113, "s_given_not_m": 0.033, "both": 0.6765432098765433, "just_main": 0.5699026076028904, "just_spurious": 0.986877343331548, "neither": 0.9968548641463525, "cf_score": 0.022222222222222223}