{"s_given_m": 0.047, "s_given_not_m": 0.019, "both": 0.46107784431137727, "just_main": 0.6588716749488454, "just_spurious": 0.9950782997762864, "neither": 0.9976614738938683, "cf_score": 0.029940119760479042}