{"s_given_m": 0.0, "s_given_not_m": 0.031, "both": -1, "just_main": 0.582102035126847, "just_spurious": 0.9997165532879818, "neither": 0.9964289248095277, "cf_score": -1}