{"s_given_m": 0.001, "s_given_not_m": 0.036, "both": -1, "just_main": 0.5824267782426779, "just_spurious": 0.9992702505473121, "neither": 0.996428183889753, "cf_score": -1}