{"s_given_m": 0.001, "s_given_not_m": 0.006, "both": -1, "just_main": 0.6502930505163271, "just_spurious": 0.9942857142857143, "neither": 0.9976315581715629, "cf_score": -1}