{"s_given_m": 0.005, "s_given_not_m": 0.038, "both": -1, "just_main": 0.6507980957714926, "just_spurious": 0.9988553113553114, "neither": 0.9975618819733347, "cf_score": -1}