{"s_given_m": 0.002, "s_given_not_m": 0.022, "both": -1, "just_main": 0.6507537688442211, "just_spurious": 1.0, "neither": 0.9975573226830226, "cf_score": -1}