{"s_given_m": 0.005, "s_given_not_m": 0.025, "both": -1, "just_main": 0.5850378257214907, "just_spurious": 1.0, "neither": 0.996439848648842, "cf_score": -1}