{"s_given_m": 0.001, "s_given_not_m": 0.029, "both": -1, "just_main": 0.5822643614054657, "just_spurious": 0.9997015816174276, "neither": 0.9964346014297518, "cf_score": -1}