{"s_given_m": 0.011, "s_given_not_m": 0.015, "both": 0.48717948717948717, "just_main": 0.6514511129895745, "just_spurious": 0.9923303834808259, "neither": 0.9976903472443454, "cf_score": 0.05128205128205128}