{"s_given_m": 0.001, "s_given_not_m": 0.013, "both": -1, "just_main": 0.6502930505163271, "just_spurious": 0.9986876640419947, "neither": 0.9975966423680142, "cf_score": -1}