{"s_given_m": 0.008, "s_given_not_m": 0.025, "both": 0.1111111111111111, "just_main": 0.5855096882898062, "just_spurious": 0.9948524365133836, "neither": 0.9965737800241535, "cf_score": 0.0}