{"s_given_m": 0.001, "s_given_not_m": 0.021, "both": -1, "just_main": 0.5819854991634132, "just_spurious": 0.9995768091409225, "neither": 0.996465959265062, "cf_score": -1}