{"s_given_m": 0.017, "s_given_not_m": 0.041, "both": 0.4838709677419355, "just_main": 0.6525808281338628, "just_spurious": 0.9993672221050411, "neither": 0.9975354226159079, "cf_score": 0.0}