{"s_given_m": 0.016, "s_given_not_m": 0.026, "both": 0.15789473684210525, "just_main": 0.5887850467289719, "just_spurious": 0.9935983827493261, "neither": 0.9966079243898291, "cf_score": 0.03508771929824561}