{"s_given_m": 0.008, "s_given_not_m": 0.025, "both": 0.1111111111111111, "just_main": 0.6537489469250211, "just_spurious": 0.9965682910089224, "neither": 0.9976383235675628, "cf_score": 0.1111111111111111}