{"s_given_m": 0.018, "s_given_not_m": 0.033, "both": 0.3939393939393939, "just_main": 0.5854628052243044, "just_spurious": 0.9970619658119658, "neither": 0.9965120994997972, "cf_score": 0.0}