{"s_given_m": 0.003, "s_given_not_m": 0.019, "both": -1, "just_main": 0.5835662381218558, "just_spurious": 0.9990623534927332, "neither": 0.9964820638558712, "cf_score": -1}