{"s_given_m": 0.005, "s_given_not_m": 0.046, "both": -1, "just_main": 0.6518207282913165, "just_spurious": 0.9994354535190064, "neither": 0.9975225122274535, "cf_score": -1}