{"s_given_m": 0.011, "s_given_not_m": 0.034, "both": 0.3157894736842105, "just_main": 0.6532394366197183, "just_spurious": 0.9956743002544529, "neither": 0.9976798562774783, "cf_score": 0.07894736842105263}