{"s_given_m": 0.118, "s_given_not_m": 0.103, "both": 0.5071090047393365, "just_main": 0.6686670878079596, "just_spurious": 0.9935751120128498, "neither": 0.9980752405949256, "cf_score": 0.06635071090047394}