{"s_given_m": 0.0, "s_given_not_m": 0.028, "both": -1, "just_main": 0.5819397993311036, "just_spurious": 1.0, "neither": 0.996431549406902, "cf_score": -1}