{"s_given_m": 0.001, "s_given_not_m": 0.006, "both": -1, "just_main": 0.5824727881663411, "just_spurious": 0.9971428571428571, "neither": 0.9965262853182922, "cf_score": -1}