{"s_given_m": 0.006, "s_given_not_m": 0.028, "both": 0.36363636363636365, "just_main": 0.5832865956253506, "just_spurious": 0.9984447900466563, "neither": 0.9964748304689462, "cf_score": 0.09090909090909091}