{"s_given_m": 0.096, "s_given_not_m": 0.057, "both": 0.5101449275362319, "just_main": 0.6645081714461918, "just_spurious": 0.9958435960591133, "neither": 0.9977172536805818, "cf_score": 0.017391304347826087}