{"s_given_m": 0.0, "s_given_not_m": 0.017, "both": -1, "just_main": 0.6496655518394648, "just_spurious": 0.999484270242393, "neither": 0.9975789286981199, "cf_score": -1}