{"s_given_m": 0.002, "s_given_not_m": 0.026, "both": -1, "just_main": 0.6508379888268156, "just_spurious": 0.9966420416386836, "neither": 0.9976369706680033, "cf_score": -1}