{"s_given_m": 0.027, "s_given_not_m": 0.034, "both": 0.23711340206185566, "just_main": 0.5915210541392151, "just_spurious": 0.9582360570687419, "neither": 0.9978618599112266, "cf_score": 0.061855670103092786}