{"s_given_m": 0.011, "s_given_not_m": 0.038, "both": 0.6666666666666666, "just_main": 0.6494787264018034, "just_spurious": 0.9984137774756402, "neither": 0.9975790218160057, "cf_score": 0.02564102564102564}