{"s_given_m": 0.005, "s_given_not_m": 0.103, "both": -1, "just_main": 0.584873949579832, "just_spurious": 0.9991539047296726, "neither": 0.9962286158631415, "cf_score": -1}