{"s_given_m": 0.0, "s_given_not_m": 0.017, "both": -1, "just_main": 0.5819397993311036, "just_spurious": 1.0, "neither": 0.9964703795672224, "cf_score": -1}