{"s_given_m": 0.002, "s_given_not_m": 0.019, "both": -1, "just_main": 0.5825188494833845, "just_spurious": 1.0, "neither": 0.996464296501608, "cf_score": -1}