{"s_given_m": 0.001, "s_given_not_m": 0.039, "both": -1, "just_main": 0.6501116071428571, "just_spurious": 0.9995474089160443, "neither": 0.9975335509611897, "cf_score": -1}