{"s_given_m": 0.002, "s_given_not_m": 0.019, "both": -1, "just_main": 0.6498184864562971, "just_spurious": 1.0, "neither": 0.9975658724659311, "cf_score": -1}