{"s_given_m": 0.027, "s_given_not_m": 0.034, "both": 0.27835051546391754, "just_main": 0.6599828129475795, "just_spurious": 0.9714656290531777, "neither": 0.9985204431453214, "cf_score": 0.061855670103092786}