{"s_given_m": 0.007, "s_given_not_m": 0.03, "both": -1, "just_main": 0.6529180695847363, "just_spurious": 0.9976998274870615, "neither": 0.997608365326692, "cf_score": 0.0}