{"s_given_m": 0.0, "s_given_not_m": 0.038, "both": -1, "just_main": 0.64984666852523, "just_spurious": 0.9997687861271676, "neither": 0.9975265914073966, "cf_score": -1}