{"s_given_m": 0.003, "s_given_not_m": 0.08, "both": -1, "just_main": 0.6508247134470226, "just_spurious": 0.9998910438003923, "neither": 0.9974128372551435, "cf_score": -1}