{"s_given_m": 0.001, "s_given_not_m": 0.018, "both": -1, "just_main": 0.5824267782426779, "just_spurious": 0.9990530303030303, "neither": 0.9964827200298436, "cf_score": -1}