{"s_given_m": 0.001, "s_given_not_m": 0.014, "both": -1, "just_main": 0.5825892857142857, "just_spurious": 1.0, "neither": 0.9964815191350549, "cf_score": -1}