{"s_given_m": 0.453, "s_given_not_m": 0.545, "both": 0.6023355869698832, "just_main": 0.688934217236104, "just_spurious": 0.9975195237485597, "neither": 0.9977207868073777, "cf_score": 0.06392132759680394}