{"s_given_m": 0.005, "s_given_not_m": 0.038, "both": -1, "just_main": 0.5833099971996639, "just_spurious": 0.9986263736263736, "neither": 0.996447054771551, "cf_score": -1}