{"s_given_m": 0.0, "s_given_not_m": 0.008, "both": -1, "just_main": 0.6496655518394648, "just_spurious": 1.0, "neither": 0.9975909758306297, "cf_score": -1}