{"s_given_m": 0.007, "s_given_not_m": 0.074, "both": 0.07692307692307693, "just_main": 0.5856260527793374, "just_spurious": 0.9991740412979351, "neither": 0.9963190992619371, "cf_score": 0.0}