{"s_given_m": 0.001, "s_given_not_m": 0.032, "both": -1, "just_main": 0.5822643614054657, "just_spurious": 0.9997282608695652, "neither": 0.9964240355254506, "cf_score": -1}