{"s_given_m": 0.001, "s_given_not_m": 0.032, "both": -1, "just_main": 0.6500278862242053, "just_spurious": 1.0, "neither": 0.9975319539898576, "cf_score": -1}