{"s_given_m": 0.003, "s_given_not_m": 0.08, "both": -1, "just_main": 0.5834498182834778, "just_spurious": 0.9996731314011768, "neither": 0.9962566692885776, "cf_score": -1}