{"s_given_m": 0.001, "s_given_not_m": 0.037, "both": -1, "just_main": 0.6497490239821528, "just_spurious": 0.9992957746478873, "neither": 0.9975461567018897, "cf_score": -1}