{"s_given_m": 0.065, "s_given_not_m": 0.047, "both": 0.6025641025641025, "just_main": 0.5805008944543828, "just_spurious": 0.9915667166416792, "neither": 0.9967722172946974, "cf_score": 0.01282051282051282}