{"s_given_m": 0.113, "s_given_not_m": 0.033, "both": 0.7061728395061728, "just_main": 0.6424756519007226, "just_spurious": 0.9927691483663631, "neither": 0.9977740729058712, "cf_score": 0.037037037037037035}