{"s_given_m": 0.001, "s_given_not_m": 0.02, "both": -1, "just_main": 0.5825892857142857, "just_spurious": 0.9991067440821796, "neither": 0.9964787479992886, "cf_score": -1}