{"s_given_m": 0.001, "s_given_not_m": 0.008, "both": -1, "just_main": 0.2676470588235294, "just_spurious": 1.0, "neither": 0.9936065175753325, "cf_score": -1}