{"s_given_m": 0.001, "s_given_not_m": 0.019, "both": -1, "just_main": 0.23779193205944799, "just_spurious": 1.0, "neither": 0.9908949649701496, "cf_score": -1}