{"s_given_m": 0.001, "s_given_not_m": 0.008, "both": -1, "just_main": 0.26772296635086573, "just_spurious": 1.0, "neither": 0.9936071499217752, "cf_score": -1}