{"s_given_m": 0.017, "s_given_not_m": 0.017, "both": 0.09803921568627451, "just_main": 0.24, "just_spurious": 0.9946409431939979, "neither": 0.9910058570729142, "cf_score": 0.0196078431372549}