{"s_given_m": 0.005, "s_given_not_m": 0.023, "both": 0.0, "just_main": 0.23888433141919607, "just_spurious": 0.9984597612629957, "neither": 0.9908910854941906, "cf_score": 0.0}