{"s_given_m": 0.0, "s_given_not_m": 0.042, "both": -1, "just_main": 0.2377142857142857, "just_spurious": 1.0, "neither": 0.9906776822596851, "cf_score": -1}