{"s_given_m": 0.001, "s_given_not_m": 0.026, "both": -1, "just_main": 0.26776670478679954, "just_spurious": 1.0, "neither": 0.9934943132428699, "cf_score": -1}