{"s_given_m": 0.003, "s_given_not_m": 0.015, "both": -1, "just_main": 0.2682048764522991, "just_spurious": 0.9994001199760048, "neither": 0.9935742535726245, "cf_score": -1}