{"s_given_m": 0.07, "s_given_not_m": 0.045, "both": 0.22505800464037123, "just_main": 0.23858848314606743, "just_spurious": 0.9821463606042771, "neither": 0.9914909912855048, "cf_score": 0.03480278422273782}