{"s_given_m": 0.021, "s_given_not_m": 0.033, "both": 0.203125, "just_main": 0.2383730621770295, "just_spurious": 0.9970124932102118, "neither": 0.990864507088995, "cf_score": 0.0078125}