{"s_given_m": 0.652, "s_given_not_m": 0.536, "both": 0.25175350701402804, "just_main": 0.2969555035128806, "just_spurious": 0.9918500407497962, "neither": 0.9957530218882719, "cf_score": 0.061122244488977955}