{"s_given_m": 0.023, "s_given_not_m": 0.04, "both": 0.1347517730496454, "just_main": 0.2706314734380221, "just_spurious": 0.9966799468791501, "neither": 0.9935341223685922, "cf_score": 0.0070921985815602835}