{"s_given_m": 0.002, "s_given_not_m": 0.011, "both": -1, "just_main": 0.2680294358135732, "just_spurious": 1.0, "neither": 0.993591707976566, "cf_score": -1}