{"s_given_m": 0.008, "s_given_not_m": 0.031, "both": 0.12244897959183673, "just_main": 0.26867390589009543, "just_spurious": 0.9962176316555136, "neither": 0.9935800152681585, "cf_score": 0.02040816326530612}