{"s_given_m": 0.038, "s_given_not_m": 0.048, "both": 0.11063829787234042, "just_main": 0.2737610319076714, "just_spurious": 0.9919400187441425, "neither": 0.9937467821202902, "cf_score": 0.029787234042553193}