{"s_given_m": 0.045, "s_given_not_m": 0.033, "both": 0.14652014652014653, "just_main": 0.2731465664502904, "just_spurious": 0.9907983761840324, "neither": 0.9937583552297976, "cf_score": 0.03296703296703297}