{"s_given_m": 0.002, "s_given_not_m": 0.021, "both": -1, "just_main": 0.26782210595160233, "just_spurious": 0.9991485738612176, "neither": 0.9935434519310452, "cf_score": -1}