{"s_given_m": 0.038, "s_given_not_m": 0.048, "both": 0.1574468085106383, "just_main": 0.24083503054989816, "just_spurious": 0.9851921274601687, "neither": 0.9913597004446525, "cf_score": 0.029787234042553193}