{"s_given_m": 0.003, "s_given_not_m": 0.047, "both": 0.0, "just_main": 0.23841493368265923, "just_spurious": 0.9998117469879518, "neither": 0.9906315513626834, "cf_score": 0.0}