{"s_given_m": 0.002, "s_given_not_m": 0.032, "both": -1, "just_main": 0.26798561151079137, "just_spurious": 0.9997178329571106, "neither": 0.9934632098401709, "cf_score": -1}