{"s_given_m": 0.044, "s_given_not_m": 0.013, "both": 0.15867158671586715, "just_main": 0.2725409836065574, "just_spurious": 0.9798611111111111, "neither": 0.9938403179190751, "cf_score": 0.02214022140221402}