{"s_given_m": 0.003, "s_given_not_m": 0.037, "both": -1, "just_main": 0.267877597774505, "just_spurious": 0.9992679355783309, "neither": 0.9934482056597139, "cf_score": -1}