{"s_given_m": 0.004, "s_given_not_m": 0.015, "both": 0.0, "just_main": 0.2384930384930385, "just_spurious": 0.9993872549019608, "neither": 0.9909434713375797, "cf_score": 0.0}