{"s_given_m": 0.011, "s_given_not_m": 0.081, "both": 0.1076923076923077, "just_main": 0.2692180798416364, "just_spurious": 0.9995615957913196, "neither": 0.9931383205869793, "cf_score": 0.015384615384615385}