{"s_given_m": 0.006, "s_given_not_m": 0.063, "both": 0.05263157894736842, "just_main": 0.23879126293315817, "just_spurious": 0.9998586172769688, "neither": 0.990474559174779, "cf_score": 0.02631578947368421}