{"s_given_m": 0.036, "s_given_not_m": 0.112, "both": 0.17040358744394618, "just_main": 0.27117208672086723, "just_spurious": 0.9980878017687833, "neither": 0.9931030328584767, "cf_score": 0.03139013452914798}