{"s_given_m": 0.035, "s_given_not_m": 0.024, "both": 0.08450704225352113, "just_main": 0.27409536692593844, "just_spurious": 0.9945014662756598, "neither": 0.9936398859565758, "cf_score": 0.03755868544600939}