{"s_given_m": 0.028, "s_given_not_m": 0.03, "both": 0.13872832369942195, "just_main": 0.24051058112193482, "just_spurious": 0.9625183016105417, "neither": 0.9919628488666146, "cf_score": 0.09248554913294797}