{"s_given_m": 0.014, "s_given_not_m": 0.013, "both": 0.04819277108433735, "just_main": 0.2402382528127068, "just_spurious": 0.9979253112033195, "neither": 0.9909767509077443, "cf_score": 0.04819277108433735}