{"s_given_m": 0.002, "s_given_not_m": 0.032, "both": -1, "just_main": 0.2380640941792021, "just_spurious": 0.9994356659142212, "neither": 0.9907932532960153, "cf_score": -1}