{"s_given_m": 0.003, "s_given_not_m": 0.019, "both": -1, "just_main": 0.2677139584356079, "just_spurious": 0.9995291902071564, "neither": 0.9935475662510451, "cf_score": -1}