{"s_given_m": 0.022, "s_given_not_m": 0.039, "both": 0.15037593984962405, "just_main": 0.27010343677010346, "just_spurious": 0.9946746932160222, "neither": 0.9936202372010645, "cf_score": 0.03759398496240601}