{"s_given_m": 0.002, "s_given_not_m": 0.028, "both": -1, "just_main": 0.2680732744520772, "just_spurious": 0.9996828417380272, "neither": 0.9934866568202042, "cf_score": -1}