{"s_given_m": 0.003, "s_given_not_m": 0.015, "both": -1, "just_main": 0.23825887743413515, "just_spurious": 1.0, "neither": 0.9909315522250278, "cf_score": -1}