{"s_given_m": 0.025, "s_given_not_m": 0.03, "both": 0.1032258064516129, "just_main": 0.271768251841929, "just_spurious": 0.9969888587774767, "neither": 0.9935592940030687, "cf_score": 0.01935483870967742}