{"s_given_m": 0.105, "s_given_not_m": 0.021, "both": 0.16614906832298137, "just_main": 0.2460331935072041, "just_spurious": 0.9705380017079419, "neither": 0.9915041250068295, "cf_score": 0.13819875776397517}