{"s_given_m": 0.002, "s_given_not_m": 0.028, "both": -1, "just_main": 0.2381419692508996, "just_spurious": 1.0, "neither": 0.9908079297659783, "cf_score": -1}