{"s_given_m": 0.073, "s_given_not_m": 0.025, "both": 0.20982142857142858, "just_main": 0.2398309561542525, "just_spurious": 0.9614835948644793, "neither": 0.9918248655766487, "cf_score": 0.044642857142857144}