{"s_given_m": 0.021, "s_given_not_m": 0.005, "both": 0.2366412213740458, "just_main": 0.26817878585723814, "just_spurious": 0.9529616724738676, "neither": 0.9938701987704551, "cf_score": 0.04580152671755725}