{"s_given_m": 0.001, "s_given_not_m": 0.026, "both": -1, "just_main": 0.2377062571475249, "just_spurious": 1.0, "neither": 0.9908316481988123, "cf_score": -1}