{"s_given_m": 0.002, "s_given_not_m": 0.021, "both": -1, "just_main": 0.2379005886200131, "just_spurious": 0.9991485738612176, "neither": 0.9908934441904728, "cf_score": -1}