{"s_given_m": 0.001, "s_given_not_m": 0.019, "both": -1, "just_main": 0.2676792422015352, "just_spurious": 0.9990525817148271, "neither": 0.9935574153331698, "cf_score": -1}