{"s_given_m": 0.006, "s_given_not_m": 0.022, "both": 0.02857142857142857, "just_main": 0.23883782009192384, "just_spurious": 0.9983812221772562, "neither": 0.9909015489246871, "cf_score": 0.0}