{"s_given_m": 0.023, "s_given_not_m": 0.04, "both": 0.1276595744680851, "just_main": 0.24022719679251586, "just_spurious": 0.9940239043824701, "neither": 0.9909421972835882, "cf_score": 0.028368794326241134}