{"s_given_m": 0.004, "s_given_not_m": 0.022, "both": 0.0, "just_main": 0.23861029170763684, "just_spurious": 0.9996033320111067, "neither": 0.9908700371218271, "cf_score": 0.08}