{"s_given_m": 0.004, "s_given_not_m": 0.022, "both": 0.0, "just_main": 0.2686004588659456, "just_spurious": 0.9992066640222134, "neither": 0.993533322996379, "cf_score": 0.08}