{"s_given_m": 0.027, "s_given_not_m": 0.041, "both": 0.1130952380952381, "just_main": 0.2411478435979191, "just_spurious": 0.9954692556634305, "neither": 0.9908765403394559, "cf_score": 0.0}