{"s_given_m": 0.021, "s_given_not_m": 0.033, "both": 0.203125, "just_main": 0.2688781463577263, "just_spurious": 0.996469310157523, "neither": 0.9935655155884142, "cf_score": 0.0078125}