{"s_given_m": 0.001, "s_given_not_m": 0.021, "both": -1, "just_main": 0.2377839516260827, "just_spurious": 0.9995757318625371, "neither": 0.9908836734879739, "cf_score": -1}