{"s_given_m": 0.001, "s_given_not_m": 0.008, "both": -1, "just_main": 0.23790849673202613, "just_spurious": 1.0, "neither": 0.9909897758234644, "cf_score": -1}