{"s_given_m": 0.009, "s_given_not_m": 0.019, "both": 0.10909090909090909, "just_main": 0.2689393939393939, "just_spurious": 0.9995210727969349, "neither": 0.9935496765753326, "cf_score": 0.05454545454545454}