{"s_given_m": 0.014, "s_given_not_m": 0.019, "both": 0.03409090909090909, "just_main": 0.2406027487994701, "just_spurious": 0.9985687022900763, "neither": 0.9909234627126036, "cf_score": 0.0}