{"s_given_m": 0.005, "s_given_not_m": 0.027, "both": 0.03225806451612903, "just_main": 0.23868110236220472, "just_spurious": 0.9993444772205834, "neither": 0.9908348532201743, "cf_score": 0.0}