{"s_given_m": 0.003, "s_given_not_m": 0.047, "both": -1, "just_main": 0.2683805469133781, "just_spurious": 0.9994352409638554, "neither": 0.9933737646001797, "cf_score": 0.0}