{"s_given_m": 0.004, "s_given_not_m": 0.014, "both": 0.037037037037037035, "just_main": 0.26852459016393443, "just_spurious": 0.9993585631815266, "neither": 0.9935805282049891, "cf_score": 0.0}