{"s_given_m": 0.102, "s_given_not_m": 0.055, "both": 0.18940609951845908, "just_main": 0.27634447674418605, "just_spurious": 0.9884207140559665, "neither": 0.9939683978025712, "cf_score": 0.024077046548956663}