{"s_given_m": 0.001, "s_given_not_m": 0.017, "both": -1, "just_main": 0.26785422454649455, "just_spurious": 1.0, "neither": 0.993549791797077, "cf_score": -1}