{"s_given_m": 0.025, "s_given_not_m": 0.02, "both": 0.3157894736842105, "just_main": 0.26627615062761506, "just_spurious": 0.9902222222222222, "neither": 0.993731234646529, "cf_score": 0.039473684210526314}