{"s_given_m": 0.002, "s_given_not_m": 0.022, "both": -1, "just_main": 0.26770237121831564, "just_spurious": 0.9996033320111067, "neither": 0.9935242021543429, "cf_score": -1}