{"s_given_m": 0.015, "s_given_not_m": 0.105, "both": 0.09782608695652174, "just_main": 0.23976801988400995, "just_spurious": 0.9983822903363133, "neither": 0.9902106259025046, "cf_score": 0.010869565217391304}