{"s_given_m": 0.105, "s_given_not_m": 0.021, "both": 0.2981366459627329, "just_main": 0.26390662046325003, "just_spurious": 0.964133219470538, "neither": 0.9942905534611812, "cf_score": 0.2515527950310559}