{"s_given_m": 0.021, "s_given_not_m": 0.005, "both": 0.21374045801526717, "just_main": 0.23815877251501, "just_spurious": 0.9425087108013938, "neither": 0.9913161149248113, "cf_score": 0.061068702290076333}