{"s_given_m": 0.001, "s_given_not_m": 0.038, "both": -1, "just_main": 0.2678980058842759, "just_spurious": 0.9997683576557794, "neither": 0.9934163552571794, "cf_score": -1}