{"s_given_m": 0.102, "s_given_not_m": 0.055, "both": 0.20224719101123595, "just_main": 0.24164244186046513, "just_spurious": 0.981344483756835, "neither": 0.9916369334163977, "cf_score": 0.012841091492776886}