{"s_given_m": 0.016, "s_given_not_m": 0.019, "both": 0.06, "just_main": 0.2709474033515845, "just_spurious": 0.997686256362795, "neither": 0.9935817598341803, "cf_score": 0.04}