{"s_given_m": 0.037, "s_given_not_m": 0.037, "both": 0.16371681415929204, "just_main": 0.24046771733604475, "just_spurious": 0.9937484972349122, "neither": 0.990963046638457, "cf_score": 0.017699115044247787}