{"s_given_m": 0.001, "s_given_not_m": 0.033, "both": -1, "just_main": 0.26781045751633986, "just_spurious": 0.9997278911564625, "neither": 0.9934553164031894, "cf_score": -1}