{"s_given_m": 0.036, "s_given_not_m": 0.112, "both": 0.16591928251121077, "just_main": 0.24034552845528456, "just_spurious": 0.9968130029479723, "neither": 0.9903422381511711, "cf_score": 0.03139013452914798}