{"s_given_m": 0.598, "s_given_not_m": 0.077, "both": 0.2609170305676856, "just_main": 0.27730410069021516, "just_spurious": 0.9456154652381507, "neither": 0.9976441736746063, "cf_score": 0.07914847161572053}