{"s_given_m": 0.0, "s_given_not_m": 0.027, "both": -1, "just_main": 0.23775310254735468, "just_spurious": 1.0, "neither": 0.9908146708590391, "cf_score": -1}