{"s_given_m": 0.005, "s_given_not_m": 0.023, "both": 0.0, "just_main": 0.2689089417555373, "just_spurious": 1.0, "neither": 0.993510582952274, "cf_score": 0.0}