{"s_given_m": 0.011, "s_given_not_m": 0.081, "both": 0.13846153846153847, "just_main": 0.23870009897723524, "just_spurious": 0.9994519947391495, "neither": 0.9903237703326992, "cf_score": 0.0}