{"s_given_m": 0.037, "s_given_not_m": 0.037, "both": 0.18584070796460178, "just_main": 0.27063209625487206, "just_spurious": 0.9975955758595816, "neither": 0.9935093193581541, "cf_score": 0.035398230088495575}