{"s_given_m": 0.025, "s_given_not_m": 0.03, "both": 0.1032258064516129, "just_main": 0.24112525117213665, "just_spurious": 0.9951821740439627, "neither": 0.9909407473424048, "cf_score": 0.025806451612903226}