{"s_given_m": 0.005, "s_given_not_m": 0.015, "both": 0.06896551724137931, "just_main": 0.2684486716956379, "just_spurious": 0.9994011976047904, "neither": 0.9935740791021812, "cf_score": 0.06896551724137931}