{"s_given_m": 0.002, "s_given_not_m": 0.013, "both": -1, "just_main": 0.2681609947643979, "just_spurious": 1.0, "neither": 0.9935744496258541, "cf_score": -1}