{"s_given_m": 0.004, "s_given_not_m": 0.015, "both": -1, "just_main": 0.2683046683046683, "just_spurious": 0.9981617647058824, "neither": 0.9935943833236827, "cf_score": 0.0}