{"s_given_m": 0.15, "s_given_not_m": 0.027, "both": 0.2955288985823337, "just_main": 0.26257197696737045, "just_spurious": 0.8985172981878089, "neither": 0.9963069873997709, "cf_score": 0.1297709923664122}