{"s_given_m": 0.014, "s_given_not_m": 0.028, "both": 0.2261904761904762, "just_main": 0.26807876882343207, "just_spurious": 0.9955597843323819, "neither": 0.993605915216454, "cf_score": 0.023809523809523808}