{"s_given_m": 0.002, "s_given_not_m": 0.035, "both": -1, "just_main": 0.3010989010989011, "just_spurious": 0.9997462572951028, "neither": 0.9935237054242383, "cf_score": -1}