{"s_given_m": 0.002, "s_given_not_m": 0.027, "both": -1, "just_main": 0.3008791208791209, "just_spurious": 0.9993364299933643, "neither": 0.9935869643760388, "cf_score": -1}