{"s_given_m": 0.009, "s_given_not_m": 0.049, "both": 0.125, "just_main": 0.36053970360539705, "just_spurious": 0.9990958408679927, "neither": 0.9950183001220008, "cf_score": 0.025}