{"s_given_m": 0.002, "s_given_not_m": 0.017, "both": -1, "just_main": 0.30096660808435854, "just_spurious": 0.9994818652849741, "neither": 0.9936402017961287, "cf_score": -1}