{"s_given_m": 0.002, "s_given_not_m": 0.023, "both": -1, "just_main": 0.3008130081300813, "just_spurious": 1.0, "neither": 0.9935917628952271, "cf_score": -1}