{"s_given_m": 0.003, "s_given_not_m": 0.022, "both": -1, "just_main": 0.3586980426654937, "just_spurious": 1.0, "neither": 0.995109408993653, "cf_score": -1}