{"s_given_m": 0.144, "s_given_not_m": 0.069, "both": 0.35877862595419846, "just_main": 0.35842293906810035, "just_spurious": 0.9853428498598011, "neither": 0.9959482432942954, "cf_score": 0.0366412213740458}