{"s_given_m": 0.092, "s_given_not_m": 0.029, "both": 0.2052505966587112, "just_main": 0.30999517141477545, "just_spurious": 0.9776279497395035, "neither": 0.9942152575975666, "cf_score": 0.09307875894988067}