{"s_given_m": 0.0, "s_given_not_m": 0.008, "both": -1, "just_main": 0.35863127878920814, "just_spurious": 1.0, "neither": 0.9951759364358683, "cf_score": -1}