{"s_given_m": 0.008, "s_given_not_m": 0.028, "both": 0.37142857142857144, "just_main": 0.3583738400353513, "just_spurious": 0.9990630855715178, "neither": 0.9951051355361732, "cf_score": 0.05714285714285714}