{"s_given_m": 0.144, "s_given_not_m": 0.069, "both": 0.3297709923664122, "just_main": 0.2954429083461341, "just_spurious": 0.975656385419322, "neither": 0.9950793350963355, "cf_score": 0.02748091603053435}