{"s_given_m": 0.009, "s_given_not_m": 0.049, "both": 0.125, "just_main": 0.30192435301924353, "just_spurious": 0.9981916817359855, "neither": 0.9935117749269844, "cf_score": 0.05}