{"s_given_m": 0.003, "s_given_not_m": 0.022, "both": -1, "just_main": 0.30019793270288103, "just_spurious": 1.0, "neither": 0.9935990794181635, "cf_score": -1}