{"s_given_m": 0.323, "s_given_not_m": 0.034, "both": 0.39972807613868117, "just_main": 0.2530744336569579, "just_spurious": 0.9380989380989381, "neither": 0.9956947162426615, "cf_score": 0.08157715839564922}