{"s_given_m": 0.008, "s_given_not_m": 0.028, "both": 0.3142857142857143, "just_main": 0.3002651347768449, "just_spurious": 0.9990630855715178, "neither": 0.9935851036878868, "cf_score": 0.02857142857142857}