{"s_given_m": 0.018, "s_given_not_m": 0.025, "both": 0.08641975308641975, "just_main": 0.30424107142857143, "just_spurious": 0.9961322081575246, "neither": 0.993677963961689, "cf_score": 0.037037037037037035}