{"s_given_m": 0.018, "s_given_not_m": 0.025, "both": 0.06172839506172839, "just_main": 0.3638392857142857, "just_spurious": 0.9985935302390999, "neither": 0.995129957973341, "cf_score": 0.024691358024691357}