{"s_given_m": 0.279, "s_given_not_m": 0.028, "both": 0.3627065302911094, "just_main": 0.356838905775076, "just_spurious": 0.9520939086294417, "neither": 0.9964458190894785, "cf_score": 0.15656963021243114}