{"s_given_m": 0.107, "s_given_not_m": 0.038, "both": 0.5288065843621399, "just_main": 0.33815950920245397, "just_spurious": 0.9837850359045633, "neither": 0.9956676324616804, "cf_score": 0.0411522633744856}