{"s_given_m": 0.436, "s_given_not_m": 0.095, "both": 0.3512562814070352, "just_main": 0.36406067677946324, "just_spurious": 0.9767247774480712, "neither": 0.9971537370558179, "cf_score": 0.09246231155778895}