{"s_given_m": 0.074, "s_given_not_m": 0.038, "both": 0.29673590504451036, "just_main": 0.3006628787878788, "just_spurious": 0.9840351689032855, "neither": 0.994122701180944, "cf_score": 0.032640949554896145}