{"s_given_m": 0.002, "s_given_not_m": 0.017, "both": -1, "just_main": 0.3588842521414452, "just_spurious": 1.0, "neither": 0.9951326879372976, "cf_score": -1}