{"s_given_m": 0.436, "s_given_not_m": 0.095, "both": 0.29296482412060304, "just_main": 0.3061065733177752, "just_spurious": 0.968286350148368, "neither": 0.9964057430397699, "cf_score": 0.09798994974874371}