{"s_given_m": 0.088, "s_given_not_m": 0.033, "both": 0.24378109452736318, "just_main": 0.30584275066121663, "just_spurious": 0.9878771551724138, "neither": 0.9939371352736924, "cf_score": 0.12437810945273632}