{"s_given_m": 0.074, "s_given_not_m": 0.038, "both": 0.3590504451038576, "just_main": 0.3584280303030303, "just_spurious": 0.9895881536325775, "neither": 0.9954389236225366, "cf_score": 0.04747774480712166}