{"s_given_m": 0.016, "s_given_not_m": 0.107, "both": 0.273972602739726, "just_main": 0.30080213903743314, "just_spurious": 0.9985219247823944, "neither": 0.9931657935163667, "cf_score": 0.0821917808219178}