{"s_given_m": 0.003, "s_given_not_m": 0.015, "both": -1, "just_main": 0.3009452626950978, "just_spurious": 0.9994015559545183, "neither": 0.9936549016108162, "cf_score": -1}