{"s_given_m": 0.188, "s_given_not_m": 0.073, "both": 0.4200700116686114, "just_main": 0.34422246220302377, "just_spurious": 0.9859577532405185, "neither": 0.9959485359697896, "cf_score": 0.0338389731621937}