{"s_given_m": 0.088, "s_given_not_m": 0.033, "both": 0.35074626865671643, "just_main": 0.35922096657850444, "just_spurious": 0.9900323275862069, "neither": 0.9953914956278291, "cf_score": 0.11691542288557213}