{"s_given_m": 0.038, "s_given_not_m": 0.037, "both": 0.313953488372093, "just_main": 0.36021872863978127, "just_spurious": 0.9964395917398529, "neither": 0.9951695232529472, "cf_score": 0.06395348837209303}