{"s_given_m": 0.166, "s_given_not_m": 0.097, "both": 0.27019867549668874, "just_main": 0.3759852863899107, "just_spurious": 0.9896228117668291, "neither": 0.9958205058259616, "cf_score": 0.09536423841059603}