{"s_given_m": 0.006, "s_given_not_m": 0.013, "both": 0.0, "just_main": 0.36060873400970445, "just_spurious": 0.9993315508021391, "neither": 0.9951617214648489, "cf_score": 0.0}