{"s_given_m": 0.001, "s_given_not_m": 0.019, "both": -1, "just_main": 0.300768386388584, "just_spurious": 0.9995408631772268, "neither": 0.9936260623229461, "cf_score": -1}