{"s_given_m": 0.015, "s_given_not_m": 0.031, "both": 0.043478260869565216, "just_main": 0.3633125556544969, "just_spurious": 0.9971313826735514, "neither": 0.995156023222061, "cf_score": 0.043478260869565216}