{"s_given_m": 0.001, "s_given_not_m": 0.019, "both": -1, "just_main": 0.3589462129527991, "just_spurious": 0.9990817263544536, "neither": 0.9951411051744541, "cf_score": -1}