{"s_given_m": 0.003, "s_given_not_m": 0.011, "both": -1, "just_main": 0.3592788038698329, "just_spurious": 1.0, "neither": 0.9951651750402162, "cf_score": -1}