{"s_given_m": 0.004, "s_given_not_m": 0.026, "both": -1, "just_main": 0.3590759075907591, "just_spurious": 0.9989743589743589, "neither": 0.99511737258689, "cf_score": -1}