{"s_given_m": 0.055, "s_given_not_m": 0.058, "both": 0.20634920634920634, "just_main": 0.30587143188674865, "just_spurious": 0.994384580361208, "neither": 0.9936996555811718, "cf_score": 0.027777777777777776}