{"s_given_m": 0.004, "s_given_not_m": 0.026, "both": -1, "just_main": 0.3005500550055005, "just_spurious": 0.9993162393162394, "neither": 0.9935921155946246, "cf_score": -1}