{"s_given_m": 0.021, "s_given_not_m": 0.037, "both": 0.11702127659574468, "just_main": 0.30423102753525855, "just_spurious": 0.9886578449905482, "neither": 0.9939357407711839, "cf_score": 0.02127659574468085}