{"s_given_m": 0.223, "s_given_not_m": 0.022, "both": 0.5, "just_main": 0.24315937940761637, "just_spurious": 0.8879585326953748, "neither": 0.9961247280116527, "cf_score": 0.09940944881889764}