{"s_given_m": 0.019, "s_given_not_m": 0.013, "both": 0.23863636363636365, "just_main": 0.3608316566063045, "just_spurious": 0.9616175462645647, "neither": 0.9956532195569491, "cf_score": 0.09090909090909091}