{"s_given_m": 0.234, "s_given_not_m": 0.007, "both": 0.5712945590994372, "just_main": 0.21773962804005723, "just_spurious": 0.8518518518518519, "neither": 0.994757164617946, "cf_score": 0.0300187617260788}