{"s_given_m": 0.023, "s_given_not_m": 0.024, "both": 0.1346153846153846, "just_main": 0.3042405205295042, "just_spurious": 0.9556437071763433, "neither": 0.9946914459275549, "cf_score": 0.009615384615384616}