{"s_given_m": 0.023, "s_given_not_m": 0.024, "both": 0.15384615384615385, "just_main": 0.3632488220776307, "just_spurious": 0.9718716191849982, "neither": 0.9958000234333456, "cf_score": 0.028846153846153848}