{"s_given_m": 0.009, "s_given_not_m": 0.015, "both": 0.3488372093023256, "just_main": 0.35856573705179284, "just_spurious": 0.9969806763285024, "neither": 0.9951905059337913, "cf_score": 0.046511627906976744}