{"s_given_m": 0.139, "s_given_not_m": 0.034, "both": 0.33962264150943394, "just_main": 0.3615286624203822, "just_spurious": 0.9813941299790356, "neither": 0.9956964789373124, "cf_score": 0.09276729559748427}