{"s_given_m": 0.012, "s_given_not_m": 0.027, "both": 0.07547169811320754, "just_main": 0.30301685891748004, "just_spurious": 0.9987150658528751, "neither": 0.9935993056873966, "cf_score": 0.03773584905660377}