{"s_given_m": 0.139, "s_given_not_m": 0.034, "both": 0.2358490566037736, "just_main": 0.310828025477707, "just_spurious": 0.970125786163522, "neither": 0.9945591847875535, "cf_score": 0.06761006289308176}