{"s_given_m": 0.247, "s_given_not_m": 0.017, "both": 0.4200710479573712, "just_main": 0.33828238719068415, "just_spurious": 0.9651282051282051, "neither": 0.9957414829659319, "cf_score": 0.02930728241563055}