{"s_given_m": 0.001, "s_given_not_m": 0.031, "both": -1, "just_main": 0.30057042562527425, "just_spurious": 1.0, "neither": 0.9935415400524297, "cf_score": -1}