{"s_given_m": 0.001, "s_given_not_m": 0.013, "both": -1, "just_main": 0.3587099605089952, "just_spurious": 1.0, "neither": 0.9951515151515151, "cf_score": -1}