{"s_given_m": 0.007, "s_given_not_m": 0.021, "both": 0.0625, "just_main": 0.36056524619121216, "just_spurious": 0.9995713673381912, "neither": 0.995125366944063, "cf_score": 0.0}