{"s_given_m": 0.017, "s_given_not_m": 0.03, "both": 0.15384615384615385, "just_main": 0.36203435199643097, "just_spurious": 0.9944943494639235, "neither": 0.995239174790297, "cf_score": 0.0}