{"s_given_m": 0.017, "s_given_not_m": 0.008, "both": 0.5569620253164557, "just_main": 0.35497545738509595, "just_spurious": 0.9861751152073732, "neither": 0.99528611175105, "cf_score": 0.0}