{"s_given_m": 0.028, "s_given_not_m": 0.02, "both": 0.21875, "just_main": 0.36250845928265285, "just_spurious": 0.9885664028144239, "neither": 0.9953522592685641, "cf_score": 0.078125}