{"s_given_m": 0.007, "s_given_not_m": 0.021, "both": 0.09375, "just_main": 0.30183263413557077, "just_spurious": 0.9978568366909558, "neither": 0.993653102080023, "cf_score": 0.03125}