{"s_given_m": 0.001, "s_given_not_m": 0.031, "both": -1, "just_main": 0.35872667398463226, "just_spurious": 0.9988472622478386, "neither": 0.9951023073574228, "cf_score": -1}