{"s_given_m": 0.031, "s_given_not_m": 0.04, "both": 0.1619718309859155, "just_main": 0.3647884136682507, "just_spurious": 0.9852292768959435, "neither": 0.9956314680831578, "cf_score": 0.04225352112676056}