{"s_given_m": 0.028, "s_given_not_m": 0.02, "both": 0.15625, "just_main": 0.3045341755019174, "just_spurious": 0.9881266490765171, "neither": 0.993853856368661, "cf_score": 0.0703125}