{"s_given_m": 0.002, "s_given_not_m": 0.002, "both": -1, "just_main": 0.3004612343509774, "just_spurious": 0.9282296650717703, "neither": 0.9938599504919968, "cf_score": -1}