{"s_given_m": 0.002, "s_given_not_m": 0.031, "both": -1, "just_main": 0.3008130081300813, "just_spurious": 0.9991615427613192, "neither": 0.9935632058684679, "cf_score": -1}