{"s_given_m": 0.004, "s_given_not_m": 0.036, "both": -1, "just_main": 0.301122606207352, "just_spurious": 0.9995146809026936, "neither": 0.9935221933305962, "cf_score": -1}