{"s_given_m": 0.004, "s_given_not_m": 0.054, "both": -1, "just_main": 0.30127640845070425, "just_spurious": 0.9991816693944353, "neither": 0.993430344930122, "cf_score": -1}