{"s_given_m": 0.002, "s_given_not_m": 0.03, "both": -1, "just_main": 0.3008791208791209, "just_spurious": 0.9994088087496305, "neither": 0.993565518428899, "cf_score": -1}