{"s_given_m": 0.002, "s_given_not_m": 0.031, "both": -1, "just_main": 0.3592617007251154, "just_spurious": 0.9997205142537731, "neither": 0.9950702690924937, "cf_score": -1}