{"s_given_m": 0.003, "s_given_not_m": 0.009, "both": -1, "just_main": 0.3590589270008795, "just_spurious": 0.9969818913480886, "neither": 0.9952010076996771, "cf_score": -1}