{"s_given_m": 0.026, "s_given_not_m": 0.018, "both": 0.375, "just_main": 0.2983562260752083, "just_spurious": 0.9955445544554455, "neither": 0.9937066943584051, "cf_score": 0.08333333333333333}