{"s_given_m": 0.002, "s_given_not_m": 0.03, "both": -1, "just_main": 0.35912087912087914, "just_spurious": 0.9994088087496305, "neither": 0.9950880436457229, "cf_score": -1}