{"s_given_m": 0.007, "s_given_not_m": 0.029, "both": 0.0967741935483871, "just_main": 0.36026490066225164, "just_spurious": 0.9984948826008428, "neither": 0.9951179305097642, "cf_score": 0.0}