{"s_given_m": 0.006, "s_given_not_m": 0.035, "both": 0.1111111111111111, "just_main": 0.30149977944419937, "just_spurious": 0.9994925145902055, "neither": 0.9935328141367218, "cf_score": 0.1111111111111111}