{"s_given_m": 0.1, "s_given_not_m": 0.028, "both": 0.26695842450765866, "just_main": 0.30409356725146197, "just_spurious": 0.9668367346938775, "neither": 0.9945022153901799, "cf_score": 0.0350109409190372}