{"s_given_m": 0.1, "s_given_not_m": 0.028, "both": 0.36542669584245074, "just_main": 0.35769980506822613, "just_spurious": 0.9767219387755102, "neither": 0.995741025409169, "cf_score": 0.061269146608315096}