{"s_given_m": 0.032, "s_given_not_m": 0.021, "both": 0.2620689655172414, "just_main": 0.36163949275362317, "just_spurious": 0.9912060301507538, "neither": 0.9953025921069176, "cf_score": 0.027586206896551724}