{"s_given_m": 0.032, "s_given_not_m": 0.021, "both": 0.2, "just_main": 0.30366847826086957, "just_spurious": 0.981574539363484, "neither": 0.9940002514864646, "cf_score": 0.027586206896551724}