{"s_given_m": 0.0, "s_given_not_m": 0.017, "both": -1, "just_main": 0.30037272527954395, "just_spurious": 1.0, "neither": 0.9936320543779626, "cf_score": -1}