{"s_given_m": 0.0, "s_given_not_m": 0.017, "both": -1, "just_main": 0.35847401885551416, "just_spurious": 1.0, "neither": 0.9951346033449602, "cf_score": -1}