{"s_given_m": 0.01, "s_given_not_m": 0.031, "both": 0.23684210526315788, "just_main": 0.3414758269720102, "just_spurious": 0.9977464788732394, "neither": 0.9955854074695989, "cf_score": 0.10526315789473684}