{"s_given_m": 0.043, "s_given_not_m": 0.041, "both": 0.24260355029585798, "just_main": 0.20005264543300869, "just_spurious": 0.9952524816573155, "neither": 0.9981857136344988, "cf_score": 0.005917159763313609}