{"s_given_m": 0.007, "s_given_not_m": 0.038, "both": 0.14285714285714285, "just_main": 0.20228426395939086, "just_spurious": 0.9995449374288965, "neither": 0.9980077144208725, "cf_score": 0.03571428571428571}