{"s_given_m": 0.003, "s_given_not_m": 0.026, "both": -1, "just_main": 0.3409148344705585, "just_spurious": 0.9976470588235294, "neither": 0.9955992240264406, "cf_score": -1}