{"s_given_m": 0.01, "s_given_not_m": 0.031, "both": 0.07692307692307693, "just_main": 0.3430898447442097, "just_spurious": 0.9977077363896848, "neither": 0.9955877974176434, "cf_score": 0.0}