{"s_given_m": 0.288, "s_given_not_m": 0.05, "both": 0.2755905511811024, "just_main": 0.17203539823008848, "just_spurious": 0.9912249912249912, "neither": 0.9984257187836606, "cf_score": 0.023622047244094488}