{"s_given_m": 0.005, "s_given_not_m": 0.006, "both": -1, "just_main": 0.3398328690807799, "just_spurious": 0.9956268221574344, "neither": 0.9956526713190711, "cf_score": -1}