{"s_given_m": 0.025, "s_given_not_m": 0.036, "both": 0.07920792079207921, "just_main": 0.20506852857512284, "just_spurious": 0.9992790194664743, "neither": 0.9980210243468473, "cf_score": 0.009900990099009901}