{"s_given_m": 0.101, "s_given_not_m": 0.1, "both": 0.255, "just_main": 0.3500560538116592, "just_spurious": 0.9971146279618781, "neither": 0.9954899788106764, "cf_score": 0.0475}