{"s_given_m": 0.069, "s_given_not_m": 0.051, "both": 0.29304029304029305, "just_main": 0.343978349120433, "just_spurious": 0.9921421250427058, "neither": 0.9958419766745032, "cf_score": 0.054945054945054944}