{"s_given_m": 0.007, "s_given_not_m": 0.018, "both": 0.17857142857142858, "just_main": 0.2020304568527919, "just_spurious": 0.9966856060606061, "neither": 0.9980928106089638, "cf_score": 0.03571428571428571}