{"s_given_m": 0.007, "s_given_not_m": 0.017, "both": 0.10344827586206896, "just_main": 0.34221883726834224, "just_spurious": 0.9979370809695719, "neither": 0.9956130984160882, "cf_score": 0.06896551724137931}