{"s_given_m": 0.009, "s_given_not_m": 0.031, "both": 0.02857142857142857, "just_main": 0.20340706839562675, "just_spurious": 0.9991477272727273, "neither": 0.9980324732172673, "cf_score": 0.02857142857142857}