{"s_given_m": 0.024, "s_given_not_m": 0.038, "both": 0.12631578947368421, "just_main": 0.203718048024787, "just_spurious": 0.9990675990675991, "neither": 0.9980277926728408, "cf_score": 0.09473684210526316}