{"s_given_m": 0.048, "s_given_not_m": 0.029, "both": 0.11979166666666667, "just_main": 0.20603813559322035, "just_spurious": 0.9954682779456193, "neither": 0.9981442946067436, "cf_score": 0.03125}