{"s_given_m": 0.003, "s_given_not_m": 0.013, "both": -1, "just_main": 0.34133400707427997, "just_spurious": 0.9993390614672836, "neither": 0.9956030707586476, "cf_score": -1}