{"s_given_m": 0.002, "s_given_not_m": 0.017, "both": -1, "just_main": 0.2022216611966675, "just_spurious": 0.9994824016563147, "neither": 0.9980424782225702, "cf_score": -1}