{"s_given_m": 0.013, "s_given_not_m": 0.022, "both": 0.09433962264150944, "just_main": 0.2033205619412516, "just_spurious": 0.9987903225806452, "neither": 0.9980507694095977, "cf_score": 0.018867924528301886}