{"s_given_m": 0.008, "s_given_not_m": 0.032, "both": 0.0, "just_main": 0.20340274250888776, "just_spurious": 0.9991785323110625, "neither": 0.9980301264152819, "cf_score": 0.0}