{"s_given_m": 0.012, "s_given_not_m": 0.029, "both": 0.06521739130434782, "just_main": 0.2034676185619582, "just_spurious": 0.9997013142174432, "neither": 0.9980175000675853, "cf_score": 0.0}