{"s_given_m": 0.009, "s_given_not_m": 0.015, "both": 0.20588235294117646, "just_main": 0.2018301982714794, "just_spurious": 0.996996996996997, "neither": 0.9980826246737798, "cf_score": 0.058823529411764705}