{"s_given_m": 0.043, "s_given_not_m": 0.033, "both": 0.27906976744186046, "just_main": 0.3432560590094837, "just_spurious": 0.9912698412698413, "neither": 0.9958023864880269, "cf_score": 0.08139534883720931}