{"s_given_m": 0.011, "s_given_not_m": 0.015, "both": 0.14285714285714285, "just_main": 0.34258787570045846, "just_spurious": 0.9940898345153665, "neither": 0.9956759924352064, "cf_score": 0.0}