{"s_given_m": 0.002, "s_given_not_m": 0.017, "both": -1, "just_main": 0.3409090909090909, "just_spurious": 0.9989517819706499, "neither": 0.995596516355161, "cf_score": -1}