{"s_given_m": 0.013, "s_given_not_m": 0.018, "both": 0.18867924528301888, "just_main": 0.3425287356321839, "just_spurious": 0.9933014354066986, "neither": 0.9956962995304244, "cf_score": 0.18867924528301888}