{"s_given_m": 0.002, "s_given_not_m": 0.016, "both": -1, "just_main": 0.34074261177064913, "just_spurious": 1.0, "neither": 0.9955803364991285, "cf_score": -1}