{"s_given_m": 0.013, "s_given_not_m": 0.018, "both": 0.09433962264150944, "just_main": 0.2033205619412516, "just_spurious": 0.9985645933014354, "neither": 0.9980575430592806, "cf_score": 0.09433962264150944}