{"s_given_m": 0.002, "s_given_not_m": 0.041, "both": -1, "just_main": 0.20227272727272727, "just_spurious": 0.9997858672376874, "neither": 0.9979935977528295, "cf_score": -1}