{"s_given_m": 0.007, "s_given_not_m": 0.01, "both": 0.10344827586206896, "just_main": 0.2025894897182026, "just_spurious": 0.9983235540653814, "neither": 0.9980641055106695, "cf_score": 0.0}