{"s_given_m": 0.019, "s_given_not_m": 0.025, "both": 0.06493506493506493, "just_main": 0.20457465947057313, "just_spurious": 0.9961592178770949, "neither": 0.9981158315015028, "cf_score": 0.06493506493506493}