{"s_given_m": 0.013, "s_given_not_m": 0.022, "both": 0.20754716981132076, "just_main": 0.34227330779054915, "just_spurious": 0.9951612903225806, "neither": 0.9956634090075913, "cf_score": 0.018867924528301886}