{"s_given_m": 0.001, "s_given_not_m": 0.014, "both": -1, "just_main": 0.20171457387796268, "just_spurious": 0.9987893462469734, "neither": 0.9980562187685835, "cf_score": -1}