{"s_given_m": 0.025, "s_given_not_m": 0.036, "both": 0.18811881188118812, "just_main": 0.34445306439100076, "just_spurious": 0.996395097332372, "neither": 0.9956244666751394, "cf_score": 0.019801980198019802}