{"s_given_m": 0.002, "s_given_not_m": 0.018, "both": -1, "just_main": 0.20166582534073701, "just_spurious": 1.0, "neither": 0.9980304785669727, "cf_score": -1}