{"s_given_m": 0.001, "s_given_not_m": 0.014, "both": -1, "just_main": 0.340393343419062, "just_spurious": 0.9987893462469734, "neither": 0.9956065218741956, "cf_score": -1}