{"s_given_m": 0.024, "s_given_not_m": 0.038, "both": 0.24210526315789474, "just_main": 0.3428866511747999, "just_spurious": 0.9993006993006993, "neither": 0.9955102745639786, "cf_score": 0.042105263157894736}