{"s_given_m": 0.015, "s_given_not_m": 0.019, "both": 0.1016949152542373, "just_main": 0.3440777692504477, "just_spurious": 0.9952941176470588, "neither": 0.9956593044191312, "cf_score": 0.0}