{"s_given_m": 0.004, "s_given_not_m": 0.025, "both": -1, "just_main": 0.20248038471273094, "just_spurious": 0.9986244841815681, "neither": 0.9980522569584691, "cf_score": -1}