{"s_given_m": 0.016, "s_given_not_m": 0.019, "both": 0.359375, "just_main": 0.3401639344262295, "just_spurious": 0.9866911427260211, "neither": 0.9958266452648475, "cf_score": 0.140625}