{"s_given_m": 0.005, "s_given_not_m": 0.028, "both": 0.05, "just_main": 0.20263424518743667, "just_spurious": 0.9993642720915448, "neither": 0.9980300972358397, "cf_score": 0.05}