{"s_given_m": 0.004, "s_given_not_m": 0.023, "both": -1, "just_main": 0.20237794080445232, "just_spurious": 1.0, "neither": 0.9980215746833176, "cf_score": -1}