{"s_given_m": 0.043, "s_given_not_m": 0.033, "both": 0.11627906976744186, "just_main": 0.20574288724973658, "just_spurious": 0.9962962962962963, "neither": 0.9981273577651326, "cf_score": 0.05813953488372093}