{"s_given_m": 0.015, "s_given_not_m": 0.035, "both": 0.1896551724137931, "just_main": 0.34271099744245526, "just_spurious": 0.998767258382643, "neither": 0.9955379411044503, "cf_score": 0.08620689655172414}