{"s_given_m": 0.01, "s_given_not_m": 0.037, "both": 0.025, "just_main": 0.20366598778004075, "just_spurious": 0.9988334111059263, "neither": 0.9980369525505984, "cf_score": 0.025}