{"s_given_m": 0.005, "s_given_not_m": 0.006, "both": -1, "just_main": 0.2023297037224614, "just_spurious": 0.9956268221574344, "neither": 0.9980815432136791, "cf_score": -1}