{"s_given_m": 0.02, "s_given_not_m": 0.062, "both": 0.1625, "just_main": 0.20267489711934156, "just_spurious": 0.9992888636040392, "neither": 0.9979867273133994, "cf_score": 0.025}