{"s_given_m": 0.053, "s_given_not_m": 0.073, "both": 0.2904761904761905, "just_main": 0.34326769558275677, "just_spurious": 0.9965022313351827, "neither": 0.9955860716037274, "cf_score": 0.014285714285714285}