{"s_given_m": 0.02, "s_given_not_m": 0.062, "both": 0.275, "just_main": 0.341820987654321, "just_spurious": 0.9974399089745413, "neither": 0.9955353814033256, "cf_score": 0.025}