{"s_given_m": 0.058, "s_given_not_m": 0.034, "both": 0.1572052401746725, "just_main": 0.20460016047071408, "just_spurious": 0.9969309462915601, "neither": 0.9981070383754947, "cf_score": 0.043668122270742356}