{"s_given_m": 0.008, "s_given_not_m": 0.02, "both": 0.1, "just_main": 0.2026409344845099, "just_spurious": 0.9991434689507495, "neither": 0.9980443634804972, "cf_score": 0.0}