{"s_given_m": 0.078, "s_given_not_m": 0.026, "both": 0.24193548387096775, "just_main": 0.348824494259158, "just_spurious": 0.9772263766145479, "neither": 0.9961392388015479, "cf_score": 0.04838709677419355}