{"s_given_m": 0.021, "s_given_not_m": 0.046, "both": 0.29411764705882354, "just_main": 0.3414885397888231, "just_spurious": 0.9984753192300362, "neither": 0.9955167228986358, "cf_score": 0.03529411764705882}