{"s_given_m": 0.022, "s_given_not_m": 0.019, "both": 0.06741573033707865, "just_main": 0.20494972931167826, "just_spurious": 0.9848066298342542, "neither": 0.9983236288086172, "cf_score": 0.02247191011235955}