{"s_given_m": 0.002, "s_given_not_m": 0.027, "both": -1, "just_main": 0.3409090909090909, "just_spurious": 0.9970722186076773, "neither": 0.9956132859903816, "cf_score": -1}