{"s_given_m": 0.048, "s_given_not_m": 0.029, "both": 0.24479166666666666, "just_main": 0.3453389830508475, "just_spurious": 0.9870090634441088, "neither": 0.9959102415119495, "cf_score": 0.10416666666666667}