{"s_given_m": 0.002, "s_given_not_m": 0.008, "both": -1, "just_main": 0.3409893992932862, "just_spurious": 0.997874601487779, "neither": 0.9956340736298047, "cf_score": -1}