{"s_given_m": 0.001, "s_given_not_m": 0.009, "both": -1, "just_main": 0.20211960635881907, "just_spurious": 0.999001996007984, "neither": 0.9980585437313024, "cf_score": -1}