{"s_given_m": 0.007, "s_given_not_m": 0.031, "both": 0.17857142857142858, "just_main": 0.2020304568527919, "just_spurious": 0.9980364656381486, "neither": 0.9980677898766636, "cf_score": 0.0}