{"s_given_m": 0.008, "s_given_not_m": 0.02, "both": 0.16666666666666666, "just_main": 0.3417978669375317, "just_spurious": 0.9970021413276231, "neither": 0.9956243749107015, "cf_score": 0.03333333333333333}