{"s_given_m": 0.01, "s_given_not_m": 0.031, "both": 0.0, "just_main": 0.20386866887248664, "just_spurious": 0.9997134670487106, "neither": 0.9980149599833978, "cf_score": 0.05128205128205128}