{"s_given_m": 0.196, "s_given_not_m": 0.1, "both": 0.3204633204633205, "just_main": 0.345346286430586, "just_spurious": 0.989105804427401, "neither": 0.9963829063153289, "cf_score": 0.07593307593307594}