{"s_given_m": 0.007, "s_given_not_m": 0.031, "both": 0.32142857142857145, "just_main": 0.34060913705583756, "just_spurious": 0.9966339410939692, "neither": 0.9956209256550553, "cf_score": 0.03571428571428571}