{"s_given_m": 0.007, "s_given_not_m": 0.04, "both": 0.1111111111111111, "just_main": 0.2024866785079929, "just_spurious": 0.9997794441993825, "neither": 0.9979960832536321, "cf_score": 0.037037037037037035}