{"s_given_m": 0.002, "s_given_not_m": 0.041, "both": -1, "just_main": 0.3409090909090909, "just_spurious": 0.9995717344753747, "neither": 0.9954855949438663, "cf_score": -1}