{"s_given_m": 0.01, "s_given_not_m": 0.037, "both": 0.15, "just_main": 0.34241344195519346, "just_spurious": 0.9979001399906673, "neither": 0.9955649668735743, "cf_score": 0.0}