{"s_given_m": 0.007, "s_given_not_m": 0.018, "both": 0.25, "just_main": 0.3411167512690355, "just_spurious": 0.9947916666666666, "neither": 0.9956687194203571, "cf_score": 0.07142857142857142}