{"s_given_m": 0.015, "s_given_not_m": 0.019, "both": 0.01694915254237288, "just_main": 0.20465592223074955, "just_spurious": 0.9990588235294118, "neither": 0.9980480239585005, "cf_score": 0.0}