{"s_given_m": 0.012, "s_given_not_m": 0.015, "both": 0.2653061224489796, "just_main": 0.34141362592498087, "just_spurious": 0.9927797833935018, "neither": 0.9956948968994381, "cf_score": 0.04081632653061224}