{"s_given_m": 0.001, "s_given_not_m": 0.015, "both": -1, "just_main": 0.30465051517683095, "just_spurious": 1.0, "neither": 0.9897310600024787, "cf_score": -1}