{"s_given_m": 0.001, "s_given_not_m": 0.03, "both": -1, "just_main": 0.3506963788300836, "just_spurious": 0.9997120644975526, "neither": 0.9932926335853841, "cf_score": -1}