{"s_given_m": 0.008, "s_given_not_m": 0.009, "both": 0.10344827586206896, "just_main": 0.35269360269360267, "just_spurious": 0.9856850715746421, "neither": 0.993554117274614, "cf_score": 0.10344827586206896}