{"s_given_m": 0.026, "s_given_not_m": 0.041, "both": 0.17894736842105263, "just_main": 0.3553459119496855, "just_spurious": 0.9944774851316908, "neither": 0.9934446202243922, "cf_score": 0.010526315789473684}