{"s_given_m": 0.001, "s_given_not_m": 0.013, "both": -1, "just_main": 0.3506963788300836, "just_spurious": 1.0, "neither": 0.9933991941184788, "cf_score": -1}