{"s_given_m": 0.03, "s_given_not_m": 0.025, "both": 0.2336448598130841, "just_main": 0.3542742398164085, "just_spurious": 0.9861603974449965, "neither": 0.9936715649469055, "cf_score": 0.06542056074766354}