{"s_given_m": 0.07, "s_given_not_m": 0.023, "both": 0.1952191235059761, "just_main": 0.3623578695391981, "just_spurious": 0.9623000761614623, "neither": 0.9942177963379377, "cf_score": 0.035856573705179286}