{"s_given_m": 0.051, "s_given_not_m": 0.029, "both": 0.2810810810810811, "just_main": 0.3057511737089202, "just_spurious": 0.9563397129186603, "neither": 0.990893578805568, "cf_score": 0.02702702702702703}