{"s_given_m": 0.001, "s_given_not_m": 0.03, "both": -1, "just_main": 0.30465051517683095, "just_spurious": 0.9991389207807119, "neither": 0.989596259329197, "cf_score": -1}