{"s_given_m": 0.127, "s_given_not_m": 0.036, "both": 0.20568927789934355, "just_main": 0.3718112244897959, "just_spurious": 0.9600389863547758, "neither": 0.9947282756126232, "cf_score": 0.04814004376367615}