{"s_given_m": 0.0, "s_given_not_m": 0.019, "both": -1, "just_main": 0.30448093515168384, "just_spurious": 1.0, "neither": 0.9896898053506356, "cf_score": -1}