{"s_given_m": 0.015, "s_given_not_m": 0.048, "both": 0.12727272727272726, "just_main": 0.3072357263990955, "just_spurious": 0.9937876849990864, "neither": 0.9896906272603254, "cf_score": 0.01818181818181818}