{"s_given_m": 0.0, "s_given_not_m": 0.026, "both": -1, "just_main": 0.30456570155902, "just_spurious": 1.0, "neither": 0.9896158769660457, "cf_score": -1}