{"s_given_m": 0.0, "s_given_not_m": 0.019, "both": -1, "just_main": 0.3506818814361258, "just_spurious": 1.0, "neither": 0.9933605901697626, "cf_score": -1}