{"s_given_m": 0.007, "s_given_not_m": 0.002, "both": 0.28, "just_main": 0.351177130044843, "just_spurious": 0.9322916666666666, "neither": 0.9935896316221551, "cf_score": 0.0}