{"s_given_m": 0.001, "s_given_not_m": 0.034, "both": -1, "just_main": 0.35097493036211697, "just_spurious": 0.9994935426690301, "neither": 0.9932728339879904, "cf_score": -1}