{"s_given_m": 0.008, "s_given_not_m": 0.027, "both": 0.03571428571428571, "just_main": 0.3531556802244039, "just_spurious": 0.9977692797960485, "neither": 0.9933665602925885, "cf_score": 0.0}