{"s_given_m": 0.001, "s_given_not_m": 0.013, "both": -1, "just_main": 0.3044568245125348, "just_spurious": 1.0, "neither": 0.9897497525802347, "cf_score": -1}