{"s_given_m": 0.016, "s_given_not_m": 0.018, "both": 0.10526315789473684, "just_main": 0.3076923076923077, "just_spurious": 0.9868804664723032, "neither": 0.9899410490429348, "cf_score": 0.017543859649122806}