{"s_given_m": 0.045, "s_given_not_m": 0.029, "both": 0.1419753086419753, "just_main": 0.31215389099387936, "just_spurious": 0.9806662700773349, "neither": 0.9901645528688966, "cf_score": 0.05555555555555555}