{"s_given_m": 0.179, "s_given_not_m": 0.056, "both": 0.24261275272161742, "just_main": 0.3742372881355932, "just_spurious": 0.9746444032158318, "neither": 0.9946131243878551, "cf_score": 0.03110419906687403}