{"s_given_m": 0.003, "s_given_not_m": 0.002, "both": -1, "just_main": 0.3513815238626849, "just_spurious": 1.0, "neither": 0.993476837095577, "cf_score": -1}