{"s_given_m": 0.022, "s_given_not_m": 0.013, "both": 0.25, "just_main": 0.30572160546541416, "just_spurious": 0.9621513944223108, "neither": 0.9902551507226914, "cf_score": 0.05}