{"s_given_m": 0.014, "s_given_not_m": 0.016, "both": 0.08163265306122448, "just_main": 0.30756207674943564, "just_spurious": 0.9841269841269841, "neither": 0.9899793562334429, "cf_score": 0.0}