{"s_given_m": 0.382, "s_given_not_m": 0.027, "both": 0.37409024745269287, "just_main": 0.33618747183415953, "just_spurious": 0.9291747888239116, "neither": 0.9952605361238532, "cf_score": 0.20160116448326054}