{"s_given_m": 0.307, "s_given_not_m": 0.094, "both": 0.3532608695652174, "just_main": 0.3495379670550422, "just_spurious": 0.9754029628249324, "neither": 0.9953540269908908, "cf_score": 0.12681159420289856}