{"s_given_m": 0.001, "s_given_not_m": 0.02, "both": -1, "just_main": 0.30465051517683095, "just_spurious": 0.9995573262505534, "neither": 0.9896918219415662, "cf_score": -1}