{"s_given_m": 0.007, "s_given_not_m": 0.002, "both": 0.4, "just_main": 0.3038116591928251, "just_spurious": 0.9114583333333334, "neither": 0.9900176416132469, "cf_score": 0.0}