{"s_given_m": 0.0, "s_given_not_m": 0.017, "both": -1, "just_main": 0.3507795100222717, "just_spurious": 0.9994916115912558, "neither": 0.9933822420538114, "cf_score": -1}