{"s_given_m": 0.008, "s_given_not_m": 0.034, "both": 0.10714285714285714, "just_main": 0.30603085553997195, "just_spurious": 0.9951776649746192, "neither": 0.9896978890152952, "cf_score": 0.10714285714285714}