{"s_given_m": 0.057, "s_given_not_m": 0.019, "both": 0.2, "just_main": 0.3597992916174734, "just_spurious": 0.9619489559164733, "neither": 0.9940909373639361, "cf_score": 0.07317073170731707}