{"s_given_m": 0.022, "s_given_not_m": 0.038, "both": 0.13924050632911392, "just_main": 0.30819578827546956, "just_spurious": 0.9923362749651649, "neither": 0.9897905569445954, "cf_score": 0.11392405063291139}