{"s_given_m": 0.045, "s_given_not_m": 0.029, "both": 0.14814814814814814, "just_main": 0.3602448265811717, "just_spurious": 0.9875074360499703, "neither": 0.9936675888333992, "cf_score": 0.04938271604938271}