{"s_given_m": 0.0, "s_given_not_m": 0.026, "both": -1, "just_main": 0.3507795100222717, "just_spurious": 1.0, "neither": 0.9933129828393416, "cf_score": -1}