{"s_given_m": 0.213, "s_given_not_m": 0.073, "both": 0.23167539267015708, "just_main": 0.3828207847295864, "just_spurious": 0.9794658753709199, "neither": 0.9945986129539188, "cf_score": 0.04450261780104712}