{"s_given_m": 0.074, "s_given_not_m": 0.038, "both": 0.2883895131086142, "just_main": 0.3057726999398677, "just_spurious": 0.9770036429872495, "neither": 0.9903990861453101, "cf_score": 0.056179775280898875}