{"s_given_m": 0.008, "s_given_not_m": 0.028, "both": 0.16666666666666666, "just_main": 0.35223126578725794, "just_spurious": 0.9978172747115684, "neither": 0.9933624548153597, "cf_score": 0.03333333333333333}