{"s_given_m": 0.001, "s_given_not_m": 0.031, "both": -1, "just_main": 0.30465051517683095, "just_spurious": 0.9994422755158952, "neither": 0.9895777081758289, "cf_score": -1}