{"s_given_m": 0.014, "s_given_not_m": 0.016, "both": 0.10204081632653061, "just_main": 0.3541196388261851, "just_spurious": 0.9917898193760263, "neither": 0.9935144905065254, "cf_score": 0.02040816326530612}