{"s_given_m": 0.016, "s_given_not_m": 0.018, "both": 0.17543859649122806, "just_main": 0.35350678733031676, "just_spurious": 0.9941690962099126, "neither": 0.9934745552043751, "cf_score": 0.03508771929824561}