{"s_given_m": 0.043, "s_given_not_m": 0.012, "both": 0.16774193548387098, "just_main": 0.3589296102385108, "just_spurious": 0.9554597701149425, "neither": 0.9939542108700641, "cf_score": 0.012903225806451613}