{"s_given_m": 0.032, "s_given_not_m": 0.059, "both": 0.10434782608695652, "just_main": 0.3110983323749281, "just_spurious": 0.9895926256318763, "neither": 0.9899044161232958, "cf_score": 0.017391304347826087}