{"s_given_m": 0.01, "s_given_not_m": 0.008, "both": 0.22857142857142856, "just_main": 0.3518830803822372, "just_spurious": 0.993421052631579, "neither": 0.9934875463605842, "cf_score": 0.08571428571428572}