{"s_given_m": 0.062, "s_given_not_m": 0.025, "both": 0.16143497757847533, "just_main": 0.313946587537092, "just_spurious": 0.9716088328075709, "neither": 0.9903523752470025, "cf_score": 0.013452914798206279}