{"s_given_m": 0.005, "s_given_not_m": 0.025, "both": -1, "just_main": 0.3503914988814318, "just_spurious": 0.9982900136798906, "neither": 0.9933613670931377, "cf_score": -1}