{"s_given_m": 0.012, "s_given_not_m": 0.02, "both": 0.06976744186046512, "just_main": 0.3540845070422535, "just_spurious": 0.9956933677863911, "neither": 0.9934414266899227, "cf_score": 0.046511627906976744}