{"s_given_m": 0.026, "s_given_not_m": 0.041, "both": 0.1368421052631579, "just_main": 0.30903373356203545, "just_spurious": 0.9908666100254885, "neither": 0.9898441619842525, "cf_score": 0.010526315789473684}