{"s_given_m": 0.382, "s_given_not_m": 0.027, "both": 0.314410480349345, "just_main": 0.2983325822442542, "just_spurious": 0.9200779727095516, "neither": 0.9918112098623854, "cf_score": 0.16375545851528384}