{"s_given_m": 0.003, "s_given_not_m": 0.026, "both": -1, "just_main": 0.3512004466778336, "just_spurious": 0.9993364299933643, "neither": 0.9933291547277937, "cf_score": -1}