{"s_given_m": 0.012, "s_given_not_m": 0.02, "both": 0.09302325581395349, "just_main": 0.30704225352112674, "just_spurious": 0.9896640826873385, "neither": 0.989890720108212, "cf_score": 0.023255813953488372}