{"s_given_m": 0.001, "s_given_not_m": 0.015, "both": -1, "just_main": 0.30473537604456824, "just_spurious": 0.9982435597189696, "neither": 0.9897597932487211, "cf_score": -1}