{"s_given_m": 0.051, "s_given_not_m": 0.029, "both": 0.1945945945945946, "just_main": 0.3591549295774648, "just_spurious": 0.9808612440191388, "neither": 0.9938661876964526, "cf_score": 0.010810810810810811}