{"s_given_m": 0.022, "s_given_not_m": 0.033, "both": 0.0641025641025641, "just_main": 0.35704125177809387, "just_spurious": 0.9954448017148981, "neither": 0.9934211712117662, "cf_score": 0.0}