{"s_given_m": 0.004, "s_given_not_m": 0.017, "both": -1, "just_main": 0.3516759776536313, "just_spurious": 0.9974039460020768, "neither": 0.9934201191827469, "cf_score": -1}