{"s_given_m": 0.005, "s_given_not_m": 0.025, "both": -1, "just_main": 0.3036912751677852, "just_spurious": 0.9976060191518468, "neither": 0.98968417285497, "cf_score": -1}