{"s_given_m": 0.001, "s_given_not_m": 0.036, "both": -1, "just_main": 0.3507940930621343, "just_spurious": 0.999758162031439, "neither": 0.9932524715310377, "cf_score": -1}