{"s_given_m": 0.029, "s_given_not_m": 0.035, "both": 0.06796116504854369, "just_main": 0.31146131805157595, "just_spurious": 0.9922712540513587, "neither": 0.9897996982373084, "cf_score": 0.06796116504854369}