{"s_given_m": 0.001, "s_given_not_m": 0.03, "both": -1, "just_main": 0.35041782729805016, "just_spurious": 0.9997051017398997, "neither": 0.9932975750878233, "cf_score": -1}