{"s_given_m": 0.0, "s_given_not_m": 0.022, "both": -1, "just_main": 0.30448093515168384, "just_spurious": 0.9996009577015164, "neither": 0.9896691268228331, "cf_score": -1}