{"s_given_m": 0.127, "s_given_not_m": 0.036, "both": 0.1772428884026258, "just_main": 0.32302295918367346, "just_spurious": 0.9522417153996101, "neither": 0.9912831178225879, "cf_score": 0.04157549234135667}