{"s_given_m": 0.01, "s_given_not_m": 0.008, "both": 0.2857142857142857, "just_main": 0.3046655424395728, "just_spurious": 0.9769736842105263, "neither": 0.9899896292911006, "cf_score": 0.0}