{"s_given_m": 0.08, "s_given_not_m": 0.02, "both": 0.27177700348432055, "just_main": 0.3073200241984271, "just_spurious": 0.939893143365984, "neither": 0.9908846755833808, "cf_score": 0.03484320557491289}