{"s_given_m": 0.022, "s_given_not_m": 0.013, "both": 0.225, "just_main": 0.35354397950469685, "just_spurious": 0.9800796812749004, "neither": 0.9936654062268085, "cf_score": 0.025}