{"s_given_m": 0.0, "s_given_not_m": 0.023, "both": -1, "just_main": 0.30448093515168384, "just_spurious": 0.99961962723469, "neither": 0.9896577878909562, "cf_score": -1}