{"s_given_m": 0.001, "s_given_not_m": 0.015, "both": -1, "just_main": 0.3506963788300836, "just_spurious": 0.9976580796252927, "neither": 0.9934239640309419, "cf_score": -1}