{"s_given_m": 0.001, "s_given_not_m": 0.008, "both": -1, "just_main": 0.30473537604456824, "just_spurious": 0.9979101358411703, "neither": 0.9898186166331098, "cf_score": -1}