{"s_given_m": 0.119, "s_given_not_m": 0.037, "both": 0.18457943925233644, "just_main": 0.320695102685624, "just_spurious": 0.9409411764705883, "neither": 0.9917695845858535, "cf_score": 0.07009345794392523}