{"s_given_m": 0.038, "s_given_not_m": 0.03, "both": 0.2028985507246377, "just_main": 0.35658465991316934, "just_spurious": 0.9894644424934153, "neither": 0.9936105394645793, "cf_score": 0.0}