{"s_given_m": 0.179, "s_given_not_m": 0.056, "both": 0.2410575427682737, "just_main": 0.3183050847457627, "just_spurious": 0.9543908472479901, "neither": 0.9920074658584813, "cf_score": 0.03110419906687403}