{"s_given_m": 0.017, "s_given_not_m": 0.018, "both": 0.1935483870967742, "just_main": 0.30642877371849336, "just_spurious": 0.9672762271414822, "neither": 0.9903033316757832, "cf_score": 0.08064516129032258}