{"s_given_m": 0.003, "s_given_not_m": 0.002, "both": -1, "just_main": 0.3047725369801842, "just_spurious": 0.9776536312849162, "neither": 0.9899052525869974, "cf_score": -1}