{"s_given_m": 0.011, "s_given_not_m": 0.106, "both": 0.325, "just_main": 0.35097101041373485, "just_spurious": 0.9990172795020883, "neither": 0.9928280788033137, "cf_score": 0.05}