{"s_given_m": 0.03, "s_given_not_m": 0.025, "both": 0.16822429906542055, "just_main": 0.30866322432587495, "just_spurious": 0.9762242725337118, "neither": 0.9902302549250956, "cf_score": 0.056074766355140186}