{"s_given_m": 0.001, "s_given_not_m": 0.019, "both": -1, "just_main": 0.3044568245125348, "just_spurious": 0.9985981308411215, "neither": 0.9897204897204898, "cf_score": -1}