{"s_given_m": 0.022, "s_given_not_m": 0.038, "both": 0.16455696202531644, "just_main": 0.35486624928856003, "just_spurious": 0.9937296795169531, "neither": 0.9934775519078161, "cf_score": 0.0}