{"s_given_m": 0.006, "s_given_not_m": 0.013, "both": -1, "just_main": 0.35106382978723405, "just_spurious": 0.992676431424767, "neither": 0.993497773694254, "cf_score": 0.0}