{"s_given_m": 0.011, "s_given_not_m": 0.106, "both": 0.275, "just_main": 0.3048128342245989, "just_spurious": 0.9981983457538285, "neither": 0.9888957192900286, "cf_score": 0.025}