{"s_given_m": 0.0, "s_given_not_m": 0.022, "both": -1, "just_main": 0.3506818814361258, "just_spurious": 0.9988216810683425, "neither": 0.9933659093340942, "cf_score": -1}