{"s_given_m": 0.001, "s_given_not_m": 0.037, "both": -1, "just_main": 0.30434782608695654, "just_spurious": 0.9990603711533944, "neither": 0.9895324936389073, "cf_score": -1}