{"s_given_m": 0.003, "s_given_not_m": 0.026, "both": -1, "just_main": 0.3045784477945282, "just_spurious": 0.9996682149966821, "neither": 0.9896221346704871, "cf_score": -1}