{"s_given_m": 0.005, "s_given_not_m": 0.053, "both": -1, "just_main": 0.13526378421261404, "just_spurious": 0.9998364677023712, "neither": 0.9980207772781583, "cf_score": -1}