{"s_given_m": 0.007, "s_given_not_m": 0.016, "both": -1, "just_main": 0.16414944356120828, "just_spurious": 0.9973103819257665, "neither": 0.9940822687563107, "cf_score": -1}