{"s_given_m": 0.023, "s_given_not_m": 0.014, "both": 0.034482758620689655, "just_main": 0.13696969696969696, "just_spurious": 0.9987812309567337, "neither": 0.9981071394144401, "cf_score": 0.034482758620689655}