{"s_given_m": 0.069, "s_given_not_m": 0.039, "both": 0.06896551724137931, "just_main": 0.1394658753709199, "just_spurious": 0.9966696269982238, "neither": 0.9981752808988764, "cf_score": 0.017241379310344827}