{"s_given_m": 0.008, "s_given_not_m": 0.008, "both": -1, "just_main": 0.13524264120922833, "just_spurious": 0.9989224137931034, "neither": 0.9981101841046452, "cf_score": -1}