{"s_given_m": 0.047, "s_given_not_m": 0.039, "both": 0.1440677966101695, "just_main": 0.1341614906832298, "just_spurious": 0.9977978418850474, "neither": 0.998129715051298, "cf_score": 0.01694915254237288}