{"s_given_m": 0.009, "s_given_not_m": 0.032, "both": 0.0, "just_main": 0.1649402390438247, "just_spurious": 0.9969937141295436, "neither": 0.9940407689905884, "cf_score": 0.0}