{"s_given_m": 0.071, "s_given_not_m": 0.04, "both": 0.17679558011049723, "just_main": 0.16241496598639457, "just_spurious": 0.98572046733016, "neither": 0.9944840370010438, "cf_score": 0.03314917127071823}