{"s_given_m": 0.002, "s_given_not_m": 0.009, "both": -1, "just_main": 0.13444049031237643, "just_spurious": 0.9990029910269193, "neither": 0.9981089489416214, "cf_score": -1}