{"s_given_m": 0.007, "s_given_not_m": 0.016, "both": -1, "just_main": 0.13513513513513514, "just_spurious": 1.0, "neither": 0.9980859563633171, "cf_score": -1}