{"s_given_m": 0.287, "s_given_not_m": 0.031, "both": 0.20082530949105915, "just_main": 0.14839424141749724, "just_spurious": 0.9394276187829953, "neither": 0.9958896170478356, "cf_score": 0.02063273727647868}