{"s_given_m": 0.298, "s_given_not_m": 0.055, "both": 0.1286472148541114, "just_main": 0.13715570545250141, "just_spurious": 0.9853704577630958, "neither": 0.998857372688465, "cf_score": 0.033156498673740056}