{"s_given_m": 0.096, "s_given_not_m": 0.023, "both": 0.102880658436214, "just_main": 0.13799126637554585, "just_spurious": 0.9850857568978374, "neither": 0.9984257818027451, "cf_score": 0.037037037037037035}