{"s_given_m": 0.004, "s_given_not_m": 0.021, "both": -1, "just_main": 0.13476020610384462, "just_spurious": 0.9991638795986622, "neither": 0.9980945996012773, "cf_score": -1}