{"s_given_m": 0.442, "s_given_not_m": 0.07, "both": 0.20267857142857143, "just_main": 0.13234253361641896, "just_spurious": 0.9540215640104102, "neither": 0.9971398059154014, "cf_score": 0.0375}