{"s_given_m": 0.651, "s_given_not_m": 0.088, "both": 0.20242424242424242, "just_main": 0.09060022650056625, "just_spurious": 0.959654461568666, "neither": 0.9974613278770827, "cf_score": 0.11696969696969697}