{"s_given_m": 0.113, "s_given_not_m": 0.025, "both": 0.11228070175438597, "just_main": 0.1699288256227758, "just_spurious": 0.9562651856994099, "neither": 0.9951006883842903, "cf_score": 0.05263157894736842}