{"s_given_m": 0.006, "s_given_not_m": 0.028, "both": -1, "just_main": 0.16355696705041683, "just_spurious": 0.9990735021618283, "neither": 0.9939919655871164, "cf_score": -1}