{"s_given_m": 0.018, "s_given_not_m": 0.047, "both": 0.17777777777777778, "just_main": 0.16318327974276528, "just_spurious": 0.9959875980302754, "neither": 0.99404195119297, "cf_score": 0.022222222222222223}