{"s_given_m": 0.113, "s_given_not_m": 0.029, "both": 0.14634146341463414, "just_main": 0.16562778272484416, "just_spurious": 0.9821536600120992, "neither": 0.9944863403528742, "cf_score": 0.027874564459930314}