{"s_given_m": 0.08, "s_given_not_m": 0.057, "both": 0.18316831683168316, "just_main": 0.16173316173316174, "just_spurious": 0.9912637445398403, "neither": 0.9943087568162031, "cf_score": 0.04455445544554455}