{"s_given_m": 0.01, "s_given_not_m": 0.01, "both": 0.07692307692307693, "just_main": 0.13522138013562027, "just_spurious": 0.9949832775919732, "neither": 0.9981494090329789, "cf_score": 0.038461538461538464}