{"s_given_m": 0.012, "s_given_not_m": 0.013, "both": 0.0967741935483871, "just_main": 0.13509192645883294, "just_spurious": 0.9973190348525469, "neither": 0.9981271113756104, "cf_score": 0.03225806451612903}