{"s_given_m": 0.009, "s_given_not_m": 0.018, "both": 0.043478260869565216, "just_main": 0.1645418326693227, "just_spurious": 0.9971658006613132, "neither": 0.9940776331652543, "cf_score": 0.043478260869565216}