{"s_given_m": 0.001, "s_given_not_m": 0.015, "both": -1, "just_main": 0.16363636363636364, "just_spurious": 0.9994145199063232, "neither": 0.9940550304263192, "cf_score": -1}