{"s_given_m": 0.01, "s_given_not_m": 0.01, "both": 0.15384615384615385, "just_main": 0.16354208216992422, "just_spurious": 0.9866220735785953, "neither": 0.9942125386267219, "cf_score": 0.0}