{"s_given_m": 0.009, "s_given_not_m": 0.018, "both": -1, "just_main": 0.13585657370517928, "just_spurious": 0.9995276334435522, "neither": 0.9980904106937001, "cf_score": 0.0}