{"s_given_m": 0.023, "s_given_not_m": 0.014, "both": 0.06896551724137931, "just_main": 0.16565656565656567, "just_spurious": 0.9914686166971359, "neither": 0.9941724431046419, "cf_score": 0.034482758620689655}