{"s_given_m": 0.005, "s_given_not_m": 0.026, "both": -1, "just_main": 0.1638888888888889, "just_spurious": 0.99933598937583, "neither": 0.9939951393446985, "cf_score": -1}