{"s_given_m": 0.047, "s_given_not_m": 0.039, "both": 0.17796610169491525, "just_main": 0.16273291925465838, "just_spurious": 0.9918520149746752, "neither": 0.9942272935717946, "cf_score": 0.0}