{"s_given_m": 0.0, "s_given_not_m": 0.026, "both": -1, "just_main": 0.13467614533965244, "just_spurious": 1.0, "neither": 0.998066844611551, "cf_score": -1}