{"s_given_m": 0.005, "s_given_not_m": 0.026, "both": -1, "just_main": 0.1349206349206349, "just_spurious": 1.0, "neither": 0.9980663816501393, "cf_score": -1}