{"s_given_m": 0.0, "s_given_not_m": 0.017, "both": -1, "just_main": 0.16344255823134624, "just_spurious": 1.0, "neither": 0.994035383615313, "cf_score": -1}