{"s_given_m": 0.057, "s_given_not_m": 0.038, "both": 0.0896551724137931, "just_main": 0.16792294807370184, "just_spurious": 0.9889039855072463, "neither": 0.9943415545456179, "cf_score": 0.020689655172413793}