{"s_given_m": 0.002, "s_given_not_m": 0.019, "both": -1, "just_main": 0.16370106761565836, "just_spurious": 1.0, "neither": 0.9940174630166436, "cf_score": -1}