{"s_given_m": 0.113, "s_given_not_m": 0.029, "both": 0.11846689895470383, "just_main": 0.13668744434550312, "just_spurious": 0.9903206291591047, "neither": 0.9983459021058623, "cf_score": 0.010452961672473868}