{"s_given_m": 0.001, "s_given_not_m": 0.015, "both": -1, "just_main": 0.1635717107862505, "just_spurious": 0.9988452655889145, "neither": 0.994062549332585, "cf_score": -1}