{"s_given_m": 0.001, "s_given_not_m": 0.013, "both": -1, "just_main": 0.1635717107862505, "just_spurious": 1.0, "neither": 0.9940556961138785, "cf_score": -1}