{"s_given_m": 0.113, "s_given_not_m": 0.025, "both": 0.09473684210526316, "just_main": 0.1396797153024911, "just_spurious": 0.9868101353696633, "neither": 0.9984052873583585, "cf_score": 0.03859649122807018}