{"s_given_m": 0.037, "s_given_not_m": 0.014, "both": 0.11827956989247312, "just_main": 0.13524590163934427, "just_spurious": 0.9968553459119497, "neither": 0.9981342629900845, "cf_score": 0.03225806451612903}