{"s_given_m": 0.011, "s_given_not_m": 0.018, "both": 0.14285714285714285, "just_main": 0.16367265469061876, "just_spurious": 0.9942501197891711, "neither": 0.9941319820176481, "cf_score": 0.0}