{"s_given_m": 0.298, "s_given_not_m": 0.055, "both": 0.1909814323607427, "just_main": 0.15177065767284992, "just_spurious": 0.9584709768758849, "neither": 0.9962064773257037, "cf_score": 0.034482758620689655}