{"s_given_m": 0.0, "s_given_not_m": 0.023, "both": -1, "just_main": 0.16344255823134624, "just_spurious": 1.0, "neither": 0.9939977900552486, "cf_score": -1}