{"s_given_m": 0.0, "s_given_not_m": 0.002, "both": -1, "just_main": 0.1346229767074615, "just_spurious": 0.9894179894179894, "neither": 0.9981309219919526, "cf_score": -1}