{"s_given_m": 0.032, "s_given_not_m": 0.016, "both": 0.1, "just_main": 0.13575214023644516, "just_spurious": 0.9951586874663798, "neither": 0.9981649765134554, "cf_score": 0.0125}