{"s_given_m": 0.019, "s_given_not_m": 0.105, "both": 0.0851063829787234, "just_main": 0.16492357200321803, "just_spurious": 0.9986889544411668, "neither": 0.9935972959922743, "cf_score": 0.0425531914893617}