{"s_given_m": 0.012, "s_given_not_m": 0.013, "both": 0.0967741935483871, "just_main": 0.1642685851318945, "just_spurious": 0.982573726541555, "neither": 0.9942850641508113, "cf_score": 0.03225806451612903}