{"s_given_m": 0.002, "s_given_not_m": 0.029, "both": -1, "just_main": 0.1348892405063291, "just_spurious": 1.0, "neither": 0.9980606017472377, "cf_score": -1}