{"s_given_m": 0.071, "s_given_not_m": 0.04, "both": 0.1270718232044199, "just_main": 0.13520408163265307, "just_spurious": 0.9941583729987019, "neither": 0.9982813231112551, "cf_score": 0.016574585635359115}