{"s_given_m": 0.076, "s_given_not_m": 0.019, "both": 0.07291666666666667, "just_main": 0.139683895771038, "just_spurious": 0.9889553612517257, "neither": 0.9982919678467349, "cf_score": 0.026041666666666668}