{"s_given_m": 0.0, "s_given_not_m": 0.022, "both": -1, "just_main": 0.16344255823134624, "just_spurious": 0.9996072270227808, "neither": 0.9940110239559041, "cf_score": -1}