{"s_given_m": 0.023, "s_given_not_m": 0.013, "both": 0.13559322033898305, "just_main": 0.16410670978173, "just_spurious": 0.9882121807465619, "neither": 0.9942132770710953, "cf_score": 0.01694915254237288}