{"s_given_m": 0.0, "s_given_not_m": 0.034, "both": -1, "just_main": 0.13467614533965244, "just_spurious": 1.0, "neither": 0.9980501417672155, "cf_score": -1}