{"s_given_m": 0.037, "s_given_not_m": 0.014, "both": 0.1935483870967742, "just_main": 0.16229508196721312, "just_spurious": 0.9905660377358491, "neither": 0.994183805753127, "cf_score": 0.021505376344086023}