{"s_given_m": 0.0, "s_given_not_m": 0.034, "both": -1, "just_main": 0.16350710900473933, "just_spurious": 0.9997468995191091, "neither": 0.9939357620099639, "cf_score": -1}