{"s_given_m": 0.263, "s_given_not_m": 0.025, "both": 0.2413793103448276, "just_main": 0.13558413719185422, "just_spurious": 0.9297091412742382, "neither": 0.9957826094660925, "cf_score": 0.026986506746626688}