{"s_given_m": 0.038, "s_given_not_m": 0.026, "both": 0.05154639175257732, "just_main": 0.13793103448275862, "just_spurious": 0.9973145350788856, "neither": 0.9981378851695855, "cf_score": 0.0}