{"s_given_m": 0.069, "s_given_not_m": 0.039, "both": 0.09195402298850575, "just_main": 0.16871555743959304, "just_spurious": 0.9877886323268206, "neither": 0.9943910112359551, "cf_score": 0.011494252873563218}