{"s_given_m": 0.007, "s_given_not_m": 0.002, "both": -1, "just_main": 0.16421471172962226, "just_spurious": 0.9597989949748744, "neither": 0.9941932413136602, "cf_score": -1}