{"s_given_m": 0.006, "s_given_not_m": 0.028, "both": -1, "just_main": 0.13457721317983326, "just_spurious": 1.0, "neither": 0.9980624977780937, "cf_score": -1}