{"s_given_m": 0.396, "s_given_not_m": 0.102, "both": 0.19721115537848605, "just_main": 0.14126880313930673, "just_spurious": 0.9745114698385726, "neither": 0.9963552084936144, "cf_score": 0.06573705179282868}