{"s_given_m": 0.005, "s_given_not_m": 0.028, "both": -1, "just_main": 0.13447044823482746, "just_spurious": 0.9993798449612403, "neither": 0.9980804948057834, "cf_score": -1}