{"s_given_m": 0.002, "s_given_not_m": 0.029, "both": -1, "just_main": 0.16376582278481014, "just_spurious": 0.9985065710872163, "neither": 0.9940038787965055, "cf_score": -1}