{"s_given_m": 0.0, "s_given_not_m": 0.002, "both": -1, "just_main": 0.16344255823134624, "just_spurious": 0.9841269841269841, "neither": 0.9941504780859257, "cf_score": -1}