{"s_given_m": 0.057, "s_given_not_m": 0.038, "both": 0.05517241379310345, "just_main": 0.13944723618090452, "just_spurious": 0.9972826086956522, "neither": 0.9981497781530115, "cf_score": 0.034482758620689655}