{"s_given_m": 0.013, "s_given_not_m": 0.035, "both": 0.0625, "just_main": 0.16473410635745703, "just_spurious": 0.9982851543361098, "neither": 0.9939823769611004, "cf_score": 0.09375}