{"s_given_m": 0.017, "s_given_not_m": 0.019, "both": 0.046511627906976744, "just_main": 0.13614457831325302, "just_spurious": 0.9986363636363637, "neither": 0.9981066276837451, "cf_score": 0.046511627906976744}