{"s_given_m": 0.002, "s_given_not_m": 0.025, "both": -1, "just_main": 0.13483590351917754, "just_spurious": 0.9996595165134491, "neither": 0.9980765310192613, "cf_score": -1}