{"s_given_m": 0.007, "s_given_not_m": 0.002, "both": -1, "just_main": 0.13518886679920478, "just_spurious": 1.0, "neither": 0.9981134524685215, "cf_score": -1}