{"s_given_m": 0.069, "s_given_not_m": 0.023, "both": 0.045454545454545456, "just_main": 0.14128128977513787, "just_spurious": 0.9944465012958164, "neither": 0.9982043820155149, "cf_score": 0.028409090909090908}