{"s_given_m": 0.009, "s_given_not_m": 0.032, "both": -1, "just_main": 0.13585657370517928, "just_spurious": 0.9997267012845039, "neither": 0.9980641420223917, "cf_score": 0.0}