{"s_given_m": 0.019, "s_given_not_m": 0.105, "both": 0.0425531914893617, "just_main": 0.13636363636363635, "just_spurious": 0.9995902982628646, "neither": 0.9979430226943505, "cf_score": 0.0425531914893617}