{"s_given_m": 0.191, "s_given_not_m": 0.026, "both": 0.16563146997929606, "just_main": 0.1273170731707317, "just_spurious": 0.9786605384110308, "neither": 0.9986425098484579, "cf_score": 0.016563146997929608}