{"s_given_m": 0.111, "s_given_not_m": 0.036, "both": 0.13523131672597866, "just_main": 0.1669626998223801, "just_spurious": 0.9812994485734836, "neither": 0.9946138748734126, "cf_score": 0.0498220640569395}