{"s_given_m": 0.396, "s_given_not_m": 0.102, "both": 0.15338645418326693, "just_main": 0.1223021582733813, "just_spurious": 0.9912489379779099, "neither": 0.9988940606247115, "cf_score": 0.04780876494023904}