{"s_given_m": 0.035, "s_given_not_m": 0.013, "both": 0.033707865168539325, "just_main": 0.13829787234042554, "just_spurious": 0.9924554183813443, "neither": 0.9981889129978302, "cf_score": 0.011235955056179775}