{"s_given_m": 0.01, "s_given_not_m": 0.038, "both": 0.0, "just_main": 0.13596491228070176, "just_spurious": 0.9993119266055046, "neither": 0.9980699139989586, "cf_score": 0.0}