{"s_given_m": 0.005, "s_given_not_m": 0.028, "both": -1, "just_main": 0.1622372074573582, "just_spurious": 0.9993798449612403, "neither": 0.9939837730718304, "cf_score": -1}