{"s_given_m": 0.012, "s_given_not_m": 0.048, "both": 0.23333333333333334, "just_main": 0.1626048741510188, "just_spurious": 0.997653429602888, "neither": 0.9939572105177201, "cf_score": 0.1}