{"s_given_m": 0.002, "s_given_not_m": 0.034, "both": -1, "just_main": 0.768305439330544, "just_spurious": 1.0, "neither": 0.9998043105058574, "cf_score": -1}