{"s_given_m": 0.018, "s_given_not_m": 0.018, "both": 0.4, "just_main": 0.8729399255715046, "just_spurious": 0.9943074003795066, "neither": 0.9992298469320777, "cf_score": 0.05714285714285714}