{"s_given_m": 0.0, "s_given_not_m": 0.008, "both": -1, "just_main": 0.7677453027139874, "just_spurious": 0.9989440337909187, "neither": 0.9998180621014694, "cf_score": -1}