{"s_given_m": 0.002, "s_given_not_m": 0.008, "both": -1, "just_main": 0.8646105593308939, "just_spurious": 1.0, "neither": 0.999133553988251, "cf_score": -1}