{"s_given_m": 0.004, "s_given_not_m": 0.061, "both": -1, "just_main": 0.8643268727082242, "just_spurious": 0.9998592342342343, "neither": 0.9990939624955385, "cf_score": -1}