{"s_given_m": 0.025, "s_given_not_m": 0.105, "both": 0.6666666666666666, "just_main": 0.8693790149892934, "just_spurious": 0.9998361058756043, "neither": 0.9990592120420858, "cf_score": 0.041666666666666664}