{"s_given_m": 0.001, "s_given_not_m": 0.038, "both": -1, "just_main": 0.8642297650130548, "just_spurious": 0.9995477159656264, "neither": 0.999124601380986, "cf_score": -1}