{"s_given_m": 0.002, "s_given_not_m": 0.079, "both": -1, "just_main": 0.8651332984840564, "just_spurious": 1.0, "neither": 0.9990670336334375, "cf_score": -1}