{"s_given_m": 0.002, "s_given_not_m": 0.047, "both": -1, "just_main": 0.7689492943021432, "just_spurious": 1.0, "neither": 0.9998015264420909, "cf_score": -1}