{"s_given_m": 0.0, "s_given_not_m": 0.019, "both": -1, "just_main": 0.8643006263048016, "just_spurious": 0.9995577178239717, "neither": 0.999132416089738, "cf_score": -1}