{"s_given_m": 0.011, "s_given_not_m": 0.052, "both": 0.36363636363636365, "just_main": 0.7724392819429778, "just_spurious": 1.0, "neither": 0.9998004824696642, "cf_score": 0.0}