{"s_given_m": 0.02, "s_given_not_m": 0.017, "both": 0.6410256410256411, "just_main": 0.770378263185935, "just_spurious": 0.9994815966822188, "neither": 0.9998165009349714, "cf_score": 0.07692307692307693}