{"s_given_m": 0.0, "s_given_not_m": 0.02, "both": -1, "just_main": 0.8643006263048016, "just_spurious": 1.0, "neither": 0.9991228916508056, "cf_score": -1}