{"s_given_m": 0.001, "s_given_not_m": 0.021, "both": -1, "just_main": 0.7685475444096134, "just_spurious": 1.0, "neither": 0.9998069684393398, "cf_score": -1}