{"s_given_m": 0.003, "s_given_not_m": 0.038, "both": -1, "just_main": 0.7687074829931972, "just_spurious": 0.9995433789954338, "neither": 0.9998214142207856, "cf_score": -1}