{"s_given_m": 0.004, "s_given_not_m": 0.013, "both": -1, "just_main": 0.8643268727082242, "just_spurious": 0.9934296977660972, "neither": 0.9992163623540475, "cf_score": -1}