{"s_given_m": 0.001, "s_given_not_m": 0.041, "both": -1, "just_main": 0.768025078369906, "just_spurious": 1.0, "neither": 0.9998028143766245, "cf_score": -1}