{"s_given_m": 0.009, "s_given_not_m": 0.025, "both": -1, "just_main": 0.7714586624539231, "just_spurious": 0.9993160054719562, "neither": 0.9998237062240518, "cf_score": -1}