{"s_given_m": 0.004, "s_given_not_m": 0.038, "both": -1, "just_main": 0.8653039832285115, "just_spurious": 1.0, "neither": 0.9991065605260572, "cf_score": -1}