{"s_given_m": 0.0, "s_given_not_m": 0.039, "both": -1, "just_main": 0.8643006263048016, "just_spurious": 0.9995614996711247, "neither": 0.9991235131025847, "cf_score": -1}