{"s_given_m": 0.001, "s_given_not_m": 0.021, "both": -1, "just_main": 0.864158829676071, "just_spurious": 1.0, "neither": 0.999122583815181, "cf_score": -1}