{"s_given_m": 0.025, "s_given_not_m": 0.105, "both": 0.3541666666666667, "just_main": 0.778372591006424, "just_spurious": 1.0, "neither": 0.9997888027033254, "cf_score": 0.125}