{"s_given_m": 0.003, "s_given_not_m": 0.033, "both": -1, "just_main": 0.8660387231815804, "just_spurious": 1.0, "neither": 0.9991116322868362, "cf_score": -1}