{"s_given_m": 0.002, "s_given_not_m": 0.102, "both": -1, "just_main": 0.7679038159958181, "just_spurious": 1.0, "neither": 0.9997895481982456, "cf_score": -1}