{"s_given_m": 0.005, "s_given_not_m": 0.048, "both": -1, "just_main": 0.7687467226009439, "just_spurious": 1.0, "neither": 0.9998014619619168, "cf_score": -1}