{"s_given_m": 0.056, "s_given_not_m": 0.55, "both": 0.6203703703703703, "just_main": 0.8788716814159292, "just_spurious": 0.999703157467152, "neither": 0.9984531357421129, "cf_score": 0.07407407407407407}