{"s_given_m": 0.056, "s_given_not_m": 0.55, "both": 0.3888888888888889, "just_main": 0.7903761061946902, "just_spurious": 0.9999531301263924, "neither": 0.9996371552975326, "cf_score": 0.046296296296296294}