{"s_given_m": 0.004, "s_given_not_m": 0.013, "both": -1, "just_main": 0.7674174960712414, "just_spurious": 0.9967148488830486, "neither": 0.9998519795557645, "cf_score": -1}