{"s_given_m": 0.002, "s_given_not_m": 0.079, "both": -1, "just_main": 0.7684265551489806, "just_spurious": 1.0, "neither": 0.9997947473993563, "cf_score": -1}