{"s_given_m": 0.001, "s_given_not_m": 0.037, "both": -1, "just_main": 0.7681462140992167, "just_spurious": 1.0, "neither": 0.9998037641601998, "cf_score": -1}