{"s_given_m": 0.005, "s_given_not_m": 0.059, "both": -1, "just_main": 0.7703198741478763, "just_spurious": 1.0, "neither": 0.9997991582906545, "cf_score": -1}