{"s_given_m": 0.003, "s_given_not_m": 0.11, "both": -1, "just_main": 0.768586387434555, "just_spurious": 1.0, "neither": 0.9997876509367489, "cf_score": -1}