{"s_given_m": 0.003, "s_given_not_m": 0.038, "both": -1, "just_main": 0.8649921507064364, "just_spurious": 0.9997716894977169, "neither": 0.9991160003928887, "cf_score": -1}