{"s_given_m": 0.001, "s_given_not_m": 0.028, "both": -1, "just_main": 0.8652037617554859, "just_spurious": 0.9996923076923077, "neither": 0.9991248309332484, "cf_score": -1}