{"s_given_m": 0.0, "s_given_not_m": 0.022, "both": -1, "just_main": 0.7677453027139874, "just_spurious": 1.0, "neither": 0.999806788741053, "cf_score": -1}