{"s_given_m": 0.001, "s_given_not_m": 0.046, "both": -1, "just_main": 0.8642297650130548, "just_spurious": 1.0, "neither": 0.9990994236311239, "cf_score": -1}