{"s_given_m": 0.103, "s_given_not_m": 0.02, "both": 0.3147208121827411, "just_main": 0.8196625945317044, "just_spurious": 0.9953171562366965, "neither": 0.9999035273894512, "cf_score": 0.08121827411167512}