{"s_given_m": 0.005, "s_given_not_m": 0.059, "both": -1, "just_main": 0.865233350812795, "just_spurious": 0.9995608899297423, "neither": 0.9991144706451583, "cf_score": -1}