{"s_given_m": 0.001, "s_given_not_m": 0.073, "both": -1, "just_main": 0.8647519582245431, "just_spurious": 1.0, "neither": 0.9990729667843998, "cf_score": -1}