{"s_given_m": 0.011, "s_given_not_m": 0.052, "both": -1, "just_main": 0.866948257655755, "just_spurious": 0.9996723996723996, "neither": 0.9991112400921408, "cf_score": 0.045454545454545456}