{"s_given_m": 0.004, "s_given_not_m": 0.034, "both": -1, "just_main": 0.8647798742138365, "just_spurious": 0.998989898989899, "neither": 0.9991459910506979, "cf_score": -1}