{"s_given_m": 0.001, "s_given_not_m": 0.073, "both": -1, "just_main": 0.7681462140992167, "just_spurious": 1.0, "neither": 0.999796052692568, "cf_score": -1}