{"s_given_m": 0.004, "s_given_not_m": 0.061, "both": -1, "just_main": 0.7674174960712414, "just_spurious": 1.0, "neither": 0.9997986583323418, "cf_score": -1}