{"both": 0.5748792270531401, "just_main": 0.4186046511627907, "just_spurious": 0.816, "neither": 0.928, "average": 0.6843709695539827}