{"both": 0.8840579710144928, "just_main": 0.47093023255813954, "just_spurious": 0.462, "neither": 0.898, "average": 0.6787470508931581}