{"both": 0.9468599033816425, "just_main": 0.6337209302325582, "just_spurious": 0.324, "neither": 0.73, "average": 0.6586452084035501}