{"both": 0.8985507246376812, "just_main": 0.4127906976744186, "just_spurious": 0.53, "neither": 0.91, "average": 0.687835355578025}