{"s_p1": [0.08380752936425402, "both-main/box"], "s_p2": [0.08380752936425402, "both-spurious/box"]}