{"both": 0.8840579710144928, "just_main": 0.4883720930232558, "just_spurious": 0.476, "neither": 0.896, "average": 0.6861075160094371}