{"both": 0.9227053140096618, "just_main": 0.3313953488372093, "just_spurious": 0.378, "neither": 0.934, "average": 0.6415251657117178}