{"both": 0.6811594202898551, "just_main": 0.09302325581395349, "just_spurious": 0.696, "neither": 0.982, "average": 0.6130456690259521}