{"B2M": 0.02100961113534825, "B2S": 0.02100961113534825}