{"B2M": 0.09629114717245102, "B2S": 0.40657535195350647, "M2N": 0.3627001643180847, "S2N": 0.16238465905189514, "N2M": 0.0010292372899129987, "N2S": 0.006614986807107925, "M2B": 0.0, "S2B": 0.0}