{"both": 0.8840579710144928, "just_main": 0.37790697674418605, "just_spurious": 0.462, "neither": 0.904, "average": 0.6569912369396698}