{"B2M": 0.32806555458004105, "B2S": 0.32806555458004105}