{"B2M": 0.511082112789154, "B2S": 0.928134560585022, "M2N": 0.4573570787906647, "S2N": 0.9674022793769836, "N2M": 0.029832903295755386, "N2S": 0.9049349427223206, "M2B": 0.0, "S2B": 0.0}