{"both": 0.7874396135265701, "just_main": 0.627906976744186, "just_spurious": 0.522, "neither": 0.844, "average": 0.6953366475676891}