{"both": 0.9130434782608695, "just_main": 0.29069767441860467, "just_spurious": 0.488, "neither": 0.914, "average": 0.6514352881698685}