{"both": 0.9082125603864735, "just_main": 0.37790697674418605, "just_spurious": 0.416, "neither": 0.878, "average": 0.6450298842826648}