{"both": 0.8260869565217391, "just_main": 0.29651162790697677, "just_spurious": 0.55, "neither": 0.912, "average": 0.646149646107179}