{"both": 0.45410628019323673, "just_main": 0.4186046511627907, "just_spurious": 0.79, "neither": 0.94, "average": 0.6506777328390069}