{"both": 0.6956521739130435, "just_main": 0.6453488372093024, "just_spurious": 0.474, "neither": 0.516, "average": 0.5827502527805865}