{"both": 0.893719806763285, "just_main": 0.37209302325581395, "just_spurious": 0.488, "neither": 0.926, "average": 0.6699532075047747}