{"both": 0.7391304347826086, "just_main": 0.2441860465116279, "just_spurious": 0.55, "neither": 0.908, "average": 0.6103291203235591}