{"both": 0.9468599033816425, "just_main": 0.6802325581395349, "just_spurious": 0.366, "neither": 0.796, "average": 0.6972731153802945}