{"both": 0.8840579710144928, "just_main": 0.3372093023255814, "just_spurious": 0.562, "neither": 0.95, "average": 0.6833168183350186}