{"both": 0.9806763285024155, "just_main": 0.7093023255813954, "just_spurious": 0.264, "neither": 0.754, "average": 0.6769946635209527}