{"both": 0.8792270531400966, "just_main": 0.3546511627906977, "just_spurious": 0.518, "neither": 0.946, "average": 0.6744695539826986}