{"both": 0.7584541062801933, "just_main": 0.11627906976744186, "just_spurious": 0.61, "neither": 0.98, "average": 0.6161832940119087}