{"both": 0.8888888888888888, "just_main": 0.29069767441860467, "just_spurious": 0.45, "neither": 0.942, "average": 0.6428966408268734}