{"both": 0.927536231884058, "just_main": 0.4941860465116279, "just_spurious": 0.37, "neither": 0.858, "average": 0.6624305695989215}