{"both": 0.821256038647343, "just_main": 0.5058139534883721, "just_spurious": 0.596, "neither": 0.822, "average": 0.6862674980339288}