{"both and spurious-box": {"initial-tune": {"0.025": [0.4396135265700483, 0.4444444444444444, 0.4251207729468599, 0.45893719806763283, 0.4396135265700483, 0.5120772946859904, 0.5603864734299517, 0.5314009661835749], "0.05": [0.4444444444444444, 0.5169082125603864, 0.42028985507246375, 0.42995169082125606, 0.4444444444444444, 0.5942028985507246, 0.43478260869565216, 0.46859903381642515], "0.1": [0.28502415458937197, 0.30434782608695654, 0.43478260869565216, 0.34782608695652173, 0.3864734299516908, 0.34299516908212563, 0.2608695652173913, 0.28502415458937197], "0.2": [0.17391304347826086, 0.13526570048309178, 0.19806763285024154, 0.14492753623188406, 0.1497584541062802, 0.13043478260869565, 0.16908212560386474, 0.1497584541062802], "0.4": [0.18840579710144928, 0.1932367149758454, 0.24154589371980675, 0.17391304347826086, 0.2028985507246377, 0.1497584541062802, 0.18357487922705315, 0.18357487922705315], "0.6": [0.2608695652173913, 0.21256038647342995, 0.2995169082125604, 0.3333333333333333, 0.21256038647342995, 0.26570048309178745, 0.27053140096618356, 0.22705314009661837], "0.8": [0.3961352657004831, 0.40096618357487923, 0.3864734299516908, 0.4444444444444444, 0.3719806763285024, 0.46859903381642515, 0.3864734299516908, 0.4057971014492754], "0.9": [0.5555555555555556, 0.5845410628019324, 0.6038647342995169, 0.4975845410628019, 0.5797101449275363, 0.4830917874396135, 0.5700483091787439, 0.6328502415458938], "0.95": [0.5410628019323671, 0.5797101449275363, 0.5507246376811594, 0.5362318840579711, 0.6231884057971014, 0.6231884057971014, 0.4782608695652174, 0.5845410628019324], "0.975": [0.5652173913043478, 0.6135265700483091, 0.5314009661835749, 0.5748792270531401, 0.5265700483091788, 0.5603864734299517, 0.6086956521739131, 0.6135265700483091]}, "minimal-tune": {"0.025": [0.4444444444444444, 0.4251207729468599, 0.4251207729468599, 0.3864734299516908, 0.5072463768115942, 0.38164251207729466, 0.2753623188405797, 0.2995169082125604], "0.05": [0.4444444444444444, 0.43478260869565216, 0.41545893719806765, 0.47342995169082125, 0.5458937198067633, 0.3719806763285024, 0.42995169082125606, 0.4396135265700483], "0.1": [0.4927536231884058, 0.4975845410628019, 0.3719806763285024, 0.4106280193236715, 0.38164251207729466, 0.4057971014492754, 0.6183574879227053, 0.3671497584541063], "0.2": [0.5652173913043478, 0.5845410628019324, 0.4106280193236715, 0.5265700483091788, 0.5120772946859904, 0.5990338164251208, 0.4975845410628019, 0.4396135265700483], "0.4": [0.42028985507246375, 0.5024154589371981, 0.5072463768115942, 0.5217391304347826, 0.4444444444444444, 0.40096618357487923, 0.5314009661835749, 0.43478260869565216], "0.6": [0.18357487922705315, 0.22705314009661837, 0.2028985507246377, 0.178743961352657, 0.2995169082125604, 0.18840579710144928, 0.2222222222222222, 0.2560386473429952], "0.8": [0.38164251207729466, 0.24154589371980675, 0.24154589371980675, 0.32367149758454106, 0.30434782608695654, 0.33816425120772947, 0.28502415458937197, 0.2995169082125604], "0.9": [0.4106280193236715, 0.37681159420289856, 0.21256038647342995, 0.2608695652173913, 0.22705314009661837, 0.1497584541062802, 0.2463768115942029, 0.3188405797101449], "0.95": [0.32367149758454106, 0.18840579710144928, 0.25120772946859904, 0.36231884057971014, 0.178743961352657, 0.15942028985507245, 0.3285024154589372, 0.1932367149758454], "0.975": [0.2753623188405797, 0.2946859903381642, 0.18357487922705315, 0.2560386473429952, 0.2463768115942029, 0.26570048309178745, 0.19806763285024154, 0.2608695652173913]}, "simple-tune": {"0.025": [0.6521739130434783, 0.6908212560386473, 0.6521739130434783, 0.6714975845410628, 0.6666666666666666, 0.6859903381642513, 0.5652173913043478, 0.6811594202898551], "0.05": [0.6763285024154589, 0.6908212560386473, 0.6666666666666666, 0.6859903381642513, 0.7004830917874396, 0.6666666666666666, 0.6666666666666666, 0.6956521739130435], "0.1": [0.5603864734299517, 0.5217391304347826, 0.5893719806763285, 0.5603864734299517, 0.5652173913043478, 0.45893719806763283, 0.6038647342995169, 0.5507246376811594], "0.2": [0.43478260869565216, 0.3671497584541063, 0.3961352657004831, 0.3864734299516908, 0.3188405797101449, 0.4492753623188406, 0.37681159420289856, 0.40096618357487923], "0.4": [0.19806763285024154, 0.22705314009661837, 0.2222222222222222, 0.24154589371980675, 0.28502415458937197, 0.22705314009661837, 0.2222222222222222, 0.2560386473429952], "0.6": [0.23671497584541062, 0.1497584541062802, 0.1642512077294686, 0.15942028985507245, 0.17391304347826086, 0.19806763285024154, 0.1642512077294686, 0.18357487922705315], "0.8": [0.14009661835748793, 0.10144927536231885, 0.1497584541062802, 0.10144927536231885, 0.11594202898550725, 0.09178743961352658, 0.10144927536231885, 0.10144927536231885], "0.9": [0.10144927536231885, 0.07729468599033816, 0.07729468599033816, 0.06280193236714976, 0.08695652173913043, 0.07729468599033816, 0.07246376811594203, 0.06763285024154589], "0.95": [0.09178743961352658, 0.033816425120772944, 0.05314009661835749, 0.07246376811594203, 0.057971014492753624, 0.06763285024154589, 0.07246376811594203, 0.06280193236714976], "0.975": [0.07246376811594203, 0.06763285024154589, 0.07246376811594203, 0.07246376811594203, 0.06763285024154589, 0.028985507246376812, 0.04830917874396135, 0.06280193236714976]}}, "both and spurious-pixel-paint": {"initial-tune": {"0.025": [0.4251207729468599, 0.3961352657004831, 0.45410628019323673, 0.391304347826087, 0.36231884057971014, 0.463768115942029, 0.45893719806763283, 0.48792270531400966], "0.05": [0.3864734299516908, 0.4251207729468599, 0.34782608695652173, 0.4106280193236715, 0.3961352657004831, 0.45410628019323673, 0.357487922705314, 0.4251207729468599], "0.1": [0.28502415458937197, 0.30434782608695654, 0.36231884057971014, 0.2608695652173913, 0.2995169082125604, 0.28502415458937197, 0.30434782608695654, 0.32367149758454106], "0.2": [0.16908212560386474, 0.13526570048309178, 0.18840579710144928, 0.1642512077294686, 0.14492753623188406, 0.13526570048309178, 0.14492753623188406, 0.13043478260869565], "0.4": [0.13043478260869565, 0.07246376811594203, 0.12560386473429952, 0.13526570048309178, 0.0966183574879227, 0.10628019323671498, 0.10628019323671498, 0.13526570048309178], "0.6": [0.18357487922705315, 0.13043478260869565, 0.19806763285024154, 0.18840579710144928, 0.1111111111111111, 0.2560386473429952, 0.15942028985507245, 0.1497584541062802], "0.8": [0.21256038647342995, 0.21739130434782608, 0.2318840579710145, 0.2608695652173913, 0.1932367149758454, 0.23671497584541062, 0.24154589371980675, 0.22705314009661837], "0.9": [0.2560386473429952, 0.3285024154589372, 0.3333333333333333, 0.3188405797101449, 0.3285024154589372, 0.1932367149758454, 0.3140096618357488, 0.357487922705314], "0.95": [0.28019323671497587, 0.3188405797101449, 0.33816425120772947, 0.3188405797101449, 0.391304347826087, 0.34299516908212563, 0.25120772946859904, 0.5362318840579711], "0.975": [0.3140096618357488, 0.36231884057971014, 0.3140096618357488, 0.2753623188405797, 0.26570048309178745, 0.30917874396135264, 0.42995169082125606, 0.357487922705314]}, "minimal-tune": {"0.025": [0.30434782608695654, 0.2463768115942029, 0.2608695652173913, 0.34299516908212563, 0.20772946859903382, 0.3285024154589372, 0.4492753623188406, 0.3671497584541063], "0.05": [0.28502415458937197, 0.2946859903381642, 0.2560386473429952, 0.27053140096618356, 0.21256038647342995, 0.3140096618357488, 0.23671497584541062, 0.28502415458937197], "0.1": [0.23671497584541062, 0.18840579710144928, 0.2995169082125604, 0.22705314009661837, 0.2318840579710145, 0.2028985507246377, 0.16908212560386474, 0.2898550724637681], "0.2": [0.1642512077294686, 0.14009661835748793, 0.2028985507246377, 0.10628019323671498, 0.1111111111111111, 0.11594202898550725, 0.178743961352657, 0.14009661835748793], "0.4": [0.1497584541062802, 0.1497584541062802, 0.12077294685990338, 0.12077294685990338, 0.1932367149758454, 0.17391304347826086, 0.15458937198067632, 0.1111111111111111],