{"just_main and just_main+just_spurious": {"initial-tune": {"0.025": [0.23837209302325582, 0.3081395348837209, 0.2616279069767442, 0.2616279069767442, 0.23837209302325582, 0.2616279069767442, 0.20348837209302326, 0.23837209302325582], "0.05": [0.20930232558139536, 0.25, 0.20348837209302326, 0.19767441860465115, 0.19186046511627908, 0.23255813953488372, 0.18023255813953487, 0.21511627906976744], "0.1": [0.18604651162790697, 0.1686046511627907, 0.18023255813953487, 0.16279069767441862, 0.19186046511627908, 0.1569767441860465, 0.19767441860465115, 0.1686046511627907], "0.2": [0.0872093023255814, 0.09302325581395349, 0.0872093023255814, 0.1511627906976744, 0.0755813953488372, 0.10465116279069768, 0.05813953488372093, 0.06395348837209303], "0.4": [0.06395348837209303, 0.040697674418604654, 0.046511627906976744, 0.08139534883720931, 0.05232558139534884, 0.05232558139534884, 0.06395348837209303, 0.0872093023255814], "0.6": [0.1511627906976744, 0.10465116279069768, 0.11627906976744186, 0.14534883720930233, 0.0755813953488372, 0.1569767441860465, 0.1744186046511628, 0.1511627906976744], "0.8": [0.23255813953488372, 0.2616279069767442, 0.21511627906976744, 0.20930232558139536, 0.18604651162790697, 0.23255813953488372, 0.2441860465116279, 0.1744186046511628], "0.9": [0.26744186046511625, 0.29651162790697677, 0.3488372093023256, 0.26744186046511625, 0.27325581395348836, 0.29069767441860467, 0.29069767441860467, 0.28488372093023256], "0.95": [0.36046511627906974, 0.3488372093023256, 0.36046511627906974, 0.3488372093023256, 0.29651162790697677, 0.29651162790697677, 0.31976744186046513, 0.3372093023255814], "0.975": [0.3488372093023256, 0.28488372093023256, 0.36627906976744184, 0.37209302325581395, 0.3372093023255814, 0.37790697674418605, 0.3488372093023256, 0.37209302325581395]}, "minimal-tune": {"0.025": [0.05813953488372093, 0.0872093023255814, 0.05232558139534884, 0.18023255813953487, 0.046511627906976744, 0.11627906976744186, 0.08139534883720931, 0.09302325581395349], "0.05": [0.12790697674418605, 0.0755813953488372, 0.09302325581395349, 0.06395348837209303, 0.06976744186046512, 0.12790697674418605, 0.09883720930232558, 0.0755813953488372], "0.1": [0.05232558139534884, 0.0872093023255814, 0.1744186046511628, 0.05232558139534884, 0.09883720930232558, 0.08139534883720931, 0.05813953488372093, 0.11046511627906977], "0.2": [0.09883720930232558, 0.06976744186046512, 0.1569767441860465, 0.06976744186046512, 0.05813953488372093, 0.05232558139534884, 0.12209302325581395, 0.13953488372093023], "0.4": [0.08139534883720931, 0.12209302325581395, 0.046511627906976744, 0.12790697674418605, 0.13953488372093023, 0.11046511627906977, 0.0872093023255814, 0.06395348837209303], "0.6": [0.11627906976744186, 0.12790697674418605, 0.16279069767441862, 0.10465116279069768, 0.12790697674418605, 0.06976744186046512, 0.10465116279069768, 0.11627906976744186], "0.8": [0.21511627906976744, 0.18023255813953487, 0.18023255813953487, 0.18023255813953487, 0.18023255813953487, 0.22674418604651161, 0.2441860465116279, 0.1511627906976744], "0.9": [0.12790697674418605, 0.11046511627906977, 0.1569767441860465, 0.21511627906976744, 0.16279069767441862, 0.13372093023255813, 0.22674418604651161, 0.18604651162790697], "0.95": [0.13953488372093023, 0.19767441860465115, 0.19767441860465115, 0.1511627906976744, 0.19186046511627908, 0.20348837209302326, 0.19767441860465115, 0.18023255813953487], "0.975": [0.22674418604651161, 0.1744186046511628, 0.20930232558139536, 0.1686046511627907, 0.19767441860465115, 0.18023255813953487, 0.20348837209302326, 0.20930232558139536]}, "simple-tune": {"0.025": [0.23255813953488372, 0.2441860465116279, 0.2558139534883721, 0.2616279069767442, 0.22674418604651161, 0.25, 0.28488372093023256, 0.23255813953488372], "0.05": [0.23837209302325582, 0.28488372093023256, 0.21511627906976744, 0.2441860465116279, 0.25, 0.19767441860465115, 0.22674418604651161, 0.22093023255813954], "0.1": [0.10465116279069768, 0.21511627906976744, 0.18604651162790697, 0.16279069767441862, 0.22093023255813954, 0.13372093023255813, 0.21511627906976744, 0.18604651162790697], "0.2": [0.11046511627906977, 0.10465116279069768, 0.09302325581395349, 0.12790697674418605, 0.09302325581395349, 0.14534883720930233, 0.11046511627906977, 0.11627906976744186], "0.4": [0.046511627906976744, 0.05813953488372093, 0.03488372093023256, 0.06395348837209303, 0.06395348837209303, 0.0755813953488372, 0.046511627906976744, 0.0755813953488372], "0.6": [0.20930232558139536, 0.0872093023255814, 0.12790697674418605, 0.09302325581395349, 0.11046511627906977, 0.09883720930232558, 0.11046511627906977, 0.06976744186046512], "0.8": [0.20348837209302326, 0.20348837209302326, 0.25, 0.1569767441860465, 0.16279069767441862, 0.18023255813953487, 0.22093023255813954, 0.1569767441860465], "0.9": [0.3313953488372093, 0.2441860465116279, 0.3023255813953488, 0.2616279069767442, 0.2558139534883721, 0.2558139534883721, 0.27906976744186046, 0.29069767441860467], "0.95": [0.27325581395348836, 0.31976744186046513, 0.3081395348837209, 0.29651162790697677, 0.29069767441860467, 0.3372093023255814, 0.3372093023255814, 0.3430232558139535], "0.975": [0.3372093023255814, 0.3081395348837209, 0.37790697674418605, 0.37209302325581395, 0.37790697674418605, 0.313953488372093, 0.31976744186046513, 0.32558139534883723]}}, "just_spurious and just_spurious+just_main": {"initial-tune": {"0.025": [0.028, 0.028, 0.028, 0.026, 0.034, 0.032, 0.034, 0.044], "0.05": [0.034, 0.036, 0.048, 0.034, 0.036, 0.048, 0.038, 0.03], "0.1": [0.046, 0.044, 0.034, 0.05, 0.048, 0.04, 0.052, 0.038], "0.2": [0.058, 0.064, 0.058, 0.06, 0.05, 0.048, 0.066, 0.062], "0.4": [0.044, 0.058, 0.05, 0.036, 0.048, 0.066, 0.05, 0.056], "0.6": [0.078, 0.092, 0.074, 0.066, 0.088, 0.064, 0.054, 0.072], "0.8": [0.064, 0.076, 0.076, 0.078, 0.06, 0.076, 0.054, 0.088], "0.9": [0.086, 0.072, 0.056, 0.072, 0.062, 0.074, 0.064, 0.054], "0.95": [0.052, 0.054, 0.056, 0.068, 0.072, 0.058, 0.054, 0.056], "0.975": [0.054, 0.054, 0.058, 0.044, 0.052, 0.05, 0.048, 0.058]}, "minimal-tune": {"0.025": [0.346, 0.35, 0.26, 0.288, 0.306, 0.308, 0.242, 0.276], "0.05": [0.242, 0.282, 0.306, 0.25, 0.306, 0.262, 0.312, 0.296], "0.1": [0.296, 0.244, 0.224, 0.228, 0.272, 0.28, 0.32, 0.308], "0.2": [0.224, 0.11, 0.234, 0.26, 0.172, 0.174, 0.244, 0.18], "0.4": [0.074, 0.086, 0.128, 0.106, 0.076, 0.08, 0.128, 0.124], "0.6": [0.088, 0.076, 0.074, 0.11, 0.064, 0.076, 0.086, 0.07], "0.8": [0.068, 0.102, 0.106, 0.096, 0.092, 0.132, 0.088, 0.1], "0.9": [0.046, 0.14, 0.122, 0.124, 0.148, 0.112, 0.074, 0.122], "0.95": [0.13, 0.104, 0.116, 0.08, 0.116, 0.106, 0.086, 0.124], "0.975": [0.074, 0.112, 0.124, 0.144, 0.138, 0.122, 0.144, 0.106]}, "simple-tune": {"0.025": [0.026, 0.04, 0.032, 0.03, 0.038, 0.04, 0.03, 0.026], "0.05": [0.028, 0.022, 0.02, 0.026, 0.052, 0.036, 0.054, 0.032], "0.1": [0.05, 0.026, 0.054, 0.054, 0.054, 0.054, 0.04, 0.04], "0.2": [0.04, 0.056, 0.05, 0.046, 0.06, 0.046, 0.064, 0.048], "0.4": [0.064, 0.042, 0.074, 0.044, 0.056, 0.058, 0.044, 0.066], "0.6": [0.044, 0.07, 0.056, 0.056, 0.066, 0.064, 0.06, 0.064], "0.8": [0.1, 0.096, 0.076, 0.078, 0.068, 0.068, 0.078, 0.078], "0.9": [0.082, 0.05, 0.064, 0.072, 0.07, 0.078, 0.086, 0.07], "0.95": [0.068, 0.064, 0.07, 0.082, 0.052, 0.068, 0.058, 0.058], "0.975": [0.064, 0.056, 0.06, 0.058, 0.06, 0.072, 0.06, 0.06]}}, "neither and neither+just_main": {"initial-tune": {"0.025": [0.028, 0.038, 0.042, 0.03, 0.046, 0.032, 0.05, 0.05], "0.05": [0.052, 0.04, 0.076, 0.06, 0.044, 0.06, 0.054, 0.054], "0.1": [0.072, 0.032, 0.058, 0.048, 0.054, 0.074, 0.054, 0.054], "0.2": [0.072, 0.044, 0.052, 0.052, 0.06, 0.056, 0.052, 0.046], "0.4": [0.042, 0.062, 0.05, 0.036, 0.04, 0.04, 0.048, 0.06], "0.6": [0.056, 0.06, 0.058, 0.042, 0.052, 0.044, 0.05, 0.04], "0.8": [0.046, 0.062, 0.044, 0.036, 0.04, 0.048, 0.042, 0.052], "0.9": [0.078, 0.054, 0.052, 0.056, 0.054, 0.074, 0.058, 0.05], "0.95": [0.066, 0.062, 0.05, 0.062, 0.028, 0.032, 0.046, 0.046],