{"orig": 1.0, "tennis+racket-person-both-spurious-box": 0.49967721104621887, "tennis+racket-person-both-main-box": 0.23682215809822083, "tennis+racket-person-just_spurious-spurious-box": 0.013101347722113132, "tennis+racket-person-neither+main": 0.030959250405430794, "tennis+racket-person-neither+spurious": 0.0309758298099041}