{"both": 0.8647342995169082, "just_main": 0.3081395348837209, "just_spurious": 0.514, "neither": 0.952, "average": 0.6597184586001572}