{"both": 0.927536231884058, "just_main": 0.43023255813953487, "just_spurious": 0.362, "neither": 0.862, "average": 0.6454421975058983}