{"B2M": 0.09069951623678207, "B2S": 0.03369376063346863, "M2N": 0.04044622182846069, "S2N": 0.0012876249384135008, "N2M": 0.004057857673615217, "N2S": 0.004049140028655529, "M2B": 0.0034113936126232147, "S2B": 0.00010860335169127211}