{"both": 0.8840579710144928, "just_main": 0.28488372093023256, "just_spurious": 0.444, "neither": 0.952, "average": 0.6412354229861813}