{"both": 0.927536231884058, "just_main": 0.47674418604651164, "just_spurious": 0.41, "neither": 0.902, "average": 0.6790701044826424}