{"orig": 1.0, "tennis+racket-person/both-spurious/box": 0.18655162154120797, "tennis+racket-person/both-main/box": 0.18655162154120797}