{"both": 0.855072463768116, "just_main": 0.19767441860465115, "just_spurious": 0.388, "neither": 0.928, "average": 0.5921867205931918}