{"both": 0.8695652173913043, "just_main": 0.37209302325581395, "just_spurious": 0.54, "neither": 0.938, "average": 0.6799145601617795}