{"both": 0.8985507246376812, "just_main": 0.6104651162790697, "just_spurious": 0.482, "neither": 0.874, "average": 0.7162539602291877}