{"orig": 1.0, "donut-person/both-spurious/box": 0.09629114717245102, "donut-person/both-main/box": 0.40657535195350647, "donut-person/just_main-main/box": 0.3627001643180847, "donut-person/just_spurious-spurious/box": 0.16238465905189514, "donut-person/neither+main": 0.0010292372899129987, "donut-person/neither+spurious": 0.006614986807107925}