{"both and spurious-box": {"initial-transfer": {"0.025": [0.4782608695652174, 0.463768115942029, 0.45893719806763283, 0.4492753623188406], "0.05": [0.45893719806763283, 0.28502415458937197, 0.5120772946859904, 0.4492753623188406], "0.1": [0.2608695652173913, 0.32367149758454106, 0.40096618357487923, 0.30917874396135264], "0.2": [0.12077294685990338, 0.13043478260869565, 0.11594202898550725, 0.11594202898550725], "0.4": [0.1642512077294686, 0.11594202898550725, 0.11594202898550725, 0.13526570048309178], "0.6": [0.1497584541062802, 0.2608695652173913, 0.17391304347826086, 0.18357487922705315], "0.8": [0.45893719806763283, 0.3864734299516908, 0.4396135265700483, 0.4251207729468599], "0.9": [0.5362318840579711, 0.48792270531400966, 0.5362318840579711, 0.5217391304347826], "0.95": [0.6473429951690821, 0.5555555555555556, 0.5700483091787439, 0.6280193236714976], "0.975": [0.6183574879227053, 0.6280193236714976, 0.5748792270531401, 0.5700483091787439]}, "initial-tune": {"0.025": [0.5555555555555556, 0.5362318840579711, 0.6328502415458938, 0.5748792270531401], "0.05": [0.4782608695652174, 0.5072463768115942, 0.5410628019323671, 0.42995169082125606], "0.1": [0.4106280193236715, 0.30917874396135264, 0.3864734299516908, 0.38164251207729466], "0.2": [0.12077294685990338, 0.2028985507246377, 0.2222222222222222, 0.1497584541062802], "0.4": [0.14009661835748793, 0.12077294685990338, 0.15942028985507245, 0.14009661835748793], "0.6": [0.21739130434782608, 0.2995169082125604, 0.23671497584541062, 0.15458937198067632], "0.8": [0.3864734299516908, 0.32367149758454106, 0.5893719806763285, 0.391304347826087], "0.9": [0.6038647342995169, 0.6763285024154589, 0.5072463768115942, 0.4444444444444444], "0.95": [0.4782608695652174, 0.642512077294686, 0.5893719806763285, 0.6183574879227053], "0.975": [0.5507246376811594, 0.5652173913043478, 0.5942028985507246, 0.5120772946859904]}}, "both and spurious-pixel-paint": {"initial-transfer": {"0.025": [0.36231884057971014, 0.3333333333333333, 0.3333333333333333, 0.3285024154589372], "0.05": [0.34299516908212563, 0.23671497584541062, 0.3333333333333333, 0.32367149758454106], "0.1": [0.18357487922705315, 0.2318840579710145, 0.28502415458937197, 0.2463768115942029], "0.2": [0.10144927536231885, 0.12077294685990338, 0.0966183574879227, 0.0966183574879227], "0.4": [0.07729468599033816, 0.06763285024154589, 0.057971014492753624, 0.06763285024154589], "0.6": [0.11594202898550725, 0.12560386473429952, 0.10144927536231885, 0.10144927536231885], "0.8": [0.1932367149758454, 0.15458937198067632, 0.21256038647342995, 0.16908212560386474], "0.9": [0.2560386473429952, 0.19806763285024154, 0.21256038647342995, 0.2028985507246377], "0.95": [0.30434782608695654, 0.21739130434782608, 0.21256038647342995, 0.2608695652173913], "0.975": [0.27053140096618356, 0.23671497584541062, 0.2560386473429952, 0.2028985507246377]}, "initial-tune": {"0.025": [0.41545893719806765, 0.4830917874396135, 0.4927536231884058, 0.5169082125603864], "0.05": [0.41545893719806765, 0.41545893719806765, 0.4927536231884058, 0.4057971014492754], "0.1": [0.28019323671497587, 0.22705314009661837, 0.34299516908212563, 0.2946859903381642], "0.2": [0.12077294685990338, 0.21256038647342995, 0.18840579710144928, 0.15942028985507245], "0.4": [0.12560386473429952, 0.07729468599033816, 0.0966183574879227, 0.12077294685990338], "0.6": [0.10144927536231885, 0.12077294685990338, 0.19806763285024154, 0.10144927536231885], "0.8": [0.24154589371980675, 0.20772946859903382, 0.40096618357487923, 0.2463768115942029], "0.9": [0.24154589371980675, 0.3961352657004831, 0.2560386473429952, 0.13043478260869565], "0.95": [0.20772946859903382, 0.4057971014492754, 0.3285024154589372, 0.2898550724637681], "0.975": [0.2608695652173913, 0.18840579710144928, 0.37681159420289856, 0.2222222222222222]}}, "just_spurious and spurious-box": {"initial-transfer": {"0.025": [0.19, 0.256, 0.16, 0.232], "0.05": [0.24, 0.198, 0.306, 0.182], "0.1": [0.182, 0.236, 0.286, 0.172], "0.2": [0.064, 0.07, 0.084, 0.076], "0.4": [0.082, 0.078, 0.08, 0.086], "0.6": [0.192, 0.158, 0.184, 0.18], "0.8": [0.28, 0.428, 0.318, 0.416], "0.9": [0.522, 0.508, 0.482, 0.478], "0.95": [0.552, 0.554, 0.544, 0.546], "0.975": [0.55, 0.564, 0.556, 0.57]}, "initial-tune": {"0.025": [0.254, 0.182, 0.298, 0.248], "0.05": [0.218, 0.258, 0.22, 0.206], "0.1": [0.176, 0.116, 0.238, 0.222], "0.2": [0.082, 0.074, 0.174, 0.044], "0.4": [0.132, 0.072, 0.094, 0.132], "0.6": [0.148, 0.144, 0.162, 0.1], "0.8": [0.376, 0.328, 0.26, 0.29], "0.9": [0.532, 0.46, 0.44, 0.564], "0.95": [0.578, 0.572, 0.49, 0.522], "0.975": [0.584, 0.62, 0.556, 0.538]}}, "just_spurious and spurious-pixel-paint": {"initial-transfer": {"0.025": [0.104, 0.108, 0.084, 0.108], "0.05": [0.116, 0.086, 0.122, 0.082], "0.1": [0.088, 0.11, 0.112, 0.09], "0.2": [0.052, 0.044, 0.046, 0.054], "0.4": [0.05, 0.06, 0.072, 0.062], "0.6": [0.142, 0.098, 0.148, 0.116], "0.8": [0.168, 0.294, 0.218, 0.28], "0.9": [0.36, 0.37, 0.33, 0.328], "0.95": [0.418, 0.394, 0.384, 0.402], "0.975": [0.374, 0.406, 0.382, 0.362]}, "initial-tune": {"0.025": [0.142, 0.136, 0.186, 0.182], "0.05": [0.142, 0.118, 0.132, 0.15], "0.1": [0.098, 0.062, 0.178, 0.116], "0.2": [0.07, 0.078, 0.144, 0.046], "0.4": [0.104, 0.052, 0.054, 0.106], "0.6": [0.102, 0.096, 0.142, 0.064], "0.8": [0.288, 0.274, 0.226, 0.224], "0.9": [0.364, 0.37, 0.328, 0.37], "0.95": [0.406, 0.482, 0.404, 0.398], "0.975": [0.436, 0.482, 0.454, 0.378]}}}