{"both and spurious-box": {"both-paint-tune": {"0.8": [0.3051948051948052, 0.18633540372670807, 0.21764705882352942, 0.2], "0.9": [0.22916666666666666, 0.41420118343195267, 0.23353293413173654, 0.22727272727272727], "0.95": [0.21301775147928995, 0.3048780487804878, 0.1761006289308176, 0.2625], "0.975": [0.2795031055900621, 0.23076923076923078, 0.2261904761904762, 0.22929936305732485]}, "both-transfer": {"0.8": [], "0.9": [], "0.975": []}, "both-tune": {"0.8": [0.09482758620689655, 0.03731343283582089, 0.07964601769911504, 0.07017543859649122], "0.9": [0.031007751937984496, 0.07339449541284404, 0.04716981132075472, 0.058394160583941604], "0.95": [0.058823529411764705, 0.039735099337748346, 0.0728476821192053, 0.04794520547945205], "0.975": [0.04316546762589928, 0.05333333333333334, 0.05517241379310345, 0.04666666666666667]}, "careful-paint-tune": {"0.6": [0.11711711711711711, 0.09655172413793103, 0.11728395061728394, 0.14383561643835616], "0.7": [0.09395973154362416, 0.15328467153284672, 0.19205298013245034, 0.1509433962264151], "0.8": [0.12048192771084337, 0.19879518072289157, 0.21656050955414013, 0.14465408805031446], "0.9": [0.3313253012048193, 0.21686746987951808, 0.1986754966887417, 0.28], "0.95": [0.32335329341317365, 0.17532467532467533, 0.20224719101123595, 0.19753086419753085], "0.975": [0.25, 0.2830188679245283, 0.29878048780487804, 0.33727810650887574]}, "careful-tune": {"0.5": [0.15950920245398773, 0.1301775147928994, 0.13924050632911392, 0.21232876712328766], "0.6": [0.0064516129032258064, 0.00641025641025641, 0.0, 0.00819672131147541], "0.7": [0.031746031746031744, 0.022388059701492536, 0.0, 0.0], "0.8": [0.0, 0.008064516129032258, 0.02142857142857143, 0.023809523809523808], "0.9": [0.02857142857142857, 0.008403361344537815, 0.032, 0.03496503496503497], "0.95": [0.05333333333333334, 0.023809523809523808, 0.051470588235294115, 0.027586206896551724], "0.975": [0.03496503496503497, 0.013986013986013986, 0.023076923076923078, 0.06521739130434782]}, "initial-transfer": {"0.5": [0.12269938650306748, 0.07407407407407407, 0.1165644171779141, 0.13071895424836602], "0.6": [0.13793103448275862, 0.16216216216216217, 0.1588235294117647, 0.2682926829268293], "0.7": [0.15028901734104047, 0.16071428571428573, 0.2147239263803681, 0.19411764705882353], "0.8": [0.24550898203592814, 0.2261904761904762, 0.27710843373493976, 0.2897727272727273], "0.9": [0.5029940119760479, 0.41040462427745666, 0.4111111111111111, 0.4502923976608187], "0.95": [0.5028901734104047, 0.4550561797752809, 0.5117647058823529, 0.4853801169590643], "0.975": [0.4371584699453552, 0.4388888888888889, 0.5614035087719298, 0.4438202247191011]}, "initial-tune": {"0.5": [0.16447368421052633, 0.08609271523178808, 0.11409395973154363, 0.16883116883116883], "0.6": [0.1761006289308176, 0.24375, 0.2215568862275449, 0.2111801242236025], "0.7": [0.18674698795180722, 0.24404761904761904, 0.2694610778443114, 0.30864197530864196], "0.8": [0.38636363636363635, 0.3611111111111111, 0.41379310344827586, 0.4011627906976744], "0.9": [0.425414364640884, 0.574585635359116, 0.5414364640883977, 0.3728813559322034], "0.95": [0.5372340425531915, 0.6818181818181818, 0.5891891891891892, 0.5351351351351351], "0.975": [0.6428571428571429, 0.6574585635359116, 0.5621621621621622, 0.5497382198952879]}, "main-paint-tune": {"0.8": [0.5192307692307693, 0.5958904109589042, 0.43790849673202614, 0.5170068027210885], "0.9": [0.5279503105590062, 0.5714285714285714, 0.6165413533834586, 0.6754966887417219], "0.95": [0.6139240506329114, 0.6625766871165644, 0.65625, 0.7169811320754716], "0.975": [0.63125, 0.71875, 0.6545454545454545, 0.591715976331361]}, "main-tune": {"0.8": [0.9782608695652174, 0.9637681159420289, 0.9747899159663865, 0.9640287769784173], "0.9": [0.9761904761904762, 0.9846153846153847, 0.9808917197452229, 0.9921875], "0.95": [0.9861111111111112, 0.9724137931034482, 0.9743589743589743, 0.9722222222222222], "0.975": [0.9791666666666666, 0.9869281045751634, 0.9875, 0.9801324503311258]}, "spurious-paint-tune": {"0.8": [0.22093023255813954, 0.21637426900584794, 0.21301775147928995, 0.19101123595505617], "0.9": [0.2983425414364641, 0.3333333333333333, 0.3388888888888889, 0.3333333333333333], "0.95": [0.34806629834254144, 0.3551912568306011, 0.34065934065934067, 0.4970414201183432], "0.975": [0.3064516129032258, 0.28804347826086957, 0.3915343915343915, 0.3670212765957447]}, "spurious-tune": {"0.8": [0.027932960893854747, 0.01775147928994083, 0.05084745762711865, 0.02197802197802198], "0.9": [0.03428571428571429, 0.04419889502762431, 0.03804347826086957, 0.056179775280898875], "0.95": [0.021052631578947368, 0.0273224043715847, 0.0223463687150838, 0.02197802197802198], "0.975": [0.022988505747126436, 0.010869565217391304, 0.010752688172043012, 0.01694915254237288]}}, "both and spurious-pixel-paint": {"both-paint-tune": {"0.8": [0.2012987012987013, 0.18633540372670807, 0.21764705882352942, 0.25806451612903225], "0.9": [0.125, 0.22485207100591717, 0.2275449101796407, 0.12337662337662338], "0.95": [0.14201183431952663, 0.18292682926829268, 0.09433962264150944, 0.18125], "0.975": [0.15527950310559005, 0.1242603550295858, 0.13690476190476192, 0.1464968152866242]}, "both-transfer": {"0.8": [], "0.9": [], "0.975": []}, "both-tune": {"0.8": [0.1724137931034483, 0.27611940298507465, 0.2920353982300885, 0.19298245614035087], "0.9": [0.31007751937984496, 0.3119266055045872, 0.2358490566037736, 0.23357664233576642], "0.95": [0.3602941176470588, 0.17218543046357615, 0.271523178807947, 0.22602739726027396], "0.975": [0.34532374100719426, 0.34, 0.296551724137931, 0.2733333333333333]}, "careful-paint-tune": {"0.6": [0.07207207207207207, 0.11724137931034483, 0.1111111111111111, 0.19863013698630136], "0.7": [0.10067114093959731, 0.12408759124087591, 0.13245033112582782, 0.11949685534591195], "0.8": [0.13855421686746988, 0.14457831325301204, 0.08917197452229299, 0.18238993710691823], "0.9": [0.18674698795180722, 0.08433734939759036, 0.11920529801324503, 0.04666666666666667], "0.95": [0.1317365269461078, 0.12337662337662338, 0.19101123595505617, 0.08024691358024691], "0.975": [0.12209302325581395, 0.07547169811320754, 0.1524390243902439, 0.1834319526627219]}, "careful-tune": {"0.5": [0.17177914110429449, 0.1301775147928994, 0.06962025316455696, 0.14383561643835616], "0.6": [0.09032258064516129, 0.08333333333333333, 0.13533834586466165, 0.13934426229508196], "0.7": [0.14285714285714285, 0.1865671641791045, 0.1951219512195122, 0.07518796992481203], "0.8": [0.17424242424242425, 0.16129032258064516, 0.2, 0.19047619047619047], "0.9": [0.3238095238095238, 0.31092436974789917, 0.256, 0.25874125874125875], "0.95": [0.42, 0.35714285714285715, 0.3014705882352941, 0.296551724137931], "0.975": [0.3006993006993007, 0.2937062937062937, 0.33076923076923076, 0.35507246376811596]}, "initial-transfer": {"0.5": [0.04294478527607362, 0.04938271604938271, 0.06134969325153374, 0.058823529411764705], "0.6": [0.04597701149425287, 0.06756756756756757, 0.07058823529411765, 0.12804878048780488], "0.7": [0.06358381502890173, 0.08928571428571429, 0.1165644171779141, 0.08823529411764706], "0.8": [0.10179640718562874, 0.13690476190476192, 0.12650602409638553, 0.11363636363636363], "0.9": [0.23353293413173654, 0.20809248554913296, 0.20555555555555555, 0.2046783625730994], "0.95": [0.2543352601156069, 0.2303370786516854, 0.25882352941176473, 0.29239766081871343], "0.975": [0.25136612021857924, 0.2111111111111111, 0.3216374269005848, 0.2303370786516854]}, "initial-tune": {"0.5": [0.13157894736842105, 0.08609271523178808, 0.12751677852348994, 0.11688311688311688], "0.6": [0.11320754716981132, 0.1875, 0.18562874251497005, 0.14906832298136646], "0.7": [0.24096385542168675, 0.23214285714285715, 0.2634730538922156, 0.2222222222222222], "0.8": [0.3465909090909091, 0.2611111111111111, 0.27011494252873564, 0.27325581395348836], "0.9": [0.3149171270718232, 0.287292817679558, 0.35359116022099446, 0.3050847457627119],