{"just_main and just_main+just_spurious": {"careful-paint-tune": {"0.025": [0.05232558139534884, 0.06976744186046512, 0.046511627906976744], "0.05": [0.06395348837209303, 0.06395348837209303, 0.06976744186046512], "0.1": [0.0872093023255814, 0.10465116279069768, 0.0872093023255814], "0.2": [0.06395348837209303, 0.12790697674418605, 0.08139534883720931], "0.4": [0.09302325581395349, 0.09883720930232558, 0.08139534883720931], "0.6": [0.09302325581395349, 0.13953488372093023, 0.11627906976744186], "0.8": [0.21511627906976744, 0.2558139534883721, 0.23837209302325582], "0.9": [0.21511627906976744, 0.23837209302325582, 0.3023255813953488], "0.95": [0.313953488372093, 0.28488372093023256, 0.3313953488372093], "0.975": [0.3023255813953488, 0.313953488372093, 0.3488372093023256]}, "careful-tune": {"0.025": [0.0872093023255814, 0.1686046511627907, 0.05232558139534884], "0.05": [0.05232558139534884, 0.11046511627906977, 0.10465116279069768], "0.1": [0.12209302325581395, 0.12790697674418605, 0.1744186046511628], "0.2": [0.11046511627906977, 0.0755813953488372, 0.21511627906976744], "0.4": [0.11046511627906977, 0.06976744186046512, 0.06395348837209303], "0.6": [0.13372093023255813, 0.11627906976744186, 0.1744186046511628], "0.8": [0.20930232558139536, 0.20348837209302326, 0.16279069767441862], "0.9": [0.22674418604651161, 0.21511627906976744, 0.21511627906976744], "0.95": [0.27325581395348836, 0.20348837209302326, 0.26744186046511625], "0.975": [0.26744186046511625, 0.25, 0.20348837209302326]}, "careful-tune-paint": {"0.025": []}, "initial-transfer": {"0.025": [0.18023255813953487, 0.18023255813953487, 0.10465116279069768], "0.05": [0.0872093023255814, 0.0755813953488372, 0.12209302325581395], "0.1": [0.05232558139534884, 0.11627906976744186, 0.05813953488372093], "0.2": [0.03488372093023256, 0.06395348837209303, 0.029069767441860465], "0.4": [0.11046511627906977, 0.05232558139534884, 0.09302325581395349], "0.6": [0.09883720930232558, 0.0872093023255814, 0.05232558139534884], "0.8": [0.25, 0.21511627906976744, 0.2616279069767442], "0.9": [0.3081395348837209, 0.3430232558139535, 0.3313953488372093], "0.95": [0.3313953488372093, 0.3372093023255814, 0.3023255813953488], "0.975": [0.38372093023255816, 0.36627906976744184, 0.37209302325581395]}, "initial-tune": {"0.025": [0.23255813953488372, 0.23255813953488372, 0.19186046511627908], "0.05": [0.22674418604651161, 0.22093023255813954, 0.20348837209302326], "0.1": [0.18023255813953487, 0.18023255813953487, 0.19767441860465115], "0.2": [0.11046511627906977, 0.0872093023255814, 0.08139534883720931], "0.4": [0.0872093023255814, 0.11627906976744186, 0.12790697674418605], "0.6": [0.12209302325581395, 0.09883720930232558, 0.13953488372093023], "0.8": [0.25, 0.19767441860465115, 0.27906976744186046], "0.9": [0.37209302325581395, 0.3081395348837209, 0.313953488372093], "0.95": [0.36627906976744184, 0.3546511627906977, 0.37790697674418605], "0.975": [0.3546511627906977, 0.3953488372093023, 0.37790697674418605]}}, "just_spurious and just_spurious+just_main": {"careful-paint-tune": {"0.025": [0.2570394207562349, 0.35518905872888173, 0.33105390185036204], "0.05": [0.252212389380531, 0.2759452936444087, 0.2087691069991955], "0.1": [0.2417538213998391, 0.2614641995172969, 0.26307320997586486], "0.2": [0.15486725663716813, 0.26588897827835883, 0.248994368463395], "0.4": [0.14481094127111827, 0.07884151246983105, 0.09613837489943684], "0.6": [0.11061946902654868, 0.09734513274336283, 0.07280772325020113], "0.8": [0.10418342719227675, 0.09493161705551086, 0.08688656476267095], "0.9": [0.1005631536604988, 0.08930008045052293, 0.10780370072405471], "0.95": [0.10981496379726469, 0.09694288012872083, 0.08527755430410297], "0.975": [0.06918744971842317, 0.0921158487530169, 0.09774738535800483]}, "careful-tune": {"0.025": [0.36484312148028963, 0.37489943684633953, 0.3278358809332261], "0.05": [0.37168141592920356, 0.3567980691874497, 0.33467417538214], "0.1": [0.337489943684634, 0.36283185840707965, 0.3580048270313757], "0.2": [0.2341110217216412, 0.28600160901045857, 0.1588897827835881], "0.4": [0.13716814159292035, 0.12751407884151247, 0.06556717618664522], "0.6": [0.11423974255832663, 0.08125502815768303, 0.08125502815768303], "0.8": [0.12389380530973451, 0.09493161705551086, 0.10297666934835076], "0.9": [0.1572807723250201, 0.13797264682220434, 0.13314561544650041], "0.95": [0.1419951729686243, 0.13958165728077232, 0.14440868865647627], "0.975": [0.11343523732904263, 0.11866452131938858, 0.13475462590506837]}, "careful-tune-paint": {"0.025": []}, "initial-transfer": {"0.025": [0.030571198712791632, 0.01850362027353178, 0.03378921962992759], "0.05": [0.016090104585679808, 0.02574416733708769, 0.02011263073209976], "0.1": [0.02574416733708769, 0.02333065164923572, 0.0249396621078037], "0.2": [0.041432019308125505, 0.028559935639581657, 0.037409493161705554], "0.4": [0.02413515687851971, 0.06234915526950925, 0.04102976669348351], "0.6": [0.05953338696701529, 0.06234915526950925, 0.07320997586484312], "0.8": [0.07200321802091714, 0.04746580852775543, 0.06878519710378117], "0.9": [0.061142397425583264, 0.06637168141592921, 0.06234915526950925], "0.95": [0.05148833467417538, 0.039420756234915526, 0.05229283990345937], "0.975": [0.05108608205953339, 0.05108608205953339, 0.04666130329847144]}, "initial-tune": {"0.025": [0.02775543041029767, 0.030571198712791632, 0.037409493161705554], "0.05": [0.04022526146419952, 0.029364440868865648, 0.04907481898632341], "0.1": [0.050683829444891394, 0.052695092518101366, 0.048672566371681415], "0.2": [0.06878519710378117, 0.07119871279163315, 0.07964601769911504], "0.4": [0.11343523732904263, 0.07481898632341111, 0.08769106999195495], "0.6": [0.08004827031375704, 0.07924376508447305, 0.06476267095736123], "0.8": [0.07803700724054706, 0.0502815768302494, 0.08165728077232502], "0.9": [0.0917135961383749, 0.07160096540627514, 0.06596942880128721], "0.95": [0.059935639581657284, 0.06717618664521319, 0.051890587288817375], "0.975": [0.05229283990345937, 0.0502815768302494, 0.04344328238133548]}}, "neither and neither+just_main": {"careful-paint-tune": {"0.025": [0.22950819672131148, 0.3011709601873536, 0.2477751756440281], "0.05": [0.21405152224824356, 0.2262295081967213, 0.18266978922716628], "0.1": [0.2360655737704918, 0.2468384074941452, 0.2262295081967213], "0.2": [0.14941451990632318, 0.2477751756440281, 0.2594847775175644], "0.4": [0.12833723653395784, 0.07494145199063232, 0.1053864168618267], "0.6": [0.10117096018735364, 0.09180327868852459, 0.07587822014051522], "0.8": [0.09086651053864168, 0.09461358313817331, 0.06885245901639345], "0.9": [0.08524590163934426, 0.07306791569086651, 0.08946135831381732], "0.95": [0.10304449648711944, 0.08805620608899298, 0.07494145199063232], "0.975": [0.06838407494145199, 0.09414519906323185, 0.09274004683840749]}, "careful-tune": {"0.025": [0.3199063231850117, 0.34004683840749417, 0.2983606557377049], "0.05": [0.32833723653395785, 0.3325526932084309, 0.29414519906323183], "0.1": [0.3227166276346604, 0.3442622950819672, 0.3334894613583138], "0.2": [0.24918032786885247, 0.28337236533957844, 0.14098360655737704], "0.4": [0.13489461358313817, 0.10679156908665105, 0.07072599531615925], "0.6": [0.10866510538641687, 0.07213114754098361, 0.07494145199063232], "0.8": [0.10491803278688525, 0.059953161592505855, 0.08009367681498829], "0.9": [0.12646370023419204, 0.10585480093676815, 0.08899297423887588], "0.95": [0.10960187353629977, 0.10585480093676815, 0.10117096018735364], "0.975": [0.08805620608899298, 0.08196721311475409, 0.08384074941451991]}, "careful-tune-paint": {"0.025": []}, "initial-transfer": {"0.025": [0.03653395784543326, 0.027166276346604217, 0.03887587822014051], "0.05": [0.03231850117096019, 0.029039812646370025, 0.026697892271662763], "0.1": [0.029976580796252927, 0.03044496487119438, 0.02857142857142857], "0.2": [0.029508196721311476, 0.030913348946135833, 0.03653395784543326], "0.4": [0.02576112412177986, 0.05901639344262295, 0.040749414519906324],