{"both and spurious-box": {"careful-paint-tune": {"0.025": [0.32367149758454106, 0.33816425120772947, 0.3140096618357488], "0.05": [0.38164251207729466, 0.2753623188405797, 0.23671497584541062], "0.1": [0.28502415458937197, 0.2946859903381642, 0.1932367149758454], "0.2": [0.17391304347826086, 0.1932367149758454, 0.30434782608695654], "0.4": [0.15942028985507245, 0.14009661835748793, 0.16908212560386474], "0.6": [0.10144927536231885, 0.13043478260869565, 0.13043478260869565], "0.8": [0.21256038647342995, 0.2028985507246377, 0.178743961352657], "0.9": [0.20772946859903382, 0.25120772946859904, 0.2898550724637681], "0.95": [0.25120772946859904, 0.2028985507246377, 0.25120772946859904], "0.975": [0.37681159420289856, 0.28019323671497587, 0.22705314009661837]}, "careful-tune": {"0.025": [0.46859903381642515, 0.3864734299516908, 0.42028985507246375], "0.05": [0.5217391304347826, 0.4057971014492754, 0.5217391304347826], "0.1": [0.5458937198067633, 0.6086956521739131, 0.6473429951690821], "0.2": [0.5942028985507246, 0.6763285024154589, 0.4830917874396135], "0.4": [0.5217391304347826, 0.357487922705314, 0.26570048309178745], "0.6": [0.18357487922705315, 0.20772946859903382, 0.178743961352657], "0.8": [0.21739130434782608, 0.2318840579710145, 0.37681159420289856], "0.9": [0.24154589371980675, 0.2995169082125604, 0.22705314009661837], "0.95": [0.25120772946859904, 0.25120772946859904, 0.26570048309178745], "0.975": [0.19806763285024154, 0.2028985507246377, 0.28019323671497587]}, "careful-tune-paint": {"0.025": []}, "initial-transfer": {"0.025": [0.4057971014492754, 0.30917874396135264, 0.3719806763285024], "0.05": [0.2463768115942029, 0.21256038647342995, 0.2222222222222222], "0.1": [0.19806763285024154, 0.27053140096618356, 0.19806763285024154], "0.2": [0.11594202898550725, 0.15458937198067632, 0.13526570048309178], "0.4": [0.14492753623188406, 0.1111111111111111, 0.0821256038647343], "0.6": [0.09178743961352658, 0.0821256038647343, 0.0821256038647343], "0.8": [0.2560386473429952, 0.23671497584541062, 0.2753623188405797], "0.9": [0.357487922705314, 0.32367149758454106, 0.34782608695652173], "0.95": [0.3961352657004831, 0.45410628019323673, 0.3333333333333333], "0.975": [0.4782608695652174, 0.45893719806763283, 0.5217391304347826]}, "initial-tune": {"0.025": [0.42995169082125606, 0.5362318840579711, 0.43478260869565216], "0.05": [0.38164251207729466, 0.4057971014492754, 0.41545893719806765], "0.1": [0.3333333333333333, 0.30434782608695654, 0.34782608695652173], "0.2": [0.15942028985507245, 0.18357487922705315, 0.20772946859903382], "0.4": [0.1111111111111111, 0.17391304347826086, 0.178743961352657], "0.6": [0.21256038647342995, 0.1497584541062802, 0.14009661835748793], "0.8": [0.2898550724637681, 0.28019323671497587, 0.25120772946859904], "0.9": [0.4444444444444444, 0.40096618357487923, 0.4106280193236715], "0.95": [0.4830917874396135, 0.391304347826087, 0.4975845410628019], "0.975": [0.4927536231884058, 0.6231884057971014, 0.5990338164251208]}}, "both and spurious-pixel-paint": {"careful-paint-tune": {"0.025": [0.4830917874396135, 0.5410628019323671, 0.5458937198067633], "0.05": [0.3864734299516908, 0.5652173913043478, 0.5845410628019324], "0.1": [0.5314009661835749, 0.5217391304347826, 0.5942028985507246], "0.2": [0.6135265700483091, 0.6280193236714976, 0.5265700483091788], "0.4": [0.6521739130434783, 0.34299516908212563, 0.37681159420289856], "0.6": [0.1497584541062802, 0.1932367149758454, 0.13043478260869565], "0.8": [0.15458937198067632, 0.1932367149758454, 0.2028985507246377], "0.9": [0.2028985507246377, 0.19806763285024154, 0.18840579710144928], "0.95": [0.2318840579710145, 0.18357487922705315, 0.15942028985507245], "0.975": [0.21739130434782608, 0.18840579710144928, 0.19806763285024154]}, "careful-tune": {"0.025": [0.391304347826087, 0.42995169082125606, 0.391304347826087], "0.05": [0.3285024154589372, 0.4251207729468599, 0.2995169082125604], "0.1": [0.2753623188405797, 0.21739130434782608, 0.22705314009661837], "0.2": [0.1932367149758454, 0.12077294685990338, 0.20772946859903382], "0.4": [0.13526570048309178, 0.12077294685990338, 0.10628019323671498], "0.6": [0.14492753623188406, 0.15942028985507245, 0.15942028985507245], "0.8": [0.2318840579710145, 0.17391304347826086, 0.23671497584541062], "0.9": [0.16908212560386474, 0.19806763285024154, 0.21739130434782608], "0.95": [0.2608695652173913, 0.19806763285024154, 0.2560386473429952], "0.975": [0.2946859903381642, 0.2222222222222222, 0.2608695652173913]}, "careful-tune-paint": {"0.025": []}, "initial-transfer": {"0.025": [0.38164251207729466, 0.32367149758454106, 0.32367149758454106], "0.05": [0.23671497584541062, 0.2028985507246377, 0.20772946859903382], "0.1": [0.178743961352657, 0.2753623188405797, 0.14492753623188406], "0.2": [0.11594202898550725, 0.16908212560386474, 0.12560386473429952], "0.4": [0.1111111111111111, 0.10628019323671498, 0.12077294685990338], "0.6": [0.07729468599033816, 0.06763285024154589, 0.06280193236714976], "0.8": [0.13526570048309178, 0.12077294685990338, 0.14009661835748793], "0.9": [0.20772946859903382, 0.18357487922705315, 0.18840579710144928], "0.95": [0.2318840579710145, 0.23671497584541062, 0.21739130434782608], "0.975": [0.30434782608695654, 0.32367149758454106, 0.2946859903381642]}, "initial-tune": {"0.025": [0.3961352657004831, 0.42995169082125606, 0.4106280193236715], "0.05": [0.34782608695652173, 0.3961352657004831, 0.4444444444444444], "0.1": [0.2946859903381642, 0.2753623188405797, 0.28502415458937197], "0.2": [0.17391304347826086, 0.20772946859903382, 0.2222222222222222], "0.4": [0.14492753623188406, 0.16908212560386474, 0.13526570048309178], "0.6": [0.18840579710144928, 0.10628019323671498, 0.13526570048309178], "0.8": [0.2028985507246377, 0.22705314009661837, 0.2463768115942029], "0.9": [0.37681159420289856, 0.24154589371980675, 0.2995169082125604], "0.95": [0.3961352657004831, 0.32367149758454106, 0.4251207729468599], "0.975": [0.38164251207729466, 0.48792270531400966, 0.4106280193236715]}}, "just_spurious and spurious-box": {"careful-paint-tune": {"0.025": [0.2578439259855189, 0.32904263877715206, 0.25422365245374096], "0.05": [0.19710378117457764, 0.24537409493161705, 0.23572003218020918], "0.1": [0.18905872888173772, 0.21399839098954143, 0.16090104585679807], "0.2": [0.13958165728077232, 0.14963797264682221, 0.18704746580852777], "0.4": [0.15526950925181013, 0.11544650040225261, 0.09694288012872083], "0.6": [0.16894609814963799, 0.14400643604183427, 0.12027353177795656], "0.8": [0.24456958970233306, 0.23129525341914722, 0.21319388576025744], "0.9": [0.21118262268704746, 0.27071600965406273, 0.3028962188254224], "0.95": [0.3153660498793242, 0.2904263877715205, 0.31134352373290425], "0.975": [0.32904263877715206, 0.34312148028962186, 0.3181818181818182]}, "careful-tune": {"0.025": [0.2168141592920354, 0.17055510860820594, 0.1753821399839099], "0.05": [0.2087691069991955, 0.17658889782783588, 0.2345132743362832], "0.1": [0.20353982300884957, 0.25583266291230894, 0.2670957361222848], "0.2": [0.20313757039420757, 0.3141592920353982, 0.11544650040225261], "0.4": [0.19629927594529364, 0.1512469831053902, 0.0925181013676589], "0.6": [0.24577634754625904, 0.27916331456154464, 0.2582461786001609], "0.8": [0.41110217216411904, 0.36363636363636365, 0.4235720032180209], "0.9": [0.3845534995977474, 0.46138374899436846, 0.415526950925181], "0.95": [0.45293644408688655, 0.4090909090909091, 0.5221238938053098], "0.975": [0.39581657280772325, 0.3580048270313757, 0.412308930008045]}, "careful-tune-paint": {"0.025": []}, "initial-transfer": {"0.025": [0.15526950925181013, 0.13555913113435236, 0.1922767497988737], "0.05": [0.13636363636363635, 0.1407884151246983, 0.08648431214802896], "0.1": [0.12831858407079647, 0.11745776347546259, 0.12107803700724054], "0.2": [0.11946902654867257, 0.083266291230893, 0.1086082059533387], "0.4": [0.061142397425583264, 0.10257441673370878, 0.07723250201126307], "0.6": [0.1263073209975865, 0.1246983105390185, 0.15245374094931616],