{"just_main and just_main+just_spurious": {"initial-transfer": {"0.025": [0.2558139534883721, 0.22093023255813954, 0.2616279069767442, 0.21511627906976744], "0.05": [0.18023255813953487, 0.13953488372093023, 0.13953488372093023, 0.22674418604651161], "0.1": [0.10465116279069768, 0.11046511627906977, 0.1569767441860465, 0.12209302325581395], "0.2": [0.08139534883720931, 0.09302325581395349, 0.06395348837209303, 0.09302325581395349], "0.4": [0.06395348837209303, 0.05232558139534884, 0.05232558139534884, 0.06976744186046512], "0.6": [0.0872093023255814, 0.09883720930232558, 0.06976744186046512, 0.09883720930232558], "0.8": [0.27325581395348836, 0.19186046511627908, 0.22674418604651161, 0.19186046511627908], "0.9": [0.3372093023255814, 0.3023255813953488, 0.313953488372093, 0.3430232558139535], "0.95": [0.4186046511627907, 0.36627906976744184, 0.37209302325581395, 0.3953488372093023], "0.975": [0.37790697674418605, 0.38372093023255816, 0.38953488372093026, 0.37790697674418605]}, "initial-tune": {"0.025": [0.25, 0.38372093023255816, 0.1511627906976744, 0.3023255813953488], "0.05": [0.313953488372093, 0.26744186046511625, 0.3081395348837209, 0.20348837209302326], "0.1": [0.28488372093023256, 0.23255813953488372, 0.16279069767441862, 0.19186046511627908], "0.2": [0.06976744186046512, 0.13372093023255813, 0.18604651162790697, 0.10465116279069768], "0.4": [0.023255813953488372, 0.040697674418604654, 0.11046511627906977, 0.11627906976744186], "0.6": [0.10465116279069768, 0.14534883720930233, 0.05232558139534884, 0.09883720930232558], "0.8": [0.18604651162790697, 0.313953488372093, 0.19767441860465115, 0.18023255813953487], "0.9": [0.38372093023255816, 0.27906976744186046, 0.32558139534883723, 0.3546511627906977], "0.95": [0.4069767441860465, 0.3313953488372093, 0.38372093023255816, 0.28488372093023256], "0.975": [0.5174418604651163, 0.36627906976744184, 0.4011627906976744, 0.36627906976744184]}}, "just_spurious and just_spurious+just_main": {"initial-transfer": {"0.025": [0.016, 0.032, 0.012, 0.03], "0.05": [0.03, 0.028, 0.028, 0.02], "0.1": [0.03, 0.04, 0.044, 0.028], "0.2": [0.042, 0.016, 0.022, 0.04], "0.4": [0.036, 0.062, 0.064, 0.056], "0.6": [0.074, 0.056, 0.058, 0.066], "0.8": [0.056, 0.06, 0.094, 0.07], "0.9": [0.064, 0.036, 0.064, 0.052], "0.95": [0.034, 0.032, 0.052, 0.034], "0.975": [0.052, 0.04, 0.046, 0.056]}, "initial-tune": {"0.025": [0.032, 0.032, 0.036, 0.024], "0.05": [0.034, 0.04, 0.024, 0.054], "0.1": [0.03, 0.044, 0.034, 0.036], "0.2": [0.09, 0.066, 0.024, 0.068], "0.4": [0.066, 0.068, 0.07, 0.07], "0.6": [0.076, 0.056, 0.068, 0.056], "0.8": [0.08, 0.074, 0.054, 0.064], "0.9": [0.042, 0.05, 0.068, 0.076], "0.95": [0.052, 0.06, 0.042, 0.068], "0.975": [0.054, 0.038, 0.054, 0.03]}}, "neither and neither+just_main": {"initial-transfer": {"0.025": [0.058, 0.058, 0.042, 0.054], "0.05": [0.044, 0.034, 0.054, 0.042], "0.1": [0.038, 0.054, 0.06, 0.048], "0.2": [0.042, 0.022, 0.026, 0.06], "0.4": [0.034, 0.046, 0.056, 0.066], "0.6": [0.096, 0.056, 0.082, 0.066], "0.8": [0.066, 0.068, 0.054, 0.08], "0.9": [0.064, 0.056, 0.064, 0.052], "0.95": [0.024, 0.044, 0.06, 0.03], "0.975": [0.05, 0.052, 0.046, 0.056]}, "initial-tune": {"0.025": [0.036, 0.056, 0.034, 0.042], "0.05": [0.03, 0.076, 0.064, 0.06], "0.1": [0.044, 0.054, 0.016, 0.048], "0.2": [0.088, 0.052, 0.042, 0.048], "0.4": [0.06, 0.074, 0.074, 0.07], "0.6": [0.074, 0.052, 0.054, 0.052], "0.8": [0.064, 0.058, 0.056, 0.048], "0.9": [0.024, 0.048, 0.024, 0.06], "0.95": [0.046, 0.046, 0.028, 0.05], "0.975": [0.054, 0.014, 0.054, 0.058]}}, "neither and neither+just_spurious": {"initial-transfer": {"0.025": [0.172, 0.176, 0.164, 0.15], "0.05": [0.142, 0.132, 0.134, 0.15], "0.1": [0.108, 0.124, 0.12, 0.09], "0.2": [0.07, 0.082, 0.072, 0.08], "0.4": [0.044, 0.058, 0.066, 0.062], "0.6": [0.126, 0.076, 0.128, 0.124], "0.8": [0.142, 0.252, 0.162, 0.218], "0.9": [0.302, 0.306, 0.244, 0.25], "0.95": [0.294, 0.322, 0.302, 0.28], "0.975": [0.324, 0.334, 0.334, 0.342]}, "initial-tune": {"0.025": [0.166, 0.248, 0.112, 0.204], "0.05": [0.208, 0.178, 0.182, 0.166], "0.1": [0.144, 0.156, 0.112, 0.122], "0.2": [0.096, 0.084, 0.102, 0.08], "0.4": [0.076, 0.078, 0.084, 0.076], "0.6": [0.168, 0.072, 0.106, 0.126], "0.8": [0.188, 0.24, 0.218, 0.274], "0.9": [0.37, 0.34, 0.214, 0.318], "0.95": [0.352, 0.318, 0.32, 0.36], "0.975": [0.452, 0.33, 0.356, 0.436]}}}