{"both": 0.8888888888888888, "just_main": 0.3430232558139535, "just_spurious": 0.428, "neither": 0.934, "average": 0.6484780361757105}