{"both": 0.9130434782608695, "just_main": 0.46511627906976744, "just_spurious": 0.418, "neither": 0.896, "average": 0.6730399393326593}