{"both": 0.7777777777777778, "just_main": 0.7151162790697675, "just_spurious": 0.308, "neither": 0.35, "average": 0.5377235142118864}