{"both": 0.6763285024154589, "just_main": 0.23255813953488372, "just_spurious": 0.618, "neither": 0.934, "average": 0.6152216604875856}