{"both": 0.8357487922705314, "just_main": 0.20930232558139536, "just_spurious": 0.51, "neither": 0.968, "average": 0.6307627794629818}