{"both": 0.8792270531400966, "just_main": 0.4127906976744186, "just_spurious": 0.508, "neither": 0.916, "average": 0.6790044377036288}