{"both": 0.8599033816425121, "just_main": 0.2616279069767442, "just_spurious": 0.464, "neither": 0.944, "average": 0.632382822154814}