{"both": 0.9420289855072463, "just_main": 0.46511627906976744, "just_spurious": 0.37, "neither": 0.88, "average": 0.6642863161442534}