{"both": 0.893719806763285, "just_main": 0.9418604651162791, "just_spurious": 0.256, "neither": 0.296, "average": 0.5968950679698909}