{"s_p1": [0.02100961113534825, "both-main/box"], "s_p2": [0.02100961113534825, "both-spurious/box"]}