{"s_p1": [0.010504805567674125, "both-main/box"], "s_p2": [0.010504805567674125, "both-spurious/box"]}