{"both": 0.9033816425120773, "just_main": 0.3953488372093023, "just_spurious": 0.454, "neither": 0.934, "average": 0.671682619930345}