{"both": 0.9033816425120773, "just_main": 0.37790697674418605, "just_spurious": 0.44, "neither": 0.938, "average": 0.6648221548140658}