{"average": {"careful-tune": {"0.5": [0.7848023889255454, 0.7805682403852786, 0.7897986419754613, 0.7636643699409948], "0.6": [0.7818711063189001, 0.7737819214797717, 0.7674232295183534, 0.7538466812104017], "0.7": [0.7582314565495708, 0.7421409395883031, 0.755066742139186, 0.7520822193768378], "0.8": [0.7416507921049573, 0.7295331166213535, 0.7401983504294476, 0.7091165004814453], "0.9": [0.6724498502076707, 0.6889681969312769, 0.6871386612191989, 0.6891815250209421], "0.95": [0.6648179149401209, 0.6858349402574526, 0.6645448361453241, 0.6987201244571946], "0.975": [0.6827702496222967, 0.6891921903784457, 0.6489925754346002, 0.6674831862379729]}, "initial-tune": {"0.5": [0.7920943852036186, 0.7800464658943945, 0.7957273626155462, 0.7828920920653961], "0.6": [0.7863046143399671, 0.7814879093009047, 0.7759585839152094, 0.7639310351768474], "0.7": [0.7512930482724742, 0.7563262294683177, 0.7469438131974472, 0.7403378398171514], "0.8": [0.7403513390473186, 0.7255712277075409, 0.7047299191036273, 0.7042742033136427], "0.9": [0.6848986773778003, 0.6674200120362458, 0.6731258654745056, 0.6917599801249313], "0.95": [0.6560690374327951, 0.6214769572524732, 0.6447710012448119, 0.6448250460667202], "0.975": [0.6394157353388847, 0.6202451755804907, 0.6546206229354401, 0.6325900281735721]}}, "both": {"careful-tune": {"0.5": [0.7874396135265701, 0.8164251207729468, 0.7632850241545893, 0.7053140096618358], "0.6": [0.748792270531401, 0.7536231884057971, 0.642512077294686, 0.5893719806763285], "0.7": [0.6086956521739131, 0.6473429951690821, 0.5942028985507246, 0.642512077294686], "0.8": [0.6376811594202898, 0.5990338164251208, 0.6763285024154589, 0.6086956521739131], "0.9": [0.5072463768115942, 0.5748792270531401, 0.6038647342995169, 0.6908212560386473], "0.95": [0.7246376811594203, 0.6086956521739131, 0.6570048309178744, 0.7004830917874396], "0.975": [0.6908212560386473, 0.6908212560386473, 0.6280193236714976, 0.6666666666666666]}, "initial-tune": {"0.5": [0.7342995169082126, 0.7294685990338164, 0.7198067632850241, 0.7439613526570048], "0.6": [0.7681159420289855, 0.7729468599033816, 0.8067632850241546, 0.7777777777777778], "0.7": [0.8019323671497585, 0.8115942028985508, 0.8067632850241546, 0.782608695652174], "0.8": [0.8502415458937198, 0.8695652173913043, 0.8405797101449275, 0.8309178743961353], "0.9": [0.8743961352657005, 0.8743961352657005, 0.8743961352657005, 0.855072463768116], "0.95": [0.9082125603864735, 0.8502415458937198, 0.893719806763285, 0.893719806763285], "0.975": [0.8792270531400966, 0.8743961352657005, 0.893719806763285, 0.9227053140096618]}}, "just_main": {"careful-tune": {"0.5": [0.8430232558139535, 0.8546511627906976, 0.8662790697674418, 0.7616279069767442], "0.6": [0.8313953488372093, 0.7848837209302325, 0.7441860465116279, 0.7093023255813954], "0.7": [0.7151162790697675, 0.6627906976744186, 0.7034883720930233, 0.7325581395348837], "0.8": [0.6395348837209303, 0.5348837209302325, 0.6395348837209303, 0.5348837209302325], "0.9": [0.36046511627906974, 0.4186046511627907, 0.45930232558139533, 0.47674418604651164], "0.95": [0.37209302325581395, 0.45348837209302323, 0.3488372093023256, 0.45930232558139533], "0.975": [0.47093023255813954, 0.4011627906976744, 0.27325581395348836, 0.32558139534883723]}, "initial-tune": {"0.5": [0.8488372093023255, 0.8488372093023255, 0.8662790697674418, 0.8197674418604651], "0.6": [0.7965116279069767, 0.7848837209302325, 0.8023255813953488, 0.7616279069767442], "0.7": [0.6686046511627907, 0.6802325581395349, 0.6744186046511628, 0.627906976744186], "0.8": [0.622093023255814, 0.5697674418604651, 0.5290697674418605, 0.5058139534883721], "0.9": [0.4883720930232558, 0.37790697674418605, 0.43023255813953487, 0.5174418604651163], "0.95": [0.3313953488372093, 0.19767441860465115, 0.31976744186046513, 0.3313953488372093], "0.975": [0.23837209302325582, 0.21511627906976744, 0.313953488372093, 0.28488372093023256]}}, "just_spurious": {"careful-tune": {"0.5": [0.7316975060337892, 0.6942880128720836, 0.7699115044247787, 0.7727272727272727], "0.6": [0.7707160096540627, 0.7481898632341111, 0.8399034593724859, 0.8712791633145616], "0.7": [0.8519710378117458, 0.8012872083668544, 0.8584070796460177, 0.7948511665325825], "0.8": [0.8238133547868061, 0.8652453740949316, 0.7751407884151247, 0.7996781979082864], "0.9": [0.8656476267095736, 0.8242156074014481, 0.7626709573612228, 0.6898632341110217], "0.95": [0.6267095736122285, 0.7542236524537409, 0.6958970233306516, 0.7067578439259855], "0.975": [0.6423974255832663, 0.7312952534191473, 0.7316975060337892, 0.7240547063555913]}, "initial-tune": {"0.5": [0.8077232502011263, 0.7723250201126307, 0.8113435237329043, 0.7711182622687047], "0.6": [0.7562349155269509, 0.7437650844730491, 0.6886564762670957, 0.7027353177795655], "0.7": [0.6938857602574416, 0.6838294448913917, 0.6564762670957361, 0.6979082864038616], "0.8": [0.6263073209975865, 0.580048270313757, 0.5635559131134352, 0.588093322606597], "0.9": [0.47144006436041835, 0.5068382944489139, 0.4754625905068383, 0.4891391794046661], "0.95": [0.4436846339501207, 0.4754625905068383, 0.4428801287208367, 0.4239742558326629], "0.975": [0.4742558326629123, 0.43081255028157683, 0.4670152855993564, 0.37288817377312955]}}, "neither": {"careful-tune": {"0.5": [0.7770491803278688, 0.7569086651053865, 0.7597189695550352, 0.8149882903981265], "0.6": [0.7765807962529274, 0.8084309133489461, 0.8430913348946136, 0.8454332552693209], "0.7": [0.8571428571428571, 0.8571428571428571, 0.8641686182669789, 0.8384074941451991], "0.8": [0.8655737704918033, 0.9189695550351288, 0.8697892271662764, 0.8932084309133489], "0.9": [0.956440281030445, 0.9381733021077283, 0.9227166276346604, 0.8992974238875878], "0.95": [0.935831381733021, 0.9269320843091335, 0.956440281030445, 0.9283372365339578], "0.975": [0.9269320843091335, 0.9334894613583138, 0.9629976580796253, 0.9536299765807963]}, "initial-tune": {"0.5": [0.7775175644028103, 0.7695550351288056, 0.785480093676815, 0.7967213114754098], "0.6": [0.8243559718969555, 0.8243559718969555, 0.8060889929742389, 0.8135831381733021], "0.7": [0.8407494145199064, 0.8496487119437939, 0.8501170960187353, 0.8529274004683841], "0.8": [0.8627634660421546, 0.882903981264637, 0.8857142857142857, 0.892271662763466], "0.9": [0.9053864168618267, 0.9105386416861827, 0.9124121779859484, 0.9053864168618267], "0.95": [0.940983606557377, 0.9625292740046838, 0.9227166276346604, 0.9302107728337237], "0.975": [0.965807962529274, 0.9606557377049181, 0.9437939110070258, 0.9498829039812646]}}}