{"both and spurious-box": {"cdep-tt": {"0.025": [0.5265700483091788, 0.5700483091787439, 0.5748792270531401, 0.5072463768115942], "0.05": [0.5603864734299517, 0.45410628019323673, 0.4251207729468599, 0.40096618357487923], "0.1": [0.30917874396135264, 0.2028985507246377, 0.34782608695652173, 0.30917874396135264], "0.2": [0.13526570048309178, 0.21256038647342995, 0.2028985507246377, 0.10628019323671498], "0.4": [0.15942028985507245, 0.16908212560386474, 0.2222222222222222, 0.15458937198067632], "0.6": [0.2463768115942029, 0.21256038647342995, 0.26570048309178745, 0.21256038647342995], "0.8": [0.37681159420289856, 0.4396135265700483, 0.41545893719806765, 0.3188405797101449], "0.9": [0.5072463768115942, 0.4830917874396135, 0.43478260869565216, 0.4782608695652174], "0.95": [0.4782608695652174, 0.33816425120772947, 0.47342995169082125, 0.5024154589371981], "0.975": [0.4782608695652174, 0.5314009661835749, 0.42028985507246375, 0.34782608695652173]}, "fs-tune": {"0.025": [0.463768115942029, 0.38164251207729466, 0.463768115942029, 0.4975845410628019], "0.05": [0.37681159420289856, 0.41545893719806765, 0.43478260869565216, 0.4444444444444444], "0.1": [0.2222222222222222, 0.42995169082125606, 0.17391304347826086, 0.28502415458937197], "0.2": [0.14009661835748793, 0.16908212560386474, 0.15458937198067632, 0.2222222222222222], "0.4": [0.2318840579710145, 0.17391304347826086, 0.2318840579710145, 0.18840579710144928], "0.6": [0.28502415458937197, 0.30434782608695654, 0.16908212560386474, 0.2608695652173913], "0.8": [0.3333333333333333, 0.4927536231884058, 0.5410628019323671, 0.40096618357487923], "0.9": [0.6183574879227053, 0.5072463768115942, 0.5265700483091788, 0.5265700483091788], "0.95": [0.5507246376811594, 0.6086956521739131, 0.4444444444444444, 0.5120772946859904], "0.975": [0.5217391304347826, 0.5700483091787439, 0.5990338164251208, 0.5120772946859904]}, "gs-tt": {"0.025": [0.4057971014492754, 0.4975845410628019, 0.4444444444444444, 0.4106280193236715], "0.05": [0.41545893719806765, 0.33816425120772947, 0.2753623188405797, 0.3671497584541063], "0.1": [0.2028985507246377, 0.17391304347826086, 0.2753623188405797, 0.15458937198067632], "0.2": [0.18357487922705315, 0.15458937198067632, 0.2028985507246377, 0.1642512077294686], "0.4": [0.18840579710144928, 0.20772946859903382, 0.2946859903381642, 0.1642512077294686], "0.6": [0.26570048309178745, 0.21739130434782608, 0.3140096618357488, 0.2463768115942029], "0.8": [0.42995169082125606, 0.28019323671497587, 0.4492753623188406, 0.26570048309178745], "0.9": [0.6038647342995169, 0.6135265700483091, 0.5169082125603864, 0.5748792270531401], "0.95": [0.5652173913043478, 0.47342995169082125, 0.43478260869565216, 0.45410628019323673], "0.975": [0.6618357487922706, 0.18357487922705315, 0.5555555555555556, 0.5362318840579711]}, "initial-tune": {"0.025": [0.5120772946859904, 0.5603864734299517, 0.5410628019323671, 0.48792270531400966], "0.05": [0.5072463768115942, 0.45410628019323673, 0.4106280193236715, 0.42995169082125606], "0.1": [0.2946859903381642, 0.18357487922705315, 0.3526570048309179, 0.28019323671497587], "0.2": [0.13043478260869565, 0.2028985507246377, 0.1497584541062802, 0.1497584541062802], "0.4": [0.18840579710144928, 0.22705314009661837, 0.26570048309178745, 0.15942028985507245], "0.6": [0.2753623188405797, 0.20772946859903382, 0.34299516908212563, 0.23671497584541062], "0.8": [0.4492753623188406, 0.45410628019323673, 0.43478260869565216, 0.3671497584541063], "0.9": [0.5990338164251208, 0.5603864734299517, 0.5410628019323671, 0.6038647342995169], "0.95": [0.6086956521739131, 0.5169082125603864, 0.5700483091787439, 0.6038647342995169], "0.975": [0.6280193236714976, 0.6038647342995169, 0.6231884057971014, 0.6231884057971014]}, "minimal-tune": {"0.025": [0.463768115942029, 0.4106280193236715, 0.4106280193236715, 0.3671497584541063], "0.05": [0.41545893719806765, 0.4106280193236715, 0.5024154589371981, 0.6086956521739131], "0.1": [0.4444444444444444, 0.5507246376811594, 0.5024154589371981, 0.47342995169082125], "0.2": [0.46859903381642515, 0.42028985507246375, 0.4782608695652174, 0.5458937198067633], "0.4": [0.47342995169082125, 0.5120772946859904, 0.6183574879227053, 0.45893719806763283], "0.6": [0.21739130434782608, 0.20772946859903382, 0.21739130434782608, 0.2608695652173913], "0.8": [0.18357487922705315, 0.28502415458937197, 0.3188405797101449, 0.24154589371980675], "0.9": [0.28019323671497587, 0.17391304347826086, 0.2608695652173913, 0.32367149758454106], "0.95": [0.1642512077294686, 0.17391304347826086, 0.2946859903381642, 0.17391304347826086], "0.975": [0.34782608695652173, 0.16908212560386474, 0.3140096618357488, 0.15458937198067632]}, "rrr-tune": {"0.025": [0.21256038647342995, 0.2946859903381642, 0.2318840579710145, 0.2222222222222222], "0.05": [0.20772946859903382, 0.14492753623188406, 0.1642512077294686, 0.23671497584541062], "0.1": [0.2898550724637681, 0.3140096618357488, 0.15942028985507245, 0.2222222222222222], "0.2": [0.18840579710144928, 0.1642512077294686, 0.2946859903381642, 0.1111111111111111], "0.4": [0.2222222222222222, 0.17391304347826086, 0.1642512077294686, 0.1497584541062802], "0.6": [0.2560386473429952, 0.15942028985507245, 0.15942028985507245, 0.12560386473429952], "0.8": [0.2318840579710145, 0.1642512077294686, 0.2753623188405797, 0.38164251207729466], "0.9": [0.17391304347826086, 0.43478260869565216, 0.17391304347826086, 0.4927536231884058], "0.95": [0.42028985507246375, 0.1642512077294686, 0.21256038647342995, 0.34782608695652173], "0.975": [0.24154589371980675, 0.357487922705314, 0.16908212560386474, 0.38164251207729466]}}, "both and spurious-pixel-paint": {"cdep-tt": {"0.025": [0.4830917874396135, 0.4782608695652174, 0.5072463768115942, 0.45893719806763283], "0.05": [0.45893719806763283, 0.3719806763285024, 0.40096618357487923, 0.33816425120772947], "0.1": [0.28502415458937197, 0.18840579710144928, 0.23671497584541062, 0.24154589371980675], "0.2": [0.1111111111111111, 0.18840579710144928, 0.20772946859903382, 0.07729468599033816], "0.4": [0.09178743961352658, 0.08695652173913043, 0.10628019323671498, 0.12077294685990338], "0.6": [0.11594202898550725, 0.15942028985507245, 0.13526570048309178, 0.12560386473429952], "0.8": [0.19806763285024154, 0.2608695652173913, 0.20772946859903382, 0.16908212560386474], "0.9": [0.21739130434782608, 0.18840579710144928, 0.22705314009661837, 0.178743961352657], "0.95": [0.2318840579710145, 0.18840579710144928, 0.22705314009661837, 0.26570048309178745], "0.975": [0.21739130434782608, 0.19806763285024154, 0.18357487922705315, 0.12077294685990338]}, "fs-tune": {"0.025": [0.38164251207729466, 0.3671497584541063, 0.391304347826087, 0.357487922705314], "0.05": [0.28502415458937197, 0.34299516908212563, 0.3526570048309179, 0.2946859903381642], "0.1": [0.19806763285024154, 0.28502415458937197, 0.16908212560386474, 0.2318840579710145], "0.2": [0.10144927536231885, 0.15942028985507245, 0.1642512077294686, 0.1932367149758454], "0.4": [0.13043478260869565, 0.14009661835748793, 0.15458937198067632, 0.1642512077294686], "0.6": [0.15458937198067632, 0.13526570048309178, 0.0966183574879227, 0.1932367149758454], "0.8": [0.25120772946859904, 0.2318840579710145, 0.25120772946859904, 0.2560386473429952], "0.9": [0.30434782608695654, 0.28502415458937197, 0.2463768115942029, 0.2608695652173913], "0.95": [0.2898550724637681, 0.3140096618357488, 0.26570048309178745, 0.2753623188405797], "0.975": [0.28502415458937197, 0.28502415458937197, 0.33816425120772947, 0.23671497584541062]}, "gs-tt": {"0.025": [0.34299516908212563, 0.2463768115942029, 0.33816425120772947, 0.28019323671497587], "0.05": [0.21739130434782608, 0.22705314009661837, 0.22705314009661837, 0.2318840579710145], "0.1": [0.15942028985507245, 0.2028985507246377, 0.24154589371980675, 0.15458937198067632], "0.2": [0.17391304347826086, 0.15942028985507245, 0.16908212560386474, 0.178743961352657], "0.4": [0.12077294685990338, 0.08695652173913043, 0.25120772946859904, 0.10628019323671498],