{"both and spurious-box": {"careful-tune": {"0.5": [0.15950920245398773, 0.1301775147928994, 0.13924050632911392, 0.21232876712328766], "0.6": [0.0064516129032258064, 0.00641025641025641, 0.0, 0.00819672131147541], "0.7": [0.031746031746031744, 0.022388059701492536, 0.0, 0.0], "0.8": [0.0, 0.008064516129032258, 0.02142857142857143, 0.023809523809523808], "0.9": [0.02857142857142857, 0.008403361344537815, 0.032, 0.03496503496503497], "0.95": [0.05333333333333334, 0.023809523809523808, 0.051470588235294115, 0.027586206896551724], "0.975": [0.03496503496503497, 0.013986013986013986, 0.023076923076923078, 0.06521739130434782]}, "initial-tune": {"0.5": [0.16447368421052633, 0.08609271523178808, 0.11409395973154363, 0.16883116883116883], "0.6": [0.1761006289308176, 0.24375, 0.2215568862275449, 0.2111801242236025], "0.7": [0.18674698795180722, 0.24404761904761904, 0.2694610778443114, 0.30864197530864196], "0.8": [0.38636363636363635, 0.3611111111111111, 0.41379310344827586, 0.4011627906976744], "0.9": [0.425414364640884, 0.574585635359116, 0.5414364640883977, 0.3728813559322034], "0.95": [0.5372340425531915, 0.6818181818181818, 0.5891891891891892, 0.5351351351351351], "0.975": [0.6428571428571429, 0.6574585635359116, 0.5621621621621622, 0.5497382198952879]}}, "both and spurious-pixel-paint": {"careful-tune": {"0.5": [0.17177914110429449, 0.1301775147928994, 0.06962025316455696, 0.14383561643835616], "0.6": [0.09032258064516129, 0.08333333333333333, 0.13533834586466165, 0.13934426229508196], "0.7": [0.14285714285714285, 0.1865671641791045, 0.1951219512195122, 0.07518796992481203], "0.8": [0.17424242424242425, 0.16129032258064516, 0.2, 0.19047619047619047], "0.9": [0.3238095238095238, 0.31092436974789917, 0.256, 0.25874125874125875], "0.95": [0.42, 0.35714285714285715, 0.3014705882352941, 0.296551724137931], "0.975": [0.3006993006993007, 0.2937062937062937, 0.33076923076923076, 0.35507246376811596]}, "initial-tune": {"0.5": [0.13157894736842105, 0.08609271523178808, 0.12751677852348994, 0.11688311688311688], "0.6": [0.11320754716981132, 0.1875, 0.18562874251497005, 0.14906832298136646], "0.7": [0.24096385542168675, 0.23214285714285715, 0.2634730538922156, 0.2222222222222222], "0.8": [0.3465909090909091, 0.2611111111111111, 0.27011494252873564, 0.27325581395348836], "0.9": [0.3149171270718232, 0.287292817679558, 0.35359116022099446, 0.3050847457627119], "0.95": [0.35638297872340424, 0.4715909090909091, 0.41081081081081083, 0.3945945945945946], "0.975": [0.46153846153846156, 0.49171270718232046, 0.31351351351351353, 0.4031413612565445]}}, "just_spurious and spurious-box": {"careful-tune": {"0.5": [0.3748125937031484, 0.35, 0.3006993006993007, 0.47079646017699117], "0.6": [0.054385964912280704, 0.06389776357827476, 0.03015075376884422, 0.053125], "0.7": [0.07065217391304347, 0.03643724696356275, 0.045454545454545456, 0.0058823529411764705], "0.8": [0.0091324200913242, 0.050746268656716415, 0.08765652951699464, 0.07228915662650602], "0.9": [0.0718562874251497, 0.038901601830663615, 0.03898305084745763, 0.09987029831387809], "0.95": [0.09375, 0.057283142389525366, 0.06878306878306878, 0.04663923182441701], "0.975": [0.06524184476940383, 0.05389221556886228, 0.053973013493253376, 0.07434402332361516]}, "initial-tune": {"0.5": [0.26359832635983266, 0.2968197879858657, 0.24520255863539445, 0.40421792618629176], "0.6": [0.4471947194719472, 0.5054945054945055, 0.5077519379844961, 0.523680649526387], "0.7": [0.5269382391590013, 0.5814249363867684, 0.617096018735363, 0.6165113182423435], "0.8": [0.6932185145317545, 0.7049808429118773, 0.7465437788018433, 0.75], "0.9": [0.7747336377473364, 0.8083197389885808, 0.8059815950920245, 0.75748031496063], "0.95": [0.8481561822125814, 0.8957055214723927, 0.8389891696750903, 0.8023743016759777], "0.975": [0.8852333588370314, 0.8855123674911661, 0.8316981132075472, 0.8255291853752406]}}, "just_spurious and spurious-pixel-paint": {"careful-tune": {"0.5": [0.28785607196401797, 0.26052631578947366, 0.17132867132867133, 0.2831858407079646], "0.6": [0.21052631578947367, 0.2380191693290735, 0.23869346733668342, 0.18125], "0.7": [0.23641304347826086, 0.36639676113360325, 0.2528409090909091, 0.20980392156862746], "0.8": [0.3356164383561644, 0.373134328358209, 0.39713774597495527, 0.3413654618473896], "0.9": [0.5149700598802395, 0.528604118993135, 0.4847457627118644, 0.4150453955901427], "0.95": [0.6508620689655172, 0.5891980360065466, 0.5912698412698413, 0.588477366255144], "0.975": [0.5590551181102362, 0.5464071856287425, 0.6761619190404797, 0.6545189504373178]}, "initial-tune": {"0.5": [0.17782426778242677, 0.2226148409893993, 0.21961620469083157, 0.28646748681898065], "0.6": [0.22607260726072606, 0.3469387755102041, 0.3992248062015504, 0.35994587280108253], "0.7": [0.44021024967148487, 0.4491094147582697, 0.49882903981264637, 0.4447403462050599], "0.8": [0.5920344456404736, 0.5545977011494253, 0.584331797235023, 0.580078125], "0.9": [0.6164383561643836, 0.5505709624796085, 0.6487730061349694, 0.6488188976377953], "0.95": [0.6319595083152567, 0.723159509202454, 0.6981949458483755, 0.6564245810055865], "0.975": [0.740627390971691, 0.7335689045936395, 0.6128301886792453, 0.6324567030147531]}}}