{"both and main-box": {"careful-tune": {"0.5": [0.03680981595092025, 0.029585798816568046, 0.02531645569620253, 0.0547945205479452], "0.6": [0.04516129032258064, 0.057692307692307696, 0.015037593984962405, 0.06557377049180328], "0.7": [0.2222222222222222, 0.11194029850746269, 0.10569105691056911, 0.045112781954887216], "0.8": [0.09848484848484848, 0.33064516129032256, 0.30714285714285716, 0.2698412698412698], "0.9": [0.3619047619047619, 0.3025210084033613, 0.44, 0.43356643356643354], "0.95": [0.46, 0.4365079365079365, 0.40441176470588236, 0.4206896551724138], "0.975": [0.45454545454545453, 0.43356643356643354, 0.3076923076923077, 0.427536231884058]}, "initial-tune": {"0.5": [0.039473684210526314, 0.026490066225165563, 0.020134228187919462, 0.025974025974025976], "0.6": [0.012578616352201259, 0.03125, 0.041916167664670656, 0.031055900621118012], "0.7": [0.03614457831325301, 0.041666666666666664, 0.03592814371257485, 0.043209876543209874], "0.8": [0.022727272727272728, 0.011111111111111112, 0.017241379310344827, 0.040697674418604654], "0.9": [0.011049723756906077, 0.0055248618784530384, 0.016574585635359115, 0.011299435028248588], "0.95": [0.026595744680851064, 0.03409090909090909, 0.043243243243243246, 0.032432432432432434], "0.975": [0.027472527472527472, 0.03867403314917127, 0.021621621621621623, 0.010471204188481676]}}, "both and main-pixel-paint": {"careful-tune": {"0.5": [0.11042944785276074, 0.029585798816568046, 0.012658227848101266, 0.08904109589041095], "0.6": [0.04516129032258064, 0.057692307692307696, 0.06766917293233082, 0.11475409836065574], "0.7": [0.0873015873015873, 0.11194029850746269, 0.08130081300813008, 0.045112781954887216], "0.8": [0.07575757575757576, 0.11290322580645161, 0.1357142857142857, 0.15873015873015872], "0.9": [0.12380952380952381, 0.12605042016806722, 0.144, 0.11888111888111888], "0.95": [0.13333333333333333, 0.12698412698412698, 0.058823529411764705, 0.08275862068965517], "0.975": [0.04195804195804196, 0.04895104895104895, 0.06923076923076923, 0.043478260869565216]}, "initial-tune": {"0.5": [0.06578947368421052, 0.052980132450331126, 0.04697986577181208, 0.05844155844155844], "0.6": [0.006289308176100629, 0.0375, 0.04790419161676647, 0.043478260869565216], "0.7": [0.024096385542168676, 0.06547619047619048, 0.04790419161676647, 0.04938271604938271], "0.8": [0.0625, 0.016666666666666666, 0.022988505747126436, 0.03488372093023256], "0.9": [0.016574585635359115, 0.011049723756906077, 0.022099447513812154, 0.03389830508474576], "0.95": [0.015957446808510637, 0.022727272727272728, 0.032432432432432434, 0.010810810810810811], "0.975": [0.027472527472527472, 0.016574585635359115, 0.02702702702702703, 0.0]}}, "just_main and main-box": {"careful-tune": {"0.5": [0.041379310344827586, 0.047619047619047616, 0.053691275167785234, 0.0916030534351145], "0.6": [0.027972027972027972, 0.08148148148148149, 0.078125, 0.08196721311475409], "0.7": [0.17073170731707318, 0.07017543859649122, 0.11570247933884298, 0.031746031746031744], "0.8": [0.08181818181818182, 0.20652173913043478, 0.2, 0.2608695652173913], "0.9": [0.3387096774193548, 0.18055555555555555, 0.3924050632911392, 0.43902439024390244], "0.95": [0.4375, 0.38461538461538464, 0.5166666666666667, 0.379746835443038], "0.975": [0.4691358024691358, 0.37681159420289856, 0.44680851063829785, 0.6428571428571429]}, "initial-tune": {"0.5": [0.0547945205479452, 0.0684931506849315, 0.053691275167785234, 0.09929078014184398], "0.6": [0.06569343065693431, 0.0962962962962963, 0.09420289855072464, 0.08396946564885496], "0.7": [0.10434782608695652, 0.15384615384615385, 0.10344827586206896, 0.1111111111111111], "0.8": [0.16822429906542055, 0.17346938775510204, 0.13186813186813187, 0.21839080459770116], "0.9": [0.15476190476190477, 0.18461538461538463, 0.1891891891891892, 0.16853932584269662], "0.95": [0.2982456140350877, 0.29411764705882354, 0.21818181818181817, 0.19298245614035087], "0.975": [0.3902439024390244, 0.2702702702702703, 0.2962962962962963, 0.2653061224489796]}}, "just_main and main-pixel-paint": {"careful-tune": {"0.5": [0.06206896551724138, 0.061224489795918366, 0.0738255033557047, 0.1297709923664122], "0.6": [0.04895104895104895, 0.06666666666666667, 0.09375, 0.11475409836065574], "0.7": [0.13821138211382114, 0.12280701754385964, 0.14049586776859505, 0.0873015873015873], "0.8": [0.18181818181818182, 0.20652173913043478, 0.16363636363636364, 0.15217391304347827], "0.9": [0.2903225806451613, 0.25, 0.21518987341772153, 0.2682926829268293], "0.95": [0.234375, 0.19230769230769232, 0.25, 0.22784810126582278], "0.975": [0.2222222222222222, 0.15942028985507245, 0.3404255319148936, 0.25]}, "initial-tune": {"0.5": [0.0684931506849315, 0.0684931506849315, 0.087248322147651, 0.0851063829787234], "0.6": [0.058394160583941604, 0.08888888888888889, 0.12318840579710146, 0.1297709923664122], "0.7": [0.11304347826086956, 0.19658119658119658, 0.1206896551724138, 0.1111111111111111], "0.8": [0.2803738317757009, 0.23469387755102042, 0.2087912087912088, 0.28735632183908044], "0.9": [0.20238095238095238, 0.2, 0.21621621621621623, 0.1797752808988764], "0.95": [0.19298245614035087, 0.2647058823529412, 0.23636363636363636, 0.19298245614035087], "0.975": [0.17073170731707318, 0.24324324324324326, 0.12962962962962962, 0.14285714285714285]}}}