{"both": 0.8743961352657005, "just_main": 0.5116279069767442, "just_spurious": 0.43, "neither": 0.774, "average": 0.6475060105606112}