{"both": 0.8840579710144928, "just_main": 0.5, "just_spurious": 0.436, "neither": 0.846, "average": 0.6665144927536232}