{"both": 0.855072463768116, "just_main": 0.2558139534883721, "just_spurious": 0.472, "neither": 0.94, "average": 0.6307216043141219}