{"both": 0.9565217391304348, "just_main": 0.936046511627907, "just_spurious": 0.154, "neither": 0.36, "average": 0.6016420626895854}