{"both": 0.5700483091787439, "just_main": 0.005813953488372093, "just_spurious": 0.792, "neither": 0.994, "average": 0.590465565666779}