{"MAP": 0.6988193470357101, "MAR": 0.5184561318894111, "cell+phone-person-both": 0.36470588235294116, "cell+phone-person-just_main": 0.4318181818181818, "cell+phone-person-just_spurious": 0.9770114942528736, "cell+phone-person-neither": 0.9933716305788776, "cell+phone-person-b-precision": 0.5459794265956952, "cell+phone-person-b-recall": 0.3982620320855615, "cell+phone-person-r-gap": 0.06711229946524067, "cell+phone-person-h-gap": 0.01636013632600397, "handbag-person-both": 0.24555160142348753, "handbag-person-just_main": 0.0, "handbag-person-just_spurious": 0.9689054726368159, "handbag-person-neither": 0.9991289198606271, "handbag-person-b-precision": 0.32269411976674595, "handbag-person-b-recall": 0.12277580071174377, "handbag-person-r-gap": 0.24555160142348753, "handbag-person-h-gap": 0.030223447223811206, "bench-elephant-both": 0.16666666666666666, "bench-elephant-just_main": 0.3017241379310345, "bench-elephant-just_spurious": 0.9883720930232558, "bench-elephant-neither": 0.9910237230177388, "bench-elephant-b-precision": 0.5285542814401434, "bench-elephant-b-recall": 0.23419540229885055, "bench-elephant-r-gap": 0.13505747126436782, "bench-elephant-h-gap": 0.0026516299944829846, "truck-airplane-both": 0.9, "truck-airplane-just_main": 0.48497854077253216, "truck-airplane-just_spurious": 0.9125, "truck-airplane-neither": 0.9751605995717345, "truck-airplane-b-precision": 0.39352385549495983, "truck-airplane-b-recall": 0.6924892703862661, "truck-airplane-r-gap": 0.41502145922746786, "truck-airplane-h-gap": 0.06266059957173453, "sandwich-dining+table-both": 0.45098039215686275, "sandwich-dining+table-just_main": 0.44680851063829785, "sandwich-dining+table-just_spurious": 0.9422222222222222, "sandwich-dining+table-neither": 0.9959568733153639, "sandwich-dining+table-b-precision": 0.22500434900939162, "sandwich-dining+table-b-recall": 0.44889445139758033, "sandwich-dining+table-r-gap": 0.004171881518564902, "sandwich-dining+table-h-gap": 0.05373465109314168, "dog-sheep-both": 0.26666666666666666, "dog-sheep-just_main": 0.5465116279069767, "dog-sheep-just_spurious": 0.9, "dog-sheep-neither": 0.9937014486668067, "dog-sheep-b-precision": 0.21920539566207028, "dog-sheep-b-recall": 0.4065891472868217, "dog-sheep-r-gap": 0.27984496124031005, "dog-sheep-h-gap": 0.09370144866680663, "donut-person-both": 0.24242424242424243, "donut-person-just_main": 0.4827586206896552, "donut-person-just_spurious": 0.9984962406015038, "donut-person-neither": 0.9986830553116769, "donut-person-b-precision": 0.7634803385847826, "donut-person-b-recall": 0.36259143155694884, "donut-person-r-gap": 0.24033437826541276, "donut-person-h-gap": 0.00018681471017312212, "tie-cat-both": 0.45161290322580644, "tie-cat-just_main": 0.5486111111111112, "tie-cat-just_spurious": 0.994535519125683, "tie-cat-neither": 0.9970034246575342, "tie-cat-b-precision": 0.7792798502249038, "tie-cat-b-recall": 0.5001120071684588, "tie-cat-r-gap": 0.09699820788530472, "tie-cat-h-gap": 0.0024679055318511667, "tie-person-both": 0.572463768115942, "tie-person-just_main": 0.3333333333333333, "tie-person-just_spurious": 0.9941291585127201, "tie-person-neither": 1.0, "tie-person-b-precision": 0.8216822534376517, "tie-person-b-recall": 0.4528985507246377, "tie-person-r-gap": 0.2391304347826087, "tie-person-h-gap": 0.005870841487279899, "couch-person-both": 0.45555555555555555, "couch-person-just_main": 0.6, "couch-person-just_spurious": 0.9911640414905878, "couch-person-neither": 0.9918256130790191, "couch-person-b-precision": 0.7157726258299109, "couch-person-b-recall": 0.5277777777777778, "couch-person-r-gap": 0.14444444444444443, "couch-person-h-gap": 0.0006615715884312756, "hair+drier-person-both": 0.13333333333333333, "hair+drier-person-just_main": 0.0, "hair+drier-person-just_spurious": 1.0, "hair+drier-person-neither": 1.0, "hair+drier-person-b-precision": 0.9999999999991667, "hair+drier-person-b-recall": 0.06666666666666667, "hair+drier-person-r-gap": 0.13333333333333333, "hair+drier-person-h-gap": 0.0, "hot+dog-person-both": 0.25, "hot+dog-person-just_main": 0.5666666666666667, "hot+dog-person-just_spurious": 0.9992484028560692, "hot+dog-person-neither": 0.9991258741258742, "hot+dog-person-b-precision": 0.8381006265001583, "hot+dog-person-b-recall": 0.4083333333333333, "hot+dog-person-r-gap": 0.31666666666666665, "hot+dog-person-h-gap": 0.0001225287301950262, "knife-person-both": 0.5050505050505051, "knife-person-just_main": 0.43902439024390244, "knife-person-just_spurious": 0.9791827293754819, "knife-person-neither": 0.9784269662921349, "knife-person-b-precision": 0.45548347619196705, "knife-person-b-recall": 0.4720374476472038, "knife-person-r-gap": 0.06602611480660264, "knife-person-h-gap": 0.0007557630833470164, "knife-dining+table-both": 0.5254237288135594, "knife-dining+table-just_main": 0.38095238095238093, "knife-dining+table-just_spurious": 0.8459530026109661, "knife-dining+table-neither": 0.9903065825067628, "knife-dining+table-b-precision": 0.17212336822483437, "knife-dining+table-b-recall": 0.45318805488297015, "knife-dining+table-r-gap": 0.14447134786117843, "knife-dining+table-h-gap": 0.14435357989579678, "tennis+racket-person-both": 0.8554216867469879, "tennis+racket-person-just_main": 0.4411764705882353, "tennis+racket-person-just_spurious": 0.996438464582509, "tennis+racket-person-neither": 1.0, "tennis+racket-person-b-precision": 0.9263602818455712, "tennis+racket-person-b-recall": 0.6482990786676116, "tennis+racket-person-r-gap": 0.41424521615875265, "tennis+racket-person-h-gap": 0.0035615354174910463, "fork-dining+table-both": 0.6636363636363637, "fork-dining+table-just_main": 0.5555555555555556, "fork-dining+table-just_spurious": 0.8491048593350383, "fork-dining+table-neither": 0.9941625505163898, "fork-dining+table-b-precision": 0.19926811181726492, "fork-dining+table-b-recall": 0.6095959595959597, "fork-dining+table-r-gap": 0.10808080808080811, "fork-dining+table-h-gap": 0.14505769118135148, "frisbee-person-both": 0.4520547945205479, "frisbee-person-just_main": 0.35135135135135137, "frisbee-person-just_spurious": 0.9935114503816794, "frisbee-person-neither": 0.997822299651568, "frisbee-person-b-precision": 0.613011930169312, "frisbee-person-b-recall": 0.40170307293594965, "frisbee-person-r-gap": 0.10070344316919655, "frisbee-person-h-gap": 0.004310849269888561, "frisbee-dog-both": 0.75, "frisbee-dog-just_main": 0.42424242424242425, "frisbee-dog-just_spurious": 0.9811320754716981, "frisbee-dog-neither": 0.9960058860626445, "frisbee-dog-b-precision": 0.46741300117533896, "frisbee-dog-b-recall": 0.5871212121212122, "frisbee-dog-r-gap": 0.32575757575757575, "frisbee-dog-h-gap": 0.01487381059094639, "spoon-dining+table-both": 0.40229885057471265, "spoon-dining+table-just_main": 0.24242424242424243, "spoon-dining+table-just_spurious": 0.9033816425120773, "spoon-dining+table-neither": 0.9963907060681254, "spoon-dining+table-b-precision": 0.16877970447114352, "spoon-dining+table-b-recall": 0.32236154649947757, "spoon-dining+table-r-gap": 0.15987460815047022, "spoon-dining+table-h-gap": 0.0930090635560481, "skateboard-person-both": 0.6935483870967742, "skateboard-person-just_main": 0.175, "skateboard-person-just_spurious": 0.9941611521992993, "skateboard-person-neither": 1.0, "skateboard-person-b-precision": 0.7949477978694771, "skateboard-person-b-recall": 0.43427419354838714, "skateboard-person-r-gap": 0.5185483870967742, "skateboard-person-h-gap": 0.005838847800700653, "baseball+glove-person-both": 0.8888888888888888, "baseball+glove-person-just_main": 0.030303030303030304, "baseball+glove-person-just_spurious": 0.9915188897455667, "baseball+glove-person-neither": 1.0, "baseball+glove-person-b-precision": 0.6886538147361486, "baseball+glove-person-b-recall": 0.45959595959595956, "baseball+glove-person-r-gap": 0.8585858585858586, "baseball+glove-person-h-gap": 0.008481110254433322, "baseball+bat-person-both": 0.6170212765957447, "baseball+bat-person-just_main": 0.16666666666666666,