{"just_main and just_main+just_spurious": {"cdep-tt": {"0.025": [0.20077220077220076, 0.19305019305019305, 0.1776061776061776, 0.1776061776061776], "0.05": [0.19305019305019305, 0.18532818532818532, 0.21621621621621623, 0.19305019305019305], "0.1": [0.13127413127413126, 0.10424710424710425, 0.1969111969111969, 0.19305019305019305], "0.2": [0.11969111969111969, 0.1583011583011583, 0.11583011583011583, 0.1274131274131274], "0.4": [0.11969111969111969, 0.14671814671814673, 0.09652509652509653, 0.1583011583011583], "0.6": [0.11196911196911197, 0.10810810810810811, 0.08494208494208494, 0.11196911196911197], "0.8": [0.12355212355212356, 0.08108108108108109, 0.09266409266409266, 0.18146718146718147], "0.9": [0.13127413127413126, 0.10424710424710425, 0.11196911196911197, 0.13127413127413126], "0.95": [0.14671814671814673, 0.12355212355212356, 0.1776061776061776, 0.15057915057915058], "0.975": [0.138996138996139, 0.15057915057915058, 0.14285714285714285, 0.1274131274131274]}, "fs-tune": {"0.025": [0.1969111969111969, 0.20463320463320464, 0.19305019305019305, 0.2471042471042471], "0.05": [0.21235521235521235, 0.16988416988416988, 0.1969111969111969, 0.19305019305019305], "0.1": [0.17374517374517376, 0.18146718146718147, 0.1891891891891892, 0.22007722007722008], "0.2": [0.17374517374517376, 0.17374517374517376, 0.15057915057915058, 0.14671814671814673], "0.4": [0.15057915057915058, 0.20077220077220076, 0.16988416988416988, 0.1274131274131274], "0.6": [0.15444015444015444, 0.14671814671814673, 0.14285714285714285, 0.15444015444015444], "0.8": [0.10038610038610038, 0.15057915057915058, 0.13513513513513514, 0.11196911196911197], "0.9": [0.1274131274131274, 0.14285714285714285, 0.1274131274131274, 0.15444015444015444], "0.95": [0.1776061776061776, 0.1776061776061776, 0.11583011583011583, 0.16988416988416988], "0.975": [0.1274131274131274, 0.13513513513513514, 0.14285714285714285, 0.15444015444015444]}, "gs-tt": {"0.025": [0.04247104247104247, 0.04633204633204633, 0.14671814671814673, 0.04247104247104247], "0.05": [0.13127413127413126, 0.14285714285714285, 0.17374517374517376, 0.007722007722007722], "0.1": [0.05405405405405406, 0.07335907335907337, 0.11196911196911197, 0.138996138996139], "0.2": [0.05791505791505792, 0.05791505791505792, 0.03474903474903475, 0.007722007722007722], "0.4": [0.05405405405405406, 0.10424710424710425, 0.05405405405405406, 0.03474903474903475], "0.6": [0.08108108108108109, 0.015444015444015444, 0.04633204633204633, 0.05019305019305019], "0.8": [0.11583011583011583, 0.15444015444015444, 0.16602316602316602, 0.16602316602316602], "0.9": [0.19305019305019305, 0.16216216216216217, 0.1583011583011583, 0.13513513513513514], "0.95": [0.14671814671814673, 0.17374517374517376, 0.15057915057915058, 0.14285714285714285], "0.975": [0.21235521235521235, 0.1274131274131274, 0.16988416988416988, 0.17374517374517376]}, "initial-tune": {"0.025": [0.24324324324324326, 0.20463320463320464, 0.18532818532818532, 0.25096525096525096], "0.05": [0.2084942084942085, 0.1891891891891892, 0.23552123552123552, 0.14671814671814673], "0.1": [0.23938223938223938, 0.1274131274131274, 0.20463320463320464, 0.1969111969111969], "0.2": [0.17374517374517376, 0.138996138996139, 0.20463320463320464, 0.18532818532818532], "0.4": [0.16216216216216217, 0.17374517374517376, 0.138996138996139, 0.10038610038610038], "0.6": [0.11969111969111969, 0.12355212355212356, 0.15444015444015444, 0.11969111969111969], "0.8": [0.138996138996139, 0.1274131274131274, 0.11969111969111969, 0.18146718146718147], "0.9": [0.15057915057915058, 0.13127413127413126, 0.1583011583011583, 0.20077220077220076], "0.95": [0.16988416988416988, 0.16988416988416988, 0.17374517374517376, 0.1776061776061776], "0.975": [0.23166023166023167, 0.1583011583011583, 0.14285714285714285, 0.16988416988416988]}, "minimal-tune": {"0.025": [0.08494208494208494, 0.1969111969111969, 0.14671814671814673, 0.17374517374517376], "0.05": [0.20077220077220076, 0.1776061776061776, 0.17374517374517376, 0.20077220077220076], "0.1": [0.18532818532818532, 0.14285714285714285, 0.19305019305019305, 0.1969111969111969], "0.2": [0.11583011583011583, 0.13127413127413126, 0.2084942084942085, 0.15057915057915058], "0.4": [0.09266409266409266, 0.1891891891891892, 0.12355212355212356, 0.14671814671814673], "0.6": [0.22393822393822393, 0.17374517374517376, 0.19305019305019305, 0.22393822393822393], "0.8": [0.2084942084942085, 0.21235521235521235, 0.22007722007722008, 0.16602316602316602], "0.9": [0.18146718146718147, 0.21235521235521235, 0.15444015444015444, 0.1969111969111969], "0.95": [0.20077220077220076, 0.21235521235521235, 0.18532818532818532, 0.18532818532818532], "0.975": [0.15444015444015444, 0.2277992277992278, 0.16216216216216217, 0.18146718146718147]}, "rrr-tune": {"0.025": [0.21621621621621623, 0.1969111969111969, 0.1969111969111969, 0.25868725868725867], "0.05": [0.22393822393822393, 0.14285714285714285, 0.10424710424710425, 0.21235521235521235], "0.1": [0.20077220077220076, 0.25096525096525096, 0.22393822393822393, 0.22393822393822393], "0.2": [0.21235521235521235, 0.21235521235521235, 0.138996138996139, 0.1969111969111969], "0.4": [0.1583011583011583, 0.14671814671814673, 0.13127413127413126, 0.16988416988416988], "0.6": [0.11969111969111969, 0.13513513513513514, 0.11196911196911197, 0.08108108108108109], "0.8": [0.06563706563706563, 0.13127413127413126, 0.09652509652509653, 0.0694980694980695], "0.9": [0.13127413127413126, 0.12355212355212356, 0.06563706563706563, 0.10810810810810811], "0.95": [0.1274131274131274, 0.0694980694980695, 0.138996138996139, 0.13513513513513514], "0.975": [0.08108108108108109, 0.16216216216216217, 0.1583011583011583, 0.13513513513513514]}}, "just_spurious and just_spurious+just_main": {"cdep-tt": {"0.025": [0.07874015748031496, 0.04199475065616798, 0.05511811023622047, 0.03674540682414698], "0.05": [0.06036745406824147, 0.049868766404199474, 0.05511811023622047, 0.04199475065616798], "0.1": [0.049868766404199474, 0.07086614173228346, 0.07086614173228346, 0.05774278215223097], "0.2": [0.06824146981627296, 0.07874015748031496, 0.07086614173228346, 0.08661417322834646], "0.4": [0.07874015748031496, 0.05774278215223097, 0.06036745406824147, 0.07349081364829396], "0.6": [0.049868766404199474, 0.05249343832020997, 0.05511811023622047, 0.04199475065616798], "0.8": [0.03937007874015748, 0.03674540682414698, 0.04461942257217848, 0.03937007874015748], "0.9": [0.03937007874015748, 0.047244094488188976, 0.031496062992125984, 0.03937007874015748], "0.95": [0.03674540682414698, 0.023622047244094488, 0.015748031496062992, 0.03674540682414698], "0.975": [0.031496062992125984, 0.04199475065616798, 0.047244094488188976, 0.04199475065616798]}, "fs-tune": {"0.025": [0.05249343832020997, 0.028871391076115485, 0.06036745406824147, 0.06299212598425197], "0.05": [0.03937007874015748, 0.05249343832020997, 0.06036745406824147, 0.06561679790026247], "0.1": [0.05511811023622047, 0.05774278215223097, 0.07349081364829396, 0.04461942257217848], "0.2": [0.09186351706036745, 0.05774278215223097, 0.07086614173228346, 0.09711286089238845], "0.4": [0.07349081364829396, 0.05249343832020997, 0.06036745406824147, 0.08398950131233596], "0.6": [0.05511811023622047, 0.049868766404199474, 0.07349081364829396, 0.07611548556430446], "0.8": [0.05249343832020997, 0.06824146981627296, 0.03674540682414698, 0.031496062992125984], "0.9": [0.04199475065616798, 0.03937007874015748, 0.03937007874015748, 0.03674540682414698], "0.95": [0.03674540682414698, 0.031496062992125984, 0.047244094488188976, 0.028871391076115485], "0.975": [0.026246719160104987, 0.028871391076115485, 0.031496062992125984, 0.031496062992125984]}, "gs-tt": {"0.025": [0.06299212598425197, 0.08136482939632546, 0.06824146981627296, 0.04461942257217848], "0.05": [0.05249343832020997, 0.08398950131233596, 0.05774278215223097, 0.028871391076115485], "0.1": [0.07086614173228346, 0.05774278215223097, 0.06299212598425197, 0.05774278215223097],