{"both": 0.8502415458937198, "just_main": 0.23255813953488372, "just_spurious": 0.496, "neither": 0.958, "average": 0.6341999213571509}