{"both": 0.8260869565217391, "just_main": 0.38372093023255816, "just_spurious": 0.472, "neither": 0.892, "average": 0.6434519716885743}