{"both": 0.9178743961352657, "just_main": 0.29069767441860467, "just_spurious": 0.332, "neither": 0.92, "average": 0.6151430176384676}