{"both": 0.8792270531400966, "just_main": 0.37790697674418605, "just_spurious": 0.516, "neither": 0.942, "average": 0.6787835074710706}