# n, p, Original - Test, Original - Neutral, New - Test, New - Neutral
5000.000000,0.500000,0.690000,0.727000,0.693000,0.723000
5000.000000,0.800000,0.813000,0.531000,0.790000,0.567000
5000.000000,0.850000,0.862000,0.533000,0.836000,0.539000
5000.000000,0.900000,0.904000,0.511000,0.886000,0.534000
5000.000000,0.950000,0.952000,0.548000,0.939000,0.551000
5000.000000,1.000000,1.000000,0.539000,0.978000,0.549000
10000.000000,0.500000,0.974000,0.967000,0.964000,0.960000
10000.000000,0.800000,0.956000,0.912000,0.955000,0.947000
10000.000000,0.850000,0.905000,0.742000,0.945000,0.905000
10000.000000,0.900000,0.901000,0.569000,0.960000,0.898000
10000.000000,0.950000,0.955000,0.500000,0.968000,0.778000
10000.000000,1.000000,1.000000,0.551000,0.994000,0.610000
15000.000000,0.500000,0.987000,0.987000,0.980000,0.984000
15000.000000,0.800000,0.980000,0.972000,0.977000,0.977000
15000.000000,0.850000,0.976000,0.952000,0.978000,0.965000
15000.000000,0.900000,0.950000,0.791000,0.979000,0.949000
15000.000000,0.950000,0.949000,0.533000,0.983000,0.937000
15000.000000,1.000000,1.000000,0.547000,0.993000,0.672000
20000.000000,0.500000,0.992000,0.987000,0.986000,0.983000
20000.000000,0.800000,0.990000,0.983000,0.984000,0.981000
20000.000000,0.850000,0.989000,0.972000,0.987000,0.980000
20000.000000,0.900000,0.983000,0.930000,0.986000,0.967000
20000.000000,0.950000,0.956000,0.586000,0.989000,0.960000
20000.000000,1.000000,1.000000,0.544000,0.995000,0.760000
