{"both": 0.8695652173913043, "just_main": 0.2558139534883721, "just_spurious": 0.476, "neither": 0.954, "average": 0.638844792719919}