{"both": 0.5265700483091788, "just_main": 0.12790697674418605, "just_spurious": 0.848, "neither": 0.99, "average": 0.6231192562633412}