{"both": 0.48792270531400966, "just_main": 0.09302325581395349, "just_spurious": 0.836, "neither": 0.99, "average": 0.6017364902819908}