{"both": 0.8695652173913043, "just_main": 0.6162790697674418, "just_spurious": 0.322, "neither": 0.77, "average": 0.6444610717896866}