{"both": 0.5942028985507246, "just_main": 0.37790697674418605, "just_spurious": 0.758, "neither": 0.944, "average": 0.6685274688237277}