{"both": 0.6376811594202898, "just_main": 0.040697674418604654, "just_spurious": 0.73, "neither": 0.994, "average": 0.6005947084597236}