{"both": 0.9130434782608695, "just_main": 0.3313953488372093, "just_spurious": 0.494, "neither": 0.928, "average": 0.6666097067745197}