{"both": 0.6038647342995169, "just_main": 0.011627906976744186, "just_spurious": 0.754, "neither": 0.994, "average": 0.5908731603190653}