{"both": 0.8260869565217391, "just_main": 0.3546511627906977, "just_spurious": 0.51, "neither": 0.942, "average": 0.6581845298281093}