{"both": 0.8502415458937198, "just_main": 0.4069767441860465, "just_spurious": 0.51, "neither": 0.91, "average": 0.6693045725199416}