{"B2M": 0.512010931968689, "B2S": 0.8958085179328918, "M2N": 0.172425776720047, "S2N": 0.9810391664505005, "N2M": 0.029335157945752144, "N2S": 0.9237092733383179, "M2B": 0.0, "S2B": 0.0}