{"B2M": 0.18655162154120797, "B2S": 0.18655162154120797}