{"both": 0.9323671497584541, "just_main": 0.36627906976744184, "just_spurious": 0.408, "neither": 0.932, "average": 0.6596615548814739}