{"both": 0.7922705314009661, "just_main": 0.18023255813953487, "just_spurious": 0.65, "neither": 0.974, "average": 0.6491257723851253}