{"both": 0.8357487922705314, "just_main": 0.26744186046511625, "just_spurious": 0.506, "neither": 0.946, "average": 0.6387976631839118}