{"both": 0.9758454106280193, "just_main": 0.9941860465116279, "just_spurious": 0.042, "neither": 0.056, "average": 0.5170078642849117}