{"both": 0.9130434782608695, "just_main": 0.36046511627906974, "just_spurious": 0.416, "neither": 0.924, "average": 0.6533771486349848}