{"orig": 1.0, "baseball+bat-person/both-spurious/box": 0.5286144018173218, "baseball+bat-person/both-main/box": 0.8839772343635559, "baseball+bat-person/just_spurious-spurious/box": 0.978131115436554, "baseball+bat-person/neither+main": 0.021908439695835114, "baseball+bat-person/neither+spurious": 0.9348110556602478}