{"orig": 1.0, "baseball+bat-person/both-spurious/box": 0.22244650787242637, "baseball+bat-person/both-main/box": 0.22244650787242637}