{"B2M": 0.15230250358581543, "B2S": 0.04908571019768715, "M2N": 0.056758634746074677, "S2N": 0.00041692936792969704, "N2M": 0.0014892378821969032, "N2S": 0.001388113247230649, "M2B": 0.014836405403912067, "S2B": 0.00010898312029894441}