{"B2M": 0.07915570983982798, "B2S": 0.07915570983982798}