{"both": 0.8599033816425121, "just_main": 0.18604651162790697, "just_spurious": 0.378, "neither": 0.96, "average": 0.5959874733176048}