{"both": 0.7198067632850241, "just_main": 0.2441860465116279, "just_spurious": 0.582, "neither": 0.946, "average": 0.6229982024491629}