{"B2M": 0.44396060705184937, "B2S": 0.44396060705184937, "M2N": 0.0, "S2N": 0.0, "N2M": 0.44396060705184937, "N2S": 0.44396060705184937, "M2B": 0.0, "S2B": 0.0}