{"both": 0.7632850241545893, "just_main": 0.45930232558139533, "just_spurious": 0.464, "neither": 0.776, "average": 0.6156468374339962}