{"orig": 1.0, "baseball+glove-person/both-spurious/box": 0.19715603382013835, "baseball+glove-person/both-main/box": 0.19715603382013835}