{"both": 0.8599033816425121, "just_main": 0.3546511627906977, "just_spurious": 0.51, "neither": 0.936, "average": 0.6651386361083025}