{"s_p1": [0.08396530285361722, "both-main/box"], "s_p2": [0.08396530285361722, "both-spurious/box"]}