{"both": 0.8599033816425121, "just_main": 0.2441860465116279, "just_spurious": 0.47, "neither": 0.952, "average": 0.631522357038535}