{"both": 0.782608695652174, "just_main": 0.20930232558139536, "just_spurious": 0.558, "neither": 0.964, "average": 0.6284777553083923}