{"both": 0.9806763285024155, "just_main": 0.7965116279069767, "just_spurious": 0.252, "neither": 0.672, "average": 0.675296989102348}