{"both": 0.9178743961352657, "just_main": 0.4941860465116279, "just_spurious": 0.478, "neither": 0.914, "average": 0.7010151106617234}