{"both": 0.8985507246376812, "just_main": 0.36046511627906974, "just_spurious": 0.472, "neither": 0.946, "average": 0.6692539602291877}