{"orig": 1.0, "toothbrush-person/neither+spurious": 0.00024091977453175688, "toothbrush-person/just_main+spurious": 0.02770577407115204}