{"both": 0.927536231884058, "just_main": 0.48255813953488375, "just_spurious": 0.478, "neither": 0.882, "average": 0.6925235928547354}