{"both": 0.8019323671497585, "just_main": 0.1511627906976744, "just_spurious": 0.59, "neither": 0.946, "average": 0.6222737894618582}