{"both": 0.8260869565217391, "just_main": 0.25, "just_spurious": 0.522, "neither": 0.872, "average": 0.6175217391304348}