{"both": 0.004830917874396135, "just_main": 0.0, "just_spurious": 0.992, "neither": 0.992, "average": 0.49720772946859904}