{"both": 0.7053140096618358, "just_main": 0.10465116279069768, "just_spurious": 0.744, "neither": 0.99, "average": 0.6359912931131333}