{"both": 0.8019323671497585, "just_main": 0.22674418604651161, "just_spurious": 0.578, "neither": 0.956, "average": 0.6406691382990675}