{"both": 0.8888888888888888, "just_main": 0.36627906976744184, "just_spurious": 0.506, "neither": 0.946, "average": 0.6767919896640826}