{"both": 0.9033816425120773, "just_main": 0.31976744186046513, "just_spurious": 0.434, "neither": 0.94, "average": 0.6492872710931357}