{"both": 0.8164251207729468, "just_main": 0.21511627906976744, "just_spurious": 0.606, "neither": 0.966, "average": 0.6508853499606786}