{"average": {"initial-transfer": {"0.025": [0.5708809210124728, 0.5866335407044174, 0.5609177798237939, 0.574451456853928, 0.5888762640649481, 0.5806671363460639, 0.5673622143772764, 0.560229744440149], "0.05": [0.6208188877245813, 0.6226651296111665, 0.5891730624453171, 0.6072853505809104, 0.5767278877652756, 0.6092203745905141, 0.6253401937046005, 0.6099332003988036], "0.1": [0.6330869178179747, 0.6212675722831505, 0.6351335000101735, 0.6304407390074673, 0.6249023516186136, 0.6175986631940912, 0.6305860072842696, 0.6353643253911734], "0.2": [0.670216345860378, 0.6747243524528456, 0.6773884341872343, 0.6690530271430606, 0.6763192565161658, 0.6619054799886056, 0.6653990630150365, 0.6700782041630211], "0.4": [0.7014131228762691, 0.6937710033165808, 0.6988126360713777, 0.6912694162410727, 0.6998292494964087, 0.6955433826072802, 0.7039606028852219, 0.6865358033043726], "0.6": [0.7084892363725152, 0.6986478599914542, 0.6781475700449672, 0.7054241611898997, 0.7135672014568539, 0.7147248306102102, 0.692536696034346, 0.7004495671149816], "0.8": [0.6844308630231754, 0.7113634224876392, 0.6958992105316704, 0.6992950485278857, 0.7032816601216758, 0.6883961025088001, 0.7075521649337702, 0.6894805532382444], "0.9": [0.6603447921541499, 0.6758408473558914, 0.6645906209941603, 0.6905149602213767, 0.6803057663743464, 0.6843570004272895, 0.6571819007263923, 0.6606636366410972], "0.95": [0.6866088774492849, 0.6701894469652268, 0.6809475730970355, 0.6622925153112091, 0.6856306030886931, 0.6877062664048671, 0.6654847981565507, 0.6754131559403422], "0.975": [0.6686908102223941, 0.6750433978676216, 0.6757828071906729, 0.6775909668952326, 0.6722697621421451, 0.6771028852218853, 0.669676081449529, 0.6724711961055609]}, "initial-tune": {"0.025": [0.5879200815919587, 0.5634507828555151, 0.5852070599426211, 0.5712438246485034, 0.6015766043705617, 0.5931920335930982, 0.5997447148350865, 0.577949689197713], "0.05": [0.6535507101145543, 0.5874608445072944, 0.5970872815227786, 0.619422055262783, 0.6183353943272224, 0.6160516409953811, 0.6043543247807597, 0.6295936171078601], "0.1": [0.6502593698496347, 0.6389805456080737, 0.6472011236698069, 0.6097446080126966, 0.6262573554845667, 0.6140765280688547, 0.6186454590310702, 0.648045811544957], "0.2": [0.6501006266913545, 0.6670191771623903, 0.6528916057948603, 0.6760197138177305, 0.6712255859971107, 0.6572578056646388, 0.6546908560034184, 0.6523727745335423], "0.4": [0.6636909526522473, 0.6844835925895781, 0.6862981947016095, 0.6515200876960954, 0.663822417950231, 0.662372097991739, 0.6883574684110931, 0.7003485512849207], "0.6": [0.724645619264655, 0.7101838311595825, 0.7121383934929905, 0.7223899271573035, 0.711131020204692, 0.6879218339878325, 0.7035335752945246, 0.70803309713716], "0.8": [0.7149110983376401, 0.7136935214763872, 0.7215430010987446, 0.7069038725659755, 0.7114152237166053, 0.7044710358719759, 0.6974202519991047, 0.692536225507152], "0.9": [0.6962864416953222, 0.685892534132297, 0.7053701853622805, 0.6816082212546035, 0.6959118918753943, 0.6746906474454188, 0.6821737237267789, 0.6771688149836206], "0.95": [0.6747467063096425, 0.6860015845321179, 0.6910505905752131, 0.6799688282092498, 0.6913344609030052, 0.6691246006877327, 0.6936316967464952, 0.6751869722465257], "0.975": [0.6963741301605387, 0.6793566697865586, 0.6928030449467923, 0.6711077736179217, 0.7000964021201701, 0.6929926674059455, 0.6910342340325961, 0.6792036924939467]}}, "both": {"initial-transfer": {"0.025": [0.7033898305084746, 0.4067796610169492, 0.5932203389830508, 0.559322033898305, 0.4661016949152542, 0.576271186440678, 0.576271186440678, 0.6186440677966102], "0.05": [0.4745762711864407, 0.4661016949152542, 0.5169491525423728, 0.5338983050847458, 0.5084745762711864, 0.5338983050847458, 0.3559322033898305, 0.4322033898305085], "0.1": [0.5423728813559322, 0.711864406779661, 0.5084745762711864, 0.5932203389830508, 0.3983050847457627, 0.4406779661016949, 0.5677966101694916, 0.5508474576271186], "0.2": [0.6016949152542372, 0.5932203389830508, 0.6779661016949152, 0.6101694915254238, 0.6779661016949152, 0.8305084745762712, 0.4915254237288136, 0.5677966101694916], "0.4": [0.8559322033898306, 0.7627118644067796, 0.847457627118644, 0.7288135593220338, 0.8305084745762712, 0.711864406779661, 0.7033898305084746, 0.652542372881356], "0.6": [0.8983050847457628, 0.8728813559322034, 0.847457627118644, 0.7711864406779662, 0.8135593220338984, 0.8983050847457628, 0.7966101694915254, 0.9067796610169492], "0.8": [0.8983050847457628, 0.9322033898305084, 0.8728813559322034, 0.923728813559322, 0.8813559322033898, 0.8898305084745762, 0.8898305084745762, 0.847457627118644], "0.9": [0.864406779661017, 0.847457627118644, 0.788135593220339, 0.864406779661017, 0.8898305084745762, 0.8559322033898306, 0.8050847457627118, 0.8220338983050848], "0.95": [0.9152542372881356, 0.8220338983050848, 0.8898305084745762, 0.7542372881355932, 0.8728813559322034, 0.9152542372881356, 0.864406779661017, 0.8983050847457628], "0.975": [0.9152542372881356, 0.923728813559322, 0.8898305084745762, 0.923728813559322, 0.864406779661017, 0.8898305084745762, 0.847457627118644, 0.8559322033898306]}, "initial-tune": {"0.025": [0.4661016949152542, 0.6186440677966102, 0.4322033898305085, 0.4322033898305085, 0.4406779661016949, 0.4830508474576271, 0.4576271186440678, 0.6016949152542372], "0.05": [0.5254237288135594, 0.4745762711864407, 0.5084745762711864, 0.5338983050847458, 0.4745762711864407, 0.4491525423728814, 0.5423728813559322, 0.5508474576271186], "0.1": [0.5847457627118644, 0.4915254237288136, 0.5169491525423728, 0.4745762711864407, 0.6186440677966102, 0.3813559322033898, 0.3728813559322034, 0.5169491525423728], "0.2": [0.5338983050847458, 0.576271186440678, 0.6271186440677966, 0.6101694915254238, 0.635593220338983, 0.6186440677966102, 0.5508474576271186, 0.6864406779661016], "0.4": [0.559322033898305, 0.6271186440677966, 0.6864406779661016, 0.5508474576271186, 0.652542372881356, 0.6271186440677966, 0.6864406779661016, 0.7203389830508474], "0.6": [0.847457627118644, 0.8559322033898306, 0.7796610169491526, 0.8220338983050848, 0.8305084745762712, 0.711864406779661, 0.7203389830508474, 0.9152542372881356], "0.8": [0.9152542372881356, 0.8898305084745762, 0.9152542372881356, 0.847457627118644, 0.8559322033898306, 0.8813559322033898, 0.9152542372881356, 0.847457627118644], "0.9": [0.9322033898305084, 0.9322033898305084, 0.9067796610169492, 0.8050847457627118, 0.9322033898305084, 0.8220338983050848, 0.864406779661017, 0.8813559322033898], "0.95": [0.8559322033898306, 0.9152542372881356, 0.9491525423728814, 0.8983050847457628, 0.9322033898305084, 0.8728813559322034, 0.8898305084745762, 0.8813559322033898], "0.975": [0.923728813559322, 0.9322033898305084, 0.940677966101695, 0.923728813559322, 0.9661016949152542, 0.9491525423728814, 0.9491525423728814, 0.847457627118644]}}, "just_main": {"initial-transfer": {"0.025": [0.8639705882352942, 0.5992647058823529, 0.7022058823529411, 0.7426470588235294, 0.6691176470588235, 0.7867647058823529, 0.7426470588235294, 0.7867647058823529], "0.05": [0.6066176470588235, 0.5845588235294118, 0.7352941176470589, 0.6727941176470589, 0.7352941176470589, 0.6544117647058824, 0.5, 0.5735294117647058], "0.1": [0.6691176470588235, 0.8272058823529411, 0.6727941176470589, 0.7647058823529411, 0.5477941176470589, 0.6029411764705882, 0.7205882352941176, 0.6470588235294118], "0.2": [0.6838235294117647, 0.6544117647058824, 0.6948529411764706, 0.7022058823529411, 0.7058823529411765, 0.8639705882352942, 0.5367647058823529, 0.6323529411764706], "0.4": [0.7573529411764706, 0.7058823529411765, 0.7463235294117647, 0.5735294117647058, 0.7904411764705882, 0.6286764705882353, 0.6544117647058824, 0.5110294117647058], "0.6": [0.8235294117647058, 0.6948529411764706, 0.6875, 0.625, 0.6691176470588235, 0.7279411764705882, 0.6323529411764706, 0.7977941176470589],