{"just_main and just_main+just_spurious": {"initial-transfer": {"0.025": [0.16176470588235295, 0.1801470588235294, 0.23161764705882354, 0.20220588235294118, 0.19852941176470587, 0.18382352941176472, 0.16911764705882354, 0.20220588235294118], "0.05": [0.15808823529411764, 0.20220588235294118, 0.1875, 0.17647058823529413, 0.20955882352941177, 0.18382352941176472, 0.17279411764705882, 0.21323529411764705], "0.1": [0.22426470588235295, 0.1875, 0.16911764705882354, 0.17647058823529413, 0.16176470588235295, 0.19852941176470587, 0.1948529411764706, 0.1948529411764706], "0.2": [0.17647058823529413, 0.1801470588235294, 0.17647058823529413, 0.16544117647058823, 0.1801470588235294, 0.14705882352941177, 0.16911764705882354, 0.17647058823529413], "0.4": [0.11029411764705882, 0.15808823529411764, 0.15073529411764705, 0.16911764705882354, 0.13602941176470587, 0.14705882352941177, 0.16176470588235295, 0.14338235294117646], "0.6": [0.125, 0.17647058823529413, 0.1213235294117647, 0.16544117647058823, 0.16911764705882354, 0.15073529411764705, 0.13602941176470587, 0.13970588235294118], "0.8": [0.125, 0.13970588235294118, 0.13602941176470587, 0.14705882352941177, 0.14338235294117646, 0.12867647058823528, 0.11397058823529412, 0.14705882352941177], "0.9": [0.09926470588235294, 0.15073529411764705, 0.15808823529411764, 0.16176470588235295, 0.1213235294117647, 0.12867647058823528, 0.1213235294117647, 0.125], "0.95": [0.1213235294117647, 0.13602941176470587, 0.13602941176470587, 0.125, 0.13970588235294118, 0.1213235294117647, 0.15441176470588236, 0.15073529411764705], "0.975": [0.14705882352941177, 0.10661764705882353, 0.12867647058823528, 0.11764705882352941, 0.16176470588235295, 0.1323529411764706, 0.13602941176470587, 0.15808823529411764]}, "initial-tune": {"0.025": [0.22794117647058823, 0.20955882352941177, 0.24632352941176472, 0.1875, 0.20220588235294118, 0.2647058823529412, 0.2647058823529412, 0.22058823529411764], "0.05": [0.19117647058823528, 0.20955882352941177, 0.22058823529411764, 0.20955882352941177, 0.25735294117647056, 0.25, 0.22058823529411764, 0.22426470588235295], "0.1": [0.2426470588235294, 0.1948529411764706, 0.20588235294117646, 0.22794117647058823, 0.20955882352941177, 0.22426470588235295, 0.15441176470588236, 0.1875], "0.2": [0.16544117647058823, 0.17279411764705882, 0.1948529411764706, 0.20220588235294118, 0.1801470588235294, 0.15441176470588236, 0.18382352941176472, 0.15441176470588236], "0.4": [0.17647058823529413, 0.13602941176470587, 0.15073529411764705, 0.14705882352941177, 0.13602941176470587, 0.14705882352941177, 0.14705882352941177, 0.15441176470588236], "0.6": [0.125, 0.09926470588235294, 0.1323529411764706, 0.15808823529411764, 0.12867647058823528, 0.125, 0.14338235294117646, 0.13602941176470587], "0.8": [0.1213235294117647, 0.1323529411764706, 0.125, 0.125, 0.14705882352941177, 0.17279411764705882, 0.14705882352941177, 0.1801470588235294], "0.9": [0.14338235294117646, 0.1213235294117647, 0.13970588235294118, 0.13970588235294118, 0.11764705882352941, 0.16911764705882354, 0.16176470588235295, 0.16176470588235295], "0.95": [0.14705882352941177, 0.16544117647058823, 0.14705882352941177, 0.14705882352941177, 0.17647058823529413, 0.18382352941176472, 0.15073529411764705, 0.14338235294117646], "0.975": [0.125, 0.125, 0.13602941176470587, 0.16176470588235295, 0.08823529411764706, 0.13602941176470587, 0.11764705882352941, 0.13602941176470587]}}, "just_spurious and just_spurious+just_main": {"initial-transfer": {"0.025": [0.07142857142857142, 0.05102040816326531, 0.08673469387755102, 0.05612244897959184, 0.10714285714285714, 0.04081632653061224, 0.07142857142857142, 0.07142857142857142], "0.05": [0.07653061224489796, 0.08673469387755102, 0.04081632653061224, 0.09183673469387756, 0.08163265306122448, 0.05102040816326531, 0.04591836734693878, 0.07142857142857142], "0.1": [0.07142857142857142, 0.08163265306122448, 0.061224489795918366, 0.07142857142857142, 0.061224489795918366, 0.0663265306122449, 0.09693877551020408, 0.0663265306122449], "0.2": [0.08163265306122448, 0.07653061224489796, 0.07653061224489796, 0.08673469387755102, 0.05102040816326531, 0.04591836734693878, 0.08163265306122448, 0.11224489795918367], "0.4": [0.05612244897959184, 0.08163265306122448, 0.04081632653061224, 0.09183673469387756, 0.05612244897959184, 0.07653061224489796, 0.10204081632653061, 0.0663265306122449], "0.6": [0.04591836734693878, 0.03571428571428571, 0.061224489795918366, 0.04591836734693878, 0.07142857142857142, 0.04591836734693878, 0.07653061224489796, 0.03571428571428571], "0.8": [0.030612244897959183, 0.04591836734693878, 0.04081632653061224, 0.07142857142857142, 0.04081632653061224, 0.02040816326530612, 0.07653061224489796, 0.05102040816326531], "0.9": [0.04081632653061224, 0.03571428571428571, 0.08163265306122448, 0.061224489795918366, 0.030612244897959183, 0.05612244897959184, 0.05612244897959184, 0.04081632653061224], "0.95": [0.04591836734693878, 0.07142857142857142, 0.04591836734693878, 0.04081632653061224, 0.0663265306122449, 0.04081632653061224, 0.04591836734693878, 0.04591836734693878], "0.975": [0.030612244897959183, 0.030612244897959183, 0.04591836734693878, 0.030612244897959183, 0.02040816326530612, 0.04591836734693878, 0.05102040816326531, 0.061224489795918366]}, "initial-tune": {"0.025": [0.05612244897959184, 0.061224489795918366, 0.07653061224489796, 0.08673469387755102, 0.08163265306122448, 0.08163265306122448, 0.061224489795918366, 0.07142857142857142], "0.05": [0.05102040816326531, 0.05102040816326531, 0.07142857142857142, 0.10204081632653061, 0.08673469387755102, 0.09183673469387756, 0.08163265306122448, 0.05102040816326531], "0.1": [0.09693877551020408, 0.08673469387755102, 0.07653061224489796, 0.07653061224489796, 0.07653061224489796, 0.10204081632653061, 0.061224489795918366, 0.08673469387755102], "0.2": [0.0663265306122449, 0.10204081632653061, 0.09183673469387756, 0.061224489795918366, 0.07653061224489796, 0.08163265306122448, 0.061224489795918366, 0.061224489795918366], "0.4": [0.05102040816326531, 0.10204081632653061, 0.09183673469387756, 0.09693877551020408, 0.10204081632653061, 0.09183673469387756, 0.08673469387755102, 0.08163265306122448], "0.6": [0.08163265306122448, 0.09183673469387756, 0.0663265306122449, 0.07142857142857142, 0.0663265306122449, 0.05102040816326531, 0.07142857142857142, 0.03571428571428571], "0.8": [0.05612244897959184, 0.03571428571428571, 0.04591836734693878, 0.030612244897959183, 0.04081632653061224, 0.030612244897959183, 0.03571428571428571, 0.05102040816326531], "0.9": [0.04591836734693878, 0.05102040816326531, 0.04591836734693878, 0.05102040816326531, 0.04081632653061224, 0.07142857142857142, 0.03571428571428571, 0.03571428571428571], "0.95": [0.05102040816326531, 0.04081632653061224, 0.02040816326530612, 0.030612244897959183, 0.05612244897959184, 0.03571428571428571, 0.030612244897959183, 0.04591836734693878], "0.975": [0.030612244897959183, 0.03571428571428571, 0.04591836734693878, 0.05102040816326531, 0.05612244897959184, 0.03571428571428571, 0.04081632653061224, 0.0663265306122449]}}, "neither and neither+just_main": {"initial-transfer": {"0.025": [0.056, 0.104, 0.094, 0.07, 0.098, 0.088, 0.1, 0.068], "0.05": [0.078, 0.074, 0.074, 0.082, 0.098, 0.082, 0.066, 0.068], "0.1": [0.052, 0.084, 0.09, 0.104, 0.06, 0.056, 0.094, 0.056], "0.2": [0.05, 0.052, 0.06, 0.05, 0.062, 0.088, 0.044, 0.046], "0.4": [0.052, 0.046, 0.046, 0.038, 0.044, 0.038, 0.038, 0.04], "0.6": [0.05, 0.044, 0.044, 0.022, 0.036, 0.042, 0.024, 0.044], "0.8": [0.024, 0.056, 0.03, 0.038, 0.028, 0.034, 0.04, 0.03], "0.9": [0.034, 0.024, 0.02, 0.028, 0.034, 0.042, 0.018, 0.024], "0.95": [0.03, 0.032, 0.032, 0.024, 0.022, 0.042, 0.024, 0.038], "0.975": [0.018, 0.044, 0.036, 0.046, 0.028, 0.024, 0.02, 0.032]}, "initial-tune": {"0.025": [0.1, 0.062, 0.084, 0.08, 0.088, 0.078, 0.066, 0.08], "0.05": [0.034, 0.086, 0.066, 0.084, 0.07, 0.074, 0.05, 0.062], "0.1": [0.048, 0.056, 0.06, 0.062, 0.048, 0.052, 0.046, 0.066],