{"both and spurious-box": {"initial-transfer": {"0.025": [0.2033898305084746, 0.07627118644067797, 0.1271186440677966, 0.07627118644067797, 0.1440677966101695, 0.13559322033898305, 0.13559322033898305, 0.1440677966101695], "0.05": [0.09322033898305085, 0.1016949152542373, 0.11016949152542373, 0.13559322033898305, 0.13559322033898305, 0.11016949152542373, 0.0847457627118644, 0.09322033898305085], "0.1": [0.09322033898305085, 0.11864406779661017, 0.1271186440677966, 0.11016949152542373, 0.1016949152542373, 0.06779661016949153, 0.1271186440677966, 0.06779661016949153], "0.2": [0.0847457627118644, 0.059322033898305086, 0.09322033898305085, 0.1016949152542373, 0.11016949152542373, 0.07627118644067797, 0.0847457627118644, 0.11864406779661017], "0.4": [0.06779661016949153, 0.0847457627118644, 0.059322033898305086, 0.0847457627118644, 0.025423728813559324, 0.06779661016949153, 0.1016949152542373, 0.09322033898305085], "0.6": [0.05084745762711865, 0.0847457627118644, 0.07627118644067797, 0.09322033898305085, 0.11016949152542373, 0.06779661016949153, 0.09322033898305085, 0.07627118644067797], "0.8": [0.059322033898305086, 0.059322033898305086, 0.0847457627118644, 0.059322033898305086, 0.06779661016949153, 0.06779661016949153, 0.05084745762711865, 0.1016949152542373], "0.9": [0.07627118644067797, 0.09322033898305085, 0.1271186440677966, 0.11864406779661017, 0.07627118644067797, 0.09322033898305085, 0.09322033898305085, 0.0847457627118644], "0.95": [0.09322033898305085, 0.11016949152542373, 0.1016949152542373, 0.09322033898305085, 0.11016949152542373, 0.06779661016949153, 0.1271186440677966, 0.0847457627118644], "0.975": [0.09322033898305085, 0.07627118644067797, 0.0847457627118644, 0.07627118644067797, 0.09322033898305085, 0.0847457627118644, 0.0847457627118644, 0.1271186440677966]}, "initial-tune": {"0.025": [0.15254237288135594, 0.11016949152542373, 0.1864406779661017, 0.11016949152542373, 0.1016949152542373, 0.11864406779661017, 0.11864406779661017, 0.13559322033898305], "0.05": [0.11864406779661017, 0.1271186440677966, 0.1271186440677966, 0.11016949152542373, 0.1016949152542373, 0.1440677966101695, 0.15254237288135594, 0.13559322033898305], "0.1": [0.1016949152542373, 0.11016949152542373, 0.1016949152542373, 0.13559322033898305, 0.09322033898305085, 0.13559322033898305, 0.11016949152542373, 0.09322033898305085], "0.2": [0.09322033898305085, 0.07627118644067797, 0.07627118644067797, 0.1271186440677966, 0.1271186440677966, 0.11864406779661017, 0.1016949152542373, 0.07627118644067797], "0.4": [0.1016949152542373, 0.1016949152542373, 0.1016949152542373, 0.11864406779661017, 0.0847457627118644, 0.0847457627118644, 0.1016949152542373, 0.1271186440677966], "0.6": [0.05084745762711865, 0.0423728813559322, 0.0847457627118644, 0.06779661016949153, 0.06779661016949153, 0.05084745762711865, 0.11864406779661017, 0.059322033898305086], "0.8": [0.05084745762711865, 0.06779661016949153, 0.07627118644067797, 0.06779661016949153, 0.07627118644067797, 0.06779661016949153, 0.0847457627118644, 0.07627118644067797], "0.9": [0.09322033898305085, 0.059322033898305086, 0.11016949152542373, 0.1271186440677966, 0.09322033898305085, 0.09322033898305085, 0.1016949152542373, 0.09322033898305085], "0.95": [0.07627118644067797, 0.11016949152542373, 0.09322033898305085, 0.09322033898305085, 0.07627118644067797, 0.1016949152542373, 0.1016949152542373, 0.09322033898305085], "0.975": [0.09322033898305085, 0.07627118644067797, 0.0847457627118644, 0.09322033898305085, 0.07627118644067797, 0.11016949152542373, 0.1016949152542373, 0.1016949152542373]}}, "both and spurious-pixel-paint": {"initial-transfer": {"0.025": [0.13559322033898305, 0.09322033898305085, 0.13559322033898305, 0.09322033898305085, 0.1016949152542373, 0.13559322033898305, 0.1271186440677966, 0.1440677966101695], "0.05": [0.11864406779661017, 0.11864406779661017, 0.1016949152542373, 0.1016949152542373, 0.13559322033898305, 0.11016949152542373, 0.0847457627118644, 0.11864406779661017], "0.1": [0.1016949152542373, 0.09322033898305085, 0.09322033898305085, 0.13559322033898305, 0.07627118644067797, 0.0847457627118644, 0.13559322033898305, 0.11864406779661017], "0.2": [0.09322033898305085, 0.0847457627118644, 0.11016949152542373, 0.1440677966101695, 0.0847457627118644, 0.09322033898305085, 0.0847457627118644, 0.1016949152542373], "0.4": [0.07627118644067797, 0.07627118644067797, 0.03389830508474576, 0.0847457627118644, 0.06779661016949153, 0.05084745762711865, 0.05084745762711865, 0.059322033898305086], "0.6": [0.025423728813559324, 0.06779661016949153, 0.0847457627118644, 0.09322033898305085, 0.11016949152542373, 0.059322033898305086, 0.11864406779661017, 0.03389830508474576], "0.8": [0.05084745762711865, 0.03389830508474576, 0.06779661016949153, 0.05084745762711865, 0.0423728813559322, 0.06779661016949153, 0.05084745762711865, 0.05084745762711865], "0.9": [0.05084745762711865, 0.0847457627118644, 0.11016949152542373, 0.0847457627118644, 0.059322033898305086, 0.07627118644067797, 0.059322033898305086, 0.059322033898305086], "0.95": [0.1016949152542373, 0.05084745762711865, 0.059322033898305086, 0.07627118644067797, 0.059322033898305086, 0.03389830508474576, 0.059322033898305086, 0.05084745762711865], "0.975": [0.025423728813559324, 0.0423728813559322, 0.059322033898305086, 0.059322033898305086, 0.0847457627118644, 0.03389830508474576, 0.059322033898305086, 0.07627118644067797]}, "initial-tune": {"0.025": [0.15254237288135594, 0.0847457627118644, 0.1440677966101695, 0.16101694915254236, 0.07627118644067797, 0.16101694915254236, 0.11864406779661017, 0.1694915254237288], "0.05": [0.11864406779661017, 0.1271186440677966, 0.1271186440677966, 0.16101694915254236, 0.11864406779661017, 0.11864406779661017, 0.22033898305084745, 0.15254237288135594], "0.1": [0.09322033898305085, 0.09322033898305085, 0.11864406779661017, 0.1016949152542373, 0.09322033898305085, 0.1271186440677966, 0.0847457627118644, 0.1016949152542373], "0.2": [0.06779661016949153, 0.0847457627118644, 0.11016949152542373, 0.11864406779661017, 0.1271186440677966, 0.1440677966101695, 0.1016949152542373, 0.09322033898305085], "0.4": [0.1271186440677966, 0.07627118644067797, 0.06779661016949153, 0.0847457627118644, 0.11864406779661017, 0.09322033898305085, 0.1016949152542373, 0.09322033898305085], "0.6": [0.05084745762711865, 0.06779661016949153, 0.11016949152542373, 0.07627118644067797, 0.0847457627118644, 0.1271186440677966, 0.0847457627118644, 0.05084745762711865], "0.8": [0.01694915254237288, 0.059322033898305086, 0.07627118644067797, 0.059322033898305086, 0.0847457627118644, 0.0847457627118644, 0.06779661016949153, 0.07627118644067797], "0.9": [0.059322033898305086, 0.03389830508474576, 0.09322033898305085, 0.1271186440677966, 0.01694915254237288, 0.11016949152542373, 0.07627118644067797, 0.09322033898305085], "0.95": [0.059322033898305086, 0.059322033898305086, 0.06779661016949153, 0.07627118644067797, 0.05084745762711865, 0.059322033898305086, 0.1271186440677966, 0.03389830508474576], "0.975": [0.0423728813559322, 0.0423728813559322, 0.07627118644067797, 0.06779661016949153, 0.05084745762711865, 0.0847457627118644, 0.05084745762711865, 0.059322033898305086]}}, "just_spurious and spurious-box": {"initial-transfer": {"0.025": [0.25, 0.1683673469387755, 0.3163265306122449, 0.22959183673469388, 0.21428571428571427, 0.25, 0.20918367346938777, 0.17857142857142858], "0.05": [0.12244897959183673, 0.17857142857142858, 0.23469387755102042, 0.14795918367346939, 0.21428571428571427, 0.23979591836734693, 0.11224489795918367, 0.16326530612244897], "0.1": [0.14285714285714285, 0.25, 0.1836734693877551, 0.22448979591836735, 0.16326530612244897, 0.09693877551020408, 0.14795918367346939, 0.10204081632653061], "0.2": [0.14285714285714285, 0.11224489795918367, 0.1377551020408163, 0.1836734693877551, 0.09693877551020408, 0.16326530612244897, 0.12244897959183673, 0.1326530612244898],