{"average": {"careful-tune": {"0.5": [0.8400068616354219, 0.8385524379353689, 0.8319092635511935, 0.8354231253566322], "0.6": [0.8358128671106471, 0.8165380405586499, 0.8362860513838639, 0.8247141748923212], "0.7": [0.8243593813059955, 0.8273970829389756, 0.8149831725941575, 0.8145793401536682], "0.8": [0.8015155389755764, 0.8024451142124269, 0.8117485009972137, 0.8167201766017759], "0.9": [0.7998527877322457, 0.8001202835234444, 0.7962135182732123, 0.7984634397564738], "0.95": [0.7762298988757584, 0.7530068079504311, 0.7707594325295453, 0.7770829545887701], "0.975": [0.7883081771640683, 0.7795169138529398, 0.7584187368461777, 0.7738235344346456]}, "initial-tune": {"0.5": [0.8335656496306527, 0.8340907121183578, 0.8379071605942412, 0.8409126107082998], "0.6": [0.8340979657790633, 0.8391058332914156, 0.8355066828636563, 0.8373919256770904], "0.7": [0.8121330785948967, 0.8319688745793286, 0.825130253147204, 0.8283292904060947], "0.8": [0.8113513715421391, 0.8044232629393931, 0.8043655554781468, 0.8200647923158819], "0.9": [0.7654598289145429, 0.7878245783357346, 0.7818751408277198, 0.7741177096135955], "0.95": [0.7233855284427781, 0.7364210339930108, 0.7338390216622119, 0.7183054688664459], "0.975": [0.6937857354449711, 0.6880685234283104, 0.6770492758019877, 0.7088530773941906]}}, "both": {"careful-tune": {"0.5": [0.852, 0.832, 0.832, 0.832], "0.6": [0.856, 0.804, 0.832, 0.848], "0.7": [0.86, 0.864, 0.796, 0.808], "0.8": [0.792, 0.848, 0.832, 0.868], "0.9": [0.896, 0.936, 0.876, 0.916], "0.95": [0.912, 0.888, 0.92, 0.912], "0.975": [0.9, 0.9, 0.872, 0.888]}, "initial-tune": {"0.5": [0.868, 0.82, 0.856, 0.84], "0.6": [0.88, 0.884, 0.868, 0.86], "0.7": [0.816, 0.908, 0.912, 0.904], "0.8": [0.904, 0.86, 0.896, 0.92], "0.9": [0.92, 0.88, 0.9, 0.936], "0.95": [0.928, 0.944, 0.944, 0.936], "0.975": [0.956, 0.92, 0.896, 0.924]}}, "just_main": {"careful-tune": {"0.5": [0.8366533864541833, 0.900398406374502, 0.8247011952191236, 0.8207171314741036], "0.6": [0.8207171314741036, 0.7569721115537849, 0.8685258964143426, 0.8007968127490039], "0.7": [0.7808764940239044, 0.8007968127490039, 0.7410358565737052, 0.7370517928286853], "0.8": [0.6533864541832669, 0.6334661354581673, 0.749003984063745, 0.749003984063745], "0.9": [0.701195219123506, 0.701195219123506, 0.6533864541832669, 0.6613545816733067], "0.95": [0.5976095617529881, 0.44621513944223107, 0.5577689243027888, 0.5537848605577689], "0.975": [0.601593625498008, 0.5737051792828686, 0.4940239043824701, 0.545816733067729]}, "initial-tune": {"0.5": [0.8406374501992032, 0.8605577689243028, 0.8406374501992032, 0.8645418326693227], "0.6": [0.7808764940239044, 0.8446215139442231, 0.8565737051792829, 0.8207171314741036], "0.7": [0.6972111553784861, 0.8087649402390438, 0.796812749003984, 0.7768924302788844], "0.8": [0.6852589641434262, 0.649402390438247, 0.6812749003984063, 0.8007968127490039], "0.9": [0.6095617529880478, 0.5816733067729084, 0.6095617529880478, 0.6215139442231076], "0.95": [0.545816733067729, 0.5338645418326693, 0.47410358565737054, 0.4581673306772908], "0.975": [0.46215139442231074, 0.38247011952191234, 0.2788844621513944, 0.36254980079681276]}}, "just_spurious": {"careful-tune": {"0.5": [0.8518215309046254, 0.8567335243553008, 0.8567335243553008, 0.8694228407695457], "0.6": [0.8542775276299631, 0.8686041751944331, 0.8595988538681948, 0.8358575521899304], "0.7": [0.8374948833401555, 0.8276708964388048, 0.8649201801064266, 0.8747441670077774], "0.8": [0.8735161686451085, 0.8387228817028244, 0.8235775685632419, 0.80065493246009], "0.9": [0.7515349979533361, 0.6999590667212444, 0.7838722881702824, 0.7531723291035612], "0.95": [0.7003683995088007, 0.7478510028653295, 0.6991404011461319, 0.7310683585755219], "0.975": [0.7654523127302497, 0.7343430208759721, 0.7449856733524355, 0.7519443307408924]}, "initial-tune": {"0.5": [0.8158002455996726, 0.8595988538681948, 0.8510028653295129, 0.8575521899304134], "0.6": [0.8194842406876791, 0.8145722472370037, 0.8256242325010233, 0.8342202210397053], "0.7": [0.8505935325419566, 0.7740483012689316, 0.7711829717560377, 0.7900122799836267], "0.8": [0.7621776504297995, 0.8055669259107655, 0.738436348751535, 0.7151043798608269], "0.9": [0.6295538272615636, 0.7703643061809251, 0.7015963978714695, 0.6328284895620139], "0.95": [0.4936553417928776, 0.5456406058125256, 0.5853458862054851, 0.550552599263201], "0.975": [0.43675808432255425, 0.4940646745804339, 0.5697912402783463, 0.5931232091690545]}}, "neither": {"careful-tune": {"0.5": [0.8195525291828794, 0.7650778210116731, 0.8142023346303502, 0.8195525291828794], "0.6": [0.8122568093385214, 0.8365758754863813, 0.7850194552529183, 0.8142023346303502], "0.7": [0.8190661478599222, 0.8171206225680934, 0.857976653696498, 0.8385214007782101], "0.8": [0.8871595330739299, 0.8895914396887159, 0.8424124513618677, 0.8492217898832685], "0.9": [0.85068093385214, 0.8633268482490273, 0.8715953307392996, 0.8633268482490273], "0.95": [0.8949416342412452, 0.9299610894941635, 0.9061284046692607, 0.9114785992217899], "0.975": [0.8861867704280155, 0.9100194552529183, 0.9226653696498055, 0.9095330739299611]}, "initial-tune": {"0.5": [0.8098249027237354, 0.7962062256809338, 0.8039883268482491, 0.8015564202334631], "0.6": [0.8560311284046692, 0.8132295719844358, 0.791828793774319, 0.8346303501945526], "0.7": [0.8847276264591439, 0.8370622568093385, 0.8205252918287937, 0.8424124513618677], "0.8": [0.8939688715953308, 0.9027237354085603, 0.9017509727626459, 0.8443579766536965], "0.9": [0.9027237354085603, 0.919260700389105, 0.9163424124513618, 0.9061284046692607], "0.95": [0.9260700389105059, 0.9221789883268483, 0.9319066147859922, 0.9285019455252919], "0.975": [0.9202334630350194, 0.955739299610895, 0.9635214007782101, 0.955739299610895]}}}