{"average": {"initial-tune": {"0.025": [0.7071689619349512, 0.6991267147918276, 0.6960199515196718, 0.6916186436163129, 0.7145829359899842, 0.6801720252523907, 0.7024308622572654, 0.7169062891238912], "0.05": [0.7219515995844543, 0.7291570549532511, 0.7368394688473936, 0.7355821635012386, 0.747468501105458, 0.7203686369569271, 0.7404915425801124, 0.7087929863349404], "0.1": [0.7588306251831332, 0.7430199382009004, 0.762200820436323, 0.7552534429024267, 0.7701086678564769, 0.7475829226712128, 0.7538467675341627, 0.7679016808289604], "0.2": [0.7947065874643723, 0.804334088063717, 0.7908083428784529, 0.7960418475799792, 0.7826213340081511, 0.8005337764044644, 0.7837015796062972, 0.7773943688234197], "0.4": [0.8186378093284676, 0.822102101702139, 0.8128351935217495, 0.8216593191444022, 0.8167772169095122, 0.8130437122079859, 0.8237814655976132, 0.8190471884073414], "0.6": [0.7935624916757678, 0.8115467622066541, 0.8039734024133613, 0.8058597533363523, 0.7918765882634985, 0.7894299698995766, 0.8013931568152153, 0.7930329106843185], "0.8": [0.7599403319037852, 0.7721081351056178, 0.7690617191870222, 0.7607068272022589, 0.7414882794811006, 0.7764967768573028, 0.7609875203111265, 0.7767137929197411], "0.9": [0.7319795157294691, 0.7179275858394822, 0.7155907940651555, 0.672807730214965, 0.7266299778908394, 0.709417210516502, 0.7288384965770757, 0.7174429690205376], "0.95": [0.6943734317146586, 0.7029452598492315, 0.6659268133507366, 0.6965680988785594, 0.6803004182094243, 0.6989594576596254, 0.6845212567592764, 0.6846099997336247], "0.975": [0.6704452598492315, 0.6786479981886471, 0.6781875283023894, 0.664045057403905, 0.6593069577262194, 0.6593238725659946, 0.6625903678644682, 0.660474760928052]}, "minimal-tune": {"0.025": [0.7444554087530967, 0.7392956767267788, 0.7302979808742442, 0.7514366159665432, 0.7435671798833275, 0.7460671798833275, 0.7305414346980634, 0.7530798460350018], "0.05": [0.7612780027170294, 0.7531785381316427, 0.7219769185690312, 0.7580421938680376, 0.7492534295836553, 0.753919701126768, 0.7266447217708638, 0.751468834074745], "0.1": [0.7628248315175408, 0.7429519192349698, 0.7675252790282625, 0.7676305106416984, 0.7684435017713966, 0.7549773181321755, 0.7652787618870036, 0.7536938414000693], "0.2": [0.8064538637756054, 0.7749599904104846, 0.7867829972563332, 0.7790740656881809, 0.7928820356410324, 0.7746765802722356, 0.785555619189686, 0.7868786260355344], "0.4": [0.8254768919314882, 0.8157319064489492, 0.8197403239125223, 0.8172756852507925, 0.8211147678538131, 0.819729189419568, 0.824313683705815, 0.8018620574838177], "0.6": [0.7861381556165259, 0.8093332356623425, 0.7993850856397006, 0.8070386910311392, 0.7893643483125117, 0.7932502730348153, 0.8017545217229162, 0.7969726432433871], "0.8": [0.751212953837138, 0.7212079592978343, 0.7429556484909832, 0.7400247595961749, 0.7719752803601396, 0.7582344636530727, 0.77225834421033, 0.7513596734237233], "0.9": [0.7452371806824537, 0.7180454969233638, 0.7219748541594523, 0.7406173250579368, 0.731062411763139, 0.7566223329160119, 0.7520858661197091, 0.7420059668096214], "0.95": [0.7224817399643058, 0.7211991023148024, 0.7038023760688314, 0.6967267254468448, 0.717471377960097, 0.7150324045710024, 0.7007082922671213, 0.6921683359526918], "0.975": [0.6773538131642737, 0.6973496443888015, 0.6888580618523747, 0.6738553448229935, 0.6954202871527131, 0.7065243333954876, 0.6897401640872646, 0.7081191896859433]}, "simple-tune": {"0.025": [0.6995422205055806, 0.6877676540315922, 0.6970621986627954, 0.6964857755520631, 0.704539157188141, 0.7101267147918277, 0.6934101249300765, 0.6973114328334354], "0.05": [0.7463052928797848, 0.7210598945153299, 0.72467779228044, 0.7350606536853042, 0.7111259423030819, 0.7476317093311312, 0.7260806318425188, 0.7179404650914999], "0.1": [0.7532223302522576, 0.7423824751604913, 0.7569500546069631, 0.7595575903678644, 0.757186622625929, 0.7566992887776032, 0.7574047441464, 0.7651428438240856], "0.2": [0.7760998241922166, 0.7937050558056525, 0.7837407634319811, 0.7808490583628566, 0.7905449108974189, 0.7894462188007779, 0.7909024399989345, 0.7769945925787806], "0.4": [0.7888977651101463, 0.8046501291920833, 0.8128240590287952, 0.812663141631816, 0.82208136437495, 0.8188025492128606, 0.813043712207986, 0.8226051650195786], "0.6": [0.8001538717668681, 0.8036174049705656, 0.7975075783809702, 0.8006834527583175, 0.8057625928984311, 0.7908935031032737, 0.7890582429876669, 0.8061492767907088], "0.8": [0.7894291974108308, 0.783941863562505, 0.7762533230334834, 0.7620029034921818, 0.7388135904744146, 0.773625049945393, 0.7790321381955728, 0.7734814735888762], "0.9": [0.7364065022242349, 0.7349176367171892, 0.7309556351722116, 0.743730281558829, 0.7333442769238965, 0.7303020297807731, 0.7516151008231, 0.7259022535361339], "0.95": [0.6718565168748835, 0.681133041208279, 0.6930692842492209, 0.6870792333715138, 0.7116299778908394, 0.6860270371060974, 0.703384566207613, 0.6913185184198609], "0.975": [0.6697340241336139, 0.7024187421752218, 0.6638707146852775, 0.6644989877733678, 0.6774156788577821, 0.7024341253562771, 0.6705650355611198, 0.6658438507232093]}}, "both": {"initial-tune": {"0.025": [0.3317972350230415, 0.3271889400921659, 0.2903225806451613, 0.2764976958525346, 0.34101382488479265, 0.29493087557603687, 0.33640552995391704, 0.4147465437788018], "0.05": [0.3824884792626728, 0.4055299539170507, 0.48847926267281105, 0.42857142857142855, 0.5529953917050692, 0.3548387096774194, 0.4930875576036866, 0.3087557603686636], "0.1": [0.5253456221198156, 0.4470046082949309, 0.5483870967741935, 0.4976958525345622, 0.631336405529954, 0.4976958525345622, 0.6267281105990783, 0.6267281105990783], "0.2": [0.7050691244239631, 0.7880184331797235, 0.6543778801843319, 0.7050691244239631, 0.6267281105990783, 0.6543778801843319, 0.6175115207373272, 0.6451612903225806], "0.4": [0.8110599078341014, 0.8755760368663594, 0.783410138248848, 0.7695852534562212, 0.8202764976958525, 0.7695852534562212, 0.8387096774193549, 0.8755760368663594], "0.6": [0.847926267281106, 0.8894009216589862, 0.8940092165898618, 0.8617511520737328, 0.815668202764977, 0.8341013824884793, 0.9032258064516129, 0.8387096774193549], "0.8": [0.9354838709677419, 0.8986175115207373, 0.9354838709677419, 0.8847926267281107, 0.880184331797235, 0.9170506912442397, 0.8110599078341014, 0.9400921658986175], "0.9": [0.9769585253456221, 0.880184331797235, 0.8986175115207373, 0.8617511520737328, 0.9400921658986175, 0.9354838709677419, 0.9262672811059908, 0.9124423963133641], "0.95": [0.9493087557603687, 0.9631336405529954, 0.967741935483871, 0.8847926267281107, 0.880184331797235, 0.9400921658986175, 0.9354838709677419, 0.9631336405529954], "0.975": [0.9631336405529954, 0.9493087557603687, 0.9170506912442397, 0.9447004608294931, 0.9493087557603687, 0.9631336405529954, 0.9124423963133641, 0.9124423963133641]}, "minimal-tune": {"0.025": [0.5714285714285714, 0.6589861751152074, 0.5529953917050692, 0.6497695852534562, 0.695852534562212, 0.695852534562212, 0.5622119815668203, 0.6912442396313364], "0.05": [0.576036866359447, 0.6774193548387096, 0.5299539170506913, 0.631336405529954, 0.6543778801843319, 0.6359447004608295, 0.4930875576036866, 0.6359447004608295], "0.1": [0.6820276497695853, 0.6221198156682027, 0.6175115207373272, 0.6728110599078341, 0.6451612903225806, 0.8294930875576036, 0.6451612903225806, 0.6497695852534562], "0.2": [0.7465437788018433, 0.6728110599078341, 0.8202764976958525, 0.6912442396313364, 0.7327188940092166, 0.7096774193548387, 0.695852534562212, 0.8433179723502304], "0.4": [0.8433179723502304, 0.8525345622119815, 0.8294930875576036, 0.8387096774193549, 0.8709677419354839, 0.815668202764977, 0.8248847926267281, 0.7557603686635944], "0.6": [0.7373271889400922, 0.815668202764977, 0.8525345622119815, 0.8387096774193549, 0.8064516129032258, 0.7880184331797235, 0.8064516129032258, 0.8248847926267281],