{"just_main and just_main+just_spurious": {"initial-tune": {"0.025": [0.1907514450867052, 0.18497109826589594, 0.2254335260115607, 0.2023121387283237, 0.2254335260115607, 0.23121387283236994, 0.1791907514450867, 0.15028901734104047], "0.05": [0.1676300578034682, 0.1791907514450867, 0.11560693641618497, 0.1907514450867052, 0.09826589595375723, 0.1791907514450867, 0.12138728323699421, 0.1791907514450867], "0.1": [0.15606936416184972, 0.2254335260115607, 0.13872832369942195, 0.1329479768786127, 0.12138728323699421, 0.13872832369942195, 0.09248554913294797, 0.09826589595375723], "0.2": [0.06936416184971098, 0.057803468208092484, 0.11560693641618497, 0.06936416184971098, 0.15028901734104047, 0.15606936416184972, 0.15028901734104047, 0.13872832369942195], "0.4": [0.09248554913294797, 0.08670520231213873, 0.09248554913294797, 0.10982658959537572, 0.07514450867052024, 0.11560693641618497, 0.08670520231213873, 0.06936416184971098], "0.6": [0.08670520231213873, 0.07514450867052024, 0.09826589595375723, 0.06936416184971098, 0.1329479768786127, 0.12138728323699421, 0.07514450867052024, 0.13872832369942195], "0.8": [0.1676300578034682, 0.17341040462427745, 0.10404624277456648, 0.1791907514450867, 0.24855491329479767, 0.15606936416184972, 0.19653179190751446, 0.15028901734104047], "0.9": [0.15028901734104047, 0.2023121387283237, 0.2254335260115607, 0.26011560693641617, 0.24277456647398843, 0.24855491329479767, 0.2774566473988439, 0.18497109826589594], "0.95": [0.2947976878612717, 0.24277456647398843, 0.28901734104046245, 0.26011560693641617, 0.26011560693641617, 0.2023121387283237, 0.2774566473988439, 0.2254335260115607], "0.975": [0.2658959537572254, 0.2774566473988439, 0.28901734104046245, 0.30057803468208094, 0.2947976878612717, 0.31213872832369943, 0.2832369942196532, 0.31213872832369943]}, "minimal-tune": {"0.025": [0.08670520231213873, 0.05202312138728324, 0.06358381502890173, 0.08670520231213873, 0.04046242774566474, 0.06936416184971098, 0.06358381502890173, 0.06358381502890173], "0.05": [0.09248554913294797, 0.028901734104046242, 0.09248554913294797, 0.09248554913294797, 0.04046242774566474, 0.09248554913294797, 0.07514450867052024, 0.09248554913294797], "0.1": [0.11560693641618497, 0.16184971098265896, 0.10404624277456648, 0.10404624277456648, 0.08670520231213873, 0.06358381502890173, 0.08670520231213873, 0.13872832369942195], "0.2": [0.08670520231213873, 0.12716763005780346, 0.05202312138728324, 0.08092485549132948, 0.09248554913294797, 0.16184971098265896, 0.11560693641618497, 0.04046242774566474], "0.4": [0.08092485549132948, 0.05202312138728324, 0.12716763005780346, 0.08092485549132948, 0.08092485549132948, 0.10982658959537572, 0.09248554913294797, 0.14450867052023122], "0.6": [0.20809248554913296, 0.16184971098265896, 0.12716763005780346, 0.1791907514450867, 0.11560693641618497, 0.1676300578034682, 0.12138728323699421, 0.14450867052023122], "0.8": [0.10982658959537572, 0.1676300578034682, 0.17341040462427745, 0.14450867052023122, 0.12716763005780346, 0.1907514450867052, 0.17341040462427745, 0.13872832369942195], "0.9": [0.1329479768786127, 0.15028901734104047, 0.1907514450867052, 0.15028901734104047, 0.2023121387283237, 0.1791907514450867, 0.14450867052023122, 0.17341040462427745], "0.95": [0.24277456647398843, 0.1676300578034682, 0.2138728323699422, 0.15028901734104047, 0.16184971098265896, 0.19653179190751446, 0.10982658959537572, 0.10982658959537572], "0.975": [0.14450867052023122, 0.1676300578034682, 0.1329479768786127, 0.18497109826589594, 0.17341040462427745, 0.12716763005780346, 0.17341040462427745, 0.18497109826589594]}, "simple-tune": {"0.025": [0.2023121387283237, 0.1907514450867052, 0.21965317919075145, 0.1907514450867052, 0.2138728323699422, 0.23699421965317918, 0.2138728323699422, 0.23699421965317918], "0.05": [0.12716763005780346, 0.1907514450867052, 0.12716763005780346, 0.17341040462427745, 0.1791907514450867, 0.10982658959537572, 0.1907514450867052, 0.21965317919075145], "0.1": [0.16184971098265896, 0.14450867052023122, 0.10982658959537572, 0.1676300578034682, 0.11560693641618497, 0.11560693641618497, 0.13872832369942195, 0.09826589595375723], "0.2": [0.10404624277456648, 0.07514450867052024, 0.10982658959537572, 0.09248554913294797, 0.1329479768786127, 0.09826589595375723, 0.11560693641618497, 0.12138728323699421], "0.4": [0.12138728323699421, 0.057803468208092484, 0.10982658959537572, 0.10982658959537572, 0.09248554913294797, 0.08092485549132948, 0.15606936416184972, 0.09826589595375723], "0.6": [0.09826589595375723, 0.16184971098265896, 0.08092485549132948, 0.13872832369942195, 0.10982658959537572, 0.09248554913294797, 0.09248554913294797, 0.11560693641618497], "0.8": [0.12138728323699421, 0.1676300578034682, 0.12716763005780346, 0.13872832369942195, 0.17341040462427745, 0.1329479768786127, 0.12716763005780346, 0.09826589595375723], "0.9": [0.23121387283236994, 0.2254335260115607, 0.23699421965317918, 0.15028901734104047, 0.24855491329479767, 0.18497109826589594, 0.1329479768786127, 0.24277456647398843], "0.95": [0.26011560693641617, 0.26011560693641617, 0.2254335260115607, 0.24855491329479767, 0.2543352601156069, 0.2543352601156069, 0.23699421965317918, 0.24855491329479767], "0.975": [0.20809248554913296, 0.26011560693641617, 0.27167630057803466, 0.20809248554913296, 0.24855491329479767, 0.24855491329479767, 0.24855491329479767, 0.2254335260115607]}}, "just_spurious and just_spurious+just_main": {"initial-tune": {"0.025": [0.05, 0.05, 0.014, 0.024, 0.024, 0.038, 0.038, 0.042], "0.05": [0.044, 0.052, 0.04, 0.028, 0.048, 0.026, 0.052, 0.022], "0.1": [0.03, 0.028, 0.036, 0.032, 0.054, 0.032, 0.064, 0.056], "0.2": [0.07, 0.074, 0.048, 0.076, 0.05, 0.048, 0.038, 0.062], "0.4": [0.076, 0.076, 0.068, 0.06, 0.062, 0.05, 0.08, 0.056], "0.6": [0.054, 0.07, 0.054, 0.074, 0.078, 0.056, 0.058, 0.058], "0.8": [0.072, 0.056, 0.084, 0.054, 0.054, 0.054, 0.056, 0.076], "0.9": [0.08, 0.074, 0.076, 0.066, 0.072, 0.082, 0.068, 0.07], "0.95": [0.078, 0.074, 0.078, 0.05, 0.034, 0.064, 0.076, 0.072], "0.975": [0.056, 0.062, 0.072, 0.062, 0.06, 0.052, 0.056, 0.058]}, "minimal-tune": {"0.025": [0.292, 0.394, 0.336, 0.36, 0.35, 0.356, 0.36, 0.362], "0.05": [0.308, 0.254, 0.384, 0.316, 0.316, 0.352, 0.28, 0.296], "0.1": [0.31, 0.336, 0.284, 0.324, 0.322, 0.352, 0.35, 0.194], "0.2": [0.186, 0.238, 0.244, 0.214, 0.278, 0.314, 0.25, 0.236], "0.4": [0.168, 0.158, 0.134, 0.164, 0.116, 0.178, 0.146, 0.1], "0.6": [0.102, 0.102, 0.098, 0.094, 0.096, 0.076, 0.096, 0.072], "0.8": [0.08, 0.072, 0.118, 0.074, 0.062, 0.11, 0.134, 0.08], "0.9": [0.092, 0.092, 0.108, 0.112, 0.1, 0.092, 0.114, 0.104], "0.95": [0.098, 0.108, 0.1, 0.086, 0.102, 0.114, 0.082, 0.088], "0.975": [0.084, 0.128, 0.09, 0.1, 0.124, 0.092, 0.098, 0.088]}, "simple-tune": {"0.025": [0.018, 0.032, 0.026, 0.036, 0.03, 0.032, 0.028, 0.024], "0.05": [0.05, 0.03, 0.038, 0.03, 0.05, 0.056, 0.044, 0.03], "0.1": [0.04, 0.048, 0.04, 0.036, 0.042, 0.032, 0.046, 0.05], "0.2": [0.058, 0.056, 0.06, 0.058, 0.044, 0.068, 0.048, 0.042], "0.4": [0.056, 0.112, 0.058, 0.08, 0.076, 0.064, 0.066, 0.062], "0.6": [0.064, 0.072, 0.082, 0.068, 0.076, 0.05, 0.054, 0.074], "0.8": [0.072, 0.056, 0.064, 0.066, 0.082, 0.06, 0.07, 0.076], "0.9": [0.078, 0.08, 0.054, 0.096, 0.072, 0.064, 0.068, 0.078], "0.95": [0.04, 0.08, 0.066, 0.036, 0.074, 0.074, 0.054, 0.076], "0.975": [0.064, 0.064, 0.064, 0.056, 0.054, 0.068, 0.068, 0.046]}}, "neither and neither+just_main": {"initial-tune": {"0.025": [0.04, 0.064, 0.034, 0.07, 0.052, 0.058, 0.05, 0.052], "0.05": [0.054, 0.048, 0.05, 0.044, 0.052, 0.05, 0.046, 0.06], "0.1": [0.052, 0.052, 0.046, 0.056, 0.032, 0.052, 0.06, 0.056], "0.2": [0.048, 0.042, 0.054, 0.074, 0.05, 0.048, 0.052, 0.054], "0.4": [0.062, 0.074, 0.062, 0.06, 0.07, 0.064, 0.068, 0.062], "0.6": [0.072, 0.086, 0.058, 0.064, 0.056, 0.064, 0.062, 0.066], "0.8": [0.054, 0.042, 0.066, 0.064, 0.034, 0.048, 0.044, 0.066], "0.9": [0.068, 0.032, 0.046, 0.026, 0.046, 0.03, 0.032, 0.022],