{"s_p1": [0.1945147497822985, "both-main/box"], "s_p2": [0.1945147497822985, "both-spurious/box"]}