{"both": 0.8647342995169082, "just_main": 0.36046511627906974, "just_spurious": 0.514, "neither": 0.926, "average": 0.6662998539489945}