{"both": 0.9227053140096618, "just_main": 0.45348837209302323, "just_spurious": 0.426, "neither": 0.898, "average": 0.6750484215256712}