{"both": 0.5458937198067633, "just_main": 0.46511627906976744, "just_spurious": 0.66, "neither": 0.61, "average": 0.5702524997191326}