{"s_p1": [0.028475479469323346, "both-main/box"], "s_p2": [0.028475479469323346, "both-spurious/box"]}