{"average": {"initial-transfer": {"0.025": [0.6235774941224212, 0.6299063151135453, 0.6240930983055061, 0.6341109113471872], "0.05": [0.6423735169529426, 0.6317391499001495, 0.6419710108493937, 0.6423165978869905], "0.1": [0.6636543903653843, 0.667346741368645, 0.6426984630260986, 0.6680585549959654], "0.2": [0.6521404955526242, 0.7007713111072822, 0.701875105335062, 0.6728271488117264], "0.4": [0.7326046604468373, 0.7178136640407049, 0.7346508897105416, 0.7378932493289156], "0.6": [0.7278897576187262, 0.7061674707439222, 0.7207315041046543, 0.7281979301130699], "0.8": [0.7037100350536255, 0.7202196256050588, 0.7114854272766732, 0.7164107205906861], "0.9": [0.677719512149193, 0.6893125986854184, 0.6784652754435371, 0.6680841503567976], "0.95": [0.6647228635695569, 0.6629078060460207, 0.6618198160790971, 0.6498978996070943], "0.975": [0.6458153997742181, 0.6412870268631476, 0.6419791867332902, 0.6514630322186412]}, "initial-tune": {"0.025": [0.642871824059611, 0.6124531902753729, 0.6288746519823706, 0.6298300379347455], "0.05": [0.640736967875513, 0.640583105244674, 0.6502358163690921, 0.6461187656943359], "0.1": [0.6812513518195779, 0.6625267186209793, 0.6829905078397532, 0.6796041995618061], "0.2": [0.7067291045837112, 0.7205194640363737, 0.7187697392021557, 0.717337743047415], "0.4": [0.7403983458982173, 0.7494329235740576, 0.7261937675538821, 0.7452389050991115], "0.6": [0.736695172335223, 0.7357068582893869, 0.7473881080363473, 0.7582204028483542], "0.8": [0.7106657077056776, 0.7293467051192605, 0.7311816188316024, 0.7328066551986796], "0.9": [0.6872546924122036, 0.7081828047043227, 0.6913738474343439, 0.6889808885712753], "0.95": [0.6868154087188715, 0.6736357996096365, 0.6806614491091596, 0.6659067665831518], "0.975": [0.6611642068870064, 0.6701831714351084, 0.660454051786718, 0.6804748749396237]}}, "both": {"initial-transfer": {"0.025": [0.5684647302904564, 0.6016597510373444, 0.6099585062240664, 0.5560165975103735], "0.05": [0.6804979253112033, 0.7261410788381742, 0.6348547717842323, 0.5809128630705395], "0.1": [0.6431535269709544, 0.6804979253112033, 0.7095435684647303, 0.6514522821576764], "0.2": [0.7385892116182573, 0.6307053941908713, 0.6804979253112033, 0.6348547717842323], "0.4": [0.7966804979253111, 0.7468879668049793, 0.7551867219917012, 0.7053941908713693], "0.6": [0.7925311203319502, 0.8672199170124482, 0.7966804979253111, 0.7717842323651453], "0.8": [0.7634854771784232, 0.8589211618257261, 0.7717842323651453, 0.8132780082987552], "0.9": [0.8589211618257261, 0.8174273858921162, 0.8091286307053942, 0.8838174273858921], "0.95": [0.8464730290456431, 0.7676348547717843, 0.8340248962655602, 0.8672199170124482], "0.975": [0.8630705394190872, 0.8879668049792531, 0.8257261410788381, 0.8423236514522822]}, "initial-tune": {"0.025": [0.6556016597510373, 0.5518672199170125, 0.6265560165975104, 0.5933609958506224], "0.05": [0.7468879668049793, 0.6348547717842323, 0.6887966804979253, 0.5892116182572614], "0.1": [0.6058091286307054, 0.5269709543568465, 0.6307053941908713, 0.6058091286307054], "0.2": [0.7385892116182573, 0.7717842323651453, 0.7427385892116183, 0.7261410788381742], "0.4": [0.7302904564315352, 0.7510373443983402, 0.7261410788381742, 0.7759336099585062], "0.6": [0.7634854771784232, 0.7634854771784232, 0.8049792531120332, 0.8008298755186722], "0.8": [0.8796680497925311, 0.8340248962655602, 0.7510373443983402, 0.8340248962655602], "0.9": [0.8340248962655602, 0.8713692946058091, 0.8132780082987552, 0.8257261410788381], "0.95": [0.8381742738589212, 0.8091286307053942, 0.8381742738589212, 0.8713692946058091], "0.975": [0.8464730290456431, 0.8506224066390041, 0.8381742738589212, 0.8796680497925311]}}, "just_main": {"initial-transfer": {"0.025": [0.8643067846607669, 0.8436578171091446, 0.8761061946902655, 0.8436578171091446], "0.05": [0.9233038348082596, 0.9203539823008849, 0.8761061946902655, 0.8525073746312685], "0.1": [0.8731563421828908, 0.911504424778761, 0.9174041297935103, 0.8997050147492626], "0.2": [0.9292035398230089, 0.7876106194690266, 0.8731563421828908, 0.8466076696165191], "0.4": [0.8525073746312685, 0.8200589970501475, 0.8171091445427728, 0.7315634218289085], "0.6": [0.672566371681416, 0.7699115044247787, 0.7050147492625368, 0.6194690265486725], "0.8": [0.5221238938053098, 0.6224188790560472, 0.5427728613569321, 0.5486725663716814], "0.9": [0.5545722713864307, 0.5398230088495575, 0.504424778761062, 0.616519174041298], "0.95": [0.5545722713864307, 0.45722713864306785, 0.528023598820059, 0.5663716814159292], "0.975": [0.5634218289085545, 0.6047197640117994, 0.49557522123893805, 0.5073746312684366]}, "initial-tune": {"0.025": [0.9026548672566371, 0.8584070796460177, 0.9174041297935103, 0.8938053097345132], "0.05": [0.9557522123893806, 0.9085545722713865, 0.9144542772861357, 0.8849557522123894], "0.1": [0.8436578171091446, 0.8200589970501475, 0.8672566371681416, 0.8466076696165191], "0.2": [0.9174041297935103, 0.8967551622418879, 0.8849557522123894, 0.8790560471976401], "0.4": [0.7876106194690266, 0.8053097345132744, 0.7817109144542773, 0.7905604719764012], "0.6": [0.6342182890855457, 0.6224188790560472, 0.6902654867256637, 0.7345132743362832], "0.8": [0.7197640117994101, 0.6076696165191741, 0.5250737463126843, 0.6578171091445427], "0.9": [0.584070796460177, 0.6076696165191741, 0.49852507374631266, 0.5132743362831859], "0.95": [0.56047197640118, 0.4778761061946903, 0.49262536873156343, 0.5368731563421829], "0.975": [0.4778761061946903, 0.48672566371681414, 0.4690265486725664, 0.6017699115044248]}}, "just_spurious": {"initial-transfer": {"0.025": [0.8615384615384616, 0.8423076923076923, 0.8423076923076923, 0.8807692307692307], "0.05": [0.8076923076923077, 0.6884615384615385, 0.8269230769230769, 0.8538461538461538], "0.1": [0.8423076923076923, 0.8153846153846154, 0.7538461538461538, 0.823076923076923], "0.2": [0.7307692307692307, 0.8307692307692308, 0.8038461538461539, 0.8038461538461539], "0.4": [0.7192307692307692, 0.7423076923076923, 0.7423076923076923, 0.7846153846153846], "0.6": [0.6884615384615385, 0.6115384615384616, 0.6692307692307692, 0.7115384615384616], "0.8": [0.6692307692307692, 0.6115384615384616, 0.6653846153846154, 0.6576923076923077], "0.9": [0.4653846153846154, 0.55, 0.5423076923076923, 0.4], "0.95": [0.40384615384615385, 0.5307692307692308, 0.41923076923076924, 0.35], "0.975": [0.33076923076923076, 0.28846153846153844, 0.38461538461538464, 0.39615384615384613]}, "initial-tune": {"0.025": [0.8192307692307692, 0.8615384615384616, 0.8115384615384615, 0.8461538461538461], "0.05": [0.7423076923076923, 0.8269230769230769, 0.8076923076923077, 0.8423076923076923], "0.1": [0.8615384615384616, 0.8730769230769231, 0.85, 0.85], "0.2": [0.7769230769230769, 0.7615384615384615, 0.7653846153846153, 0.7961538461538461], "0.4": [0.7576923076923077, 0.7653846153846153, 0.7269230769230769, 0.7384615384615385], "0.6": [0.7230769230769231, 0.7269230769230769, 0.6923076923076923, 0.7115384615384616], "0.8": [0.46923076923076923, 0.6076923076923076, 0.7346153846153847, 0.6153846153846154], "0.9": [0.47692307692307695, 0.5076923076923077, 0.5576923076923077, 0.5269230769230769], "0.95": [0.4846153846153846, 0.5115384615384615, 0.5038461538461538, 0.4153846153846154], "0.975": [0.4423076923076923, 0.4653846153846154, 0.4346153846153846, 0.43846153846153846]}}, "neither": {"initial-transfer": {"0.025": [0.2, 0.232, 0.168, 0.256], "0.05": [0.158, 0.192, 0.23, 0.282], "0.1": [0.296, 0.262, 0.19, 0.298], "0.2": [0.21, 0.554, 0.45, 0.406], "0.4": [0.562, 0.562, 0.624, 0.73], "0.6": [0.758, 0.576, 0.712, 0.81], "0.8": [0.86, 0.788, 0.866, 0.846], "0.9": [0.832, 0.85, 0.858, 0.772], "0.95": [0.854, 0.896, 0.866, 0.816], "0.975": [0.826, 0.784, 0.862, 0.86]}, "initial-tune": {"0.025": [0.194, 0.178, 0.16, 0.186], "0.05": [0.118, 0.192, 0.19, 0.268], "0.1": [0.414, 0.43, 0.384, 0.416], "0.2": [0.394, 0.452, 0.482, 0.468], "0.4": [0.686, 0.676, 0.67, 0.676], "0.6": [0.826, 0.83, 0.802, 0.786], "0.8": [0.774, 0.868, 0.914, 0.824],