{"just_main and just_main+just_spurious": {"initial-transfer": {"0.025": [0.32448377581120946, 0.2949852507374631, 0.2920353982300885, 0.31268436578171094], "0.05": [0.30383480825958703, 0.25073746312684364, 0.30383480825958703, 0.3392330383480826], "0.1": [0.3185840707964602, 0.2743362831858407, 0.26253687315634217, 0.26548672566371684], "0.2": [0.2153392330383481, 0.3008849557522124, 0.23893805309734514, 0.26843657817109146], "0.4": [0.22123893805309736, 0.25073746312684364, 0.23893805309734514, 0.2713864306784661], "0.6": [0.19469026548672566, 0.17699115044247787, 0.20353982300884957, 0.26843657817109146], "0.8": [0.17404129793510326, 0.15634218289085547, 0.17994100294985252, 0.15339233038348082], "0.9": [0.15634218289085547, 0.13569321533923304, 0.15339233038348082, 0.1504424778761062], "0.95": [0.16519174041297935, 0.16519174041297935, 0.1710914454277286, 0.19469026548672566], "0.975": [0.17699115044247787, 0.17699115044247787, 0.15634218289085547, 0.16519174041297935]}, "initial-tune": {"0.025": [0.2743362831858407, 0.3185840707964602, 0.32448377581120946, 0.3421828908554572], "0.05": [0.20058997050147492, 0.3333333333333333, 0.3303834808259587, 0.336283185840708], "0.1": [0.30383480825958703, 0.3421828908554572, 0.30678466076696165, 0.2890855457227139], "0.2": [0.2448377581120944, 0.2359882005899705, 0.2182890855457227, 0.25958702064896755], "0.4": [0.24188790560471976, 0.20058997050147492, 0.20648967551622419, 0.19469026548672566], "0.6": [0.2359882005899705, 0.28023598820059, 0.23303834808259588, 0.20648967551622419], "0.8": [0.15634218289085547, 0.15634218289085547, 0.24188790560471976, 0.14749262536873156], "0.9": [0.17404129793510326, 0.19174041297935104, 0.1887905604719764, 0.19174041297935104], "0.95": [0.19174041297935104, 0.21238938053097345, 0.1887905604719764, 0.21238938053097345], "0.975": [0.2182890855457227, 0.2153392330383481, 0.20353982300884957, 0.1415929203539823]}}, "just_spurious and just_spurious+just_main": {"initial-transfer": {"0.025": [0.03461538461538462, 0.026923076923076925, 0.046153846153846156, 0.03461538461538462], "0.05": [0.03461538461538462, 0.08846153846153847, 0.019230769230769232, 0.04230769230769231], "0.1": [0.023076923076923078, 0.05384615384615385, 0.03461538461538462, 0.038461538461538464], "0.2": [0.04230769230769231, 0.03461538461538462, 0.04230769230769231, 0.038461538461538464], "0.4": [0.057692307692307696, 0.038461538461538464, 0.03461538461538462, 0.023076923076923078], "0.6": [0.038461538461538464, 0.04230769230769231, 0.038461538461538464, 0.06538461538461539], "0.8": [0.04230769230769231, 0.03461538461538462, 0.03461538461538462, 0.057692307692307696], "0.9": [0.07307692307692308, 0.06153846153846154, 0.09230769230769231, 0.1], "0.95": [0.06923076923076923, 0.11923076923076924, 0.08846153846153847, 0.07307692307692308], "0.975": [0.09230769230769231, 0.04230769230769231, 0.1076923076923077, 0.057692307692307696]}, "initial-tune": {"0.025": [0.04230769230769231, 0.023076923076923078, 0.04230769230769231, 0.04230769230769231], "0.05": [0.03461538461538462, 0.038461538461538464, 0.026923076923076925, 0.046153846153846156], "0.1": [0.038461538461538464, 0.046153846153846156, 0.046153846153846156, 0.038461538461538464], "0.2": [0.05, 0.1, 0.06923076923076923, 0.08076923076923077], "0.4": [0.06923076923076923, 0.06538461538461539, 0.046153846153846156, 0.05384615384615385], "0.6": [0.07692307692307693, 0.046153846153846156, 0.038461538461538464, 0.046153846153846156], "0.8": [0.08461538461538462, 0.046153846153846156, 0.046153846153846156, 0.03461538461538462], "0.9": [0.06153846153846154, 0.06153846153846154, 0.08076923076923077, 0.06923076923076923], "0.95": [0.06923076923076923, 0.08461538461538462, 0.07307692307692308, 0.08461538461538462], "0.975": [0.038461538461538464, 0.06538461538461539, 0.06923076923076923, 0.07692307692307693]}}, "neither and neither+just_main": {"initial-transfer": {"0.025": [0.074, 0.074, 0.05, 0.064], "0.05": [0.034, 0.066, 0.068, 0.072], "0.1": [0.068, 0.074, 0.036, 0.068], "0.2": [0.066, 0.104, 0.084, 0.086], "0.4": [0.09, 0.092, 0.084, 0.064], "0.6": [0.042, 0.046, 0.08, 0.054], "0.8": [0.044, 0.048, 0.018, 0.034], "0.9": [0.056, 0.038, 0.034, 0.026], "0.95": [0.05, 0.03, 0.046, 0.07], "0.975": [0.052, 0.052, 0.046, 0.038]}, "initial-tune": {"0.025": [0.05, 0.044, 0.038, 0.034], "0.05": [0.038, 0.062, 0.064, 0.072], "0.1": [0.084, 0.064, 0.078, 0.082], "0.2": [0.088, 0.118, 0.074, 0.104], "0.4": [0.104, 0.082, 0.078, 0.074], "0.6": [0.076, 0.04, 0.056, 0.07], "0.8": [0.074, 0.052, 0.03, 0.06], "0.9": [0.072, 0.072, 0.052, 0.066], "0.95": [0.06, 0.04, 0.056, 0.062], "0.975": [0.03, 0.05, 0.042, 0.086]}}, "neither and neither+just_spurious": {"initial-transfer": {"0.025": [0.33, 0.32, 0.29, 0.32], "0.05": [0.286, 0.23, 0.308, 0.29], "0.1": [0.3, 0.27, 0.272, 0.246], "0.2": [0.234, 0.218, 0.228, 0.262], "0.4": [0.198, 0.216, 0.212, 0.162], "0.6": [0.172, 0.152, 0.18, 0.15], "0.8": [0.12, 0.146, 0.104, 0.136], "0.9": [0.202, 0.156, 0.172, 0.216], "0.95": [0.196, 0.116, 0.186, 0.208], "0.975": [0.236, 0.23, 0.18, 0.206]}, "initial-tune": {"0.025": [0.312, 0.336, 0.33, 0.338], "0.05": [0.274, 0.322, 0.332, 0.344], "0.1": [0.258, 0.264, 0.254, 0.254], "0.2": [0.24, 0.242, 0.208, 0.236], "0.4": [0.212, 0.202, 0.194, 0.2], "0.6": [0.144, 0.12, 0.16, 0.14], "0.8": [0.234, 0.146, 0.102, 0.178], "0.9": [0.202, 0.186, 0.168, 0.172], "0.95": [0.174, 0.188, 0.172, 0.214], "0.975": [0.172, 0.19, 0.178, 0.254]}}}