{"both and spurious-box": {"initial-transfer": {"0.025": [0.33195020746887965, 0.3112033195020747, 0.3153526970954357, 0.3360995850622407], "0.05": [0.2863070539419087, 0.22821576763485477, 0.2821576763485477, 0.3236514522821577], "0.1": [0.24481327800829875, 0.26141078838174275, 0.24896265560165975, 0.26556016597510373], "0.2": [0.23236514522821577, 0.2572614107883817, 0.23651452282157676, 0.2697095435684647], "0.4": [0.12448132780082988, 0.17427385892116182, 0.17427385892116182, 0.18672199170124482], "0.6": [0.08713692946058091, 0.07053941908713693, 0.1078838174273859, 0.13692946058091288], "0.8": [0.1078838174273859, 0.0995850622406639, 0.12033195020746888, 0.0912863070539419], "0.9": [0.1037344398340249, 0.12863070539419086, 0.12863070539419086, 0.08298755186721991], "0.95": [0.12863070539419086, 0.17012448132780084, 0.11618257261410789, 0.13278008298755187], "0.975": [0.12033195020746888, 0.12033195020746888, 0.17012448132780084, 0.14937759336099585]}, "initial-tune": {"0.025": [0.21161825726141079, 0.35269709543568467, 0.3070539419087137, 0.3029045643153527], "0.05": [0.23236514522821577, 0.3153526970954357, 0.2572614107883817, 0.2572614107883817], "0.1": [0.2033195020746888, 0.2697095435684647, 0.27385892116182575, 0.21991701244813278], "0.2": [0.18672199170124482, 0.13692946058091288, 0.17427385892116182, 0.14937759336099585], "0.4": [0.1037344398340249, 0.12033195020746888, 0.1037344398340249, 0.08298755186721991], "0.6": [0.1037344398340249, 0.1078838174273859, 0.0954356846473029, 0.0954356846473029], "0.8": [0.07883817427385892, 0.1037344398340249, 0.07053941908713693, 0.07883817427385892], "0.9": [0.1037344398340249, 0.13278008298755187, 0.0954356846473029, 0.14937759336099585], "0.95": [0.12033195020746888, 0.13278008298755187, 0.0954356846473029, 0.14107883817427386], "0.975": [0.0995850622406639, 0.13278008298755187, 0.13692946058091288, 0.11618257261410789]}}, "both and spurious-pixel-paint": {"initial-transfer": {"0.025": [0.14937759336099585, 0.14937759336099585, 0.15767634854771784, 0.11618257261410789], "0.05": [0.1825726141078838, 0.18672199170124482, 0.14522821576763487, 0.0912863070539419], "0.1": [0.0954356846473029, 0.12448132780082988, 0.12033195020746888, 0.11618257261410789], "0.2": [0.14107883817427386, 0.12448132780082988, 0.11618257261410789, 0.15352697095435686], "0.4": [0.12863070539419086, 0.11618257261410789, 0.12033195020746888, 0.08713692946058091], "0.6": [0.08713692946058091, 0.07053941908713693, 0.08713692946058091, 0.13278008298755187], "0.8": [0.0995850622406639, 0.1037344398340249, 0.11203319502074689, 0.07468879668049792], "0.9": [0.07053941908713693, 0.08713692946058091, 0.08713692946058091, 0.06639004149377593], "0.95": [0.07468879668049792, 0.13278008298755187, 0.1037344398340249, 0.07468879668049792], "0.975": [0.0954356846473029, 0.07468879668049792, 0.12448132780082988, 0.1037344398340249]}, "initial-tune": {"0.025": [0.07468879668049792, 0.07883817427385892, 0.13692946058091288, 0.11203319502074689], "0.05": [0.13692946058091288, 0.14522821576763487, 0.14107883817427386, 0.1078838174273859], "0.1": [0.11203319502074689, 0.1037344398340249, 0.12863070539419086, 0.07883817427385892], "0.2": [0.14937759336099585, 0.08298755186721991, 0.12448132780082988, 0.13692946058091288], "0.4": [0.14937759336099585, 0.11618257261410789, 0.12033195020746888, 0.0995850622406639], "0.6": [0.11618257261410789, 0.15352697095435686, 0.13278008298755187, 0.12448132780082988], "0.8": [0.08713692946058091, 0.13278008298755187, 0.17427385892116182, 0.08298755186721991], "0.9": [0.08713692946058091, 0.0954356846473029, 0.12448132780082988, 0.13278008298755187], "0.95": [0.08298755186721991, 0.12863070539419086, 0.08713692946058091, 0.08713692946058091], "0.975": [0.08713692946058091, 0.0954356846473029, 0.12863070539419086, 0.07053941908713693]}}, "just_spurious and spurious-box": {"initial-transfer": {"0.025": [0.6307692307692307, 0.6423076923076924, 0.6576923076923077, 0.5923076923076923], "0.05": [0.65, 0.5538461538461539, 0.6384615384615384, 0.6230769230769231], "0.1": [0.5538461538461539, 0.5961538461538461, 0.5807692307692308, 0.55], "0.2": [0.5692307692307692, 0.3730769230769231, 0.5115384615384615, 0.5153846153846153], "0.4": [0.2, 0.4230769230769231, 0.22692307692307692, 0.18076923076923077], "0.6": [0.14615384615384616, 0.20384615384615384, 0.2, 0.1423076923076923], "0.8": [0.13076923076923078, 0.12307692307692308, 0.11538461538461539, 0.09615384615384616], "0.9": [0.24615384615384617, 0.2, 0.18461538461538463, 0.23846153846153847], "0.95": [0.2692307692307692, 0.2692307692307692, 0.2846153846153846, 0.3192307692307692], "0.975": [0.35, 0.3576923076923077, 0.36153846153846153, 0.31153846153846154]}, "initial-tune": {"0.025": [0.21923076923076923, 0.6153846153846154, 0.6346153846153846, 0.4846153846153846], "0.05": [0.5846153846153846, 0.5615384615384615, 0.5576923076923077, 0.38076923076923075], "0.1": [0.13846153846153847, 0.29615384615384616, 0.3384615384615385, 0.18461538461538463], "0.2": [0.17692307692307693, 0.16538461538461538, 0.1576923076923077, 0.14615384615384616], "0.4": [0.10384615384615385, 0.10384615384615385, 0.10384615384615385, 0.10384615384615385], "0.6": [0.1, 0.11538461538461539, 0.11153846153846154, 0.14615384615384616], "0.8": [0.20384615384615384, 0.16538461538461538, 0.12692307692307692, 0.12692307692307692], "0.9": [0.25384615384615383, 0.23461538461538461, 0.21153846153846154, 0.24615384615384617], "0.95": [0.25769230769230766, 0.2846153846153846, 0.25384615384615383, 0.3346153846153846], "0.975": [0.2923076923076923, 0.3230769230769231, 0.3192307692307692, 0.25769230769230766]}}, "just_spurious and spurious-pixel-paint": {"initial-transfer": {"0.025": [0.23461538461538461, 0.1423076923076923, 0.24615384615384617, 0.18461538461538463], "0.05": [0.26153846153846155, 0.3346153846153846, 0.2, 0.14615384615384616], "0.1": [0.11538461538461539, 0.25, 0.18846153846153846, 0.2153846153846154], "0.2": [0.23461538461538461, 0.08461538461538462, 0.1576923076923077, 0.1576923076923077], "0.4": [0.1, 0.11538461538461539, 0.05384615384615385, 0.05384615384615385], "0.6": [0.07692307692307693, 0.1, 0.057692307692307696, 0.08076923076923077], "0.8": [0.11153846153846154, 0.08846153846153847, 0.08076923076923077, 0.1], "0.9": [0.17692307692307693, 0.1423076923076923, 0.15, 0.2], "0.95": [0.21153846153846154, 0.2230769230769231, 0.23461538461538461, 0.2692307692307692], "0.975": [0.28846153846153844, 0.26153846153846155, 0.25384615384615383, 0.25]}, "initial-tune": {"0.025": [0.20384615384615384, 0.21153846153846154, 0.25, 0.2846153846153846], "0.05": [0.3, 0.21153846153846154, 0.1346153846153846, 0.14615384615384616], "0.1": [0.07692307692307693, 0.13076923076923078, 0.1, 0.06538461538461539], "0.2": [0.08076923076923077, 0.1423076923076923, 0.1, 0.09615384615384616], "0.4": [0.09615384615384616, 0.07307692307692308, 0.1, 0.06923076923076923], "0.6": [0.07307692307692308, 0.08846153846153847, 0.08846153846153847, 0.1], "0.8": [0.2076923076923077, 0.12692307692307692, 0.09615384615384616, 0.12692307692307692], "0.9": [0.19615384615384615, 0.17307692307692307, 0.19230769230769232, 0.2230769230769231], "0.95": [0.2, 0.21923076923076923, 0.19615384615384615, 0.2153846153846154], "0.975": [0.23461538461538461, 0.27307692307692305, 0.25, 0.19230769230769232]}}}