{"both and main-box": {"initial-transfer": {"0.025": [0.06224066390041494, 0.07468879668049792, 0.029045643153526972, 0.05394190871369295], "0.05": [0.03319502074688797, 0.04149377593360996, 0.05394190871369295, 0.058091286307053944], "0.1": [0.04149377593360996, 0.04564315352697095, 0.024896265560165973, 0.03734439834024896], "0.2": [0.029045643153526972, 0.08713692946058091, 0.06639004149377593, 0.07053941908713693], "0.4": [0.06224066390041494, 0.04564315352697095, 0.06639004149377593, 0.06224066390041494], "0.6": [0.058091286307053944, 0.04979253112033195, 0.04564315352697095, 0.07468879668049792], "0.8": [0.07468879668049792, 0.04564315352697095, 0.07883817427385892, 0.06224066390041494], "0.9": [0.029045643153526972, 0.04564315352697095, 0.05394190871369295, 0.02074688796680498], "0.95": [0.04979253112033195, 0.058091286307053944, 0.029045643153526972, 0.04564315352697095], "0.975": [0.024896265560165973, 0.03319502074688797, 0.04564315352697095, 0.03734439834024896]}, "initial-tune": {"0.025": [0.04149377593360996, 0.07053941908713693, 0.03319502074688797, 0.03734439834024896], "0.05": [0.04564315352697095, 0.058091286307053944, 0.03734439834024896, 0.05394190871369295], "0.1": [0.08298755186721991, 0.08298755186721991, 0.06224066390041494, 0.04979253112033195], "0.2": [0.05394190871369295, 0.07053941908713693, 0.06639004149377593, 0.07883817427385892], "0.4": [0.0954356846473029, 0.08713692946058091, 0.08298755186721991, 0.07468879668049792], "0.6": [0.07468879668049792, 0.07468879668049792, 0.06639004149377593, 0.1037344398340249], "0.8": [0.03319502074688797, 0.058091286307053944, 0.06639004149377593, 0.05394190871369295], "0.9": [0.03734439834024896, 0.04564315352697095, 0.03734439834024896, 0.05394190871369295], "0.95": [0.03734439834024896, 0.03734439834024896, 0.04979253112033195, 0.058091286307053944], "0.975": [0.06224066390041494, 0.04564315352697095, 0.06639004149377593, 0.03734439834024896]}}, "both and main-pixel-paint": {"initial-transfer": {"0.025": [0.06224066390041494, 0.04564315352697095, 0.04979253112033195, 0.06224066390041494], "0.05": [0.05394190871369295, 0.04564315352697095, 0.03734439834024896, 0.04564315352697095], "0.1": [0.04149377593360996, 0.04979253112033195, 0.05394190871369295, 0.05394190871369295], "0.2": [0.029045643153526972, 0.07468879668049792, 0.04979253112033195, 0.058091286307053944], "0.4": [0.07053941908713693, 0.058091286307053944, 0.07053941908713693, 0.07468879668049792], "0.6": [0.07883817427385892, 0.04149377593360996, 0.04979253112033195, 0.11618257261410789], "0.8": [0.06224066390041494, 0.04564315352697095, 0.07053941908713693, 0.05394190871369295], "0.9": [0.04149377593360996, 0.04149377593360996, 0.06639004149377593, 0.03734439834024896], "0.95": [0.04564315352697095, 0.04564315352697095, 0.04564315352697095, 0.03734439834024896], "0.975": [0.04149377593360996, 0.029045643153526972, 0.08298755186721991, 0.058091286307053944]}, "initial-tune": {"0.025": [0.058091286307053944, 0.06224066390041494, 0.06224066390041494, 0.07468879668049792], "0.05": [0.03734439834024896, 0.06224066390041494, 0.07468879668049792, 0.07468879668049792], "0.1": [0.0995850622406639, 0.07883817427385892, 0.11203319502074689, 0.1078838174273859], "0.2": [0.08298755186721991, 0.07883817427385892, 0.0912863070539419, 0.12863070539419086], "0.4": [0.17012448132780084, 0.1078838174273859, 0.14522821576763487, 0.13278008298755187], "0.6": [0.13692946058091288, 0.1991701244813278, 0.12863070539419086, 0.16182572614107885], "0.8": [0.04564315352697095, 0.1078838174273859, 0.12448132780082988, 0.08298755186721991], "0.9": [0.05394190871369295, 0.07883817427385892, 0.07053941908713693, 0.1037344398340249], "0.95": [0.05394190871369295, 0.08713692946058091, 0.04979253112033195, 0.07053941908713693], "0.975": [0.04979253112033195, 0.058091286307053944, 0.08298755186721991, 0.03734439834024896]}}, "just_main and main-box": {"initial-transfer": {"0.025": [0.061946902654867256, 0.061946902654867256, 0.04129793510324484, 0.05604719764011799], "0.05": [0.035398230088495575, 0.04129793510324484, 0.0471976401179941, 0.06784660766961652], "0.1": [0.06784660766961652, 0.029498525073746312, 0.029498525073746312, 0.032448377581120944], "0.2": [0.035398230088495575, 0.09144542772861357, 0.05604719764011799, 0.06784660766961652], "0.4": [0.058997050147492625, 0.07964601769911504, 0.07079646017699115, 0.0855457227138643], "0.6": [0.10029498525073746, 0.05309734513274336, 0.08259587020648967, 0.11799410029498525], "0.8": [0.06489675516224189, 0.0855457227138643, 0.08259587020648967, 0.08259587020648967], "0.9": [0.07374631268436578, 0.09144542772861357, 0.07964601769911504, 0.058997050147492625], "0.95": [0.09144542772861357, 0.07964601769911504, 0.06784660766961652, 0.09144542772861357], "0.975": [0.0855457227138643, 0.07964601769911504, 0.08259587020648967, 0.09144542772861357]}, "initial-tune": {"0.025": [0.0471976401179941, 0.07079646017699115, 0.04129793510324484, 0.04424778761061947], "0.05": [0.017699115044247787, 0.0471976401179941, 0.038348082595870206, 0.04129793510324484], "0.1": [0.0855457227138643, 0.07079646017699115, 0.0471976401179941, 0.06784660766961652], "0.2": [0.038348082595870206, 0.07669616519174041, 0.05309734513274336, 0.09144542772861357], "0.4": [0.12684365781710916, 0.0855457227138643, 0.10619469026548672, 0.0943952802359882], "0.6": [0.13864306784660768, 0.1504424778761062, 0.10914454277286136, 0.12684365781710916], "0.8": [0.13864306784660768, 0.12389380530973451, 0.10324483775811209, 0.11504424778761062], "0.9": [0.08849557522123894, 0.12389380530973451, 0.09734513274336283, 0.08849557522123894], "0.95": [0.11209439528023599, 0.0943952802359882, 0.0855457227138643, 0.10619469026548672], "0.975": [0.0943952802359882, 0.0943952802359882, 0.08849557522123894, 0.09144542772861357]}}, "just_main and main-pixel-paint": {"initial-transfer": {"0.025": [0.05604719764011799, 0.06489675516224189, 0.0471976401179941, 0.05309734513274336], "0.05": [0.06784660766961652, 0.05309734513274336, 0.058997050147492625, 0.07964601769911504], "0.1": [0.061946902654867256, 0.058997050147492625, 0.04424778761061947, 0.05604719764011799], "0.2": [0.038348082595870206, 0.10914454277286136, 0.058997050147492625, 0.07964601769911504], "0.4": [0.0943952802359882, 0.08259587020648967, 0.10619469026548672, 0.13864306784660768], "0.6": [0.12684365781710916, 0.0855457227138643, 0.10324483775811209, 0.15634218289085547], "0.8": [0.07374631268436578, 0.09144542772861357, 0.09734513274336283, 0.07374631268436578], "0.9": [0.06489675516224189, 0.0855457227138643, 0.07669616519174041, 0.0471976401179941], "0.95": [0.07964601769911504, 0.07964601769911504, 0.07964601769911504, 0.0855457227138643], "0.975": [0.07374631268436578, 0.09144542772861357, 0.06784660766961652, 0.05604719764011799]}, "initial-tune": {"0.025": [0.058997050147492625, 0.05309734513274336, 0.07079646017699115, 0.05014749262536873], "0.05": [0.035398230088495575, 0.06489675516224189, 0.04424778761061947, 0.061946902654867256], "0.1": [0.0855457227138643, 0.10619469026548672, 0.07374631268436578, 0.08849557522123894], "0.2": [0.07374631268436578, 0.06489675516224189, 0.08259587020648967, 0.09144542772861357], "0.4": [0.18584070796460178, 0.14749262536873156, 0.15339233038348082, 0.15634218289085547], "0.6": [0.16224188790560473, 0.22123893805309736, 0.18289085545722714, 0.17404129793510326], "0.8": [0.14454277286135694, 0.1710914454277286, 0.18289085545722714, 0.16224188790560473], "0.9": [0.13274336283185842, 0.14749262536873156, 0.13864306784660768, 0.12979351032448377], "0.95": [0.13864306784660768, 0.11209439528023599, 0.10324483775811209, 0.11799410029498525], "0.975": [0.11504424778761062, 0.12389380530973451, 0.11209439528023599, 0.10324483775811209]}}}