{"both": 0.8309178743961353, "just_main": 0.7441860465116279, "just_spurious": 0.226, "neither": 0.23, "average": 0.5077759802269408}