{"average": {"initial-tune": {"0.025": [0.6351654961558635, 0.6520578283506671, 0.6207526768238861, 0.634123217049801, 0.6419277161607245, 0.6345415179542285, 0.6438180783154879, 0.620774456000307], "0.05": [0.6484999552263628, 0.6407533548246792, 0.6529576889127682, 0.6514563457036497, 0.6300857798927992, 0.6539345409422932, 0.6475646531322359, 0.6653630054623837], "0.1": [0.6840237684051631, 0.6839501989228742, 0.6840230904043699, 0.6840237811976309, 0.7009297629555717, 0.6748806590679408, 0.6749147829757838, 0.684717926085121], "0.2": [0.7066416126184902, 0.7358037187703881, 0.7111292934720037, 0.7432662688209182, 0.7306000626830922, 0.7425919074848729, 0.7381000626830921, 0.736373911041179], "0.4": [0.771279822440547, 0.7709303961827276, 0.7391857786135523, 0.7647832828030856, 0.7713643294828005, 0.7742846388046719, 0.7778711670568369, 0.7796477146256284], "0.6": [0.7641332911181896, 0.7816926929423955, 0.7855577515958603, 0.7764575865730258, 0.7755522572309425, 0.7952096685471594, 0.7771075078993489, 0.7856367770656637], "0.8": [0.7594629722019675, 0.7460644804339206, 0.7603471619910197, 0.7547954100625551, 0.7606142111524735, 0.7596060559542541, 0.7616694362359442, 0.7625563124432334], "0.9": [0.7347034258228755, 0.7434942753706617, 0.723283129293472, 0.7278164280871423, 0.7438927799311765, 0.731934368243978, 0.7269247483081962, 0.7305174105486689], "0.95": [0.7146134372081718, 0.6968184492970538, 0.6982312558365634, 0.7155350769466937, 0.7023627112356244, 0.7086740223356487, 0.7152585293779024, 0.7076651891366363], "0.975": [0.688139258804416, 0.6876808471172173, 0.6978340944851671, 0.6691296388686341, 0.6694832034897852, 0.6933804863696256, 0.685507803405355, 0.6601582556190915]}, "minimal-tune": {"0.025": [0.6964774276905757, 0.6853419298716916, 0.6801416382034258, 0.675192724923565, 0.7089249977613181, 0.6578241547376904, 0.6978228243210398, 0.699628653848614], "0.05": [0.7144188637730106, 0.7104536145117755, 0.6906354914226505, 0.6919780801064332, 0.7071198590270049, 0.694542163973852, 0.6966729285796524, 0.690657283391539], "0.1": [0.7169338437527983, 0.7356163986644664, 0.7325564787453147, 0.7313173683335252, 0.7323044223561167, 0.7219829476404294, 0.727899745429891, 0.7115672947768353], "0.2": [0.7369930856711568, 0.7575510099653324, 0.7686021094779393, 0.7441886121451688, 0.7393704890560439, 0.7442540136367706, 0.7541626818129485, 0.7360230584232004], "0.4": [0.7552014749715368, 0.7783227667549346, 0.7676334254391015, 0.7590434112394622, 0.7693316127464148, 0.7782069693364547, 0.771807773982679, 0.7596442414706222], "0.6": [0.7885570735950671, 0.7708860255081807, 0.782518958437272, 0.7750781875631628, 0.7856061391052948, 0.7790870207621752, 0.7766510790446585, 0.7637144593263487], "0.8": [0.7505120249197272, 0.7520509012293561, 0.7658076908316384, 0.7660727059907126, 0.7522266441519233, 0.7770740747847668, 0.7627184889537041, 0.7636339819114505], "0.9": [0.7569446405956173, 0.7525311688477825, 0.7441373463304807, 0.7576148763607988, 0.7419671105652992, 0.7612096813396272, 0.7530917411827915, 0.7394935845774008], "0.95": [0.7215187409653196, 0.7268573256066828, 0.723133885967942, 0.7379425106497295, 0.7072946233257857, 0.6984185631500174, 0.7317197234268463, 0.715388628775377], "0.975": [0.7259016003377212, 0.7098907459287972, 0.7050398805183508, 0.7154165803175091, 0.6825125941845441, 0.7336005743818039, 0.6815275741643321, 0.7256298563405867]}, "simple-tune": {"0.025": [0.6278902790037226, 0.6389481777129626, 0.6356300418313696, 0.6378970909928234, 0.6494127489734045, 0.6298616622532652, 0.6245067672154636, 0.6345646531322358], "0.05": [0.6527683220119993, 0.638934553734761, 0.6640803111128167, 0.6591300546238374, 0.6655387228000154, 0.6531232426347366, 0.6531157398523749, 0.6449699824743191], "0.1": [0.6709447301428918, 0.6878929910068952, 0.706822120735311, 0.6795592227296567, 0.6807765027951542, 0.6814365749446726, 0.6900012984354812, 0.6737989727648361], "0.2": [0.7188983894283045, 0.7225189904184417, 0.7349331657520053, 0.697850072277443, 0.7281068618797253, 0.7195408207647338, 0.7246790753604277, 0.7214971984495528], "0.4": [0.7570591779560195, 0.7741538741988716, 0.7793581954944928, 0.7667648552532269, 0.7790006140384542, 0.7773002967852528, 0.7647280705120825, 0.7844719972879969], "0.6": [0.7847164805362603, 0.7893124944032953, 0.7666674022335649, 0.7804201366235561, 0.7772763876629442, 0.7881878637858029, 0.7917301173069297, 0.7872594120581802], "0.8": [0.7517450013432091, 0.7272252177917642, 0.761865615125814, 0.7569268654616162, 0.7630930843919101, 0.7720536388174642, 0.7650979007560349, 0.7615638024331274], "0.9": [0.7327783129293473, 0.7352252177917642, 0.73875517775134, 0.724416580317509, 0.740782451292679, 0.7354520218495351, 0.7229042867559581, 0.7277721661485718], "0.95": [0.7029608550485474, 0.7023102813063669, 0.6897809993475842, 0.7059240830998708, 0.6866031520640646, 0.6956290823962851, 0.7094738266108915, 0.7077585293779023], "0.975": [0.6764948318430108, 0.6955500569264818, 0.6788435928925048, 0.6757475790254698, 0.6851583771475356, 0.7001380371237416, 0.7094874633815609, 0.6987946361182535]}}, "both": {"initial-tune": {"0.025": [0.26430517711171664, 0.16621253405994552, 0.22343324250681199, 0.14986376021798364, 0.17438692098092642, 0.2098092643051771, 0.26430517711171664, 0.14168937329700274], "0.05": [0.2997275204359673, 0.2561307901907357, 0.24250681198910082, 0.23433242506811988, 0.19346049046321526, 0.2016348773841962, 0.19346049046321526, 0.22343324250681199], "0.1": [0.31607629427792916, 0.23978201634877383, 0.28337874659400547, 0.37329700272479566, 0.329700272479564, 0.1880108991825613, 0.3242506811989101, 0.28337874659400547], "0.2": [0.4332425068119891, 0.5340599455040872, 0.329700272479564, 0.5204359673024523, 0.5803814713896458, 0.6021798365122616, 0.5803814713896458, 0.5040871934604905], "0.4": [0.6457765667574932, 0.662125340599455, 0.4877384196185286, 0.6239782016348774, 0.6457765667574932, 0.6893732970027248, 0.7302452316076294, 0.7275204359673024], "0.6": [0.7111716621253406, 0.9155313351498637, 0.8228882833787466, 0.784741144414169, 0.7465940054495913, 0.8474114441416893, 0.8828337874659401, 0.8038147138964578], "0.8": [0.8746594005449592, 0.9209809264305178, 0.8555858310626703, 0.8692098092643051, 0.8664850136239782, 0.888283378746594, 0.888283378746594, 0.885558583106267], "0.9": [0.9237057220708447, 0.8937329700272479, 0.9373297002724795, 0.8828337874659401, 0.9046321525885559, 0.9291553133514986, 0.8991825613079019, 0.8773841961852861], "0.95": [0.9046321525885559, 0.9237057220708447, 0.9073569482288828, 0.8991825613079019, 0.9073569482288828, 0.9019073569482289, 0.9019073569482289, 0.8910081743869209], "0.975": [0.9046321525885559, 0.9291553133514986, 0.9046321525885559, 0.8746594005449592, 0.8692098092643051, 0.9155313351498637, 0.9046321525885559, 0.8773841961852861]}, "minimal-tune": {"0.025": [0.5340599455040872, 0.45231607629427795, 0.547683923705722, 0.55858310626703, 0.5149863760217984, 0.444141689373297, 0.49318801089918257, 0.46866485013623976], "0.05": [0.5776566757493188, 0.5177111716621253, 0.553133514986376, 0.45231607629427795, 0.6294277929155313, 0.5994550408719346, 0.5095367847411444, 0.5286103542234333], "0.1": [0.5831062670299727, 0.6512261580381471, 0.6294277929155313, 0.5885558583106267, 0.6811989100817438, 0.7247956403269755, 0.5613079019073569, 0.5095367847411444], "0.2": [0.5722070844686649, 0.667574931880109, 0.7356948228882834, 0.662125340599455, 0.6975476839237057, 0.7029972752043597, 0.6757493188010899, 0.6403269754768393], "0.4": [0.6975476839237057, 0.7356948228882834, 0.8119891008174387, 0.6784741144414169, 0.8038147138964578, 0.773841961852861, 0.6730245231607629, 0.6920980926430518], "0.6": [0.7901907356948229, 0.6920980926430518, 0.8010899182561307, 0.7329700272479565, 0.7602179836512262, 0.7438692098092643, 0.776566757493188, 0.776566757493188],