{"just_main and just_main+just_spurious": {"initial-tune": {"0.025": [0.19718309859154928, 0.26291079812206575, 0.2112676056338028, 0.2676056338028169, 0.27699530516431925, 0.215962441314554, 0.20657276995305165, 0.3145539906103286], "0.05": [0.1267605633802817, 0.18309859154929578, 0.19248826291079812, 0.1784037558685446, 0.27230046948356806, 0.26291079812206575, 0.26291079812206575, 0.1784037558685446], "0.1": [0.13145539906103287, 0.19718309859154928, 0.18309859154929578, 0.15023474178403756, 0.1643192488262911, 0.2300469483568075, 0.17370892018779344, 0.1596244131455399], "0.2": [0.14084507042253522, 0.10328638497652583, 0.16901408450704225, 0.07042253521126761, 0.06103286384976526, 0.07042253521126761, 0.07511737089201878, 0.0892018779342723], "0.4": [0.11737089201877934, 0.107981220657277, 0.13615023474178403, 0.0892018779342723, 0.07981220657276995, 0.07042253521126761, 0.06572769953051644, 0.07981220657276995], "0.6": [0.12206572769953052, 0.046948356807511735, 0.08450704225352113, 0.07042253521126761, 0.0892018779342723, 0.10328638497652583, 0.07511737089201878, 0.07042253521126761], "0.8": [0.14553990610328638, 0.1596244131455399, 0.13615023474178403, 0.12206572769953052, 0.13145539906103287, 0.107981220657277, 0.107981220657277, 0.14084507042253522], "0.9": [0.18309859154929578, 0.18309859154929578, 0.2112676056338028, 0.2535211267605634, 0.15023474178403756, 0.1784037558685446, 0.17370892018779344, 0.16901408450704225], "0.95": [0.19718309859154928, 0.2300469483568075, 0.2112676056338028, 0.2347417840375587, 0.25821596244131456, 0.24882629107981222, 0.20187793427230047, 0.2300469483568075], "0.975": [0.27230046948356806, 0.24882629107981222, 0.24882629107981222, 0.29107981220657275, 0.28169014084507044, 0.24413145539906103, 0.28169014084507044, 0.29107981220657275]}, "minimal-tune": {"0.025": [0.11737089201877934, 0.06572769953051644, 0.051643192488262914, 0.06103286384976526, 0.07042253521126761, 0.09389671361502347, 0.0892018779342723, 0.08450704225352113], "0.05": [0.07042253521126761, 0.056338028169014086, 0.07042253521126761, 0.09859154929577464, 0.051643192488262914, 0.07042253521126761, 0.10328638497652583, 0.07511737089201878], "0.1": [0.07042253521126761, 0.08450704225352113, 0.051643192488262914, 0.07042253521126761, 0.07042253521126761, 0.028169014084507043, 0.0892018779342723, 0.13615023474178403], "0.2": [0.1267605633802817, 0.07042253521126761, 0.07511737089201878, 0.06103286384976526, 0.0892018779342723, 0.056338028169014086, 0.107981220657277, 0.08450704225352113], "0.4": [0.14084507042253522, 0.07042253521126761, 0.046948356807511735, 0.107981220657277, 0.10328638497652583, 0.08450704225352113, 0.11737089201877934, 0.13145539906103287], "0.6": [0.107981220657277, 0.14553990610328638, 0.06572769953051644, 0.07981220657276995, 0.09389671361502347, 0.11737089201877934, 0.09389671361502347, 0.051643192488262914], "0.8": [0.13615023474178403, 0.12206572769953052, 0.11267605633802817, 0.15492957746478872, 0.11267605633802817, 0.13145539906103287, 0.1267605633802817, 0.09389671361502347], "0.9": [0.11267605633802817, 0.1267605633802817, 0.14553990610328638, 0.1267605633802817, 0.14084507042253522, 0.0892018779342723, 0.12206572769953052, 0.15492957746478872], "0.95": [0.15492957746478872, 0.14084507042253522, 0.19718309859154928, 0.14084507042253522, 0.1784037558685446, 0.15023474178403756, 0.15023474178403756, 0.215962441314554], "0.975": [0.17370892018779344, 0.1643192488262911, 0.2112676056338028, 0.1784037558685446, 0.20187793427230047, 0.14553990610328638, 0.1784037558685446, 0.107981220657277]}, "simple-tune": {"0.025": [0.23943661971830985, 0.22535211267605634, 0.23943661971830985, 0.2347417840375587, 0.20187793427230047, 0.18309859154929578, 0.20657276995305165, 0.24413145539906103], "0.05": [0.22535211267605634, 0.18309859154929578, 0.20657276995305165, 0.2300469483568075, 0.18779342723004694, 0.19248826291079812, 0.24882629107981222, 0.18779342723004694], "0.1": [0.15492957746478872, 0.15492957746478872, 0.1596244131455399, 0.13145539906103287, 0.18309859154929578, 0.1596244131455399, 0.1643192488262911, 0.1784037558685446], "0.2": [0.09389671361502347, 0.13145539906103287, 0.10328638497652583, 0.14084507042253522, 0.12206572769953052, 0.06103286384976526, 0.14084507042253522, 0.1267605633802817], "0.4": [0.051643192488262914, 0.07042253521126761, 0.07042253521126761, 0.07511737089201878, 0.056338028169014086, 0.07511737089201878, 0.09859154929577464, 0.051643192488262914], "0.6": [0.08450704225352113, 0.0892018779342723, 0.06103286384976526, 0.056338028169014086, 0.08450704225352113, 0.07511737089201878, 0.07981220657276995, 0.09389671361502347], "0.8": [0.14553990610328638, 0.20187793427230047, 0.12206572769953052, 0.13615023474178403, 0.15492957746478872, 0.0892018779342723, 0.12206572769953052, 0.14084507042253522], "0.9": [0.1643192488262911, 0.1596244131455399, 0.17370892018779344, 0.19718309859154928, 0.1784037558685446, 0.1596244131455399, 0.14553990610328638, 0.1784037558685446], "0.95": [0.20187793427230047, 0.22535211267605634, 0.20657276995305165, 0.19718309859154928, 0.2347417840375587, 0.2347417840375587, 0.22535211267605634, 0.22535211267605634], "0.975": [0.3004694835680751, 0.23943661971830985, 0.24882629107981222, 0.2676056338028169, 0.27230046948356806, 0.19718309859154928, 0.19718309859154928, 0.24413145539906103]}}, "just_spurious and just_spurious+just_main": {"initial-tune": {"0.025": [0.092, 0.062, 0.084, 0.042, 0.05, 0.056, 0.076, 0.06], "0.05": [0.096, 0.08, 0.07, 0.072, 0.048, 0.05, 0.048, 0.06], "0.1": [0.082, 0.048, 0.062, 0.074, 0.066, 0.048, 0.076, 0.07], "0.2": [0.068, 0.078, 0.048, 0.1, 0.102, 0.1, 0.134, 0.1], "0.4": [0.074, 0.08, 0.046, 0.088, 0.08, 0.092, 0.1, 0.086], "0.6": [0.062, 0.134, 0.112, 0.086, 0.078, 0.108, 0.15, 0.08], "0.8": [0.088, 0.098, 0.078, 0.102, 0.102, 0.108, 0.12, 0.11], "0.9": [0.128, 0.11, 0.112, 0.102, 0.078, 0.102, 0.11, 0.088], "0.95": [0.104, 0.096, 0.096, 0.096, 0.086, 0.098, 0.11, 0.11], "0.975": [0.086, 0.11, 0.082, 0.074, 0.076, 0.084, 0.094, 0.068]}, "minimal-tune": {"0.025": [0.388, 0.37, 0.368, 0.368, 0.358, 0.38, 0.378, 0.39], "0.05": [0.394, 0.322, 0.382, 0.36, 0.388, 0.354, 0.346, 0.378], "0.1": [0.26, 0.368, 0.324, 0.312, 0.328, 0.378, 0.31, 0.234], "0.2": [0.308, 0.346, 0.308, 0.346, 0.366, 0.32, 0.356, 0.352], "0.4": [0.16, 0.24, 0.154, 0.084, 0.164, 0.23, 0.156, 0.144], "0.6": [0.094, 0.082, 0.13, 0.084, 0.076, 0.086, 0.13, 0.114], "0.8": [0.114, 0.118, 0.126, 0.108, 0.132, 0.114, 0.122, 0.088], "0.9": [0.158, 0.14, 0.124, 0.14, 0.15, 0.164, 0.118, 0.148], "0.95": [0.132, 0.122, 0.126, 0.13, 0.154, 0.122, 0.112, 0.128], "0.975": [0.15, 0.128, 0.154, 0.126, 0.15, 0.16, 0.114, 0.146]}, "simple-tune": {"0.025": [0.082, 0.062, 0.06, 0.06, 0.068, 0.076, 0.104, 0.064], "0.05": [0.05, 0.064, 0.078, 0.072, 0.05, 0.096, 0.062, 0.066], "0.1": [0.058, 0.078, 0.064, 0.102, 0.066, 0.072, 0.074, 0.066], "0.2": [0.092, 0.076, 0.094, 0.096, 0.082, 0.142, 0.088, 0.096], "0.4": [0.09, 0.118, 0.074, 0.084, 0.104, 0.092, 0.078, 0.116], "0.6": [0.104, 0.088, 0.088, 0.084, 0.1, 0.106, 0.106, 0.124], "0.8": [0.114, 0.114, 0.126, 0.11, 0.09, 0.106, 0.096, 0.122], "0.9": [0.106, 0.104, 0.122, 0.092, 0.106, 0.094, 0.088, 0.108], "0.95": [0.112, 0.082, 0.1, 0.116, 0.08, 0.098, 0.086, 0.092], "0.975": [0.1, 0.11, 0.098, 0.094, 0.106, 0.082, 0.104, 0.1]}}, "neither and neither+just_main": {"initial-tune": {"0.025": [0.134, 0.098, 0.108, 0.104, 0.112, 0.116, 0.102, 0.128], "0.05": [0.1, 0.09, 0.124, 0.108, 0.084, 0.122, 0.096, 0.116], "0.1": [0.118, 0.116, 0.114, 0.094, 0.122, 0.092, 0.134, 0.096], "0.2": [0.092, 0.114, 0.066, 0.096, 0.1, 0.094, 0.13, 0.112], "0.4": [0.072, 0.098, 0.054, 0.094, 0.094, 0.1, 0.11, 0.116], "0.6": [0.068, 0.114, 0.072, 0.06, 0.06, 0.08, 0.096, 0.084], "0.8": [0.072, 0.092, 0.06, 0.064, 0.056, 0.084, 0.082, 0.078], "0.9": [0.108, 0.078, 0.114, 0.07, 0.088, 0.124, 0.064, 0.068], "0.95": [0.066, 0.068, 0.082, 0.058, 0.062, 0.054, 0.064, 0.056],