{"both": 0.5507246376811594, "just_main": 0.4069767441860465, "just_spurious": 0.778, "neither": 0.944, "average": 0.6699253454668015}