{"orig": 1.0, "truck-airplane/both-main/box": 0.633130669593811, "truck-airplane/neither+spurious": 0.8031190633773804, "truck-airplane/just_main+spurious": 0.5857568979263306, "truck-airplane/just_spurious+main": 0.7278156280517578}