{"B2M": 0.1535463035106659, "B2S": 0.0, "M2N": 0.4968215525150299, "S2N": 0.13011176884174347, "N2M": 0.00015789603639859706, "N2S": 0.0, "M2B": 0.0, "S2B": 0.0}