{"both": 0.8309178743961353, "just_main": 0.5058139534883721, "just_spurious": 0.56, "neither": 0.832, "average": 0.6821829569711269}