{"both": 0.5893719806763285, "just_main": 0.09883720930232558, "just_spurious": 0.702, "neither": 0.982, "average": 0.5930522974946635}