{"both": 0.8599033816425121, "just_main": 0.23837209302325582, "just_spurious": 0.474, "neither": 0.956, "average": 0.632068868666442}