{"orig": 1.0, "cell+phone-person/both-spurious/box": 0.38933029770851135, "cell+phone-person/both-main/box": 0.883626401424408, "cell+phone-person/just_main-main/box": 0.7202807664871216, "cell+phone-person/just_spurious-spurious/box": 0.6064226627349854, "cell+phone-person/neither+main": 0.025610025972127914, "cell+phone-person/neither+spurious": 0.5039311051368713, "cell+phone-person/just_main+spurious": 0.003330729203298688, "cell+phone-person/just_spurious+main": 5.375797627493739e-05}