{"orig": 1.0, "cell+phone-person/both-spurious/box": 0.5962055701889083, "cell+phone-person/both-main/box": 0.5962055701889083}