{"both": 0.8840579710144928, "just_main": 0.8313953488372093, "just_spurious": 0.414, "neither": 0.482, "average": 0.6528633299629256}