{"both": 0.8599033816425121, "just_main": 0.3546511627906977, "just_spurious": 0.524, "neither": 0.936, "average": 0.6686386361083024}