{"both": 0.8405797101449275, "just_main": 0.27325581395348836, "just_spurious": 0.586, "neither": 0.956, "average": 0.663958881024604}