{"orig": 1.0, "bowl-dining+table/both-main/box": 0.7346382737159729, "bowl-dining+table/neither+spurious": 0.023995649069547653, "bowl-dining+table/just_main+spurious": 0.03778144344687462, "bowl-dining+table/just_spurious+main": 0.01662813313305378}