{"s_p1": [0.2485121359517906, "both-main/box"], "s_p2": [0.2485121359517906, "both-spurious/box"]}