{"s_p1": [0.8283737865059687, "both-main/box"], "s_p2": [0.8283737865059687, "both-spurious/box"]}