{"B2M": 0.41128775477409363, "B2S": 0.16444134712219238, "M2N": 0.10104721784591675, "S2N": 0.010934112593531609, "N2M": 0.002719057025387883, "N2S": 0.011285118758678436, "M2B": 0.4113372564315796, "S2B": 0.04450995847582817}