{"s_p1": [0.017529358158859375, "just_main+spurious"], "s_p2": [0.0007374570798004321, "neither+spurious"]}