{"orig": 1.0, "skis-person-both-spurious-box": 0.49885886907577515, "skis-person-both-main-box": 0.2516580820083618, "skis-person-just_main-main-box": 0.045202821493148804, "skis-person-just_spurious-spurious-box": 0.012543551623821259, "skis-person-neither+main": 0.027995534241199493, "skis-person-neither+spurious": 0.02749706618487835}