{"B2M": 0.19715603382013835, "B2S": 0.19715603382013835}