{"both": 0.8792270531400966, "just_main": 0.436046511627907, "just_spurious": 0.532, "neither": 0.926, "average": 0.6933183911920009}