{"both": 0.821256038647343, "just_main": 0.1569767441860465, "just_spurious": 0.57, "neither": 0.944, "average": 0.6230581957083473}