{"both": 0.5362318840579711, "just_main": 0.0872093023255814, "just_spurious": 0.74, "neither": 0.98, "average": 0.5858602965958881}