{"both": 0.8695652173913043, "just_main": 0.2441860465116279, "just_spurious": 0.504, "neither": 0.934, "average": 0.6379378159757331}