{"both": 0.4927536231884058, "just_main": 0.27325581395348836, "just_spurious": 0.714, "neither": 0.89, "average": 0.5925023592854736}