{"both": 0.6956521739130435, "just_main": 0.13953488372093023, "just_spurious": 0.646, "neither": 0.952, "average": 0.6082967644084935}