{"both": 0.9130434782608695, "just_main": 0.4069767441860465, "just_spurious": 0.456, "neither": 0.91, "average": 0.671505055611729}