{"s_p1": [0.035199689930752884, "both-main/box"], "s_p2": [0.035199689930752884, "both-spurious/box"]}