{"B2M": 0.005100526846945286, "B2S": 0.47671711444854736, "M2N": 0.3621752858161926, "S2N": 0.33511674404144287, "N2M": 2.233433860965306e-06, "N2S": 0.9877410531044006, "M2B": 0.4925367534160614, "S2B": 0.45573875308036804}