{"both": 0.8115942028985508, "just_main": 0.2558139534883721, "just_spurious": 0.636, "neither": 0.958, "average": 0.6653520390967307}