{"both": 0.9227053140096618, "just_main": 0.45930232558139533, "just_spurious": 0.398, "neither": 0.898, "average": 0.6695019098977644}