{"both": 0.8985507246376812, "just_main": 0.2558139534883721, "just_spurious": 0.352, "neither": 0.93, "average": 0.6090911695315133}